date,state,population,max_temperature_c,mean_temperature_c,min_temperature_c,relative_humidity_percent,wind_speed_mps,heat_index_c,wbgt_c,heatwave_day,consecutive_heat_days,cumulative_heat_load_7day,expected_heat_related_deaths,heat_related_deaths_total,heat_related_deaths_male,heat_related_deaths_female,deaths_under_30,deaths_30_59,deaths_60_plus,heat_related_mortality_rate_per_100000,thermal_signature,data_type
2025-01-01,Tamil Nadu,72147030,31.2,26.1,20.9,74.8,3.4,40.9,25.2,False,0,25.23,1.2,0,0,0,0,0,0,0.0,0.349_0.0_0.748,SYNTHETIC
2025-01-02,Tamil Nadu,72147030,32.9,29.9,26.8,79.1,4.9,44.1,28.3,False,0,26.76,1.24,1,1,0,0,1,0,0.0014,0.553_0.0_0.791,SYNTHETIC
2025-01-03,Tamil Nadu,72147030,28.0,23.2,18.4,72.3,1.6,36.9,22.6,False,0,25.37,1.18,0,0,0,0,0,0,0.0,0.172_0.0_0.723,SYNTHETIC
2025-01-04,Tamil Nadu,72147030,30.8,26.0,21.2,67.8,1.2,38.2,25.0,False,0,25.29,1.19,0,0,0,0,0,0,0.0,0.337_0.0_0.678,SYNTHETIC
2025-01-05,Tamil Nadu,72147030,29.9,24.8,19.8,73.3,2.8,39.0,24.1,False,0,25.04,1.18,0,0,0,0,0,0,0.0,0.271_0.0_0.733,SYNTHETIC
2025-01-06,Tamil Nadu,72147030,32.1,28.1,24.2,68.4,3.1,39.6,26.8,False,0,25.33,1.22,2,1,1,0,1,1,0.0028,0.452_0.0_0.684,SYNTHETIC
2025-01-07,Tamil Nadu,72147030,30.7,26.6,22.4,72.8,2.1,39.7,25.5,False,0,25.35,1.19,2,1,1,1,0,1,0.0028,0.364_0.0_0.728,SYNTHETIC
2025-01-08,Tamil Nadu,72147030,29.9,26.9,23.9,77.2,4.3,40.4,25.6,False,0,25.4,1.18,1,1,0,1,0,0,0.0014,0.374_0.0_0.772,SYNTHETIC
2025-01-09,Tamil Nadu,72147030,31.5,27.5,23.5,78.8,1.3,42.5,26.4,False,0,25.13,1.21,0,0,0,0,0,0,0.0,0.424_0.0_0.788,SYNTHETIC
2025-01-10,Tamil Nadu,72147030,31.0,27.6,24.3,78.7,3.9,42.0,26.3,False,0,25.66,1.2,2,2,0,2,0,0,0.0028,0.422_0.0_0.787,SYNTHETIC
2025-01-11,Tamil Nadu,72147030,31.3,27.4,23.4,72.0,3.0,40.1,26.1,False,0,25.82,1.21,3,3,0,0,1,2,0.0042,0.408_0.0_0.72,SYNTHETIC
2025-01-12,Tamil Nadu,72147030,32.6,27.2,21.8,74.9,1.7,42.3,26.3,False,0,26.14,1.24,4,3,1,1,1,2,0.0055,0.421_0.0_0.749,SYNTHETIC
2025-01-13,Tamil Nadu,72147030,29.2,25.8,22.5,71.0,2.4,37.6,24.6,False,0,25.83,1.18,9,7,2,2,5,2,0.0125,0.308_0.0_0.71,SYNTHETIC
2025-01-14,Tamil Nadu,72147030,33.1,29.4,25.7,76.6,3.9,43.4,28.0,False,0,26.19,1.27,0,0,0,0,0,0,0.0,0.53_0.0_0.766,SYNTHETIC
2025-01-15,Tamil Nadu,72147030,30.0,26.8,23.7,69.8,3.4,38.0,25.5,False,0,26.17,1.18,0,0,0,0,0,0,0.0,0.366_0.0_0.698,SYNTHETIC
2025-01-16,Tamil Nadu,72147030,30.2,24.3,18.5,80.2,1.6,41.6,23.9,False,0,25.81,1.18,0,0,0,0,0,0,0.0,0.258_0.0_0.802,SYNTHETIC
2025-01-17,Tamil Nadu,72147030,32.8,27.4,21.9,66.0,3.2,39.6,26.4,False,0,25.82,1.24,0,0,0,0,0,0,0.0,0.426_0.0_0.66,SYNTHETIC
2025-01-18,Tamil Nadu,72147030,32.1,28.1,24.0,75.9,2.4,42.1,26.8,False,0,25.92,1.22,3,3,0,1,1,1,0.0042,0.454_0.0_0.759,SYNTHETIC
2025-01-19,Tamil Nadu,72147030,32.2,29.2,26.2,68.2,1.6,39.7,27.5,False,0,26.1,1.23,0,0,0,0,0,0,0.0,0.503_0.0_0.682,SYNTHETIC
2025-01-20,Tamil Nadu,72147030,30.4,26.4,22.4,75.4,4.0,40.3,25.3,False,0,26.2,1.18,1,1,0,0,1,0,0.0014,0.354_0.0_0.754,SYNTHETIC
2025-01-21,Tamil Nadu,72147030,30.6,24.7,18.7,67.2,2.6,37.7,24.1,False,0,25.64,1.19,5,5,0,1,2,2,0.0069,0.27_0.0_0.672,SYNTHETIC
2025-01-22,Tamil Nadu,72147030,31.7,28.6,25.6,74.6,4.7,41.3,27.1,False,0,25.87,1.21,1,1,0,0,1,0,0.0014,0.474_0.0_0.746,SYNTHETIC
2025-01-23,Tamil Nadu,72147030,31.4,27.9,24.4,75.1,3.2,41.2,26.6,False,0,26.25,1.21,9,8,1,0,4,5,0.0125,0.437_0.0_0.751,SYNTHETIC
2025-01-24,Tamil Nadu,72147030,33.6,27.9,22.2,73.8,2.4,42.9,27.0,False,0,26.34,1.42,0,0,0,0,0,0,0.0,0.466_0.0_0.738,SYNTHETIC
2025-01-25,Tamil Nadu,72147030,35.7,31.8,28.0,61.0,3.4,40.8,30.0,False,0,26.8,2.04,0,0,0,0,0,0,0.0,0.669_0.0_0.61,SYNTHETIC
2025-01-26,Tamil Nadu,72147030,32.4,27.1,21.8,64.7,1.9,38.8,26.1,False,0,26.59,1.23,0,0,0,0,0,0,0.0,0.407_0.0_0.647,SYNTHETIC
2025-01-27,Tamil Nadu,72147030,29.4,24.0,18.6,70.8,2.1,37.7,23.4,False,0,26.31,1.18,0,0,0,0,0,0,0.0,0.224_0.0_0.708,SYNTHETIC
2025-01-28,Tamil Nadu,72147030,33.2,29.0,24.8,73.9,1.7,42.6,27.7,False,0,26.83,1.31,0,0,0,0,0,0,0.0,0.513_0.0_0.739,SYNTHETIC
2025-01-29,Tamil Nadu,72147030,30.7,24.8,18.9,73.9,4.0,40.1,24.2,False,0,26.42,1.19,0,0,0,0,0,0,0.0,0.282_0.0_0.739,SYNTHETIC
2025-01-30,Tamil Nadu,72147030,34.5,31.5,28.5,65.5,1.5,41.2,29.6,False,0,26.86,1.7,0,0,0,0,0,0,0.0,0.641_0.0_0.655,SYNTHETIC
2025-01-31,Tamil Nadu,72147030,31.3,26.9,22.4,68.5,2.9,38.9,25.8,False,0,26.68,1.21,0,0,0,0,0,0,0.0,0.383_0.0_0.685,SYNTHETIC
2025-02-01,Tamil Nadu,72147030,32.1,28.0,23.9,69.2,3.5,40.0,26.7,False,0,26.21,1.23,0,0,0,0,0,0,0.0,0.449_0.0_0.692,SYNTHETIC
2025-02-02,Tamil Nadu,72147030,33.2,30.1,27.0,65.3,3.3,39.7,28.4,False,0,26.54,1.3,9,9,0,4,3,2,0.0125,0.558_0.0_0.653,SYNTHETIC
2025-02-03,Tamil Nadu,72147030,33.5,28.6,23.7,64.6,4.5,39.8,27.4,False,0,27.11,1.4,1,1,0,0,0,1,0.0014,0.492_0.0_0.646,SYNTHETIC
2025-02-04,Tamil Nadu,72147030,33.0,28.9,24.8,68.4,4.1,40.6,27.5,False,0,27.09,1.25,0,0,0,0,0,0,0.0,0.502_0.0_0.684,SYNTHETIC
2025-02-05,Tamil Nadu,72147030,34.4,31.1,27.8,71.6,4.6,43.0,29.3,False,0,27.82,1.65,0,0,0,0,0,0,0.0,0.623_0.0_0.716,SYNTHETIC
2025-02-06,Tamil Nadu,72147030,33.7,27.9,22.0,66.7,3.3,40.7,26.9,False,0,27.43,1.46,0,0,0,0,0,0,0.0,0.461_0.0_0.667,SYNTHETIC
2025-02-07,Tamil Nadu,72147030,35.1,29.7,24.3,71.0,4.2,43.5,28.5,False,0,27.82,1.85,0,0,0,0,0,0,0.0,0.566_0.0_0.71,SYNTHETIC
2025-02-08,Tamil Nadu,72147030,34.9,30.8,26.8,66.1,1.5,41.7,29.2,False,0,28.18,1.8,0,0,0,0,0,0,0.0,0.613_0.0_0.661,SYNTHETIC
2025-02-09,Tamil Nadu,72147030,33.9,30.6,27.4,64.0,4.3,40.0,28.9,False,0,28.25,1.5,0,0,0,0,0,0,0.0,0.59_0.0_0.64,SYNTHETIC
2025-02-10,Tamil Nadu,72147030,32.5,27.2,21.8,65.2,3.2,39.0,26.2,False,0,28.07,1.24,0,0,0,0,0,0,0.0,0.411_0.0_0.652,SYNTHETIC
2025-02-11,Tamil Nadu,72147030,33.6,30.5,27.3,64.6,1.5,39.9,28.7,False,0,28.24,1.44,0,0,0,0,0,0,0.0,0.58_0.0_0.646,SYNTHETIC
2025-02-12,Tamil Nadu,72147030,33.6,29.7,25.9,67.8,4.5,40.9,28.2,False,0,28.07,1.42,0,0,0,0,0,0,0.0,0.547_0.0_0.678,SYNTHETIC
2025-02-13,Tamil Nadu,72147030,34.2,30.9,27.7,65.6,3.2,40.8,29.1,False,0,28.39,1.6,18,15,3,2,11,5,0.0249,0.61_0.0_0.656,SYNTHETIC
2025-02-14,Tamil Nadu,72147030,31.0,25.6,20.2,67.1,3.7,38.2,24.8,False,0,27.87,1.2,0,0,0,0,0,0,0.0,0.32_0.0_0.671,SYNTHETIC
2025-02-15,Tamil Nadu,72147030,35.1,30.9,26.6,72.4,4.7,44.0,29.3,False,0,27.89,1.87,4,3,1,0,1,3,0.0055,0.623_0.0_0.724,SYNTHETIC
2025-02-16,Tamil Nadu,72147030,30.4,26.6,22.8,60.2,1.2,35.3,25.3,False,0,27.38,1.18,7,7,0,1,5,1,0.0097,0.353_0.0_0.602,SYNTHETIC
2025-02-17,Tamil Nadu,72147030,34.5,29.2,23.9,74.7,3.1,44.2,28.1,False,0,27.66,1.7,4,3,1,1,3,0,0.0055,0.54_0.0_0.747,SYNTHETIC
2025-02-18,Tamil Nadu,72147030,31.7,27.3,23.0,71.4,4.6,40.2,26.2,False,0,27.3,1.21,0,0,0,0,0,0,0.0,0.413_0.0_0.714,SYNTHETIC
2025-02-19,Tamil Nadu,72147030,35.8,30.0,24.1,65.6,1.6,42.5,28.8,False,0,27.38,2.07,8,8,0,1,6,1,0.0111,0.586_0.0_0.656,SYNTHETIC
2025-02-20,Tamil Nadu,72147030,33.8,30.6,27.5,61.3,1.7,39.0,28.8,False,0,27.34,1.47,0,0,0,0,0,0,0.0,0.587_0.0_0.613,SYNTHETIC
2025-02-21,Tamil Nadu,72147030,32.4,28.3,24.2,62.5,3.0,38.0,26.9,False,0,27.63,1.23,0,0,0,0,0,0,0.0,0.459_0.0_0.625,SYNTHETIC
2025-02-22,Tamil Nadu,72147030,35.9,30.6,25.4,60.1,1.7,40.7,29.2,False,0,27.62,2.09,0,0,0,0,0,0,0.0,0.615_0.0_0.601,SYNTHETIC
2025-02-23,Tamil Nadu,72147030,33.7,28.5,23.3,52.0,1.1,35.9,27.2,False,0,27.89,1.46,0,0,0,0,0,0,0.0,0.481_0.0_0.52,SYNTHETIC
2025-02-24,Tamil Nadu,72147030,33.3,29.0,24.6,63.1,3.1,39.1,27.6,False,0,27.81,1.34,0,0,0,0,0,0,0.0,0.505_0.0_0.631,SYNTHETIC
2025-02-25,Tamil Nadu,72147030,33.3,29.3,25.3,59.2,1.5,37.8,27.7,False,0,28.04,1.32,5,3,2,1,4,0,0.0069,0.516_0.0_0.592,SYNTHETIC
2025-02-26,Tamil Nadu,72147030,32.1,26.1,20.2,66.9,3.4,39.1,25.4,False,0,27.55,1.22,0,0,0,0,0,0,0.0,0.357_0.0_0.669,SYNTHETIC
2025-02-27,Tamil Nadu,72147030,34.5,30.6,26.7,59.9,1.7,39.2,28.9,False,0,27.56,1.67,8,7,1,0,6,2,0.0111,0.594_0.0_0.599,SYNTHETIC
2025-02-28,Tamil Nadu,72147030,35.5,31.8,28.1,48.0,1.5,36.4,29.8,False,0,27.98,1.99,1,1,0,0,1,0,0.0014,0.656_0.0_0.48,SYNTHETIC
2025-03-01,Tamil Nadu,72147030,35.0,31.6,28.2,59.4,1.3,39.6,29.7,False,0,28.05,1.83,5,3,2,1,1,3,0.0069,0.646_0.0_0.594,SYNTHETIC
2025-03-02,Tamil Nadu,72147030,36.0,30.5,25.0,69.1,1.6,43.8,29.2,False,0,28.34,2.14,2,1,1,0,2,0,0.0028,0.615_0.0_0.691,SYNTHETIC
2025-03-03,Tamil Nadu,72147030,35.0,29.5,24.1,65.7,2.8,41.6,28.3,False,0,28.44,1.84,0,0,0,0,0,0,0.0,0.553_0.0_0.657,SYNTHETIC
2025-03-04,Tamil Nadu,72147030,33.1,27.4,21.7,60.8,2.5,38.1,26.4,False,0,28.24,1.27,0,0,0,0,0,0,0.0,0.426_0.0_0.608,SYNTHETIC
2025-03-05,Tamil Nadu,72147030,35.8,31.8,27.8,63.3,1.6,41.7,30.0,False,0,28.91,2.1,4,4,0,1,2,1,0.0055,0.668_0.0_0.633,SYNTHETIC
2025-03-06,Tamil Nadu,72147030,35.1,29.6,24.2,64.3,1.4,41.3,28.4,False,0,28.84,1.89,3,2,1,0,3,0,0.0042,0.56_0.0_0.643,SYNTHETIC
2025-03-07,Tamil Nadu,72147030,33.2,29.2,25.2,61.3,1.7,38.5,27.7,False,0,28.53,1.33,7,4,3,0,5,2,0.0097,0.514_0.0_0.613,SYNTHETIC
2025-03-08,Tamil Nadu,72147030,33.8,28.5,23.3,69.1,4.7,41.6,27.4,False,0,28.21,1.47,9,8,1,1,6,2,0.0125,0.495_0.0_0.691,SYNTHETIC
2025-03-09,Tamil Nadu,72147030,33.6,29.2,24.9,58.2,1.6,37.8,27.8,False,0,28.0,1.42,0,0,0,0,0,0,0.0,0.518_0.0_0.582,SYNTHETIC
2025-03-10,Tamil Nadu,72147030,37.5,32.7,27.8,50.0,1.1,39.0,30.9,False,0,28.37,2.6,2,2,0,0,1,1,0.0028,0.724_0.0_0.5,SYNTHETIC
2025-03-11,Tamil Nadu,72147030,35.0,29.7,24.5,59.7,1.8,39.7,28.4,False,0,28.66,1.85,4,3,1,0,4,0,0.0055,0.561_0.0_0.597,SYNTHETIC
2025-03-12,Tamil Nadu,72147030,34.3,30.8,27.2,59.8,4.4,39.0,29.0,False,0,28.51,1.65,8,7,1,2,6,0,0.0111,0.6_0.0_0.598,SYNTHETIC
2025-03-13,Tamil Nadu,72147030,35.4,30.4,25.5,61.0,2.0,40.5,29.0,False,0,28.59,1.97,0,0,0,0,0,0,0.0,0.599_0.0_0.61,SYNTHETIC
2025-03-14,Tamil Nadu,72147030,35.7,30.7,25.7,64.1,1.8,41.8,29.3,False,0,28.82,2.07,0,0,0,0,0,0,0.0,0.618_0.0_0.641,SYNTHETIC
2025-03-15,Tamil Nadu,72147030,36.8,32.5,28.3,51.8,4.6,38.9,30.7,False,0,29.28,2.42,5,4,1,1,2,2,0.0069,0.711_0.0_0.518,SYNTHETIC
2025-03-16,Tamil Nadu,72147030,36.3,30.7,25.0,63.3,4.2,42.2,29.4,False,0,29.51,2.29,0,0,0,0,0,0,0.0,0.624_0.0_0.633,SYNTHETIC
2025-03-17,Tamil Nadu,72147030,36.7,30.8,24.8,56.7,3.1,40.4,29.5,False,0,29.3,2.4,0,0,0,0,0,0,0.0,0.63_0.0_0.567,SYNTHETIC
2025-03-18,Tamil Nadu,72147030,36.8,33.0,29.2,52.5,3.2,39.2,31.0,False,0,29.67,2.45,1,1,0,0,0,1,0.0014,0.734_0.0_0.525,SYNTHETIC
2025-03-19,Tamil Nadu,72147030,37.0,32.2,27.4,62.1,3.7,42.5,30.6,False,0,29.9,2.51,0,0,0,0,0,0,0.0,0.704_0.0_0.621,SYNTHETIC
2025-03-20,Tamil Nadu,72147030,35.8,32.3,28.8,57.1,4.0,39.6,30.3,False,0,30.09,2.14,0,0,0,0,0,0,0.0,0.687_0.0_0.571,SYNTHETIC
2025-03-21,Tamil Nadu,72147030,35.4,30.2,25.1,50.0,2.2,36.9,28.7,False,0,30.01,2.02,3,3,0,1,2,0,0.0042,0.582_0.0_0.5,SYNTHETIC
2025-03-22,Tamil Nadu,72147030,40.7,36.7,32.7,56.0,4.1,44.2,34.4,True,1,30.54,3.26,0,0,0,0,0,0,0.0,0.958_0.1_0.56,SYNTHETIC
2025-03-23,Tamil Nadu,72147030,36.0,32.2,28.5,65.4,4.3,42.5,30.4,False,0,30.69,2.23,3,1,2,1,1,1,0.0042,0.694_0.0_0.654,SYNTHETIC
2025-03-24,Tamil Nadu,72147030,37.2,31.6,26.0,49.4,3.9,38.5,30.1,False,0,30.78,2.63,7,5,2,1,4,2,0.0097,0.672_0.0_0.494,SYNTHETIC
2025-03-25,Tamil Nadu,72147030,37.0,31.4,25.8,59.3,4.4,41.5,30.0,False,0,30.63,2.54,0,0,0,0,0,0,0.0,0.664_0.0_0.593,SYNTHETIC
2025-03-26,Tamil Nadu,72147030,36.5,33.2,30.0,54.1,3.8,39.3,31.1,False,0,30.7,2.38,0,0,0,0,0,0,0.0,0.739_0.0_0.541,SYNTHETIC
2025-03-27,Tamil Nadu,72147030,39.3,35.4,31.4,56.5,3.5,43.0,33.2,True,1,31.12,3.16,5,2,3,0,2,3,0.0069,0.881_0.1_0.565,SYNTHETIC
2025-03-28,Tamil Nadu,72147030,40.7,35.1,29.4,53.5,4.9,43.3,33.2,True,2,31.76,3.49,4,4,0,2,2,0,0.0055,0.881_0.2_0.535,SYNTHETIC
2025-03-29,Tamil Nadu,72147030,37.3,33.1,29.0,56.2,3.7,40.8,31.2,False,0,31.31,2.66,0,0,0,0,0,0,0.0,0.746_0.0_0.562,SYNTHETIC
2025-03-30,Tamil Nadu,72147030,38.8,33.0,27.2,53.8,2.9,41.6,31.4,True,1,31.45,3.13,5,5,0,0,4,1,0.0069,0.761_0.1_0.538,SYNTHETIC
2025-03-31,Tamil Nadu,72147030,39.6,34.5,29.4,51.8,1.6,41.7,32.6,True,2,31.81,3.37,6,6,0,0,2,4,0.0083,0.838_0.2_0.518,SYNTHETIC
2025-04-01,Tamil Nadu,72147030,37.2,33.1,29.0,50.5,2.0,38.9,31.1,False,0,31.97,2.69,1,1,0,1,0,0,0.0014,0.742_0.0_0.505,SYNTHETIC
2025-04-02,Tamil Nadu,72147030,37.5,33.1,28.7,60.3,3.4,42.4,31.3,False,0,32.0,2.78,14,9,5,3,6,5,0.0194,0.752_0.0_0.603,SYNTHETIC
2025-04-03,Tamil Nadu,72147030,35.6,30.7,25.8,57.9,3.2,39.7,29.2,False,0,31.42,2.14,6,3,3,2,4,0,0.0083,0.611_0.0_0.579,SYNTHETIC
2025-04-04,Tamil Nadu,72147030,39.5,36.3,33.2,46.4,4.5,39.8,33.8,True,1,31.5,3.19,26,19,7,3,18,5,0.036,0.919_0.1_0.464,SYNTHETIC
2025-04-05,Tamil Nadu,72147030,39.1,35.4,31.7,52.8,1.9,41.5,33.1,True,2,31.78,3.31,0,0,0,0,0,0,0.0,0.875_0.2_0.528,SYNTHETIC
2025-04-06,Tamil Nadu,72147030,38.5,35.0,31.4,53.5,4.5,41.2,32.7,True,3,31.97,3.4,4,2,2,1,2,1,0.0055,0.849_0.3_0.535,SYNTHETIC
2025-04-07,Tamil Nadu,72147030,38.4,34.1,29.8,49.7,1.8,39.8,32.1,False,0,31.9,2.97,2,2,0,1,1,0,0.0028,0.804_0.0_0.497,SYNTHETIC
2025-04-08,Tamil Nadu,72147030,41.6,37.7,33.9,50.8,3.8,43.4,35.2,True,1,32.49,3.48,5,4,1,1,4,0,0.0069,1.016_0.1_0.508,SYNTHETIC
2025-04-09,Tamil Nadu,72147030,36.6,32.6,28.5,53.3,1.1,39.2,30.7,False,0,32.4,2.52,0,0,0,0,0,0,0.0,0.712_0.0_0.533,SYNTHETIC
2025-04-10,Tamil Nadu,72147030,39.5,35.9,32.3,56.1,1.7,43.0,33.6,True,1,33.03,3.28,0,0,0,0,0,0,0.0,0.905_0.1_0.561,SYNTHETIC
2025-04-11,Tamil Nadu,72147030,40.8,35.2,29.5,54.6,3.9,43.8,33.3,True,2,32.96,3.57,9,9,0,0,6,3,0.0125,0.888_0.2_0.546,SYNTHETIC
2025-04-12,Tamil Nadu,72147030,42.6,37.4,32.2,52.2,1.9,44.8,35.2,True,3,33.26,3.94,44,34,10,4,30,10,0.061,1.014_0.3_0.522,SYNTHETIC
2025-04-13,Tamil Nadu,72147030,36.2,30.9,25.6,58.3,1.5,40.5,29.5,False,0,32.79,2.4,0,0,0,0,0,0,0.0,0.63_0.0_0.583,SYNTHETIC
2025-04-14,Tamil Nadu,72147030,39.7,35.4,31.1,49.9,2.0,41.2,33.2,True,1,32.96,3.3,1,1,0,0,1,0,0.0014,0.881_0.1_0.499,SYNTHETIC
2025-04-15,Tamil Nadu,72147030,37.8,32.2,26.7,62.6,4.2,43.4,30.7,False,0,32.31,2.87,1,1,0,1,0,0,0.0014,0.716_0.0_0.626,SYNTHETIC
2025-04-16,Tamil Nadu,72147030,39.4,36.3,33.1,52.4,1.5,41.7,33.8,True,1,32.76,3.26,1,1,0,1,0,0,0.0014,0.919_0.1_0.524,SYNTHETIC
2025-04-17,Tamil Nadu,72147030,39.7,35.3,31.0,53.7,3.1,42.4,33.2,True,2,32.71,3.43,0,0,0,0,0,0,0.0,0.882_0.2_0.537,SYNTHETIC
2025-04-18,Tamil Nadu,72147030,40.0,36.4,32.8,46.7,3.7,40.4,34.0,True,3,32.8,3.62,7,4,3,1,5,1,0.0097,0.932_0.3_0.467,SYNTHETIC
2025-04-19,Tamil Nadu,72147030,40.9,37.6,34.2,46.0,3.6,41.1,34.9,True,4,32.76,3.87,13,11,2,1,12,0,0.018,0.995_0.4_0.46,SYNTHETIC
2025-04-20,Tamil Nadu,72147030,39.9,35.4,30.8,50.0,2.9,41.4,33.2,True,5,33.3,3.93,0,0,0,0,0,0,0.0,0.883_0.5_0.5,SYNTHETIC
2025-04-21,Tamil Nadu,72147030,40.0,35.2,30.4,63.7,4.1,46.1,33.3,True,6,33.31,4.09,3,2,1,0,1,2,0.0042,0.886_0.6_0.637,SYNTHETIC
2025-04-22,Tamil Nadu,72147030,37.4,32.9,28.5,50.0,2.0,38.9,31.0,False,0,33.36,2.81,1,1,0,0,1,0,0.0014,0.736_0.0_0.5,SYNTHETIC
2025-04-23,Tamil Nadu,72147030,37.1,32.8,28.6,56.0,1.5,40.6,31.0,False,0,32.95,2.69,0,0,0,0,0,0,0.0,0.731_0.0_0.56,SYNTHETIC
2025-04-24,Tamil Nadu,72147030,37.7,33.0,28.3,52.8,2.0,40.1,31.2,False,0,32.66,2.87,23,21,2,1,15,7,0.0319,0.745_0.0_0.528,SYNTHETIC
2025-04-25,Tamil Nadu,72147030,39.6,35.9,32.3,53.2,1.4,42.1,33.6,True,1,32.61,3.27,0,0,0,0,0,0,0.0,0.907_0.1_0.532,SYNTHETIC
2025-04-26,Tamil Nadu,72147030,37.8,33.0,28.3,44.1,3.0,37.4,31.1,False,0,32.07,2.88,4,4,0,1,3,0,0.0055,0.743_0.0_0.441,SYNTHETIC
2025-04-27,Tamil Nadu,72147030,37.8,34.1,30.5,45.8,2.4,38.0,31.9,False,0,31.88,2.87,0,0,0,0,0,0,0.0,0.795_0.0_0.458,SYNTHETIC
2025-04-28,Tamil Nadu,72147030,39.1,33.4,27.8,43.0,3.6,38.3,31.7,True,1,31.64,3.16,3,2,1,1,2,0,0.0042,0.777_0.1_0.43,SYNTHETIC
2025-04-29,Tamil Nadu,72147030,39.6,36.1,32.5,51.1,3.8,41.5,33.7,True,2,32.02,3.38,0,0,0,0,0,0,0.0,0.912_0.2_0.511,SYNTHETIC
2025-04-30,Tamil Nadu,72147030,37.7,32.7,27.7,56.8,4.2,41.4,31.0,False,0,32.02,2.83,11,5,6,2,4,5,0.0152,0.732_0.0_0.568,SYNTHETIC
2025-05-01,Tamil Nadu,72147030,37.6,34.4,31.1,43.9,4.7,37.1,32.0,False,0,32.14,2.82,2,2,0,0,1,1,0.0028,0.801_0.0_0.439,SYNTHETIC
2025-05-02,Tamil Nadu,72147030,39.0,34.8,30.7,50.0,4.5,40.5,32.7,True,1,32.01,3.17,8,5,3,1,4,3,0.0111,0.844_0.1_0.5,SYNTHETIC
2025-05-03,Tamil Nadu,72147030,37.3,33.2,29.0,48.9,1.3,38.4,31.1,False,0,32.01,2.69,0,0,0,0,0,0,0.0,0.743_0.0_0.489,SYNTHETIC
2025-05-04,Tamil Nadu,72147030,38.8,34.8,30.9,52.8,3.0,41.2,32.7,True,1,32.11,3.15,3,2,1,1,1,1,0.0042,0.844_0.1_0.528,SYNTHETIC
2025-05-05,Tamil Nadu,72147030,39.1,33.2,27.2,48.6,2.0,40.2,31.5,True,2,32.09,3.33,0,0,0,0,0,0,0.0,0.768_0.2_0.486,SYNTHETIC
2025-05-06,Tamil Nadu,72147030,38.3,33.8,29.3,51.1,5.0,40.2,31.8,False,0,31.83,2.96,6,6,0,1,3,2,0.0083,0.789_0.0_0.511,SYNTHETIC
2025-05-07,Tamil Nadu,72147030,38.1,35.0,31.9,37.3,2.0,35.4,32.5,False,0,32.05,2.94,2,2,0,0,0,2,0.0028,0.832_0.0_0.373,SYNTHETIC
2025-05-08,Tamil Nadu,72147030,38.9,35.6,32.3,53.1,3.2,41.4,33.2,True,1,32.22,3.18,0,0,0,0,0,0,0.0,0.882_0.1_0.531,SYNTHETIC
2025-05-09,Tamil Nadu,72147030,38.3,33.1,27.9,45.7,2.9,38.4,31.3,False,0,32.02,2.96,1,0,1,0,0,1,0.0014,0.751_0.0_0.457,SYNTHETIC
2025-05-10,Tamil Nadu,72147030,38.0,32.9,27.8,55.3,2.8,41.2,31.2,False,0,32.02,2.92,0,0,0,0,0,0,0.0,0.745_0.0_0.553,SYNTHETIC
2025-05-11,Tamil Nadu,72147030,42.2,37.2,32.3,47.1,4.6,42.7,35.0,True,1,32.35,3.54,1,1,0,0,1,0,0.0014,0.998_0.1_0.471,SYNTHETIC
2025-05-12,Tamil Nadu,72147030,42.0,38.9,35.7,50.7,1.3,43.7,36.1,True,2,33.01,3.71,1,0,1,0,1,0,0.0014,1.075_0.2_0.507,SYNTHETIC
2025-05-13,Tamil Nadu,72147030,37.0,32.9,28.9,45.2,4.1,36.9,30.9,False,0,32.87,2.65,1,1,0,0,0,1,0.0014,0.726_0.0_0.452,SYNTHETIC
2025-05-14,Tamil Nadu,72147030,40.5,35.6,30.7,46.2,2.5,40.7,33.5,True,1,33.02,3.39,0,0,0,0,0,0,0.0,0.899_0.1_0.462,SYNTHETIC
2025-05-15,Tamil Nadu,72147030,39.7,36.6,33.4,60.8,4.9,44.8,34.1,True,2,33.15,3.46,9,8,1,1,6,2,0.0125,0.942_0.2_0.608,SYNTHETIC
2025-05-16,Tamil Nadu,72147030,40.3,34.7,29.1,47.1,4.4,40.8,32.8,True,3,33.37,3.68,16,11,5,2,9,5,0.0222,0.855_0.3_0.471,SYNTHETIC
2025-05-17,Tamil Nadu,72147030,42.5,37.9,33.4,55.4,2.2,45.7,35.6,True,4,34.0,4.14,4,4,0,1,2,1,0.0055,1.039_0.4_0.554,SYNTHETIC
2025-05-18,Tamil Nadu,72147030,40.9,37.3,33.7,47.9,3.2,41.7,34.8,True,5,33.98,4.09,4,3,1,1,2,1,0.0055,0.986_0.5_0.479,SYNTHETIC
2025-05-19,Tamil Nadu,72147030,36.8,33.4,29.9,44.5,2.2,36.5,31.2,False,0,33.27,2.62,8,6,2,2,5,1,0.0111,0.745_0.0_0.445,SYNTHETIC
2025-05-20,Tamil Nadu,72147030,41.8,37.0,32.2,59.4,3.7,46.4,34.8,True,1,33.83,3.58,4,3,1,0,3,1,0.0055,0.989_0.1_0.594,SYNTHETIC
2025-05-21,Tamil Nadu,72147030,38.3,34.0,29.7,45.6,1.4,38.4,32.0,False,0,33.61,3.05,2,1,1,0,2,0,0.0028,0.797_0.0_0.456,SYNTHETIC
2025-05-22,Tamil Nadu,72147030,38.5,34.2,30.0,51.4,4.4,40.4,32.2,False,0,33.33,3.05,1,1,0,0,1,0,0.0014,0.811_0.0_0.514,SYNTHETIC
2025-05-23,Tamil Nadu,72147030,38.2,33.6,29.1,53.9,2.2,41.0,31.7,False,0,33.17,3.01,1,0,1,0,1,0,0.0014,0.781_0.0_0.539,SYNTHETIC
2025-05-24,Tamil Nadu,72147030,37.3,34.1,30.8,49.8,3.9,38.7,31.8,False,0,32.63,2.74,2,2,0,1,0,1,0.0028,0.787_0.0_0.498,SYNTHETIC
2025-05-25,Tamil Nadu,72147030,39.5,36.3,33.1,50.7,1.2,41.2,33.8,True,1,32.49,3.25,0,0,0,0,0,0,0.0,0.92_0.1_0.507,SYNTHETIC
2025-05-26,Tamil Nadu,72147030,37.7,32.4,27.1,45.6,2.8,37.7,30.7,False,0,32.42,2.85,2,1,1,1,1,0,0.0028,0.712_0.0_0.456,SYNTHETIC
2025-05-27,Tamil Nadu,72147030,36.3,30.6,24.9,45.1,1.1,36.2,29.1,False,0,31.6,2.37,2,2,0,0,2,0,0.0028,0.608_0.0_0.451,SYNTHETIC
2025-05-28,Tamil Nadu,72147030,37.2,32.6,27.9,53.1,2.9,39.8,30.8,False,0,31.43,2.66,19,17,2,3,12,4,0.0263,0.718_0.0_0.531,SYNTHETIC
2025-05-29,Tamil Nadu,72147030,41.6,36.9,32.3,45.1,1.2,41.4,34.6,True,1,31.78,3.43,1,1,0,0,1,0,0.0014,0.974_0.1_0.451,SYNTHETIC
2025-05-30,Tamil Nadu,72147030,37.8,33.8,29.8,47.8,4.0,38.6,31.7,False,0,31.78,2.86,3,3,0,1,0,2,0.0042,0.781_0.0_0.478,SYNTHETIC
2025-05-31,Tamil Nadu,72147030,38.8,33.0,27.3,46.7,3.2,39.2,31.4,True,1,31.72,3.13,4,4,0,0,2,2,0.0055,0.757_0.1_0.467,SYNTHETIC
2025-06-01,Tamil Nadu,72147030,40.0,35.4,30.8,49.5,1.6,41.3,33.3,True,2,31.64,3.4,5,5,0,0,4,1,0.0069,0.884_0.2_0.495,SYNTHETIC
2025-06-02,Tamil Nadu,72147030,37.7,32.1,26.4,51.6,4.2,39.7,30.5,False,0,31.62,2.82,3,3,0,0,2,1,0.0042,0.7_0.0_0.516,SYNTHETIC
2025-06-03,Tamil Nadu,72147030,38.8,34.3,29.7,49.3,3.9,40.1,32.2,True,1,32.06,3.16,8,6,2,2,4,2,0.0111,0.816_0.1_0.493,SYNTHETIC
2025-06-04,Tamil Nadu,72147030,37.8,32.5,27.3,40.5,3.6,36.2,30.7,False,0,32.06,2.86,4,3,1,1,3,0,0.0055,0.715_0.0_0.405,SYNTHETIC
2025-06-05,Tamil Nadu,72147030,38.1,32.6,27.1,53.4,2.1,40.8,31.0,False,0,31.54,2.92,2,2,0,0,2,0,0.0028,0.733_0.0_0.534,SYNTHETIC
2025-06-06,Tamil Nadu,72147030,39.8,34.8,29.8,54.2,2.0,42.7,32.9,True,1,31.71,3.24,12,10,2,2,6,4,0.0166,0.858_0.1_0.542,SYNTHETIC
2025-06-07,Tamil Nadu,72147030,39.5,34.2,28.9,49.6,4.2,40.8,32.3,True,2,31.85,3.36,0,0,0,0,0,0,0.0,0.821_0.2_0.496,SYNTHETIC
2025-06-08,Tamil Nadu,72147030,37.8,32.2,26.6,55.1,1.5,41.0,30.7,False,0,31.48,2.86,1,1,0,0,1,0,0.0014,0.712_0.0_0.551,SYNTHETIC
2025-06-09,Tamil Nadu,72147030,39.8,35.9,32.0,43.1,2.2,39.0,33.5,True,1,31.91,3.26,6,6,0,1,2,3,0.0083,0.903_0.1_0.431,SYNTHETIC
2025-06-10,Tamil Nadu,72147030,37.2,33.9,30.6,52.4,4.6,39.5,31.7,False,0,31.84,2.67,4,3,1,0,2,2,0.0055,0.78_0.0_0.524,SYNTHETIC
2025-06-11,Tamil Nadu,72147030,41.0,36.2,31.4,57.9,3.8,45.1,34.1,True,1,32.32,3.4,0,0,0,0,0,0,0.0,0.941_0.1_0.579,SYNTHETIC
2025-06-12,Tamil Nadu,72147030,41.8,35.9,30.1,50.6,3.4,43.5,34.0,True,2,32.75,3.67,3,3,0,2,1,0,0.0042,0.934_0.2_0.506,SYNTHETIC
2025-06-13,Tamil Nadu,72147030,36.4,31.5,26.7,51.1,2.1,38.2,29.9,False,0,32.32,2.43,0,0,0,0,0,0,0.0,0.657_0.0_0.511,SYNTHETIC
2025-06-14,Tamil Nadu,72147030,38.0,32.6,27.2,47.9,3.3,38.8,30.9,False,0,32.11,2.93,2,2,0,1,1,0,0.0028,0.725_0.0_0.479,SYNTHETIC
2025-06-15,Tamil Nadu,72147030,40.0,35.5,31.1,51.9,3.8,42.1,33.4,True,1,32.5,3.31,0,0,0,0,0,0,0.0,0.893_0.1_0.519,SYNTHETIC
2025-06-16,Tamil Nadu,72147030,38.8,33.9,29.1,54.5,2.2,41.7,32.1,True,2,32.29,3.3,2,2,0,1,1,0,0.0028,0.803_0.2_0.545,SYNTHETIC
2025-06-17,Tamil Nadu,72147030,40.7,37.4,34.0,56.5,2.5,44.4,34.9,True,3,32.74,3.7,0,0,0,0,0,0,0.0,0.992_0.3_0.565,SYNTHETIC
2025-06-18,Tamil Nadu,72147030,38.1,34.8,31.6,52.6,2.4,40.4,32.5,False,0,32.51,2.97,16,12,4,5,8,3,0.0222,0.835_0.0_0.526,SYNTHETIC
2025-06-19,Tamil Nadu,72147030,35.3,30.1,24.9,56.0,3.6,38.8,28.7,False,0,31.75,2.06,6,4,2,0,4,2,0.0083,0.579_0.0_0.56,SYNTHETIC
2025-06-20,Tamil Nadu,72147030,40.6,35.5,30.4,56.4,2.5,44.2,33.5,True,1,32.28,3.36,0,0,0,0,0,0,0.0,0.901_0.1_0.564,SYNTHETIC
2025-06-21,Tamil Nadu,72147030,36.7,33.6,30.5,50.5,3.6,38.3,31.4,False,0,32.35,2.53,0,0,0,0,0,0,0.0,0.758_0.0_0.505,SYNTHETIC
2025-06-22,Tamil Nadu,72147030,39.7,34.9,30.1,46.8,2.5,40.2,32.9,True,1,32.27,3.27,0,0,0,0,0,0,0.0,0.858_0.1_0.468,SYNTHETIC
2025-06-23,Tamil Nadu,72147030,38.0,34.9,31.8,47.2,3.0,38.5,32.5,False,0,32.33,2.94,0,0,0,0,0,0,0.0,0.832_0.0_0.472,SYNTHETIC
2025-06-24,Tamil Nadu,72147030,35.3,29.6,23.9,51.3,1.5,37.2,28.3,False,0,31.39,2.04,8,6,2,1,5,2,0.0111,0.551_0.0_0.513,SYNTHETIC
2025-06-25,Tamil Nadu,72147030,36.0,30.1,24.2,48.9,3.2,37.2,28.8,False,0,30.86,2.26,0,0,0,0,0,0,0.0,0.586_0.0_0.489,SYNTHETIC
2025-06-26,Tamil Nadu,72147030,37.6,33.4,29.2,65.0,5.0,44.0,31.5,False,0,31.26,2.76,7,3,4,2,2,3,0.0097,0.768_0.0_0.65,SYNTHETIC
2025-06-27,Tamil Nadu,72147030,36.8,31.2,25.6,57.9,4.8,40.9,29.8,False,0,30.72,2.5,1,0,1,0,1,0,0.0014,0.652_0.0_0.579,SYNTHETIC
2025-06-28,Tamil Nadu,72147030,35.6,32.0,28.4,49.5,4.0,36.9,30.0,False,0,30.53,2.11,0,0,0,0,0,0,0.0,0.667_0.0_0.495,SYNTHETIC
2025-06-29,Tamil Nadu,72147030,39.5,34.2,28.9,52.2,3.3,41.7,32.4,True,1,30.46,3.14,0,0,0,0,0,0,0.0,0.824_0.1_0.522,SYNTHETIC
2025-06-30,Tamil Nadu,72147030,37.4,32.9,28.4,59.1,3.5,41.9,31.1,False,0,30.26,2.67,2,2,0,0,1,1,0.0028,0.741_0.0_0.591,SYNTHETIC
2025-07-01,Tamil Nadu,72147030,36.2,30.4,24.5,50.8,1.0,38.0,29.0,False,0,30.37,2.3,3,3,0,0,1,2,0.0042,0.601_0.0_0.508,SYNTHETIC
2025-07-02,Tamil Nadu,72147030,38.4,33.6,28.7,56.7,1.4,42.1,31.7,False,0,30.79,2.91,0,0,0,0,0,0,0.0,0.783_0.0_0.567,SYNTHETIC
2025-07-03,Tamil Nadu,72147030,37.6,31.8,25.9,53.9,1.3,40.4,30.3,False,0,30.62,2.74,14,11,3,2,8,4,0.0194,0.688_0.0_0.539,SYNTHETIC
2025-07-04,Tamil Nadu,72147030,38.4,32.4,26.5,48.6,3.4,39.4,30.9,False,0,30.77,2.9,0,0,0,0,0,0,0.0,0.723_0.0_0.486,SYNTHETIC
2025-07-05,Tamil Nadu,72147030,32.8,28.1,23.3,55.9,3.5,36.3,26.8,False,0,30.31,1.3,0,0,0,0,0,0,0.0,0.451_0.0_0.559,SYNTHETIC
2025-07-06,Tamil Nadu,72147030,38.0,33.3,28.7,57.7,3.1,42.0,31.5,False,0,30.19,2.83,0,0,0,0,0,0,0.0,0.767_0.0_0.577,SYNTHETIC
2025-07-07,Tamil Nadu,72147030,36.2,31.3,26.4,53.3,1.2,38.8,29.7,False,0,29.98,2.26,0,0,0,0,0,0,0.0,0.644_0.0_0.533,SYNTHETIC
2025-07-08,Tamil Nadu,72147030,36.7,31.1,25.6,56.3,1.0,40.2,29.7,False,0,30.07,2.41,0,0,0,0,0,0,0.0,0.646_0.0_0.563,SYNTHETIC
2025-07-09,Tamil Nadu,72147030,35.1,29.5,24.0,51.7,2.3,37.1,28.2,False,0,29.57,1.91,4,3,1,0,4,0,0.0055,0.547_0.0_0.517,SYNTHETIC
2025-07-10,Tamil Nadu,72147030,38.5,32.6,26.7,62.2,4.0,44.0,31.1,False,0,29.68,2.85,13,9,4,2,9,2,0.018,0.74_0.0_0.622,SYNTHETIC
2025-07-11,Tamil Nadu,72147030,37.4,33.8,30.2,57.7,3.6,41.5,31.7,False,0,29.81,2.64,0,0,0,0,0,0,0.0,0.781_0.0_0.577,SYNTHETIC
2025-07-12,Tamil Nadu,72147030,34.5,31.1,27.7,60.5,3.6,39.5,29.3,False,0,30.17,1.77,3,1,2,1,2,0,0.0042,0.62_0.0_0.605,SYNTHETIC
2025-07-13,Tamil Nadu,72147030,36.9,33.1,29.3,51.6,4.3,38.9,31.0,False,0,30.1,2.48,0,0,0,0,0,0,0.0,0.735_0.0_0.516,SYNTHETIC
2025-07-14,Tamil Nadu,72147030,36.4,31.9,27.4,51.8,2.6,38.5,30.1,False,0,30.17,2.34,0,0,0,0,0,0,0.0,0.675_0.0_0.518,SYNTHETIC
2025-07-15,Tamil Nadu,72147030,36.7,31.7,26.6,59.8,2.2,41.4,30.1,False,0,30.22,2.43,3,2,1,1,1,1,0.0042,0.673_0.0_0.598,SYNTHETIC
2025-07-16,Tamil Nadu,72147030,36.7,32.7,28.6,65.0,2.5,43.2,30.9,False,0,30.61,2.46,0,0,0,0,0,0,0.0,0.725_0.0_0.65,SYNTHETIC
2025-07-17,Tamil Nadu,72147030,36.8,31.4,26.1,58.7,2.8,41.1,29.9,False,0,30.44,2.47,0,0,0,0,0,0,0.0,0.663_0.0_0.587,SYNTHETIC
2025-07-18,Tamil Nadu,72147030,36.3,31.0,25.8,49.5,2.9,37.6,29.5,False,0,30.12,2.3,0,0,0,0,0,0,0.0,0.632_0.0_0.495,SYNTHETIC
2025-07-19,Tamil Nadu,72147030,36.4,30.5,24.6,59.1,1.3,40.9,29.2,False,0,30.11,2.33,0,0,0,0,0,0,0.0,0.614_0.0_0.591,SYNTHETIC
2025-07-20,Tamil Nadu,72147030,38.2,33.5,28.7,60.9,1.6,43.3,31.7,False,0,30.2,2.85,6,3,3,3,3,0,0.0083,0.778_0.0_0.609,SYNTHETIC
2025-07-21,Tamil Nadu,72147030,33.8,29.3,24.8,59.3,3.7,38.4,27.9,False,0,29.88,1.53,0,0,0,0,0,0,0.0,0.524_0.0_0.593,SYNTHETIC
2025-07-22,Tamil Nadu,72147030,32.8,29.7,26.5,66.3,1.7,39.7,28.0,False,0,29.58,1.28,0,0,0,0,0,0,0.0,0.533_0.0_0.663,SYNTHETIC
2025-07-23,Tamil Nadu,72147030,35.4,29.5,23.6,61.8,1.8,40.8,28.4,False,0,29.22,2.0,14,11,3,1,6,7,0.0194,0.558_0.0_0.618,SYNTHETIC
2025-07-24,Tamil Nadu,72147030,34.5,29.6,24.7,63.3,3.7,40.4,28.3,False,0,28.98,1.73,0,0,0,0,0,0,0.0,0.551_0.0_0.633,SYNTHETIC
2025-07-25,Tamil Nadu,72147030,36.8,33.1,29.4,58.3,3.5,41.1,31.1,False,0,29.22,2.42,1,1,0,0,1,0,0.0014,0.742_0.0_0.583,SYNTHETIC
2025-07-26,Tamil Nadu,72147030,35.8,30.8,25.8,57.1,1.5,39.6,29.3,False,0,29.22,2.11,2,1,1,0,2,0,0.0028,0.619_0.0_0.571,SYNTHETIC
2025-07-27,Tamil Nadu,72147030,36.1,30.2,24.4,60.6,3.3,41.1,29.0,False,0,28.84,2.19,0,0,0,0,0,0,0.0,0.6_0.0_0.606,SYNTHETIC
2025-07-28,Tamil Nadu,72147030,37.7,34.0,30.3,53.8,1.8,40.5,31.9,False,0,29.42,2.71,0,0,0,0,0,0,0.0,0.792_0.0_0.538,SYNTHETIC
2025-07-29,Tamil Nadu,72147030,35.9,32.0,28.2,59.4,4.8,40.5,30.2,False,0,29.73,2.17,2,2,0,0,1,1,0.0028,0.68_0.0_0.594,SYNTHETIC
2025-07-30,Tamil Nadu,72147030,37.6,33.2,28.7,58.5,3.0,41.9,31.3,False,0,30.15,2.71,0,0,0,0,0,0,0.0,0.755_0.0_0.585,SYNTHETIC
2025-07-31,Tamil Nadu,72147030,34.9,31.6,28.4,63.0,1.3,40.6,29.7,False,0,30.37,1.87,10,7,3,1,7,2,0.0139,0.65_0.0_0.63,SYNTHETIC
2025-08-01,Tamil Nadu,72147030,35.8,32.8,29.8,58.6,2.7,40.2,30.7,False,0,30.31,2.18,0,0,0,0,0,0,0.0,0.716_0.0_0.586,SYNTHETIC
2025-08-02,Tamil Nadu,72147030,36.3,31.0,25.8,55.6,4.4,39.6,29.5,False,0,30.34,2.3,0,0,0,0,0,0,0.0,0.635_0.0_0.556,SYNTHETIC
2025-08-03,Tamil Nadu,72147030,34.5,30.3,26.2,63.9,4.6,40.5,28.8,False,0,30.31,1.75,4,3,1,0,3,1,0.0055,0.585_0.0_0.639,SYNTHETIC
2025-08-04,Tamil Nadu,72147030,36.0,32.2,28.3,54.3,3.9,39.0,30.3,False,0,30.08,2.23,6,5,1,0,3,3,0.0083,0.684_0.0_0.543,SYNTHETIC
2025-08-05,Tamil Nadu,72147030,34.1,30.1,26.1,56.5,4.9,37.8,28.5,False,0,29.84,1.64,5,3,2,2,2,1,0.0069,0.566_0.0_0.565,SYNTHETIC
2025-08-06,Tamil Nadu,72147030,32.6,27.5,22.4,60.5,4.3,37.6,26.4,False,0,29.13,1.26,0,0,0,0,0,0,0.0,0.426_0.0_0.605,SYNTHETIC
2025-08-07,Tamil Nadu,72147030,35.9,32.3,28.8,64.7,4.2,42.2,30.4,False,0,29.23,2.14,0,0,0,0,0,0,0.0,0.696_0.0_0.647,SYNTHETIC
2025-08-08,Tamil Nadu,72147030,34.0,30.1,26.3,58.5,4.5,38.3,28.5,False,0,28.91,1.57,0,0,0,0,0,0,0.0,0.566_0.0_0.585,SYNTHETIC
2025-08-09,Tamil Nadu,72147030,36.5,30.7,25.0,64.4,1.0,42.7,29.5,False,0,28.9,2.3,1,1,0,0,1,0,0.0014,0.63_0.0_0.644,SYNTHETIC
2025-08-10,Tamil Nadu,72147030,33.6,30.4,27.2,71.0,4.1,42.0,28.7,False,0,28.89,1.45,0,0,0,0,0,0,0.0,0.581_0.0_0.71,SYNTHETIC
2025-08-11,Tamil Nadu,72147030,34.2,28.4,22.6,60.8,3.6,39.3,27.3,False,0,28.47,1.62,0,0,0,0,0,0,0.0,0.489_0.0_0.608,SYNTHETIC
2025-08-12,Tamil Nadu,72147030,33.8,29.9,26.1,65.1,2.1,40.3,28.4,False,0,28.46,1.48,0,0,0,0,0,0,0.0,0.557_0.0_0.651,SYNTHETIC
2025-08-13,Tamil Nadu,72147030,34.0,28.7,23.5,59.5,3.8,38.6,27.5,False,0,28.62,1.54,0,0,0,0,0,0,0.0,0.5_0.0_0.595,SYNTHETIC
2025-08-14,Tamil Nadu,72147030,34.1,30.3,26.5,57.1,2.1,37.9,28.6,False,0,28.35,1.58,1,1,0,0,0,1,0.0014,0.573_0.0_0.571,SYNTHETIC
2025-08-15,Tamil Nadu,72147030,33.3,28.5,23.7,63.3,3.5,39.2,27.3,False,0,28.17,1.34,0,0,0,0,0,0,0.0,0.484_0.0_0.633,SYNTHETIC
2025-08-16,Tamil Nadu,72147030,35.3,30.1,25.0,59.1,3.4,39.8,28.7,False,0,28.07,1.91,0,0,0,0,0,0,0.0,0.583_0.0_0.591,SYNTHETIC
2025-08-17,Tamil Nadu,72147030,34.8,31.2,27.6,66.8,3.4,41.8,29.4,False,0,28.18,1.78,1,1,0,0,1,0,0.0014,0.63_0.0_0.668,SYNTHETIC
2025-08-18,Tamil Nadu,72147030,34.7,30.5,26.3,65.1,4.4,41.2,29.0,False,0,28.41,1.77,1,1,0,0,1,0,0.0014,0.598_0.0_0.651,SYNTHETIC
2025-08-19,Tamil Nadu,72147030,34.1,28.4,22.6,63.8,2.7,40.2,27.3,False,0,28.26,1.58,0,0,0,0,0,0,0.0,0.489_0.0_0.638,SYNTHETIC
2025-08-20,Tamil Nadu,72147030,36.3,31.4,26.5,72.8,2.0,45.4,30.0,False,0,28.62,2.25,0,0,0,0,0,0,0.0,0.665_0.0_0.728,SYNTHETIC
2025-08-21,Tamil Nadu,72147030,32.4,28.6,24.8,62.7,2.0,38.1,27.2,False,0,28.41,1.24,0,0,0,0,0,0,0.0,0.477_0.0_0.627,SYNTHETIC
2025-08-22,Tamil Nadu,72147030,32.7,26.8,20.9,67.6,4.4,40.0,26.0,False,0,28.23,1.24,2,2,0,0,2,0,0.0028,0.398_0.0_0.676,SYNTHETIC
2025-08-23,Tamil Nadu,72147030,32.3,28.2,24.1,66.9,4.7,39.4,26.9,False,0,27.96,1.23,0,0,0,0,0,0,0.0,0.457_0.0_0.669,SYNTHETIC
2025-08-24,Tamil Nadu,72147030,33.8,28.4,23.1,70.5,2.8,42.1,27.4,False,0,27.66,1.48,1,1,0,0,1,0,0.0014,0.492_0.0_0.705,SYNTHETIC
2025-08-25,Tamil Nadu,72147030,32.4,28.1,23.8,71.5,1.1,41.0,26.9,False,0,27.36,1.23,0,0,0,0,0,0,0.0,0.459_0.0_0.715,SYNTHETIC
2025-08-26,Tamil Nadu,72147030,32.4,27.5,22.5,74.7,2.0,42.1,26.5,False,0,27.24,1.23,0,0,0,0,0,0,0.0,0.431_0.0_0.747,SYNTHETIC
2025-08-27,Tamil Nadu,72147030,34.3,28.8,23.4,69.4,3.7,42.2,27.7,False,0,26.92,1.62,0,0,0,0,0,0,0.0,0.516_0.0_0.694,SYNTHETIC
2025-08-28,Tamil Nadu,72147030,37.4,33.4,29.3,74.2,2.4,46.9,31.6,False,0,27.56,2.55,8,7,1,0,5,3,0.0111,0.773_0.0_0.742,SYNTHETIC
2025-08-29,Tamil Nadu,72147030,36.0,32.5,29.1,62.5,3.7,41.7,30.6,False,0,28.22,2.14,0,0,0,0,0,0,0.0,0.707_0.0_0.625,SYNTHETIC
2025-08-30,Tamil Nadu,72147030,34.3,29.8,25.2,73.0,1.6,43.4,28.4,False,0,28.44,1.65,0,0,0,0,0,0,0.0,0.562_0.0_0.73,SYNTHETIC
2025-08-31,Tamil Nadu,72147030,31.7,28.4,25.1,62.4,1.9,37.3,26.8,False,0,28.37,1.22,0,0,0,0,0,0,0.0,0.456_0.0_0.624,SYNTHETIC
2025-09-01,Tamil Nadu,72147030,30.6,27.0,23.3,66.1,4.8,37.4,25.7,False,0,28.19,1.19,0,0,0,0,0,0,0.0,0.377_0.0_0.661,SYNTHETIC
2025-09-02,Tamil Nadu,72147030,35.4,30.3,25.2,71.2,1.7,43.9,29.0,False,0,28.55,1.97,2,2,0,1,1,0,0.0028,0.6_0.0_0.712,SYNTHETIC
2025-09-03,Tamil Nadu,72147030,31.2,26.1,21.0,67.4,1.8,38.4,25.2,False,0,28.18,1.21,0,0,0,0,0,0,0.0,0.345_0.0_0.674,SYNTHETIC
2025-09-04,Tamil Nadu,72147030,32.0,26.6,21.2,69.4,1.3,39.9,25.7,False,0,27.35,1.22,0,0,0,0,0,0,0.0,0.381_0.0_0.694,SYNTHETIC
2025-09-05,Tamil Nadu,72147030,32.8,27.3,21.8,78.7,4.3,43.8,26.4,False,0,26.75,1.24,3,2,1,1,1,1,0.0042,0.429_0.0_0.787,SYNTHETIC
2025-09-06,Tamil Nadu,72147030,34.1,28.4,22.7,67.9,1.8,41.5,27.4,False,0,26.6,1.58,0,0,0,0,0,0,0.0,0.493_0.0_0.679,SYNTHETIC
2025-09-07,Tamil Nadu,72147030,31.3,27.2,23.0,71.5,4.2,39.9,26.0,False,0,26.48,1.21,0,0,0,0,0,0,0.0,0.399_0.0_0.715,SYNTHETIC
2025-09-08,Tamil Nadu,72147030,31.2,27.0,22.9,64.7,1.3,37.5,25.8,False,0,26.5,1.2,0,0,0,0,0,0,0.0,0.387_0.0_0.647,SYNTHETIC
2025-09-09,Tamil Nadu,72147030,33.0,28.6,24.1,65.2,1.0,39.5,27.2,False,0,26.25,1.25,1,1,0,0,1,0,0.0014,0.483_0.0_0.652,SYNTHETIC
2025-09-10,Tamil Nadu,72147030,33.0,27.6,22.2,75.1,3.1,42.8,26.7,False,0,26.46,1.25,0,0,0,0,0,0,0.0,0.445_0.0_0.751,SYNTHETIC
2025-09-11,Tamil Nadu,72147030,31.2,25.5,19.9,69.0,4.0,39.0,24.8,False,0,26.33,1.2,7,6,1,0,6,1,0.0097,0.321_0.0_0.69,SYNTHETIC
2025-09-12,Tamil Nadu,72147030,30.4,25.0,19.5,79.2,3.6,41.6,24.4,False,0,26.04,1.19,3,3,0,0,3,0,0.0042,0.291_0.0_0.792,SYNTHETIC
2025-09-13,Tamil Nadu,72147030,32.4,28.6,24.8,65.0,3.6,38.9,27.2,False,0,26.01,1.23,2,1,1,0,2,0,0.0028,0.478_0.0_0.65,SYNTHETIC
2025-09-14,Tamil Nadu,72147030,32.2,29.1,25.9,64.2,3.7,38.4,27.4,False,0,26.21,1.23,0,0,0,0,0,0,0.0,0.494_0.0_0.642,SYNTHETIC
2025-09-15,Tamil Nadu,72147030,32.1,28.3,24.6,73.9,3.3,41.4,27.0,False,0,26.38,1.22,0,0,0,0,0,0,0.0,0.465_0.0_0.739,SYNTHETIC
2025-09-16,Tamil Nadu,72147030,32.6,27.1,21.5,75.6,5.0,42.6,26.2,False,0,26.23,1.24,0,0,0,0,0,0,0.0,0.415_0.0_0.756,SYNTHETIC
2025-09-17,Tamil Nadu,72147030,31.4,26.0,20.7,72.1,3.3,40.1,25.2,False,0,26.02,1.21,0,0,0,0,0,0,0.0,0.347_0.0_0.721,SYNTHETIC
2025-09-18,Tamil Nadu,72147030,32.3,27.0,21.7,79.6,1.2,43.5,26.1,False,0,26.21,1.23,7,5,2,0,5,2,0.0097,0.41_0.0_0.796,SYNTHETIC
2025-09-19,Tamil Nadu,72147030,32.2,27.4,22.7,77.6,1.2,42.8,26.4,False,0,26.51,1.23,0,0,0,0,0,0,0.0,0.428_0.0_0.776,SYNTHETIC
2025-09-20,Tamil Nadu,72147030,34.1,29.1,24.0,73.4,3.6,43.4,27.9,False,0,26.61,1.58,0,0,0,0,0,0,0.0,0.527_0.0_0.734,SYNTHETIC
2025-09-21,Tamil Nadu,72147030,32.0,27.6,23.2,69.2,3.7,39.8,26.4,False,0,26.47,1.22,0,0,0,0,0,0,0.0,0.428_0.0_0.692,SYNTHETIC
2025-09-22,Tamil Nadu,72147030,33.4,27.9,22.4,78.1,4.2,44.2,27.0,False,0,26.47,1.36,12,11,1,3,7,2,0.0166,0.465_0.0_0.781,SYNTHETIC
2025-09-23,Tamil Nadu,72147030,31.5,27.9,24.2,78.0,4.5,42.2,26.6,False,0,26.52,1.21,4,2,2,0,2,2,0.0055,0.438_0.0_0.78,SYNTHETIC
2025-09-24,Tamil Nadu,72147030,30.6,27.4,24.2,71.8,4.9,39.3,26.1,False,0,26.64,1.19,1,1,0,1,0,0,0.0014,0.404_0.0_0.718,SYNTHETIC
2025-09-25,Tamil Nadu,72147030,29.9,25.5,21.1,70.9,2.1,38.3,24.5,False,0,26.41,1.18,0,0,0,0,0,0,0.0,0.3_0.0_0.709,SYNTHETIC
2025-09-26,Tamil Nadu,72147030,28.2,22.8,17.4,72.3,2.3,37.1,22.4,False,0,25.83,1.18,0,0,0,0,0,0,0.0,0.157_0.0_0.723,SYNTHETIC
2025-09-27,Tamil Nadu,72147030,32.8,29.6,26.4,69.1,1.8,40.6,28.0,False,0,25.84,1.24,0,0,0,0,0,0,0.0,0.531_0.0_0.691,SYNTHETIC
2025-09-28,Tamil Nadu,72147030,27.8,23.1,18.4,74.3,4.2,37.3,22.5,False,0,25.27,1.18,0,0,0,0,0,0,0.0,0.164_0.0_0.743,SYNTHETIC
2025-09-29,Tamil Nadu,72147030,28.5,24.0,19.5,79.1,1.3,39.6,23.3,False,0,24.74,1.18,0,0,0,0,0,0,0.0,0.219_0.0_0.791,SYNTHETIC
2025-09-30,Tamil Nadu,72147030,28.8,23.6,18.4,63.8,3.3,34.8,22.9,False,0,24.22,1.18,1,1,0,0,0,1,0.0014,0.193_0.0_0.638,SYNTHETIC
2025-10-01,Tamil Nadu,72147030,28.7,24.2,19.8,73.1,4.0,37.8,23.4,False,0,23.84,1.18,1,0,1,0,1,0,0.0014,0.229_0.0_0.731,SYNTHETIC
2025-10-02,Tamil Nadu,72147030,29.6,24.3,19.0,65.9,1.5,36.4,23.6,False,0,23.71,1.18,0,0,0,0,0,0,0.0,0.241_0.0_0.659,SYNTHETIC
2025-10-03,Tamil Nadu,72147030,29.8,24.9,20.0,89.4,1.9,44.3,24.3,False,0,23.99,1.18,0,0,0,0,0,0,0.0,0.286_0.0_0.894,SYNTHETIC
2025-10-04,Tamil Nadu,72147030,28.4,24.5,20.7,77.6,1.9,39.0,23.6,False,0,23.37,1.18,0,0,0,0,0,0,0.0,0.241_0.0_0.776,SYNTHETIC
2025-10-05,Tamil Nadu,72147030,30.3,26.9,23.5,78.5,2.5,41.2,25.7,False,0,23.83,1.18,0,0,0,0,0,0,0.0,0.379_0.0_0.785,SYNTHETIC
2025-10-06,Tamil Nadu,72147030,30.8,27.3,23.7,78.8,3.7,41.8,26.0,False,0,24.22,1.19,0,0,0,0,0,0,0.0,0.402_0.0_0.788,SYNTHETIC
2025-10-07,Tamil Nadu,72147030,30.6,25.7,20.8,78.5,4.0,41.5,24.9,False,0,24.51,1.19,0,0,0,0,0,0,0.0,0.325_0.0_0.785,SYNTHETIC
2025-10-08,Tamil Nadu,72147030,31.3,28.2,25.1,76.6,2.2,41.6,26.8,False,0,24.98,1.21,0,0,0,0,0,0,0.0,0.451_0.0_0.766,SYNTHETIC
2025-10-09,Tamil Nadu,72147030,32.4,28.9,25.5,75.9,2.9,42.5,27.5,False,0,25.54,1.23,1,1,0,0,0,1,0.0014,0.5_0.0_0.759,SYNTHETIC
2025-10-10,Tamil Nadu,72147030,29.1,24.5,20.0,71.5,3.5,37.7,23.7,False,0,25.45,1.18,2,2,0,0,1,1,0.0028,0.247_0.0_0.715,SYNTHETIC
2025-10-11,Tamil Nadu,72147030,27.6,24.4,21.3,75.7,3.9,37.6,23.4,False,0,25.42,1.18,0,0,0,0,0,0,0.0,0.225_0.0_0.757,SYNTHETIC
2025-10-12,Tamil Nadu,72147030,31.7,27.5,23.3,75.0,4.0,41.4,26.4,False,0,25.52,1.21,0,0,0,0,0,0,0.0,0.424_0.0_0.75,SYNTHETIC
2025-10-13,Tamil Nadu,72147030,30.9,26.8,22.6,78.1,1.3,41.7,25.7,False,0,25.47,1.2,0,0,0,0,0,0,0.0,0.381_0.0_0.781,SYNTHETIC
2025-10-14,Tamil Nadu,72147030,28.7,25.6,22.5,71.7,4.8,37.4,24.4,False,0,25.4,1.18,0,0,0,0,0,0,0.0,0.293_0.0_0.717,SYNTHETIC
2025-10-15,Tamil Nadu,72147030,28.0,22.4,16.9,83.5,4.8,40.5,22.1,False,0,24.74,1.18,3,2,1,0,2,1,0.0042,0.142_0.0_0.835,SYNTHETIC
2025-10-16,Tamil Nadu,72147030,28.1,24.8,21.6,71.6,2.8,36.7,23.7,False,0,24.2,1.18,0,0,0,0,0,0,0.0,0.246_0.0_0.716,SYNTHETIC
2025-10-17,Tamil Nadu,72147030,28.9,23.2,17.4,72.3,1.2,37.8,22.7,False,0,24.06,1.18,0,0,0,0,0,0,0.0,0.181_0.0_0.723,SYNTHETIC
2025-10-18,Tamil Nadu,72147030,29.5,25.0,20.5,80.6,2.0,41.1,24.2,False,0,24.18,1.18,0,0,0,0,0,0,0.0,0.281_0.0_0.806,SYNTHETIC
2025-10-19,Tamil Nadu,72147030,30.9,25.4,20.0,79.2,4.0,42.0,24.7,False,0,23.95,1.2,0,0,0,0,0,0,0.0,0.316_0.0_0.792,SYNTHETIC
2025-10-20,Tamil Nadu,72147030,27.0,21.3,15.7,70.7,4.6,35.3,21.0,False,0,23.27,1.18,3,3,0,1,1,1,0.0042,0.068_0.0_0.707,SYNTHETIC
2025-10-21,Tamil Nadu,72147030,29.8,26.0,22.1,87.1,3.0,43.6,25.0,False,0,23.36,1.18,0,0,0,0,0,0,0.0,0.334_0.0_0.871,SYNTHETIC
2025-10-22,Tamil Nadu,72147030,29.6,23.9,18.2,73.6,2.4,38.9,23.4,False,0,23.54,1.18,4,3,1,1,1,2,0.0055,0.227_0.0_0.736,SYNTHETIC
2025-10-23,Tamil Nadu,72147030,29.7,25.3,20.9,74.2,1.5,39.2,24.4,False,0,23.64,1.18,0,0,0,0,0,0,0.0,0.292_0.0_0.742,SYNTHETIC
2025-10-24,Tamil Nadu,72147030,30.0,26.7,23.4,89.3,1.7,44.5,25.6,False,0,24.05,1.18,3,1,2,1,2,0,0.0042,0.373_0.0_0.893,SYNTHETIC
2025-10-25,Tamil Nadu,72147030,29.5,25.2,20.8,77.5,1.9,40.1,24.3,False,0,24.06,1.18,0,0,0,0,0,0,0.0,0.287_0.0_0.775,SYNTHETIC
2025-10-26,Tamil Nadu,72147030,30.0,25.5,21.1,81.2,2.4,41.8,24.7,False,0,24.05,1.18,0,0,0,0,0,0,0.0,0.312_0.0_0.812,SYNTHETIC
2025-10-27,Tamil Nadu,72147030,29.2,24.7,20.3,74.9,4.4,38.9,23.9,False,0,24.47,1.18,0,0,0,0,0,0,0.0,0.26_0.0_0.749,SYNTHETIC
2025-10-28,Tamil Nadu,72147030,28.1,24.2,20.3,68.0,4.7,35.5,23.2,False,0,24.21,1.18,0,0,0,0,0,0,0.0,0.214_0.0_0.68,SYNTHETIC
2025-10-29,Tamil Nadu,72147030,29.2,25.0,20.7,76.7,1.6,39.5,24.1,False,0,24.3,1.18,1,1,0,0,1,0,0.0014,0.272_0.0_0.767,SYNTHETIC
2025-10-30,Tamil Nadu,72147030,29.6,23.8,18.0,74.8,3.6,39.3,23.3,False,0,24.15,1.18,0,0,0,0,0,0,0.0,0.222_0.0_0.748,SYNTHETIC
2025-10-31,Tamil Nadu,72147030,29.8,25.0,20.1,81.6,2.5,41.7,24.2,False,0,23.96,1.18,0,0,0,0,0,0,0.0,0.283_0.0_0.816,SYNTHETIC
2025-11-01,Tamil Nadu,72147030,30.9,27.7,24.5,86.0,2.6,44.3,26.4,False,0,24.26,1.2,0,0,0,0,0,0,0.0,0.428_0.0_0.86,SYNTHETIC
2025-11-02,Tamil Nadu,72147030,27.3,21.7,16.1,78.1,3.2,38.1,21.4,False,0,23.8,1.18,0,0,0,0,0,0,0.0,0.096_0.0_0.781,SYNTHETIC
2025-11-03,Tamil Nadu,72147030,29.7,23.8,18.0,78.4,4.7,40.5,23.4,False,0,23.73,1.18,0,0,0,0,0,0,0.0,0.227_0.0_0.784,SYNTHETIC
2025-11-04,Tamil Nadu,72147030,32.1,27.8,23.5,81.4,3.9,44.0,26.7,False,0,24.23,1.22,4,2,2,0,4,0,0.0055,0.446_0.0_0.814,SYNTHETIC
2025-11-05,Tamil Nadu,72147030,28.7,24.9,21.1,79.3,1.0,39.9,24.0,False,0,24.22,1.18,16,13,3,2,9,5,0.0222,0.266_0.0_0.793,SYNTHETIC
2025-11-06,Tamil Nadu,72147030,29.7,25.5,21.2,70.4,1.6,38.0,24.5,False,0,24.38,1.18,0,0,0,0,0,0,0.0,0.3_0.0_0.704,SYNTHETIC
2025-11-07,Tamil Nadu,72147030,28.8,25.5,22.2,76.1,1.1,38.9,24.3,False,0,24.4,1.18,0,0,0,0,0,0,0.0,0.289_0.0_0.761,SYNTHETIC
2025-11-08,Tamil Nadu,72147030,29.8,24.0,18.2,78.1,2.7,40.5,23.5,False,0,23.99,1.18,0,0,0,0,0,0,0.0,0.236_0.0_0.781,SYNTHETIC
2025-11-09,Tamil Nadu,72147030,29.1,26.1,23.1,77.8,4.1,39.8,24.9,False,0,24.48,1.18,0,0,0,0,0,0,0.0,0.326_0.0_0.778,SYNTHETIC
2025-11-10,Tamil Nadu,72147030,29.1,25.3,21.4,82.1,3.8,41.2,24.3,False,0,24.61,1.18,0,0,0,0,0,0,0.0,0.288_0.0_0.821,SYNTHETIC
2025-11-11,Tamil Nadu,72147030,28.9,23.4,17.9,76.9,4.2,39.3,22.9,False,0,24.07,1.18,0,0,0,0,0,0,0.0,0.194_0.0_0.769,SYNTHETIC
2025-11-12,Tamil Nadu,72147030,28.8,24.8,20.8,75.5,4.5,38.8,23.9,False,0,24.06,1.18,0,0,0,0,0,0,0.0,0.26_0.0_0.755,SYNTHETIC
2025-11-13,Tamil Nadu,72147030,24.6,20.6,16.6,78.1,2.6,35.4,20.2,False,0,23.44,1.18,0,0,0,0,0,0,0.0,0.011_0.0_0.781,SYNTHETIC
2025-11-14,Tamil Nadu,72147030,28.1,24.6,21.2,82.3,2.1,40.2,23.7,False,0,23.34,1.18,0,0,0,0,0,0,0.0,0.246_0.0_0.823,SYNTHETIC
2025-11-15,Tamil Nadu,72147030,28.9,23.8,18.7,77.9,1.8,39.6,23.2,False,0,23.29,1.18,2,2,0,0,2,0,0.0028,0.212_0.0_0.779,SYNTHETIC
2025-11-16,Tamil Nadu,72147030,30.5,25.4,20.4,82.6,4.3,42.7,24.7,False,0,23.27,1.19,0,0,0,0,0,0,0.0,0.315_0.0_0.826,SYNTHETIC
2025-11-17,Tamil Nadu,72147030,27.2,24.0,20.7,84.5,5.0,40.1,23.1,False,0,23.09,1.18,0,0,0,0,0,0,0.0,0.204_0.0_0.845,SYNTHETIC
2025-11-18,Tamil Nadu,72147030,30.3,24.7,19.1,89.1,2.2,44.8,24.3,False,0,23.29,1.18,0,0,0,0,0,0,0.0,0.285_0.0_0.891,SYNTHETIC
2025-11-19,Tamil Nadu,72147030,30.1,24.5,19.0,70.6,1.8,38.4,23.9,False,0,23.29,1.18,5,3,2,0,3,2,0.0069,0.259_0.0_0.706,SYNTHETIC
2025-11-20,Tamil Nadu,72147030,30.4,26.4,22.4,82.2,3.7,42.5,25.4,False,0,24.03,1.18,1,1,0,0,1,0,0.0014,0.358_0.0_0.822,SYNTHETIC
2025-11-21,Tamil Nadu,72147030,27.9,22.8,17.8,83.5,1.9,40.5,22.4,False,0,23.85,1.18,0,0,0,0,0,0,0.0,0.16_0.0_0.835,SYNTHETIC
2025-11-22,Tamil Nadu,72147030,29.5,23.9,18.4,75.0,1.2,39.2,23.4,False,0,23.87,1.18,2,2,0,2,0,0,0.0028,0.225_0.0_0.75,SYNTHETIC
2025-11-23,Tamil Nadu,72147030,27.4,22.8,18.1,89.4,1.7,41.9,22.3,False,0,23.53,1.18,0,0,0,0,0,0,0.0,0.156_0.0_0.894,SYNTHETIC
2025-11-24,Tamil Nadu,72147030,29.3,24.6,19.9,84.5,3.0,42.2,24.0,False,0,23.66,1.18,0,0,0,0,0,0,0.0,0.264_0.0_0.845,SYNTHETIC
2025-11-25,Tamil Nadu,72147030,28.8,25.4,21.9,83.7,3.9,41.4,24.4,False,0,23.67,1.18,0,0,0,0,0,0,0.0,0.291_0.0_0.837,SYNTHETIC
2025-11-26,Tamil Nadu,72147030,30.0,25.0,20.0,85.1,4.8,43.1,24.4,False,0,23.74,1.18,0,0,0,0,0,0,0.0,0.29_0.0_0.851,SYNTHETIC
2025-11-27,Tamil Nadu,72147030,28.7,23.5,18.4,79.9,2.3,40.1,23.0,False,0,23.4,1.18,0,0,0,0,0,0,0.0,0.202_0.0_0.799,SYNTHETIC
2025-11-28,Tamil Nadu,72147030,29.5,26.1,22.8,82.9,2.6,41.8,25.0,False,0,23.78,1.18,0,0,0,0,0,0,0.0,0.335_0.0_0.829,SYNTHETIC
2025-11-29,Tamil Nadu,72147030,27.8,24.0,20.2,86.4,1.1,41.3,23.2,False,0,23.75,1.18,1,1,0,1,0,0,0.0014,0.214_0.0_0.864,SYNTHETIC
2025-11-30,Tamil Nadu,72147030,25.9,21.1,16.3,83.9,2.6,38.6,20.8,False,0,23.53,1.18,0,0,0,0,0,0,0.0,0.053_0.0_0.839,SYNTHETIC
2025-12-01,Tamil Nadu,72147030,31.3,25.7,20.1,67.0,5.0,38.4,24.9,False,0,23.67,1.21,0,0,0,0,0,0,0.0,0.327_0.0_0.67,SYNTHETIC
2025-12-02,Tamil Nadu,72147030,31.7,26.7,21.6,74.7,2.3,41.4,25.8,False,0,23.87,1.22,0,0,0,0,0,0,0.0,0.383_0.0_0.747,SYNTHETIC
2025-12-03,Tamil Nadu,72147030,30.9,25.6,20.3,84.7,4.5,43.8,24.9,False,0,23.95,1.2,0,0,0,0,0,0,0.0,0.33_0.0_0.847,SYNTHETIC
2025-12-04,Tamil Nadu,72147030,32.4,26.8,21.3,74.2,1.8,41.9,26.0,False,0,24.37,1.23,0,0,0,0,0,0,0.0,0.4_0.0_0.742,SYNTHETIC
2025-12-05,Tamil Nadu,72147030,31.0,27.7,24.4,90.8,1.2,45.9,26.5,False,0,24.58,1.2,0,0,0,0,0,0,0.0,0.432_0.0_0.908,SYNTHETIC
2025-12-06,Tamil Nadu,72147030,31.0,27.8,24.7,81.5,3.0,42.8,26.5,False,0,25.05,1.2,0,0,0,0,0,0,0.0,0.433_0.0_0.815,SYNTHETIC
2025-12-07,Tamil Nadu,72147030,31.7,27.6,23.5,81.9,3.6,43.7,26.5,False,0,25.87,1.22,0,0,0,0,0,0,0.0,0.433_0.0_0.819,SYNTHETIC
2025-12-08,Tamil Nadu,72147030,30.4,27.4,24.3,77.7,2.3,41.1,26.0,False,0,26.03,1.18,0,0,0,0,0,0,0.0,0.401_0.0_0.777,SYNTHETIC
2025-12-09,Tamil Nadu,72147030,27.9,22.7,17.4,87.0,2.8,41.6,22.3,False,0,25.54,1.18,0,0,0,0,0,0,0.0,0.156_0.0_0.87,SYNTHETIC
2025-12-10,Tamil Nadu,72147030,30.1,25.9,21.8,79.1,1.2,41.2,25.0,False,0,25.54,1.18,0,0,0,0,0,0,0.0,0.331_0.0_0.791,SYNTHETIC
2025-12-11,Tamil Nadu,72147030,27.7,24.4,21.0,70.2,4.5,35.9,23.3,False,0,25.16,1.18,0,0,0,0,0,0,0.0,0.221_0.0_0.702,SYNTHETIC
2025-12-12,Tamil Nadu,72147030,28.7,23.3,17.8,79.4,4.8,39.9,22.8,False,0,24.63,1.18,0,0,0,0,0,0,0.0,0.188_0.0_0.794,SYNTHETIC
2025-12-13,Tamil Nadu,72147030,31.7,27.5,23.3,87.4,2.4,45.6,26.5,False,0,24.63,1.22,0,0,0,0,0,0,0.0,0.432_0.0_0.874,SYNTHETIC
2025-12-14,Tamil Nadu,72147030,32.8,27.2,21.6,84.2,3.3,45.6,26.5,False,0,24.63,1.24,0,0,0,0,0,0,0.0,0.43_0.0_0.842,SYNTHETIC
2025-12-15,Tamil Nadu,72147030,30.9,26.7,22.5,78.8,2.2,41.9,25.7,False,0,24.58,1.2,0,0,0,0,0,0,0.0,0.379_0.0_0.788,SYNTHETIC
2025-12-16,Tamil Nadu,72147030,30.4,24.9,19.5,85.5,1.3,43.6,24.4,False,0,24.87,1.18,0,0,0,0,0,0,0.0,0.293_0.0_0.855,SYNTHETIC
2025-12-17,Tamil Nadu,72147030,30.0,26.6,23.3,77.4,4.5,40.5,25.4,False,0,24.94,1.18,0,0,0,0,0,0,0.0,0.361_0.0_0.774,SYNTHETIC
2025-12-18,Tamil Nadu,72147030,29.4,24.0,18.6,88.0,4.8,43.5,23.6,False,0,24.97,1.18,0,0,0,0,0,0,0.0,0.237_0.0_0.88,SYNTHETIC
2025-12-19,Tamil Nadu,72147030,28.8,24.5,20.1,75.6,3.6,38.7,23.6,False,0,25.09,1.18,0,0,0,0,0,0,0.0,0.243_0.0_0.756,SYNTHETIC
2025-12-20,Tamil Nadu,72147030,27.9,23.6,19.2,74.8,1.2,37.6,22.8,False,0,24.57,1.18,3,2,1,0,2,1,0.0042,0.189_0.0_0.748,SYNTHETIC
2025-12-21,Tamil Nadu,72147030,30.7,26.1,21.4,76.8,3.4,41.0,25.1,False,0,24.38,1.19,0,0,0,0,0,0,0.0,0.343_0.0_0.768,SYNTHETIC
2025-12-22,Tamil Nadu,72147030,30.2,24.9,19.6,74.1,3.1,39.6,24.2,False,0,24.16,1.18,0,0,0,0,0,0,0.0,0.279_0.0_0.741,SYNTHETIC
2025-12-23,Tamil Nadu,72147030,29.4,25.8,22.2,75.0,2.5,39.1,24.7,False,0,24.21,1.18,0,0,0,0,0,0,0.0,0.313_0.0_0.75,SYNTHETIC
2025-12-24,Tamil Nadu,72147030,31.7,28.2,24.8,75.0,3.0,41.4,26.9,False,0,24.41,1.21,0,0,0,0,0,0,0.0,0.457_0.0_0.75,SYNTHETIC
2025-12-25,Tamil Nadu,72147030,30.3,24.5,18.6,81.8,1.2,42.3,24.0,False,0,24.48,1.18,0,0,0,0,0,0,0.0,0.267_0.0_0.818,SYNTHETIC
2025-12-26,Tamil Nadu,72147030,29.5,23.7,17.9,77.2,4.4,40.0,23.3,False,0,24.43,1.18,0,0,0,0,0,0,0.0,0.218_0.0_0.772,SYNTHETIC
2025-12-27,Tamil Nadu,72147030,30.3,26.5,22.8,71.1,2.4,38.7,25.4,False,0,24.79,1.18,3,2,1,0,3,0,0.0042,0.357_0.0_0.711,SYNTHETIC
2025-12-28,Tamil Nadu,72147030,29.7,25.7,21.7,75.9,1.7,39.8,24.7,False,0,24.72,1.18,0,0,0,0,0,0,0.0,0.314_0.0_0.759,SYNTHETIC
2025-12-29,Tamil Nadu,72147030,28.9,25.2,21.5,68.0,1.4,36.4,24.1,False,0,24.71,1.18,0,0,0,0,0,0,0.0,0.275_0.0_0.68,SYNTHETIC
2025-12-30,Tamil Nadu,72147030,31.6,28.4,25.2,75.6,2.1,41.6,26.9,False,0,25.04,1.21,1,0,1,0,0,1,0.0014,0.463_0.0_0.756,SYNTHETIC
2025-12-31,Tamil Nadu,72147030,29.7,25.5,21.2,68.8,4.9,37.4,24.4,False,0,24.69,1.18,0,0,0,0,0,0,0.0,0.297_0.0_0.688,SYNTHETIC
2025-01-01,Karnataka,61095297,30.4,24.9,19.4,56.8,4.2,34.1,24.1,False,0,24.1,0.5,0,0,0,0,0,0,0.0,0.273_0.0_0.568,SYNTHETIC
2025-01-02,Karnataka,61095297,28.7,22.7,16.7,52.8,1.5,31.1,22.1,False,0,23.11,0.5,0,0,0,0,0,0,0.0,0.142_0.0_0.528,SYNTHETIC
2025-01-03,Karnataka,61095297,27.1,22.1,17.1,59.2,2.9,31.6,21.5,False,0,22.57,0.5,0,0,0,0,0,0,0.0,0.098_0.0_0.592,SYNTHETIC
2025-01-04,Karnataka,61095297,27.9,23.2,18.5,58.7,3.3,32.2,22.4,False,0,22.53,0.5,0,0,0,0,0,0,0.0,0.16_0.0_0.587,SYNTHETIC
2025-01-05,Karnataka,61095297,28.6,24.8,21.0,72.0,3.8,37.3,23.8,False,0,22.78,0.5,0,0,0,0,0,0,0.0,0.253_0.0_0.72,SYNTHETIC
2025-01-06,Karnataka,61095297,26.5,22.7,18.9,64.4,2.7,32.7,21.8,False,0,22.62,0.5,0,0,0,0,0,0,0.0,0.121_0.0_0.644,SYNTHETIC
2025-01-07,Karnataka,61095297,25.4,20.2,15.0,64.2,1.1,31.6,19.9,False,0,22.23,0.5,0,0,0,0,0,0,0.0,-0.007_0.0_0.642,SYNTHETIC
2025-01-08,Karnataka,61095297,28.6,24.0,19.3,60.3,2.6,33.5,23.1,False,0,22.09,0.5,0,0,0,0,0,0,0.0,0.206_0.0_0.603,SYNTHETIC
2025-01-09,Karnataka,61095297,28.7,23.0,17.3,69.3,3.4,36.5,22.5,False,0,22.14,0.5,2,2,0,0,2,0,0.0033,0.168_0.0_0.693,SYNTHETIC
2025-01-10,Karnataka,61095297,27.2,22.5,17.8,58.4,3.4,31.4,21.8,False,0,22.19,0.5,0,0,0,0,0,0,0.0,0.118_0.0_0.584,SYNTHETIC
2025-01-11,Karnataka,61095297,28.6,24.9,21.3,57.0,2.1,32.4,23.7,False,0,22.37,0.5,0,0,0,0,0,0,0.0,0.248_0.0_0.57,SYNTHETIC
2025-01-12,Karnataka,61095297,30.1,24.3,18.5,66.3,1.1,37.0,23.7,False,0,22.36,0.5,0,0,0,0,0,0,0.0,0.247_0.0_0.663,SYNTHETIC
2025-01-13,Karnataka,61095297,30.5,24.7,18.9,68.8,5.0,38.2,24.1,False,0,22.68,0.5,1,1,0,0,0,1,0.0016,0.27_0.0_0.688,SYNTHETIC
2025-01-14,Karnataka,61095297,27.4,24.0,20.6,59.3,4.4,32.0,22.9,False,0,23.11,0.5,0,0,0,0,0,0,0.0,0.191_0.0_0.593,SYNTHETIC
2025-01-15,Karnataka,61095297,27.5,23.3,19.1,68.0,1.8,35.0,22.5,False,0,23.02,0.5,13,11,2,0,8,5,0.0213,0.167_0.0_0.68,SYNTHETIC
2025-01-16,Karnataka,61095297,28.6,24.6,20.6,64.7,1.2,34.9,23.6,False,0,23.17,0.5,0,0,0,0,0,0,0.0,0.238_0.0_0.647,SYNTHETIC
2025-01-17,Karnataka,61095297,29.2,25.3,21.4,63.2,4.4,35.1,24.2,False,0,23.52,0.5,0,0,0,0,0,0,0.0,0.281_0.0_0.632,SYNTHETIC
2025-01-18,Karnataka,61095297,29.1,25.1,21.1,63.8,3.0,35.2,24.1,False,0,23.57,0.5,0,0,0,0,0,0,0.0,0.271_0.0_0.638,SYNTHETIC
2025-01-19,Karnataka,61095297,29.5,26.1,22.7,63.3,4.8,35.4,24.8,False,0,23.73,0.5,0,0,0,0,0,0,0.0,0.322_0.0_0.633,SYNTHETIC
2025-01-20,Karnataka,61095297,28.8,23.3,17.7,63.2,1.5,34.7,22.7,False,0,23.53,0.5,0,0,0,0,0,0,0.0,0.179_0.0_0.632,SYNTHETIC
2025-01-21,Karnataka,61095297,29.0,25.9,22.7,61.6,3.9,34.4,24.5,False,0,23.77,0.5,0,0,0,0,0,0,0.0,0.302_0.0_0.616,SYNTHETIC
2025-01-22,Karnataka,61095297,29.5,25.9,22.3,67.2,3.9,36.6,24.7,False,0,24.08,0.5,0,0,0,0,0,0,0.0,0.313_0.0_0.672,SYNTHETIC
2025-01-23,Karnataka,61095297,30.1,26.7,23.4,65.0,4.4,36.5,25.4,False,0,24.34,0.5,0,0,0,0,0,0,0.0,0.359_0.0_0.65,SYNTHETIC
2025-01-24,Karnataka,61095297,28.5,24.3,20.0,62.2,4.5,34.0,23.3,False,0,24.21,0.5,0,0,0,0,0,0,0.0,0.22_0.0_0.622,SYNTHETIC
2025-01-25,Karnataka,61095297,28.0,22.2,16.4,56.1,2.2,31.6,21.7,False,0,23.88,0.5,0,0,0,0,0,0,0.0,0.114_0.0_0.561,SYNTHETIC
2025-01-26,Karnataka,61095297,30.1,26.0,21.9,60.3,2.4,35.0,24.8,False,0,23.88,0.5,0,0,0,0,0,0,0.0,0.322_0.0_0.603,SYNTHETIC
2025-01-27,Karnataka,61095297,34.4,31.0,27.6,71.4,4.9,43.0,29.3,False,0,24.82,0.71,0,0,0,0,0,0,0.0,0.62_0.0_0.714,SYNTHETIC
2025-01-28,Karnataka,61095297,27.2,21.8,16.5,50.6,1.8,28.9,21.2,False,0,24.35,0.5,0,0,0,0,0,0,0.0,0.081_0.0_0.506,SYNTHETIC
2025-01-29,Karnataka,61095297,31.0,26.5,21.9,55.2,2.3,34.2,25.3,False,0,24.43,0.51,0,0,0,0,0,0,0.0,0.351_0.0_0.552,SYNTHETIC
2025-01-30,Karnataka,61095297,29.1,25.5,21.9,58.3,2.7,33.3,24.2,False,0,24.26,0.5,0,0,0,0,0,0,0.0,0.282_0.0_0.583,SYNTHETIC
2025-01-31,Karnataka,61095297,28.8,25.4,22.1,61.4,1.3,34.1,24.2,False,0,24.39,0.5,0,0,0,0,0,0,0.0,0.278_0.0_0.614,SYNTHETIC
2025-02-01,Karnataka,61095297,26.7,22.5,18.4,59.5,3.5,31.3,21.7,False,0,24.39,0.5,0,0,0,0,0,0,0.0,0.113_0.0_0.595,SYNTHETIC
2025-02-02,Karnataka,61095297,31.9,27.9,23.8,56.1,2.8,35.4,26.4,False,0,24.62,0.52,0,0,0,0,0,0,0.0,0.429_0.0_0.561,SYNTHETIC
2025-02-03,Karnataka,61095297,30.5,26.0,21.6,58.0,4.9,34.6,24.9,False,0,23.99,0.5,0,0,0,0,0,0,0.0,0.327_0.0_0.58,SYNTHETIC
2025-02-04,Karnataka,61095297,28.7,25.7,22.6,64.3,2.6,34.9,24.3,False,0,24.44,0.5,0,0,0,0,0,0,0.0,0.29_0.0_0.643,SYNTHETIC
2025-02-05,Karnataka,61095297,29.1,25.9,22.6,53.8,1.7,31.8,24.4,False,0,24.32,0.5,0,0,0,0,0,0,0.0,0.296_0.0_0.538,SYNTHETIC
2025-02-06,Karnataka,61095297,27.2,23.9,20.6,56.9,4.8,31.0,22.7,False,0,24.1,0.5,0,0,0,0,0,0,0.0,0.181_0.0_0.569,SYNTHETIC
2025-02-07,Karnataka,61095297,31.1,27.7,24.3,54.3,3.5,34.0,26.2,False,0,24.39,0.51,0,0,0,0,0,0,0.0,0.41_0.0_0.543,SYNTHETIC
2025-02-08,Karnataka,61095297,30.7,27.5,24.3,63.3,4.8,36.6,26.0,False,0,25.01,0.51,0,0,0,0,0,0,0.0,0.402_0.0_0.633,SYNTHETIC
2025-02-09,Karnataka,61095297,30.5,25.2,19.9,54.9,4.7,33.7,24.3,False,0,24.7,0.51,2,2,0,0,2,0,0.0033,0.288_0.0_0.549,SYNTHETIC
2025-02-10,Karnataka,61095297,28.8,23.7,18.6,57.1,1.7,32.6,22.9,False,0,24.42,0.5,0,0,0,0,0,0,0.0,0.195_0.0_0.571,SYNTHETIC
2025-02-11,Karnataka,61095297,29.2,24.6,19.9,58.1,1.3,33.4,23.6,False,0,24.32,0.5,0,0,0,0,0,0,0.0,0.241_0.0_0.581,SYNTHETIC
2025-02-12,Karnataka,61095297,30.2,26.7,23.1,55.2,2.6,33.4,25.2,False,0,24.43,0.5,5,4,1,1,1,3,0.0082,0.35_0.0_0.552,SYNTHETIC
2025-02-13,Karnataka,61095297,32.6,29.4,26.2,57.9,2.3,36.7,27.7,False,0,25.14,0.53,0,0,0,0,0,0,0.0,0.513_0.0_0.579,SYNTHETIC
2025-02-14,Karnataka,61095297,32.8,28.6,24.5,57.2,1.5,36.6,27.2,False,0,25.29,0.53,0,0,0,0,0,0,0.0,0.478_0.0_0.572,SYNTHETIC
2025-02-15,Karnataka,61095297,33.4,29.3,25.2,59.1,4.3,37.9,27.8,False,0,25.54,0.58,0,0,0,0,0,0,0.0,0.52_0.0_0.591,SYNTHETIC
2025-02-16,Karnataka,61095297,33.0,29.9,26.9,49.2,3.8,34.3,28.1,False,0,26.07,0.53,0,0,0,0,0,0,0.0,0.537_0.0_0.492,SYNTHETIC
2025-02-17,Karnataka,61095297,30.1,26.6,23.2,53.5,2.2,32.7,25.2,False,0,26.4,0.5,0,0,0,0,0,0,0.0,0.346_0.0_0.535,SYNTHETIC
2025-02-18,Karnataka,61095297,30.7,24.9,19.1,50.6,1.6,32.4,24.1,False,0,26.46,0.51,8,7,1,1,4,3,0.0131,0.271_0.0_0.506,SYNTHETIC
2025-02-19,Karnataka,61095297,29.0,23.8,18.5,53.0,4.7,31.5,23.0,False,0,26.14,0.5,0,0,0,0,0,0,0.0,0.198_0.0_0.53,SYNTHETIC
2025-02-20,Karnataka,61095297,28.1,22.4,16.6,52.9,3.3,30.5,21.8,False,0,25.3,0.5,0,0,0,0,0,0,0.0,0.12_0.0_0.529,SYNTHETIC
2025-02-21,Karnataka,61095297,30.9,25.5,20.1,58.5,4.8,35.2,24.6,False,0,24.93,0.51,0,0,0,0,0,0,0.0,0.307_0.0_0.585,SYNTHETIC
2025-02-22,Karnataka,61095297,30.7,26.5,22.3,52.5,3.7,33.0,25.2,False,0,24.56,0.51,0,0,0,0,0,0,0.0,0.348_0.0_0.525,SYNTHETIC
2025-02-23,Karnataka,61095297,32.5,27.9,23.2,49.3,1.8,33.8,26.5,False,0,24.34,0.52,0,0,0,0,0,0,0.0,0.433_0.0_0.493,SYNTHETIC
2025-02-24,Karnataka,61095297,31.6,27.1,22.7,55.4,4.6,34.9,25.9,False,0,24.43,0.52,0,0,0,0,0,0,0.0,0.391_0.0_0.554,SYNTHETIC
2025-02-25,Karnataka,61095297,31.4,28.4,25.4,50.7,1.2,33.1,26.6,False,0,24.8,0.51,12,8,4,2,5,5,0.0196,0.443_0.0_0.507,SYNTHETIC
2025-02-26,Karnataka,61095297,31.4,27.9,24.4,45.8,3.8,31.5,26.3,False,0,25.27,0.51,0,0,0,0,0,0,0.0,0.42_0.0_0.458,SYNTHETIC
2025-02-27,Karnataka,61095297,31.8,27.1,22.4,50.7,4.4,33.5,25.8,False,0,25.85,0.52,1,0,1,0,1,0,0.0016,0.389_0.0_0.507,SYNTHETIC
2025-02-28,Karnataka,61095297,31.1,27.2,23.3,53.5,3.1,33.7,25.8,False,0,26.02,0.51,0,0,0,0,0,0,0.0,0.385_0.0_0.535,SYNTHETIC
2025-03-01,Karnataka,61095297,32.6,27.4,22.2,51.9,4.7,34.7,26.2,False,0,26.16,0.53,0,0,0,0,0,0,0.0,0.415_0.0_0.519,SYNTHETIC
2025-03-02,Karnataka,61095297,34.2,29.7,25.3,59.4,3.1,38.8,28.2,False,0,26.41,0.68,0,0,0,0,0,0,0.0,0.549_0.0_0.594,SYNTHETIC
2025-03-03,Karnataka,61095297,35.1,30.8,26.5,47.0,2.1,35.6,29.0,False,0,26.87,0.79,1,1,0,0,1,0,0.0016,0.603_0.0_0.47,SYNTHETIC
2025-03-04,Karnataka,61095297,29.2,23.4,17.7,49.1,1.0,30.4,22.7,False,0,26.31,0.5,0,0,0,0,0,0,0.0,0.181_0.0_0.491,SYNTHETIC
2025-03-05,Karnataka,61095297,32.4,27.6,22.7,52.8,1.9,34.8,26.3,False,0,26.31,0.52,0,0,0,0,0,0,0.0,0.42_0.0_0.528,SYNTHETIC
2025-03-06,Karnataka,61095297,31.7,28.1,24.5,53.3,3.0,34.3,26.6,False,0,26.41,0.52,0,0,0,0,0,0,0.0,0.438_0.0_0.533,SYNTHETIC
2025-03-07,Karnataka,61095297,32.4,26.9,21.3,47.0,2.0,32.9,25.8,False,0,26.41,0.52,0,0,0,0,0,0,0.0,0.384_0.0_0.47,SYNTHETIC
2025-03-08,Karnataka,61095297,29.8,25.9,21.9,53.6,1.4,32.5,24.6,False,0,26.18,0.5,0,0,0,0,0,0,0.0,0.307_0.0_0.536,SYNTHETIC
2025-03-09,Karnataka,61095297,35.1,31.2,27.4,53.5,3.5,37.7,29.4,False,0,26.34,0.79,0,0,0,0,0,0,0.0,0.626_0.0_0.535,SYNTHETIC
2025-03-10,Karnataka,61095297,33.5,30.3,27.2,48.1,2.9,34.4,28.4,False,0,26.25,0.59,2,1,1,0,2,0,0.0033,0.562_0.0_0.481,SYNTHETIC
2025-03-11,Karnataka,61095297,32.7,27.8,23.0,50.9,1.3,34.5,26.5,False,0,26.8,0.53,0,0,0,0,0,0,0.0,0.435_0.0_0.509,SYNTHETIC
2025-03-12,Karnataka,61095297,35.1,30.9,26.6,51.0,4.5,36.9,29.1,False,0,27.2,0.79,0,0,0,0,0,0,0.0,0.608_0.0_0.51,SYNTHETIC
2025-03-13,Karnataka,61095297,31.5,25.7,20.0,45.3,4.0,31.4,24.8,False,0,26.94,0.51,0,0,0,0,0,0,0.0,0.317_0.0_0.453,SYNTHETIC
2025-03-14,Karnataka,61095297,30.7,25.9,21.0,47.6,1.2,31.4,24.7,False,0,26.79,0.51,0,0,0,0,0,0,0.0,0.315_0.0_0.476,SYNTHETIC
2025-03-15,Karnataka,61095297,32.5,28.9,25.3,46.5,4.1,32.9,27.2,False,0,27.16,0.53,0,0,0,0,0,0,0.0,0.479_0.0_0.465,SYNTHETIC
2025-03-16,Karnataka,61095297,35.1,29.5,23.8,46.7,1.3,35.5,28.1,False,0,26.98,0.8,0,0,0,0,0,0,0.0,0.541_0.0_0.467,SYNTHETIC
2025-03-17,Karnataka,61095297,31.6,25.8,19.9,54.7,2.1,34.6,24.9,False,0,26.48,0.52,0,0,0,0,0,0,0.0,0.326_0.0_0.547,SYNTHETIC
2025-03-18,Karnataka,61095297,34.2,29.0,23.8,44.4,1.3,33.8,27.6,False,0,26.62,0.68,0,0,0,0,0,0,0.0,0.504_0.0_0.444,SYNTHETIC
2025-03-19,Karnataka,61095297,35.4,29.5,23.5,51.6,2.5,37.4,28.2,False,0,26.49,0.83,1,0,1,0,1,0,0.0016,0.547_0.0_0.516,SYNTHETIC
2025-03-20,Karnataka,61095297,35.1,31.0,26.8,43.0,3.4,34.3,29.1,False,0,27.12,0.8,0,0,0,0,0,0,0.0,0.609_0.0_0.43,SYNTHETIC
2025-03-21,Karnataka,61095297,33.1,29.6,26.1,37.3,2.4,30.4,27.7,False,0,27.55,0.55,0,0,0,0,0,0,0.0,0.515_0.0_0.373,SYNTHETIC
2025-03-22,Karnataka,61095297,34.0,29.0,24.0,41.0,2.7,32.5,27.5,False,0,27.59,0.66,0,0,0,0,0,0,0.0,0.502_0.0_0.41,SYNTHETIC
2025-03-23,Karnataka,61095297,35.2,32.1,29.0,52.6,2.5,37.6,30.0,False,0,27.87,0.81,13,9,4,2,7,4,0.0213,0.67_0.0_0.526,SYNTHETIC
2025-03-24,Karnataka,61095297,35.2,31.5,27.9,45.0,4.3,35.0,29.6,False,0,28.54,0.81,1,1,0,0,1,0,0.0016,0.638_0.0_0.45,SYNTHETIC
2025-03-25,Karnataka,61095297,33.1,29.5,25.9,49.8,1.5,34.5,27.8,False,0,28.57,0.55,0,0,0,0,0,0,0.0,0.518_0.0_0.498,SYNTHETIC
2025-03-26,Karnataka,61095297,33.1,27.3,21.4,40.8,2.4,31.5,26.1,False,0,28.27,0.54,0,0,0,0,0,0,0.0,0.407_0.0_0.408,SYNTHETIC
2025-03-27,Karnataka,61095297,34.3,30.4,26.6,42.9,1.7,33.4,28.6,False,0,28.19,0.69,0,0,0,0,0,0,0.0,0.572_0.0_0.429,SYNTHETIC
2025-03-28,Karnataka,61095297,37.4,33.2,28.9,41.7,1.1,36.2,31.1,True,1,28.67,1.15,2,2,0,0,0,2,0.0033,0.741_0.1_0.417,SYNTHETIC
2025-03-29,Karnataka,61095297,35.6,29.8,24.1,37.2,4.8,32.9,28.4,True,2,28.8,0.96,0,0,0,0,0,0,0.0,0.559_0.2_0.372,SYNTHETIC
2025-03-30,Karnataka,61095297,34.4,30.6,26.7,39.4,2.1,32.4,28.7,False,0,28.6,0.71,0,0,0,0,0,0,0.0,0.577_0.0_0.394,SYNTHETIC
2025-03-31,Karnataka,61095297,34.8,31.1,27.3,30.4,2.3,29.9,29.0,False,0,28.52,0.77,0,0,0,0,0,0,0.0,0.601_0.0_0.304,SYNTHETIC
2025-04-01,Karnataka,61095297,35.3,29.6,23.9,35.2,1.0,32.0,28.2,False,0,28.57,0.83,0,0,0,0,0,0,0.0,0.543_0.0_0.352,SYNTHETIC
2025-04-02,Karnataka,61095297,34.3,31.2,28.2,47.1,2.0,34.8,29.2,False,0,29.01,0.7,0,0,0,0,0,0,0.0,0.612_0.0_0.471,SYNTHETIC
2025-04-03,Karnataka,61095297,34.7,30.1,25.5,35.1,2.6,31.3,28.4,False,0,28.99,0.76,0,0,0,0,0,0,0.0,0.56_0.0_0.351,SYNTHETIC
2025-04-04,Karnataka,61095297,32.2,27.6,23.0,46.6,3.8,32.6,26.2,False,0,28.29,0.53,0,0,0,0,0,0,0.0,0.417_0.0_0.466,SYNTHETIC
2025-04-05,Karnataka,61095297,33.4,29.3,25.1,46.3,2.4,33.7,27.7,False,0,28.19,0.59,0,0,0,0,0,0,0.0,0.51_0.0_0.463,SYNTHETIC
2025-04-06,Karnataka,61095297,31.6,26.2,20.8,48.1,2.0,32.5,25.2,False,0,27.69,0.52,0,0,0,0,0,0,0.0,0.344_0.0_0.481,SYNTHETIC
2025-04-07,Karnataka,61095297,34.7,30.4,26.0,54.4,4.9,37.7,28.7,False,0,27.65,0.74,0,0,0,0,0,0,0.0,0.583_0.0_0.544,SYNTHETIC
2025-04-08,Karnataka,61095297,34.9,29.7,24.6,48.5,2.5,35.9,28.3,False,0,27.66,0.76,0,0,0,0,0,0,0.0,0.55_0.0_0.485,SYNTHETIC
2025-04-09,Karnataka,61095297,35.7,29.8,23.9,41.7,2.8,34.5,28.4,True,1,27.55,0.91,0,0,0,0,0,0,0.0,0.561_0.1_0.417,SYNTHETIC
2025-04-10,Karnataka,61095297,34.4,30.3,26.3,40.4,2.3,32.7,28.5,False,0,27.57,0.71,0,0,0,0,0,0,0.0,0.569_0.0_0.404,SYNTHETIC
2025-04-11,Karnataka,61095297,34.5,30.2,25.9,44.6,3.3,34.3,28.5,False,0,27.9,0.72,0,0,0,0,0,0,0.0,0.567_0.0_0.446,SYNTHETIC
2025-04-12,Karnataka,61095297,34.0,29.2,24.4,43.6,4.0,33.4,27.7,False,0,27.9,0.66,0,0,0,0,0,0,0.0,0.513_0.0_0.436,SYNTHETIC
2025-04-13,Karnataka,61095297,32.5,29.1,25.7,41.5,4.8,31.2,27.3,False,0,28.21,0.53,0,0,0,0,0,0,0.0,0.486_0.0_0.415,SYNTHETIC
2025-04-14,Karnataka,61095297,33.2,29.3,25.5,43.0,2.0,32.4,27.6,False,0,28.04,0.56,0,0,0,0,0,0,0.0,0.507_0.0_0.43,SYNTHETIC
2025-04-15,Karnataka,61095297,32.9,26.9,21.0,34.3,4.8,29.2,25.8,False,0,27.69,0.53,0,0,0,0,0,0,0.0,0.385_0.0_0.343,SYNTHETIC
2025-04-16,Karnataka,61095297,34.9,29.6,24.3,33.4,4.4,30.9,28.0,False,0,27.63,0.77,2,1,1,1,1,0,0.0033,0.536_0.0_0.334,SYNTHETIC
2025-04-17,Karnataka,61095297,36.7,31.4,26.1,36.6,2.2,33.8,29.7,True,1,27.8,1.05,4,3,1,0,2,2,0.0065,0.648_0.1_0.366,SYNTHETIC
2025-04-18,Karnataka,61095297,32.4,28.0,23.6,44.4,2.3,32.1,26.6,False,0,27.52,0.52,0,0,0,0,0,0,0.0,0.437_0.0_0.444,SYNTHETIC
2025-04-19,Karnataka,61095297,34.0,30.3,26.6,41.9,3.0,32.8,28.4,False,0,27.63,0.65,0,0,0,0,0,0,0.0,0.562_0.0_0.419,SYNTHETIC
2025-04-20,Karnataka,61095297,34.6,31.2,27.8,33.3,4.7,30.6,29.1,False,0,27.89,0.74,0,0,0,0,0,0,0.0,0.609_0.0_0.333,SYNTHETIC
2025-04-21,Karnataka,61095297,35.9,32.6,29.3,44.9,3.6,35.8,30.5,True,1,28.3,0.95,3,2,1,1,2,0,0.0049,0.697_0.1_0.449,SYNTHETIC
2025-04-22,Karnataka,61095297,33.4,28.4,23.3,42.1,4.2,32.3,27.0,False,0,28.47,0.59,0,0,0,0,0,0,0.0,0.464_0.0_0.421,SYNTHETIC
2025-04-23,Karnataka,61095297,31.6,28.2,24.9,51.5,3.6,33.6,26.6,False,0,28.26,0.52,1,1,0,1,0,0,0.0016,0.439_0.0_0.515,SYNTHETIC
2025-04-24,Karnataka,61095297,34.2,30.5,26.7,39.2,2.5,32.2,28.6,False,0,28.1,0.69,5,4,1,1,2,2,0.0082,0.57_0.0_0.392,SYNTHETIC
2025-04-25,Karnataka,61095297,36.8,31.3,25.8,45.8,4.9,36.9,29.7,True,1,28.55,1.07,1,1,0,0,0,1,0.0016,0.648_0.1_0.458,SYNTHETIC
2025-04-26,Karnataka,61095297,35.0,31.9,28.8,45.2,2.4,34.9,29.8,False,0,28.74,0.79,1,1,0,0,1,0,0.0016,0.652_0.0_0.452,SYNTHETIC
2025-04-27,Karnataka,61095297,35.5,31.6,27.7,43.9,3.1,35.0,29.7,True,1,28.82,0.9,0,0,0,0,0,0,0.0,0.644_0.1_0.439,SYNTHETIC
2025-04-28,Karnataka,61095297,37.3,32.3,27.3,35.4,3.9,34.0,30.4,True,2,28.82,1.19,0,0,0,0,0,0,0.0,0.696_0.2_0.354,SYNTHETIC
2025-04-29,Karnataka,61095297,35.4,29.8,24.2,38.3,4.6,33.1,28.3,False,0,29.01,0.85,0,0,0,0,0,0,0.0,0.556_0.0_0.383,SYNTHETIC
2025-04-30,Karnataka,61095297,34.5,30.2,25.9,44.1,4.4,34.0,28.5,False,0,29.28,0.73,0,0,0,0,0,0,0.0,0.566_0.0_0.441,SYNTHETIC
2025-05-01,Karnataka,61095297,36.2,33.0,29.9,44.0,4.4,35.7,30.8,True,1,29.6,1.0,0,0,0,0,0,0,0.0,0.718_0.1_0.44,SYNTHETIC
2025-05-02,Karnataka,61095297,36.1,32.5,28.9,48.0,1.8,36.9,30.4,True,2,29.71,1.04,0,0,0,0,0,0,0.0,0.697_0.2_0.48,SYNTHETIC
2025-05-03,Karnataka,61095297,37.3,33.3,29.3,41.9,2.4,36.1,31.2,True,3,29.9,1.26,0,0,0,0,0,0,0.0,0.745_0.3_0.419,SYNTHETIC
2025-05-04,Karnataka,61095297,37.2,31.9,26.7,49.6,3.7,38.5,30.3,True,4,29.99,1.3,0,0,0,0,0,0,0.0,0.686_0.4_0.496,SYNTHETIC
2025-05-05,Karnataka,61095297,36.7,30.8,24.9,42.4,3.5,35.7,29.3,True,5,29.83,1.27,0,0,0,0,0,0,0.0,0.621_0.5_0.424,SYNTHETIC
2025-05-06,Karnataka,61095297,37.4,32.2,27.1,43.0,4.3,36.5,30.5,True,6,30.14,1.44,0,0,0,0,0,0,0.0,0.698_0.6_0.43,SYNTHETIC
2025-05-07,Karnataka,61095297,33.3,27.5,21.6,45.5,1.1,33.4,26.3,False,0,29.83,0.59,0,0,0,0,0,0,0.0,0.423_0.0_0.455,SYNTHETIC
2025-05-08,Karnataka,61095297,35.4,29.6,23.9,32.2,1.8,31.0,28.2,False,0,29.46,0.85,0,0,0,0,0,0,0.0,0.544_0.0_0.322,SYNTHETIC
2025-05-09,Karnataka,61095297,36.0,32.3,28.7,35.4,1.6,32.7,30.2,True,1,29.42,0.98,1,1,0,0,1,0,0.0016,0.681_0.1_0.354,SYNTHETIC
2025-05-10,Karnataka,61095297,34.0,29.3,24.6,33.4,2.0,30.0,27.7,False,0,28.92,0.67,3,3,0,0,1,2,0.0049,0.511_0.0_0.334,SYNTHETIC
2025-05-11,Karnataka,61095297,33.7,30.1,26.6,45.4,2.2,33.7,28.3,False,0,28.64,0.62,0,0,0,0,0,0,0.0,0.552_0.0_0.454,SYNTHETIC
2025-05-12,Karnataka,61095297,34.9,31.5,28.1,41.8,3.6,33.6,29.4,False,0,28.65,0.77,0,0,0,0,0,0,0.0,0.628_0.0_0.418,SYNTHETIC
2025-05-13,Karnataka,61095297,34.8,29.8,24.8,45.4,3.1,34.7,28.3,False,0,28.33,0.75,0,0,0,0,0,0,0.0,0.551_0.0_0.454,SYNTHETIC
2025-05-14,Karnataka,61095297,35.4,29.7,24.1,37.3,3.3,32.7,28.3,False,0,28.61,0.84,0,0,0,0,0,0,0.0,0.552_0.0_0.373,SYNTHETIC
2025-05-15,Karnataka,61095297,36.6,33.3,30.0,36.8,4.1,33.8,31.0,True,1,29.01,1.05,7,4,3,1,5,1,0.0115,0.733_0.1_0.368,SYNTHETIC
2025-05-16,Karnataka,61095297,36.8,33.7,30.6,35.2,2.5,33.4,31.3,True,2,29.17,1.13,1,1,0,0,1,0,0.0016,0.755_0.2_0.352,SYNTHETIC
2025-05-17,Karnataka,61095297,34.2,31.1,28.1,41.1,4.6,32.7,29.0,False,0,29.37,0.69,0,0,0,0,0,0,0.0,0.601_0.0_0.411,SYNTHETIC
2025-05-18,Karnataka,61095297,36.8,30.9,25.0,33.9,4.7,33.0,29.3,True,1,29.51,1.08,0,0,0,0,0,0,0.0,0.621_0.1_0.339,SYNTHETIC
2025-05-19,Karnataka,61095297,34.6,30.8,27.0,38.5,4.3,32.3,28.9,False,0,29.43,0.75,0,0,0,0,0,0,0.0,0.591_0.0_0.385,SYNTHETIC
2025-05-20,Karnataka,61095297,33.7,30.2,26.7,49.1,4.9,34.9,28.4,False,0,29.45,0.64,0,0,0,0,0,0,0.0,0.56_0.0_0.491,SYNTHETIC
2025-05-21,Karnataka,61095297,35.8,30.0,24.2,35.1,3.0,32.4,28.5,True,1,29.49,0.95,2,2,0,1,1,0,0.0033,0.568_0.1_0.351,SYNTHETIC
2025-05-22,Karnataka,61095297,36.3,30.3,24.3,29.2,2.9,30.9,28.8,True,2,29.17,1.06,4,3,1,3,1,0,0.0065,0.585_0.2_0.292,SYNTHETIC
2025-05-23,Karnataka,61095297,35.0,31.3,27.7,42.5,3.9,34.0,29.3,False,0,28.89,0.79,0,0,0,0,0,0,0.0,0.623_0.0_0.425,SYNTHETIC
2025-05-24,Karnataka,61095297,37.6,34.2,30.8,37.5,1.0,35.0,31.8,True,1,29.29,1.19,0,0,0,0,0,0,0.0,0.79_0.1_0.375,SYNTHETIC
2025-05-25,Karnataka,61095297,35.4,30.3,25.1,39.6,2.8,33.5,28.7,False,0,29.2,0.85,1,1,0,0,1,0,0.0016,0.579_0.0_0.396,SYNTHETIC
2025-05-26,Karnataka,61095297,37.1,32.8,28.6,42.3,2.0,36.1,30.8,True,1,29.49,1.12,2,1,1,0,1,1,0.0033,0.722_0.1_0.423,SYNTHETIC
2025-05-27,Karnataka,61095297,32.4,27.7,23.0,26.0,4.7,26.0,26.1,False,0,29.16,0.54,1,1,0,0,1,0,0.0016,0.409_0.0_0.26,SYNTHETIC
2025-05-28,Karnataka,61095297,33.0,27.3,21.5,39.1,2.3,30.9,26.1,False,0,28.81,0.54,4,3,1,0,3,1,0.0065,0.405_0.0_0.391,SYNTHETIC
2025-05-29,Karnataka,61095297,36.5,31.4,26.2,39.5,2.7,34.5,29.6,True,1,28.94,1.03,1,1,0,0,1,0,0.0016,0.643_0.1_0.395,SYNTHETIC
2025-05-30,Karnataka,61095297,36.1,32.4,28.6,35.1,3.9,32.7,30.2,True,2,29.06,1.03,2,2,0,0,1,1,0.0033,0.682_0.2_0.351,SYNTHETIC
2025-05-31,Karnataka,61095297,37.6,32.5,27.5,36.9,1.8,34.8,30.7,True,3,28.89,1.29,0,0,0,0,0,0,0.0,0.71_0.3_0.369,SYNTHETIC
2025-06-01,Karnataka,61095297,35.2,31.2,27.2,41.7,1.0,34.0,29.3,False,0,28.98,0.82,0,0,0,0,0,0,0.0,0.621_0.0_0.417,SYNTHETIC
2025-06-02,Karnataka,61095297,36.1,33.0,29.8,46.9,3.5,36.6,30.8,True,1,28.97,0.98,0,0,0,0,0,0,0.0,0.718_0.1_0.469,SYNTHETIC
2025-06-03,Karnataka,61095297,36.2,32.0,27.7,40.0,4.1,34.4,30.0,True,2,29.53,1.05,1,0,1,0,0,1,0.0016,0.667_0.2_0.4,SYNTHETIC
2025-06-04,Karnataka,61095297,34.4,29.0,23.5,43.7,4.4,33.8,27.6,False,0,29.74,0.73,0,0,0,0,0,0,0.0,0.506_0.0_0.437,SYNTHETIC
2025-06-05,Karnataka,61095297,38.9,33.9,29.0,46.7,1.1,39.3,32.0,True,1,30.08,1.3,0,0,0,0,0,0,0.0,0.798_0.1_0.467,SYNTHETIC
2025-06-06,Karnataka,61095297,36.8,33.7,30.7,43.4,3.2,36.1,31.4,True,2,30.24,1.14,0,0,0,0,0,0,0.0,0.759_0.2_0.434,SYNTHETIC
2025-06-07,Karnataka,61095297,37.6,33.1,28.7,41.0,1.6,36.1,31.1,True,3,30.31,1.32,2,0,2,1,1,0,0.0033,0.742_0.3_0.41,SYNTHETIC
2025-06-08,Karnataka,61095297,33.1,27.7,22.3,44.5,4.3,32.8,26.5,False,0,29.91,0.57,9,9,0,2,5,2,0.0147,0.432_0.0_0.445,SYNTHETIC
2025-06-09,Karnataka,61095297,33.3,28.1,23.0,44.5,4.5,32.9,26.8,False,0,29.34,0.58,0,0,0,0,0,0,0.0,0.452_0.0_0.445,SYNTHETIC
2025-06-10,Karnataka,61095297,33.4,28.3,23.2,40.0,4.0,31.5,26.8,False,0,28.88,0.58,0,0,0,0,0,0,0.0,0.457_0.0_0.4,SYNTHETIC
2025-06-11,Karnataka,61095297,36.1,31.5,26.9,41.4,2.6,34.7,29.6,True,1,29.18,0.98,4,4,0,0,3,1,0.0065,0.643_0.1_0.414,SYNTHETIC
2025-06-12,Karnataka,61095297,31.9,28.6,25.3,40.6,2.0,30.3,26.8,False,0,28.44,0.52,3,3,0,0,3,0,0.0049,0.455_0.0_0.406,SYNTHETIC
2025-06-13,Karnataka,61095297,35.8,31.7,27.5,41.3,2.0,34.4,29.7,True,1,28.21,0.93,0,0,0,0,0,0,0.0,0.649_0.1_0.413,SYNTHETIC
2025-06-14,Karnataka,61095297,37.1,33.1,29.1,39.6,3.3,35.2,31.0,True,2,28.19,1.16,0,0,0,0,0,0,0.0,0.734_0.2_0.396,SYNTHETIC
2025-06-15,Karnataka,61095297,35.4,31.4,27.3,40.6,3.9,33.8,29.4,False,0,28.61,0.84,0,0,0,0,0,0,0.0,0.63_0.0_0.406,SYNTHETIC
2025-06-16,Karnataka,61095297,33.7,30.1,26.5,41.9,4.8,32.5,28.2,False,0,28.81,0.62,9,9,0,0,5,4,0.0147,0.546_0.0_0.419,SYNTHETIC
2025-06-17,Karnataka,61095297,33.7,30.6,27.6,42.4,1.4,32.7,28.6,False,0,29.06,0.63,0,0,0,0,0,0,0.0,0.573_0.0_0.424,SYNTHETIC
2025-06-18,Karnataka,61095297,31.6,28.3,24.9,39.5,4.5,29.6,26.5,False,0,28.61,0.52,0,0,0,0,0,0,0.0,0.432_0.0_0.395,SYNTHETIC
2025-06-19,Karnataka,61095297,35.6,30.9,26.1,43.1,3.2,34.8,29.2,True,1,28.94,0.91,0,0,0,0,0,0,0.0,0.61_0.1_0.431,SYNTHETIC
2025-06-20,Karnataka,61095297,36.1,32.7,29.3,47.2,4.3,36.6,30.5,True,2,29.06,1.02,0,0,0,0,0,0,0.0,0.703_0.2_0.472,SYNTHETIC
2025-06-21,Karnataka,61095297,34.6,30.4,26.2,34.2,4.9,30.9,28.5,False,0,28.71,0.74,0,0,0,0,0,0,0.0,0.569_0.0_0.342,SYNTHETIC
2025-06-22,Karnataka,61095297,39.3,34.6,29.9,49.6,1.7,40.6,32.6,True,1,29.15,1.29,0,0,0,0,0,0,0.0,0.838_0.1_0.496,SYNTHETIC
2025-06-23,Karnataka,61095297,33.6,30.2,26.8,47.7,1.6,34.4,28.3,False,0,29.18,0.62,0,0,0,0,0,0,0.0,0.556_0.0_0.477,SYNTHETIC
2025-06-24,Karnataka,61095297,33.3,29.6,25.8,45.4,4.4,33.3,27.8,False,0,29.06,0.58,0,0,0,0,0,0,0.0,0.521_0.0_0.454,SYNTHETIC
2025-06-25,Karnataka,61095297,34.9,31.6,28.3,46.4,4.8,35.2,29.6,False,0,29.5,0.79,0,0,0,0,0,0,0.0,0.638_0.0_0.464,SYNTHETIC
2025-06-26,Karnataka,61095297,32.9,28.7,24.5,43.3,2.4,32.2,27.1,False,0,29.21,0.54,0,0,0,0,0,0,0.0,0.473_0.0_0.433,SYNTHETIC
2025-06-27,Karnataka,61095297,32.9,27.5,22.1,41.7,3.8,31.6,26.2,False,0,28.6,0.54,0,0,0,0,0,0,0.0,0.416_0.0_0.417,SYNTHETIC
2025-06-28,Karnataka,61095297,33.6,28.9,24.1,50.3,4.6,35.2,27.4,False,0,28.44,0.61,0,0,0,0,0,0,0.0,0.496_0.0_0.503,SYNTHETIC
2025-06-29,Karnataka,61095297,36.4,30.8,25.2,50.3,4.6,38.0,29.3,True,1,27.97,1.0,7,6,1,1,6,0,0.0115,0.621_0.1_0.503,SYNTHETIC
2025-06-30,Karnataka,61095297,33.6,30.2,26.9,46.8,4.4,34.0,28.3,False,0,27.97,0.6,0,0,0,0,0,0,0.0,0.557_0.0_0.468,SYNTHETIC
2025-07-01,Karnataka,61095297,35.7,31.7,27.6,37.2,4.7,33.0,29.7,True,1,28.24,0.92,0,0,0,0,0,0,0.0,0.645_0.1_0.372,SYNTHETIC
2025-07-02,Karnataka,61095297,33.1,27.5,22.0,37.7,1.8,30.5,26.3,False,0,27.77,0.54,2,2,0,0,1,1,0.0033,0.418_0.0_0.377,SYNTHETIC
2025-07-03,Karnataka,61095297,34.0,30.6,27.2,47.1,2.6,34.6,28.7,False,0,28.0,0.66,5,3,2,0,4,1,0.0082,0.581_0.0_0.471,SYNTHETIC
2025-07-04,Karnataka,61095297,31.9,27.3,22.7,37.9,4.2,29.4,25.8,False,0,27.94,0.52,0,0,0,0,0,0,0.0,0.39_0.0_0.379,SYNTHETIC
2025-07-05,Karnataka,61095297,34.4,29.3,24.1,44.2,3.3,34.0,27.8,False,0,27.99,0.71,0,0,0,0,0,0,0.0,0.521_0.0_0.442,SYNTHETIC
2025-07-06,Karnataka,61095297,33.8,29.4,25.0,48.0,1.2,34.6,27.8,False,0,27.78,0.63,0,0,0,0,0,0,0.0,0.52_0.0_0.48,SYNTHETIC
2025-07-07,Karnataka,61095297,35.1,31.6,28.1,41.1,1.8,33.7,29.5,False,0,27.95,0.79,0,0,0,0,0,0,0.0,0.637_0.0_0.411,SYNTHETIC
2025-07-08,Karnataka,61095297,35.4,31.1,26.9,48.0,1.3,36.2,29.4,False,0,27.91,0.83,0,0,0,0,0,0,0.0,0.624_0.0_0.48,SYNTHETIC
2025-07-09,Karnataka,61095297,33.8,30.7,27.6,44.6,3.3,33.5,28.7,False,0,28.25,0.63,4,3,1,0,4,0,0.0065,0.578_0.0_0.446,SYNTHETIC
2025-07-10,Karnataka,61095297,32.2,27.6,23.1,43.8,4.3,31.6,26.2,False,0,27.9,0.52,1,1,0,1,0,0,0.0016,0.415_0.0_0.438,SYNTHETIC
2025-07-11,Karnataka,61095297,34.7,28.8,22.9,48.9,4.6,35.9,27.6,False,0,28.15,0.75,0,0,0,0,0,0,0.0,0.508_0.0_0.489,SYNTHETIC
2025-07-12,Karnataka,61095297,36.9,32.2,27.5,43.0,4.0,36.0,30.3,True,1,28.51,1.07,0,0,0,0,0,0,0.0,0.689_0.1_0.43,SYNTHETIC
2025-07-13,Karnataka,61095297,34.8,28.8,22.8,52.0,2.1,36.9,27.6,False,0,28.48,0.76,0,0,0,0,0,0,0.0,0.508_0.0_0.52,SYNTHETIC
2025-07-14,Karnataka,61095297,34.5,30.9,27.3,48.6,4.5,35.6,29.1,False,0,28.41,0.73,0,0,0,0,0,0,0.0,0.603_0.0_0.486,SYNTHETIC
2025-07-15,Karnataka,61095297,34.5,31.3,28.2,47.1,2.4,35.0,29.3,False,0,28.4,0.72,1,1,0,0,0,1,0.0016,0.619_0.0_0.471,SYNTHETIC
2025-07-16,Karnataka,61095297,33.4,27.4,21.4,55.3,2.9,36.6,26.4,False,0,28.08,0.58,0,0,0,0,0,0,0.0,0.427_0.0_0.553,SYNTHETIC
2025-07-17,Karnataka,61095297,34.2,29.0,23.8,39.7,4.8,32.3,27.5,False,0,28.26,0.68,3,3,0,1,2,0,0.0049,0.502_0.0_0.397,SYNTHETIC
2025-07-18,Karnataka,61095297,34.6,28.7,22.8,59.3,2.9,39.2,27.6,False,0,28.26,0.74,0,0,0,0,0,0,0.0,0.508_0.0_0.593,SYNTHETIC
2025-07-19,Karnataka,61095297,30.4,24.7,18.9,44.4,1.8,30.0,23.8,False,0,27.33,0.5,0,0,0,0,0,0,0.0,0.253_0.0_0.444,SYNTHETIC
2025-07-20,Karnataka,61095297,34.4,28.5,22.7,42.6,2.1,33.4,27.3,False,0,27.28,0.7,0,0,0,0,0,0,0.0,0.485_0.0_0.426,SYNTHETIC
2025-07-21,Karnataka,61095297,34.5,29.6,24.6,50.9,4.9,36.3,28.1,False,0,27.15,0.72,0,0,0,0,0,0,0.0,0.541_0.0_0.509,SYNTHETIC
2025-07-22,Karnataka,61095297,31.3,26.5,21.7,49.0,2.9,32.5,25.3,False,0,26.58,0.51,0,0,0,0,0,0,0.0,0.355_0.0_0.49,SYNTHETIC
2025-07-23,Karnataka,61095297,32.6,28.4,24.1,51.5,3.9,34.6,26.9,False,0,26.65,0.53,0,0,0,0,0,0,0.0,0.46_0.0_0.515,SYNTHETIC
2025-07-24,Karnataka,61095297,32.4,28.7,25.1,48.7,4.1,33.5,27.1,False,0,26.59,0.52,0,0,0,0,0,0,0.0,0.471_0.0_0.487,SYNTHETIC
2025-07-25,Karnataka,61095297,32.9,27.4,21.8,49.8,3.7,34.4,26.2,False,0,26.39,0.53,0,0,0,0,0,0,0.0,0.416_0.0_0.498,SYNTHETIC
2025-07-26,Karnataka,61095297,30.3,24.7,19.2,49.8,3.9,31.7,23.9,False,0,26.4,0.5,0,0,0,0,0,0,0.0,0.257_0.0_0.498,SYNTHETIC
2025-07-27,Karnataka,61095297,34.1,29.4,24.8,47.8,4.6,34.9,27.9,False,0,26.49,0.67,0,0,0,0,0,0,0.0,0.527_0.0_0.478,SYNTHETIC
2025-07-28,Karnataka,61095297,35.9,32.3,28.8,45.8,4.2,36.0,30.3,True,1,26.79,0.94,10,8,2,2,7,1,0.0164,0.685_0.1_0.458,SYNTHETIC
2025-07-29,Karnataka,61095297,30.9,26.2,21.5,47.5,1.6,31.6,25.0,False,0,26.75,0.51,0,0,0,0,0,0,0.0,0.333_0.0_0.475,SYNTHETIC
2025-07-30,Karnataka,61095297,34.7,31.6,28.6,40.6,1.3,33.1,29.5,False,0,27.12,0.74,0,0,0,0,0,0,0.0,0.633_0.0_0.406,SYNTHETIC
2025-07-31,Karnataka,61095297,33.7,27.9,22.1,51.7,4.0,35.8,26.8,False,0,27.08,0.62,0,0,0,0,0,0,0.0,0.454_0.0_0.517,SYNTHETIC
2025-08-01,Karnataka,61095297,31.8,27.9,24.0,58.2,2.5,36.1,26.5,False,0,27.12,0.52,0,0,0,0,0,0,0.0,0.434_0.0_0.582,SYNTHETIC
2025-08-02,Karnataka,61095297,32.5,27.8,23.0,50.5,3.1,34.2,26.4,False,0,27.49,0.53,0,0,0,0,0,0,0.0,0.429_0.0_0.505,SYNTHETIC
2025-08-03,Karnataka,61095297,33.1,29.2,25.3,51.9,4.5,35.2,27.6,False,0,27.44,0.55,0,0,0,0,0,0,0.0,0.505_0.0_0.519,SYNTHETIC
2025-08-04,Karnataka,61095297,30.7,26.6,22.5,55.0,3.0,33.8,25.3,False,0,26.73,0.51,0,0,0,0,0,0,0.0,0.353_0.0_0.55,SYNTHETIC
2025-08-05,Karnataka,61095297,33.9,30.4,26.8,52.9,4.2,36.3,28.5,False,0,27.24,0.64,0,0,0,0,0,0,0.0,0.57_0.0_0.529,SYNTHETIC
2025-08-06,Karnataka,61095297,32.4,27.8,23.3,48.0,3.6,33.2,26.4,False,0,26.8,0.52,0,0,0,0,0,0,0.0,0.43_0.0_0.48,SYNTHETIC
2025-08-07,Karnataka,61095297,34.1,28.7,23.3,51.0,3.0,35.9,27.4,False,0,26.89,0.67,5,3,2,0,5,0,0.0082,0.496_0.0_0.51,SYNTHETIC
2025-08-08,Karnataka,61095297,30.4,26.5,22.7,50.8,3.3,32.2,25.2,False,0,26.7,0.5,0,0,0,0,0,0,0.0,0.345_0.0_0.508,SYNTHETIC
2025-08-09,Karnataka,61095297,30.4,25.2,20.0,58.9,1.6,34.9,24.3,False,0,26.4,0.5,0,0,0,0,0,0,0.0,0.288_0.0_0.589,SYNTHETIC
2025-08-10,Karnataka,61095297,32.0,28.3,24.5,58.2,3.2,36.2,26.8,False,0,26.29,0.52,0,0,0,0,0,0,0.0,0.453_0.0_0.582,SYNTHETIC
2025-08-11,Karnataka,61095297,33.1,30.0,27.0,48.1,2.5,34.0,28.1,False,0,26.69,0.54,0,0,0,0,0,0,0.0,0.542_0.0_0.481,SYNTHETIC
2025-08-12,Karnataka,61095297,32.4,27.0,21.5,48.4,3.2,33.3,25.8,False,0,26.3,0.52,0,0,0,0,0,0,0.0,0.388_0.0_0.484,SYNTHETIC
2025-08-13,Karnataka,61095297,32.2,26.9,21.7,45.5,2.5,32.2,25.7,False,0,26.2,0.52,0,0,0,0,0,0,0.0,0.383_0.0_0.455,SYNTHETIC
2025-08-14,Karnataka,61095297,34.2,28.5,22.8,57.2,1.4,38.1,27.4,False,0,26.19,0.68,0,0,0,0,0,0,0.0,0.491_0.0_0.572,SYNTHETIC
2025-08-15,Karnataka,61095297,29.9,25.6,21.3,53.8,1.9,32.6,24.4,False,0,26.08,0.5,0,0,0,0,0,0,0.0,0.294_0.0_0.538,SYNTHETIC
2025-08-16,Karnataka,61095297,33.9,30.6,27.4,47.7,2.3,34.6,28.7,False,0,26.71,0.64,0,0,0,0,0,0,0.0,0.58_0.0_0.477,SYNTHETIC
2025-08-17,Karnataka,61095297,29.5,24.8,20.1,52.9,4.8,31.9,23.8,False,0,26.28,0.5,0,0,0,0,0,0,0.0,0.252_0.0_0.529,SYNTHETIC
2025-08-18,Karnataka,61095297,31.1,25.6,20.0,50.6,2.9,32.8,24.6,False,0,25.78,0.51,0,0,0,0,0,0,0.0,0.309_0.0_0.506,SYNTHETIC
2025-08-19,Karnataka,61095297,28.1,24.8,21.6,58.3,1.0,32.3,23.6,False,0,25.46,0.5,0,0,0,0,0,0,0.0,0.238_0.0_0.583,SYNTHETIC
2025-08-20,Karnataka,61095297,29.2,25.7,22.3,51.0,1.7,31.1,24.4,False,0,25.26,0.5,0,0,0,0,0,0,0.0,0.292_0.0_0.51,SYNTHETIC
2025-08-21,Karnataka,61095297,31.3,27.3,23.3,54.6,1.5,34.3,25.9,False,0,25.06,0.51,0,0,0,0,0,0,0.0,0.395_0.0_0.546,SYNTHETIC
2025-08-22,Karnataka,61095297,32.1,27.7,23.4,51.9,5.0,34.2,26.3,False,0,25.33,0.52,0,0,0,0,0,0,0.0,0.422_0.0_0.519,SYNTHETIC
2025-08-23,Karnataka,61095297,32.2,26.6,21.0,52.1,4.8,34.4,25.6,False,0,24.88,0.52,1,1,0,0,1,0,0.0016,0.371_0.0_0.521,SYNTHETIC
2025-08-24,Karnataka,61095297,29.9,26.0,22.2,47.1,4.8,30.5,24.7,False,0,25.01,0.5,0,0,0,0,0,0,0.0,0.312_0.0_0.471,SYNTHETIC
2025-08-25,Karnataka,61095297,30.0,25.6,21.2,55.5,2.7,33.3,24.5,False,0,24.99,0.5,0,0,0,0,0,0,0.0,0.298_0.0_0.555,SYNTHETIC
2025-08-26,Karnataka,61095297,31.9,28.7,25.6,53.9,1.1,34.6,27.0,False,0,25.48,0.52,0,0,0,0,0,0,0.0,0.468_0.0_0.539,SYNTHETIC
2025-08-27,Karnataka,61095297,30.0,25.4,20.8,67.0,4.9,37.1,24.4,False,0,25.49,0.5,6,5,1,0,4,2,0.0098,0.296_0.0_0.67,SYNTHETIC
2025-08-28,Karnataka,61095297,29.6,25.2,20.9,51.5,3.4,31.6,24.1,False,0,25.23,0.5,0,0,0,0,0,0,0.0,0.273_0.0_0.515,SYNTHETIC
2025-08-29,Karnataka,61095297,31.7,27.9,24.0,50.8,4.6,33.4,26.3,False,0,25.23,0.52,0,0,0,0,0,0,0.0,0.423_0.0_0.508,SYNTHETIC
2025-08-30,Karnataka,61095297,30.1,26.1,22.2,54.4,2.6,33.0,24.9,False,0,25.13,0.5,0,0,0,0,0,0,0.0,0.324_0.0_0.544,SYNTHETIC
2025-08-31,Karnataka,61095297,30.2,26.2,22.2,55.1,4.4,33.4,24.9,False,0,25.16,0.5,0,0,0,0,0,0,0.0,0.328_0.0_0.551,SYNTHETIC
2025-09-01,Karnataka,61095297,31.1,27.5,23.9,55.1,2.3,34.3,26.0,False,0,25.39,0.51,0,0,0,0,0,0,0.0,0.402_0.0_0.551,SYNTHETIC
2025-09-02,Karnataka,61095297,28.3,23.7,19.2,57.2,2.8,32.2,22.8,False,0,24.79,0.5,4,4,0,1,3,0,0.0065,0.19_0.0_0.572,SYNTHETIC
2025-09-03,Karnataka,61095297,27.7,24.5,21.4,63.4,1.9,33.6,23.3,False,0,24.63,0.5,0,0,0,0,0,0,0.0,0.223_0.0_0.634,SYNTHETIC
2025-09-04,Karnataka,61095297,28.5,25.0,21.5,54.9,2.5,31.7,23.8,False,0,24.59,0.5,2,2,0,0,2,0,0.0033,0.252_0.0_0.549,SYNTHETIC
2025-09-05,Karnataka,61095297,29.4,24.4,19.5,57.5,3.8,33.4,23.5,False,0,24.19,0.5,0,0,0,0,0,0,0.0,0.236_0.0_0.575,SYNTHETIC
2025-09-06,Karnataka,61095297,26.5,21.2,15.9,58.8,3.0,30.9,20.7,False,0,23.6,0.5,0,0,0,0,0,0,0.0,0.047_0.0_0.588,SYNTHETIC
2025-09-07,Karnataka,61095297,29.5,24.2,18.9,57.5,1.5,33.5,23.4,False,0,23.38,0.5,0,0,0,0,0,0,0.0,0.228_0.0_0.575,SYNTHETIC
2025-09-08,Karnataka,61095297,25.4,22.4,19.3,54.2,4.3,28.3,21.3,False,0,22.7,0.5,0,0,0,0,0,0,0.0,0.084_0.0_0.542,SYNTHETIC
2025-09-09,Karnataka,61095297,29.3,25.1,20.9,63.9,4.8,35.4,24.1,False,0,22.87,0.5,0,0,0,0,0,0,0.0,0.271_0.0_0.639,SYNTHETIC
2025-09-10,Karnataka,61095297,31.3,26.9,22.4,55.1,1.8,34.5,25.6,False,0,23.2,0.51,0,0,0,0,0,0,0.0,0.374_0.0_0.551,SYNTHETIC
2025-09-11,Karnataka,61095297,31.5,26.0,20.5,59.3,4.1,36.0,25.1,False,0,23.38,0.51,0,0,0,0,0,0,0.0,0.338_0.0_0.593,SYNTHETIC
2025-09-12,Karnataka,61095297,29.5,25.6,21.6,63.1,2.7,35.3,24.4,False,0,23.5,0.5,0,0,0,0,0,0,0.0,0.294_0.0_0.631,SYNTHETIC
2025-09-13,Karnataka,61095297,27.8,24.5,21.3,57.9,4.7,31.9,23.3,False,0,23.87,0.5,0,0,0,0,0,0,0.0,0.22_0.0_0.579,SYNTHETIC
2025-09-14,Karnataka,61095297,28.2,24.7,21.1,62.6,4.3,33.9,23.6,False,0,23.89,0.5,0,0,0,0,0,0,0.0,0.237_0.0_0.626,SYNTHETIC
2025-09-15,Karnataka,61095297,27.8,22.4,17.0,58.4,2.1,32.1,21.8,False,0,23.97,0.5,0,0,0,0,0,0,0.0,0.121_0.0_0.584,SYNTHETIC
2025-09-16,Karnataka,61095297,28.4,23.2,17.9,59.3,3.2,33.0,22.5,False,0,23.75,0.5,2,2,0,0,1,1,0.0033,0.166_0.0_0.593,SYNTHETIC
2025-09-17,Karnataka,61095297,29.3,25.5,21.6,58.1,3.3,33.5,24.3,False,0,23.56,0.5,0,0,0,0,0,0,0.0,0.286_0.0_0.581,SYNTHETIC
2025-09-18,Karnataka,61095297,31.2,26.2,21.2,51.4,4.1,33.1,25.1,False,0,23.56,0.51,0,0,0,0,0,0,0.0,0.338_0.0_0.514,SYNTHETIC
2025-09-19,Karnataka,61095297,30.7,27.7,24.6,59.5,1.8,35.4,26.1,False,0,23.8,0.51,0,0,0,0,0,0,0.0,0.407_0.0_0.595,SYNTHETIC
2025-09-20,Karnataka,61095297,25.7,22.4,19.0,47.8,4.2,26.5,21.3,False,0,23.52,0.5,0,0,0,0,0,0,0.0,0.085_0.0_0.478,SYNTHETIC
2025-09-21,Karnataka,61095297,31.4,26.1,20.8,64.8,1.5,37.8,25.2,False,0,23.75,0.51,0,0,0,0,0,0,0.0,0.348_0.0_0.648,SYNTHETIC
2025-09-22,Karnataka,61095297,27.6,23.3,19.0,58.2,3.5,31.8,22.4,False,0,23.84,0.5,0,0,0,0,0,0,0.0,0.163_0.0_0.582,SYNTHETIC
2025-09-23,Karnataka,61095297,29.6,24.3,19.1,74.2,2.3,39.0,23.7,False,0,24.01,0.5,0,0,0,0,0,0,0.0,0.246_0.0_0.742,SYNTHETIC
2025-09-24,Karnataka,61095297,26.0,22.7,19.4,69.0,1.4,33.7,21.8,False,0,23.65,0.5,1,1,0,0,0,1,0.0016,0.118_0.0_0.69,SYNTHETIC
2025-09-25,Karnataka,61095297,26.0,22.8,19.6,67.9,1.1,33.4,21.8,False,0,23.19,0.5,0,0,0,0,0,0,0.0,0.123_0.0_0.679,SYNTHETIC
2025-09-26,Karnataka,61095297,27.9,24.3,20.7,68.5,3.1,35.5,23.3,False,0,22.78,0.5,0,0,0,0,0,0,0.0,0.217_0.0_0.685,SYNTHETIC
2025-09-27,Karnataka,61095297,29.3,26.0,22.6,65.6,3.1,36.0,24.7,False,0,23.27,0.5,1,1,0,0,1,0,0.0016,0.313_0.0_0.656,SYNTHETIC
2025-09-28,Karnataka,61095297,27.9,23.5,19.1,65.9,3.7,34.6,22.7,False,0,22.91,0.5,0,0,0,0,0,0,0.0,0.178_0.0_0.659,SYNTHETIC
2025-09-29,Karnataka,61095297,30.2,26.8,23.4,70.8,4.8,38.5,25.5,False,0,23.35,0.5,0,0,0,0,0,0,0.0,0.366_0.0_0.708,SYNTHETIC
2025-09-30,Karnataka,61095297,29.3,25.7,22.0,69.5,2.8,37.3,24.5,False,0,23.46,0.5,0,0,0,0,0,0,0.0,0.301_0.0_0.695,SYNTHETIC
2025-10-01,Karnataka,61095297,27.3,21.9,16.4,68.3,3.1,34.9,21.5,False,0,23.42,0.5,0,0,0,0,0,0,0.0,0.098_0.0_0.683,SYNTHETIC
2025-10-02,Karnataka,61095297,30.4,25.3,20.2,59.7,3.8,35.1,24.4,False,0,23.79,0.5,0,0,0,0,0,0,0.0,0.294_0.0_0.597,SYNTHETIC
2025-10-03,Karnataka,61095297,27.6,21.9,16.2,57.8,2.5,31.6,21.4,False,0,23.53,0.5,0,0,0,0,0,0,0.0,0.095_0.0_0.578,SYNTHETIC
2025-10-04,Karnataka,61095297,26.6,22.1,17.6,69.4,1.9,34.5,21.5,False,0,23.07,0.5,0,0,0,0,0,0,0.0,0.099_0.0_0.694,SYNTHETIC
2025-10-05,Karnataka,61095297,27.9,23.7,19.6,70.0,3.0,36.0,22.9,False,0,23.1,0.5,0,0,0,0,0,0,0.0,0.192_0.0_0.7,SYNTHETIC
2025-10-06,Karnataka,61095297,28.2,23.6,19.0,64.1,1.5,34.4,22.8,False,0,22.71,0.5,1,1,0,0,1,0,0.0016,0.188_0.0_0.641,SYNTHETIC
2025-10-07,Karnataka,61095297,26.6,22.4,18.2,62.9,2.5,32.4,21.7,False,0,22.31,0.5,0,0,0,0,0,0,0.0,0.111_0.0_0.629,SYNTHETIC
2025-10-08,Karnataka,61095297,25.7,20.9,16.0,66.9,3.3,32.8,20.4,False,0,22.15,0.5,2,2,0,0,1,1,0.0033,0.027_0.0_0.669,SYNTHETIC
2025-10-09,Karnataka,61095297,27.2,22.8,18.5,66.8,1.2,34.2,22.1,False,0,21.82,0.5,0,0,0,0,0,0,0.0,0.14_0.0_0.668,SYNTHETIC
2025-10-10,Karnataka,61095297,27.9,23.6,19.3,71.4,4.3,36.5,22.8,False,0,22.03,0.5,0,0,0,0,0,0,0.0,0.189_0.0_0.714,SYNTHETIC
2025-10-11,Karnataka,61095297,27.1,21.7,16.3,68.0,4.4,34.6,21.3,False,0,22.0,0.5,3,3,0,0,3,0,0.0049,0.086_0.0_0.68,SYNTHETIC
2025-10-12,Karnataka,61095297,28.1,25.1,22.1,62.2,4.2,33.7,23.8,False,0,22.14,0.5,0,0,0,0,0,0,0.0,0.256_0.0_0.622,SYNTHETIC
2025-10-13,Karnataka,61095297,25.2,19.3,13.4,62.0,3.6,30.6,19.2,False,0,21.61,0.5,0,0,0,0,0,0,0.0,-0.056_0.0_0.62,SYNTHETIC
2025-10-14,Karnataka,61095297,27.5,22.7,17.9,66.0,3.3,34.3,22.1,False,0,21.67,0.5,0,0,0,0,0,0,0.0,0.137_0.0_0.66,SYNTHETIC
2025-10-15,Karnataka,61095297,31.8,27.9,24.1,69.2,4.8,39.6,26.6,False,0,22.56,0.52,0,0,0,0,0,0,0.0,0.441_0.0_0.692,SYNTHETIC
2025-10-16,Karnataka,61095297,25.2,19.3,13.4,67.8,1.6,32.6,19.2,False,0,22.15,0.5,0,0,0,0,0,0,0.0,-0.05_0.0_0.678,SYNTHETIC
2025-10-17,Karnataka,61095297,24.6,18.9,13.3,65.5,1.2,31.2,18.8,False,0,21.57,0.5,2,0,2,0,2,0,0.0033,-0.078_0.0_0.655,SYNTHETIC
2025-10-18,Karnataka,61095297,26.2,20.2,14.2,67.3,1.2,33.4,20.0,False,0,21.4,0.5,1,1,0,0,1,0,0.0016,0.003_0.0_0.673,SYNTHETIC
2025-10-19,Karnataka,61095297,26.4,22.8,19.3,69.2,1.9,34.3,22.0,False,0,21.13,0.5,0,0,0,0,0,0,0.0,0.131_0.0_0.692,SYNTHETIC
2025-10-20,Karnataka,61095297,23.7,20.0,16.3,69.8,1.2,31.7,19.4,False,0,21.17,0.5,0,0,0,0,0,0,0.0,-0.038_0.0_0.698,SYNTHETIC
2025-10-21,Karnataka,61095297,29.3,24.9,20.4,64.3,3.1,35.5,23.9,False,0,21.43,0.5,0,0,0,0,0,0,0.0,0.261_0.0_0.643,SYNTHETIC
2025-10-22,Karnataka,61095297,26.6,23.5,20.4,70.9,3.0,35.0,22.5,False,0,20.85,0.5,0,0,0,0,0,0,0.0,0.167_0.0_0.709,SYNTHETIC
2025-10-23,Karnataka,61095297,27.4,23.1,18.7,72.2,3.2,36.3,22.4,False,0,21.29,0.5,1,1,0,0,1,0,0.0016,0.158_0.0_0.722,SYNTHETIC
2025-10-24,Karnataka,61095297,27.3,22.4,17.5,72.2,1.4,36.1,21.8,False,0,21.72,0.5,0,0,0,0,0,0,0.0,0.123_0.0_0.722,SYNTHETIC
2025-10-25,Karnataka,61095297,29.1,25.9,22.6,60.4,2.7,34.1,24.6,False,0,22.37,0.5,0,0,0,0,0,0,0.0,0.303_0.0_0.604,SYNTHETIC
2025-10-26,Karnataka,61095297,25.8,19.9,14.0,67.7,2.1,33.1,19.8,False,0,22.05,0.5,0,0,0,0,0,0,0.0,-0.016_0.0_0.677,SYNTHETIC
2025-10-27,Karnataka,61095297,24.1,20.9,17.7,70.6,1.6,32.4,20.2,False,0,22.16,0.5,1,1,0,0,1,0,0.0016,0.012_0.0_0.706,SYNTHETIC
2025-10-28,Karnataka,61095297,24.2,20.5,16.9,63.2,3.7,30.0,19.8,False,0,21.57,0.5,8,8,0,1,7,0,0.0131,-0.012_0.0_0.632,SYNTHETIC
2025-10-29,Karnataka,61095297,28.3,23.3,18.3,63.0,2.1,34.1,22.6,False,0,21.59,0.5,0,0,0,0,0,0,0.0,0.175_0.0_0.63,SYNTHETIC
2025-10-30,Karnataka,61095297,26.4,22.8,19.1,70.5,2.1,34.7,21.9,False,0,21.53,0.5,0,0,0,0,0,0,0.0,0.129_0.0_0.705,SYNTHETIC
2025-10-31,Karnataka,61095297,24.6,19.5,14.4,75.6,3.2,34.6,19.3,False,0,21.17,0.5,0,0,0,0,0,0,0.0,-0.045_0.0_0.756,SYNTHETIC
2025-11-01,Karnataka,61095297,24.2,19.4,14.5,67.3,4.5,31.4,19.1,False,0,20.39,0.5,0,0,0,0,0,0,0.0,-0.063_0.0_0.673,SYNTHETIC
2025-11-02,Karnataka,61095297,27.7,23.6,19.5,68.4,2.5,35.3,22.7,False,0,20.81,0.5,0,0,0,0,0,0,0.0,0.182_0.0_0.684,SYNTHETIC
2025-11-03,Karnataka,61095297,28.1,25.0,21.9,67.0,4.5,35.2,23.8,False,0,21.33,0.5,0,0,0,0,0,0,0.0,0.254_0.0_0.67,SYNTHETIC
2025-11-04,Karnataka,61095297,23.6,20.2,16.8,66.3,2.8,30.5,19.5,False,0,21.29,0.5,0,0,0,0,0,0,0.0,-0.032_0.0_0.663,SYNTHETIC
2025-11-05,Karnataka,61095297,26.7,21.3,15.9,72.1,1.4,35.5,21.0,False,0,21.05,0.5,0,0,0,0,0,0,0.0,0.065_0.0_0.721,SYNTHETIC
2025-11-06,Karnataka,61095297,26.0,21.0,16.0,72.2,3.2,34.8,20.6,False,0,20.86,0.5,0,0,0,0,0,0,0.0,0.039_0.0_0.722,SYNTHETIC
2025-11-07,Karnataka,61095297,28.0,22.3,16.5,61.8,4.3,33.4,21.8,False,0,21.21,0.5,0,0,0,0,0,0,0.0,0.12_0.0_0.618,SYNTHETIC
2025-11-08,Karnataka,61095297,27.7,24.5,21.3,66.5,2.5,34.6,23.3,False,0,21.83,0.5,0,0,0,0,0,0,0.0,0.223_0.0_0.665,SYNTHETIC
2025-11-09,Karnataka,61095297,28.6,23.9,19.3,78.9,3.6,39.6,23.2,False,0,21.9,0.5,0,0,0,0,0,0,0.0,0.217_0.0_0.789,SYNTHETIC
2025-11-10,Karnataka,61095297,28.4,23.3,18.2,69.9,4.2,36.5,22.7,False,0,21.74,0.5,0,0,0,0,0,0,0.0,0.178_0.0_0.699,SYNTHETIC
2025-11-11,Karnataka,61095297,26.7,20.7,14.8,66.7,1.7,33.7,20.5,False,0,21.88,0.5,0,0,0,0,0,0,0.0,0.036_0.0_0.667,SYNTHETIC
2025-11-12,Karnataka,61095297,26.9,22.7,18.4,70.6,3.6,35.2,22.0,False,0,22.02,0.5,0,0,0,0,0,0,0.0,0.13_0.0_0.706,SYNTHETIC
2025-11-13,Karnataka,61095297,31.4,25.9,20.5,74.5,3.9,40.9,25.2,False,0,22.67,0.51,0,0,0,0,0,0,0.0,0.345_0.0_0.745,SYNTHETIC
2025-11-14,Karnataka,61095297,26.3,21.7,17.1,68.1,1.6,33.8,21.1,False,0,22.58,0.5,0,0,0,0,0,0,0.0,0.076_0.0_0.681,SYNTHETIC
2025-11-15,Karnataka,61095297,28.0,23.8,19.7,76.1,1.0,38.1,23.1,False,0,22.54,0.5,0,0,0,0,0,0,0.0,0.203_0.0_0.761,SYNTHETIC
2025-11-16,Karnataka,61095297,26.7,23.5,20.3,78.7,1.8,37.7,22.6,False,0,22.45,0.5,1,0,1,0,1,0,0.0016,0.174_0.0_0.787,SYNTHETIC
2025-11-17,Karnataka,61095297,27.9,24.4,20.8,63.9,3.3,34.0,23.3,False,0,22.54,0.5,1,1,0,0,1,0,0.0016,0.219_0.0_0.639,SYNTHETIC
2025-11-18,Karnataka,61095297,25.5,22.0,18.4,64.9,4.6,31.9,21.1,False,0,22.62,0.5,0,0,0,0,0,0,0.0,0.075_0.0_0.649,SYNTHETIC
2025-11-19,Karnataka,61095297,28.2,23.5,18.8,69.0,1.6,35.9,22.7,False,0,22.73,0.5,0,0,0,0,0,0,0.0,0.183_0.0_0.69,SYNTHETIC
2025-11-20,Karnataka,61095297,27.9,22.6,17.4,69.3,3.0,35.7,22.1,False,0,22.29,0.5,1,1,0,0,1,0,0.0016,0.14_0.0_0.693,SYNTHETIC
2025-11-21,Karnataka,61095297,25.7,22.6,19.5,70.7,2.8,34.0,21.7,False,0,22.37,0.5,0,0,0,0,0,0,0.0,0.112_0.0_0.707,SYNTHETIC
2025-11-22,Karnataka,61095297,26.8,23.2,19.6,79.7,2.3,38.1,22.4,False,0,22.27,0.5,0,0,0,0,0,0,0.0,0.157_0.0_0.797,SYNTHETIC
2025-11-23,Karnataka,61095297,27.4,22.2,16.9,73.5,3.9,36.7,21.7,False,0,22.15,0.5,0,0,0,0,0,0,0.0,0.115_0.0_0.735,SYNTHETIC
2025-11-24,Karnataka,61095297,28.5,24.0,19.5,72.7,2.4,37.5,23.2,False,0,22.14,0.5,0,0,0,0,0,0,0.0,0.214_0.0_0.727,SYNTHETIC
2025-11-25,Karnataka,61095297,28.3,23.6,19.0,66.4,4.5,35.2,22.9,False,0,22.39,0.5,0,0,0,0,0,0,0.0,0.192_0.0_0.664,SYNTHETIC
2025-11-26,Karnataka,61095297,30.1,25.6,21.2,72.8,1.4,39.1,24.7,False,0,22.66,0.5,0,0,0,0,0,0,0.0,0.311_0.0_0.728,SYNTHETIC
2025-11-27,Karnataka,61095297,26.1,21.3,16.5,72.4,4.7,35.0,20.8,False,0,22.48,0.5,0,0,0,0,0,0,0.0,0.056_0.0_0.724,SYNTHETIC
2025-11-28,Karnataka,61095297,27.7,23.6,19.6,76.1,1.2,37.8,22.9,False,0,22.65,0.5,0,0,0,0,0,0,0.0,0.19_0.0_0.761,SYNTHETIC
2025-11-29,Karnataka,61095297,24.7,20.3,16.0,66.3,1.3,31.6,19.8,False,0,22.29,0.5,5,3,2,2,1,2,0.0082,-0.011_0.0_0.663,SYNTHETIC
2025-11-30,Karnataka,61095297,29.1,25.7,22.3,82.3,1.0,41.2,24.6,False,0,22.7,0.5,0,0,0,0,0,0,0.0,0.308_0.0_0.823,SYNTHETIC
2025-12-01,Karnataka,61095297,26.9,23.4,19.9,65.8,3.9,33.6,22.4,False,0,22.59,0.5,0,0,0,0,0,0,0.0,0.163_0.0_0.658,SYNTHETIC
2025-12-02,Karnataka,61095297,25.4,20.4,15.4,74.7,1.6,35.0,20.1,False,0,22.19,0.5,0,0,0,0,0,0,0.0,0.006_0.0_0.747,SYNTHETIC
2025-12-03,Karnataka,61095297,25.4,19.8,14.1,73.8,4.6,34.8,19.7,False,0,21.48,0.5,0,0,0,0,0,0,0.0,-0.022_0.0_0.738,SYNTHETIC
2025-12-04,Karnataka,61095297,28.1,23.3,18.4,75.6,2.1,38.1,22.7,False,0,21.74,0.5,0,0,0,0,0,0,0.0,0.178_0.0_0.756,SYNTHETIC
2025-12-05,Karnataka,61095297,25.2,21.3,17.3,73.4,2.3,34.4,20.7,False,0,21.43,0.5,0,0,0,0,0,0,0.0,0.044_0.0_0.734,SYNTHETIC
2025-12-06,Karnataka,61095297,22.5,19.4,16.3,74.9,4.5,32.2,18.9,False,0,21.29,0.5,0,0,0,0,0,0,0.0,-0.076_0.0_0.749,SYNTHETIC
2025-12-07,Karnataka,61095297,28.8,25.1,21.5,80.1,2.7,40.2,24.2,False,0,21.22,0.5,0,0,0,0,0,0,0.0,0.277_0.0_0.801,SYNTHETIC
2025-12-08,Karnataka,61095297,26.1,22.3,18.5,65.8,1.2,32.8,21.5,False,0,21.09,0.5,0,0,0,0,0,0,0.0,0.099_0.0_0.658,SYNTHETIC
2025-12-09,Karnataka,61095297,27.3,21.8,16.2,66.0,2.0,34.1,21.4,False,0,21.27,0.5,0,0,0,0,0,0,0.0,0.091_0.0_0.66,SYNTHETIC
2025-12-10,Karnataka,61095297,24.7,20.1,15.6,66.8,2.0,31.7,19.7,False,0,21.27,0.5,4,3,1,0,2,2,0.0065,-0.021_0.0_0.668,SYNTHETIC
2025-12-11,Karnataka,61095297,24.9,19.3,13.6,66.6,1.6,31.9,19.1,False,0,20.76,0.5,0,0,0,0,0,0,0.0,-0.057_0.0_0.666,SYNTHETIC
2025-12-12,Karnataka,61095297,27.2,22.9,18.6,73.8,1.3,36.6,22.2,False,0,20.99,0.5,0,0,0,0,0,0,0.0,0.149_0.0_0.738,SYNTHETIC
2025-12-13,Karnataka,61095297,25.4,22.4,19.3,68.3,2.2,33.0,21.4,False,0,21.36,0.5,0,0,0,0,0,0,0.0,0.096_0.0_0.683,SYNTHETIC
2025-12-14,Karnataka,61095297,24.3,20.6,16.9,60.3,1.5,29.2,19.9,False,0,20.75,0.5,0,0,0,0,0,0,0.0,-0.006_0.0_0.603,SYNTHETIC
2025-12-15,Karnataka,61095297,24.8,18.9,13.0,73.3,1.8,34.0,18.9,False,0,20.39,0.5,0,0,0,0,0,0,0.0,-0.07_0.0_0.733,SYNTHETIC
2025-12-16,Karnataka,61095297,27.2,22.6,18.0,72.9,3.6,36.3,22.0,False,0,20.48,0.5,0,0,0,0,0,0,0.0,0.133_0.0_0.729,SYNTHETIC
2025-12-17,Karnataka,61095297,30.4,24.7,19.0,58.6,1.4,34.7,24.0,False,0,21.09,0.5,0,0,0,0,0,0,0.0,0.264_0.0_0.586,SYNTHETIC
2025-12-18,Karnataka,61095297,25.5,21.0,16.5,66.2,4.2,32.4,20.5,False,0,21.28,0.5,0,0,0,0,0,0,0.0,0.033_0.0_0.662,SYNTHETIC
2025-12-19,Karnataka,61095297,24.7,19.0,13.4,67.3,3.3,31.9,18.9,False,0,20.81,0.5,0,0,0,0,0,0,0.0,-0.072_0.0_0.673,SYNTHETIC
2025-12-20,Karnataka,61095297,26.6,22.1,17.6,73.9,4.5,36.0,21.5,False,0,20.82,0.5,0,0,0,0,0,0,0.0,0.102_0.0_0.739,SYNTHETIC
2025-12-21,Karnataka,61095297,28.5,25.1,21.8,61.7,1.5,33.9,23.9,False,0,21.39,0.5,0,0,0,0,0,0,0.0,0.26_0.0_0.617,SYNTHETIC
2025-12-22,Karnataka,61095297,28.3,22.7,17.2,64.9,4.1,34.8,22.2,False,0,21.86,0.5,0,0,0,0,0,0,0.0,0.149_0.0_0.649,SYNTHETIC
2025-12-23,Karnataka,61095297,25.6,22.2,18.8,62.8,3.0,31.3,21.3,False,0,21.76,0.5,0,0,0,0,0,0,0.0,0.085_0.0_0.628,SYNTHETIC
2025-12-24,Karnataka,61095297,28.6,25.1,21.6,68.2,2.5,36.1,24.0,False,0,21.76,0.5,0,0,0,0,0,0,0.0,0.264_0.0_0.682,SYNTHETIC
2025-12-25,Karnataka,61095297,27.7,24.5,21.4,63.5,4.6,33.7,23.4,False,0,22.17,0.5,0,0,0,0,0,0,0.0,0.224_0.0_0.635,SYNTHETIC
2025-12-26,Karnataka,61095297,26.4,22.0,17.6,64.6,3.4,32.7,21.3,False,0,22.51,0.5,0,0,0,0,0,0,0.0,0.087_0.0_0.646,SYNTHETIC
2025-12-27,Karnataka,61095297,26.0,20.3,14.6,68.5,3.1,33.6,20.1,False,0,22.31,0.5,0,0,0,0,0,0,0.0,0.007_0.0_0.685,SYNTHETIC
2025-12-28,Karnataka,61095297,26.3,22.6,19.0,69.4,3.8,34.2,21.8,False,0,22.0,0.5,0,0,0,0,0,0,0.0,0.119_0.0_0.694,SYNTHETIC
2025-12-29,Karnataka,61095297,29.8,24.3,18.8,64.9,3.6,36.2,23.6,False,0,22.2,0.5,0,0,0,0,0,0,0.0,0.243_0.0_0.649,SYNTHETIC
2025-12-30,Karnataka,61095297,26.4,22.1,17.7,62.5,4.6,32.0,21.4,False,0,22.22,0.5,0,0,0,0,0,0,0.0,0.091_0.0_0.625,SYNTHETIC
2025-12-31,Karnataka,61095297,28.0,23.9,19.8,69.6,4.0,35.9,23.0,False,0,22.08,0.5,0,0,0,0,0,0,0.0,0.201_0.0_0.696,SYNTHETIC
2025-01-01,Kerala,33406061,33.0,29.3,25.7,86.6,3.7,46.6,28.0,False,0,28.01,0.05,0,0,0,0,0,0,0.0,0.534_0.0_0.866,SYNTHETIC
2025-01-02,Kerala,33406061,29.9,24.4,18.9,95.2,4.2,46.3,24.0,False,0,26.02,0.05,0,0,0,0,0,0,0.0,0.268_0.0_0.952,SYNTHETIC
2025-01-03,Kerala,33406061,30.2,24.8,19.3,82.4,2.4,42.4,24.2,False,0,25.41,0.05,0,0,0,0,0,0,0.0,0.28_0.0_0.824,SYNTHETIC
2025-01-04,Kerala,33406061,29.6,24.0,18.5,87.5,2.4,43.5,23.6,False,0,24.96,0.05,4,3,1,3,0,1,0.012,0.241_0.0_0.875,SYNTHETIC
2025-01-05,Kerala,33406061,31.5,27.3,23.1,92.8,2.3,47.2,26.4,False,0,25.24,0.05,0,0,0,0,0,0,0.0,0.424_0.0_0.928,SYNTHETIC
2025-01-06,Kerala,33406061,30.1,26.1,22.1,87.8,2.8,44.1,25.1,False,0,25.22,0.05,0,0,0,0,0,0,0.0,0.343_0.0_0.878,SYNTHETIC
2025-01-07,Kerala,33406061,31.5,27.7,24.0,91.9,3.4,46.8,26.6,False,0,25.43,0.05,0,0,0,0,0,0,0.0,0.443_0.0_0.919,SYNTHETIC
2025-01-08,Kerala,33406061,29.6,26.3,23.0,86.8,3.7,43.3,25.2,False,0,25.03,0.05,0,0,0,0,0,0,0.0,0.347_0.0_0.868,SYNTHETIC
2025-01-09,Kerala,33406061,33.4,27.4,21.5,82.0,3.1,45.4,26.7,False,0,25.41,0.06,0,0,0,0,0,0,0.0,0.447_0.0_0.82,SYNTHETIC
2025-01-10,Kerala,33406061,28.4,23.9,19.4,90.9,4.0,43.4,23.3,False,0,25.28,0.05,0,0,0,0,0,0,0.0,0.219_0.0_0.909,SYNTHETIC
2025-01-11,Kerala,33406061,28.8,25.0,21.2,97.1,3.9,45.9,24.2,False,0,25.37,0.05,0,0,0,0,0,0,0.0,0.283_0.0_0.971,SYNTHETIC
2025-01-12,Kerala,33406061,29.0,24.1,19.1,89.8,2.1,43.6,23.5,False,0,24.97,0.05,0,0,0,0,0,0,0.0,0.236_0.0_0.898,SYNTHETIC
2025-01-13,Kerala,33406061,31.5,26.7,21.8,84.5,4.9,44.4,25.8,False,0,25.06,0.05,0,0,0,0,0,0,0.0,0.387_0.0_0.845,SYNTHETIC
2025-01-14,Kerala,33406061,30.5,26.6,22.8,90.5,1.5,45.4,25.6,False,0,24.92,0.05,0,0,0,0,0,0,0.0,0.377_0.0_0.905,SYNTHETIC
2025-01-15,Kerala,33406061,30.1,26.4,22.6,90.4,3.1,44.9,25.4,False,0,24.95,0.05,3,2,1,1,1,1,0.009,0.359_0.0_0.904,SYNTHETIC
2025-01-16,Kerala,33406061,27.0,22.9,18.8,85.6,1.2,40.3,22.3,False,0,24.32,0.05,0,0,0,0,0,0,0.0,0.155_0.0_0.856,SYNTHETIC
2025-01-17,Kerala,33406061,30.5,26.6,22.7,94.3,3.6,46.6,25.6,False,0,24.66,0.05,0,0,0,0,0,0,0.0,0.376_0.0_0.943,SYNTHETIC
2025-01-18,Kerala,33406061,29.9,24.1,18.3,84.0,3.1,42.7,23.7,False,0,24.58,0.05,0,0,0,0,0,0,0.0,0.249_0.0_0.84,SYNTHETIC
2025-01-19,Kerala,33406061,29.9,25.9,22.0,80.5,3.7,41.4,24.9,False,0,24.78,0.05,0,0,0,0,0,0,0.0,0.329_0.0_0.805,SYNTHETIC
2025-01-20,Kerala,33406061,31.7,27.6,23.4,85.8,3.7,45.0,26.5,False,0,24.88,0.05,0,0,0,0,0,0,0.0,0.432_0.0_0.858,SYNTHETIC
2025-01-21,Kerala,33406061,30.3,25.0,19.7,84.5,1.1,43.2,24.4,False,0,24.69,0.05,0,0,0,0,0,0,0.0,0.292_0.0_0.845,SYNTHETIC
2025-01-22,Kerala,33406061,29.1,23.9,18.7,80.8,4.5,40.8,23.4,False,0,24.4,0.05,0,0,0,0,0,0,0.0,0.223_0.0_0.808,SYNTHETIC
2025-01-23,Kerala,33406061,27.7,24.4,21.0,89.6,3.4,42.3,23.5,False,0,24.57,0.05,0,0,0,0,0,0,0.0,0.234_0.0_0.896,SYNTHETIC
2025-01-24,Kerala,33406061,29.6,25.0,20.3,86.5,3.8,43.2,24.3,False,0,24.38,0.05,0,0,0,0,0,0,0.0,0.284_0.0_0.865,SYNTHETIC
2025-01-25,Kerala,33406061,28.3,23.3,18.3,80.7,1.9,40.0,22.8,False,0,24.24,0.05,0,0,0,0,0,0,0.0,0.186_0.0_0.807,SYNTHETIC
2025-01-26,Kerala,33406061,29.1,23.5,17.9,94.0,2.0,45.1,23.2,False,0,24.0,0.05,14,12,2,4,8,2,0.0419,0.214_0.0_0.94,SYNTHETIC
2025-01-27,Kerala,33406061,27.0,22.8,18.6,86.5,1.1,40.5,22.2,False,0,23.39,0.05,0,0,0,0,0,0,0.0,0.147_0.0_0.865,SYNTHETIC
2025-01-28,Kerala,33406061,32.8,28.4,24.1,86.0,1.1,46.1,27.3,False,0,23.81,0.05,0,0,0,0,0,0,0.0,0.488_0.0_0.86,SYNTHETIC
2025-01-29,Kerala,33406061,32.0,27.1,22.3,86.6,3.6,45.6,26.3,False,0,24.23,0.05,0,0,0,0,0,0,0.0,0.418_0.0_0.866,SYNTHETIC
2025-01-30,Kerala,33406061,29.8,26.6,23.5,87.6,1.8,43.7,25.5,False,0,24.51,0.05,0,0,0,0,0,0,0.0,0.365_0.0_0.876,SYNTHETIC
2025-01-31,Kerala,33406061,28.6,25.5,22.4,82.9,3.4,41.0,24.4,False,0,24.53,0.05,0,0,0,0,0,0,0.0,0.294_0.0_0.829,SYNTHETIC
2025-02-01,Kerala,33406061,31.3,27.9,24.5,89.4,3.8,45.7,26.7,False,0,25.08,0.05,0,0,0,0,0,0,0.0,0.443_0.0_0.894,SYNTHETIC
2025-02-02,Kerala,33406061,31.2,25.9,20.7,88.9,3.5,45.5,25.3,False,0,25.38,0.05,1,0,1,0,1,0,0.003,0.352_0.0_0.889,SYNTHETIC
2025-02-03,Kerala,33406061,33.6,28.1,22.7,82.1,3.2,45.7,27.2,False,0,26.09,0.06,0,0,0,0,0,0,0.0,0.482_0.0_0.821,SYNTHETIC
2025-02-04,Kerala,33406061,34.6,29.2,23.7,80.5,1.2,46.2,28.1,False,0,26.21,0.07,0,0,0,0,0,0,0.0,0.543_0.0_0.805,SYNTHETIC
2025-02-05,Kerala,33406061,31.9,28.7,25.6,73.6,1.6,41.2,27.2,False,0,26.34,0.05,0,0,0,0,0,0,0.0,0.481_0.0_0.736,SYNTHETIC
2025-02-06,Kerala,33406061,33.9,29.6,25.2,82.8,4.2,46.3,28.3,False,0,26.75,0.06,0,0,0,0,0,0,0.0,0.555_0.0_0.828,SYNTHETIC
2025-02-07,Kerala,33406061,33.8,29.1,24.3,78.9,2.6,44.8,27.9,False,0,27.25,0.06,0,0,0,0,0,0,0.0,0.526_0.0_0.789,SYNTHETIC
2025-02-08,Kerala,33406061,29.7,24.7,19.7,82.1,4.4,41.8,24.1,False,0,26.88,0.05,0,0,0,0,0,0,0.0,0.271_0.0_0.821,SYNTHETIC
2025-02-09,Kerala,33406061,30.5,25.7,20.8,82.5,1.4,42.7,24.9,False,0,26.82,0.05,11,11,0,2,7,2,0.0329,0.325_0.0_0.825,SYNTHETIC
2025-02-10,Kerala,33406061,30.9,26.1,21.4,83.5,2.0,43.4,25.3,False,0,26.54,0.05,0,0,0,0,0,0,0.0,0.354_0.0_0.835,SYNTHETIC
2025-02-11,Kerala,33406061,30.7,27.1,23.5,79.1,3.4,41.7,25.9,False,0,26.22,0.05,0,0,0,0,0,0,0.0,0.391_0.0_0.791,SYNTHETIC
2025-02-12,Kerala,33406061,31.2,26.3,21.4,80.6,2.7,42.8,25.5,False,0,25.97,0.05,0,0,0,0,0,0,0.0,0.366_0.0_0.806,SYNTHETIC
2025-02-13,Kerala,33406061,32.7,28.0,23.3,75.8,4.4,42.8,26.9,False,0,25.77,0.05,0,0,0,0,0,0,0.0,0.462_0.0_0.758,SYNTHETIC
2025-02-14,Kerala,33406061,31.1,25.3,19.5,89.3,1.6,45.6,24.8,False,0,25.34,0.05,1,0,1,0,0,1,0.003,0.322_0.0_0.893,SYNTHETIC
2025-02-15,Kerala,33406061,33.2,27.3,21.3,76.8,2.0,43.6,26.5,False,0,25.68,0.06,0,0,0,0,0,0,0.0,0.433_0.0_0.768,SYNTHETIC
2025-02-16,Kerala,33406061,31.0,26.6,22.3,75.1,1.7,40.8,25.6,False,0,25.79,0.05,0,0,0,0,0,0,0.0,0.373_0.0_0.751,SYNTHETIC
2025-02-17,Kerala,33406061,32.7,29.6,26.6,80.1,2.0,44.1,28.1,False,0,26.18,0.05,2,2,0,0,2,0,0.006,0.539_0.0_0.801,SYNTHETIC
2025-02-18,Kerala,33406061,31.7,27.3,22.9,80.6,4.8,43.3,26.2,False,0,26.24,0.05,0,0,0,0,0,0,0.0,0.416_0.0_0.806,SYNTHETIC
2025-02-19,Kerala,33406061,31.4,27.2,22.9,74.3,2.2,41.0,26.0,False,0,26.32,0.05,0,0,0,0,0,0,0.0,0.403_0.0_0.743,SYNTHETIC
2025-02-20,Kerala,33406061,31.9,28.3,24.8,81.0,3.6,43.6,27.0,False,0,26.33,0.05,0,0,0,0,0,0,0.0,0.469_0.0_0.81,SYNTHETIC
2025-02-21,Kerala,33406061,34.1,29.7,25.4,77.7,2.7,44.7,28.4,False,0,26.84,0.07,0,0,0,0,0,0,0.0,0.561_0.0_0.777,SYNTHETIC
2025-02-22,Kerala,33406061,34.6,29.5,24.5,76.7,3.5,44.9,28.3,False,0,27.11,0.07,0,0,0,0,0,0,0.0,0.556_0.0_0.767,SYNTHETIC
2025-02-23,Kerala,33406061,34.0,29.2,24.5,77.5,3.7,44.6,28.0,False,0,27.45,0.07,0,0,0,0,0,0,0.0,0.535_0.0_0.775,SYNTHETIC
2025-02-24,Kerala,33406061,31.7,27.5,23.4,83.7,1.4,44.3,26.5,False,0,27.22,0.05,0,0,0,0,0,0,0.0,0.431_0.0_0.837,SYNTHETIC
2025-02-25,Kerala,33406061,32.7,27.4,22.1,74.0,4.3,42.2,26.5,False,0,27.26,0.05,0,0,0,0,0,0,0.0,0.432_0.0_0.74,SYNTHETIC
2025-02-26,Kerala,33406061,37.0,31.2,25.5,72.0,4.6,45.7,30.0,True,1,27.82,0.11,0,0,0,0,0,0,0.0,0.664_0.1_0.72,SYNTHETIC
2025-02-27,Kerala,33406061,31.1,25.5,19.9,72.3,1.3,40.0,24.8,False,0,27.5,0.05,0,0,0,0,0,0,0.0,0.321_0.0_0.723,SYNTHETIC
2025-02-28,Kerala,33406061,34.0,28.4,22.7,72.8,1.9,43.0,27.4,False,0,27.35,0.07,0,0,0,0,0,0,0.0,0.492_0.0_0.728,SYNTHETIC
2025-03-01,Kerala,33406061,35.8,30.3,24.7,77.2,1.0,46.3,29.1,False,0,27.46,0.09,0,0,0,0,0,0,0.0,0.608_0.0_0.772,SYNTHETIC
2025-03-02,Kerala,33406061,29.6,25.0,20.5,78.2,3.6,40.4,24.2,False,0,26.92,0.05,0,0,0,0,0,0,0.0,0.281_0.0_0.782,SYNTHETIC
2025-03-03,Kerala,33406061,29.5,24.4,19.4,70.1,2.0,37.6,23.7,False,0,26.52,0.05,0,0,0,0,0,0,0.0,0.247_0.0_0.701,SYNTHETIC
2025-03-04,Kerala,33406061,34.7,31.6,28.5,75.7,3.4,44.7,29.8,False,0,27.0,0.07,0,0,0,0,0,0,0.0,0.654_0.0_0.757,SYNTHETIC
2025-03-05,Kerala,33406061,31.3,28.2,25.1,78.9,2.6,42.3,26.8,False,0,26.54,0.05,0,0,0,0,0,0,0.0,0.45_0.0_0.789,SYNTHETIC
2025-03-06,Kerala,33406061,35.3,29.8,24.3,83.0,2.7,47.7,28.7,False,0,27.1,0.08,0,0,0,0,0,0,0.0,0.583_0.0_0.83,SYNTHETIC
2025-03-07,Kerala,33406061,31.7,26.6,21.4,74.3,1.9,41.2,25.7,False,0,26.86,0.05,0,0,0,0,0,0,0.0,0.379_0.0_0.743,SYNTHETIC
2025-03-08,Kerala,33406061,31.8,27.2,22.6,64.2,1.8,38.0,26.0,False,0,26.42,0.05,0,0,0,0,0,0,0.0,0.403_0.0_0.642,SYNTHETIC
2025-03-09,Kerala,33406061,33.1,28.4,23.8,71.7,3.2,41.8,27.2,False,0,26.85,0.05,0,0,0,0,0,0,0.0,0.483_0.0_0.717,SYNTHETIC
2025-03-10,Kerala,33406061,30.9,27.7,24.6,74.2,2.3,40.4,26.3,False,0,27.23,0.05,0,0,0,0,0,0,0.0,0.423_0.0_0.742,SYNTHETIC
2025-03-11,Kerala,33406061,33.8,29.8,25.8,68.1,3.3,41.3,28.3,False,0,27.01,0.06,0,0,0,0,0,0,0.0,0.552_0.0_0.681,SYNTHETIC
2025-03-12,Kerala,33406061,36.1,32.3,28.5,69.5,1.0,44.0,30.5,False,0,27.54,0.09,0,0,0,0,0,0,0.0,0.7_0.0_0.695,SYNTHETIC
2025-03-13,Kerala,33406061,37.1,31.3,25.5,68.5,4.3,44.7,30.0,True,1,27.73,0.11,0,0,0,0,0,0,0.0,0.668_0.1_0.685,SYNTHETIC
2025-03-14,Kerala,33406061,33.4,30.2,27.0,81.7,3.9,45.4,28.6,False,0,28.15,0.06,1,0,1,0,0,1,0.003,0.574_0.0_0.817,SYNTHETIC
2025-03-15,Kerala,33406061,36.3,30.6,25.0,74.3,3.0,45.8,29.4,False,0,28.63,0.1,0,0,0,0,0,0,0.0,0.63_0.0_0.743,SYNTHETIC
2025-03-16,Kerala,33406061,34.0,29.8,25.6,76.2,1.9,44.2,28.5,False,0,28.81,0.07,0,0,0,0,0,0,0.0,0.564_0.0_0.762,SYNTHETIC
2025-03-17,Kerala,33406061,33.0,28.9,24.7,64.5,4.9,39.3,27.5,False,0,28.97,0.05,0,0,0,0,0,0,0.0,0.497_0.0_0.645,SYNTHETIC
2025-03-18,Kerala,33406061,31.3,27.0,22.7,81.4,1.2,43.2,26.0,False,0,28.64,0.05,0,0,0,0,0,0,0.0,0.399_0.0_0.814,SYNTHETIC
2025-03-19,Kerala,33406061,31.7,27.9,24.2,74.4,1.7,41.3,26.6,False,0,28.09,0.05,4,3,1,0,2,2,0.012,0.443_0.0_0.744,SYNTHETIC
2025-03-20,Kerala,33406061,33.1,28.9,24.7,73.4,1.7,42.3,27.6,False,0,27.74,0.05,0,0,0,0,0,0,0.0,0.504_0.0_0.734,SYNTHETIC
2025-03-21,Kerala,33406061,32.6,29.2,25.8,77.5,4.4,43.2,27.7,False,0,27.61,0.05,0,0,0,0,0,0,0.0,0.516_0.0_0.775,SYNTHETIC
2025-03-22,Kerala,33406061,36.3,33.1,29.8,71.3,3.7,44.9,31.1,False,0,27.85,0.09,0,0,0,0,0,0,0.0,0.742_0.0_0.713,SYNTHETIC
2025-03-23,Kerala,33406061,33.8,30.4,27.0,65.6,2.9,40.4,28.7,False,0,27.89,0.06,0,0,0,0,0,0,0.0,0.579_0.0_0.656,SYNTHETIC
2025-03-24,Kerala,33406061,35.1,30.9,26.6,73.5,4.1,44.4,29.4,False,0,28.16,0.08,0,0,0,0,0,0,0.0,0.624_0.0_0.735,SYNTHETIC
2025-03-25,Kerala,33406061,33.2,28.2,23.3,75.7,3.8,43.2,27.1,False,0,28.32,0.06,0,0,0,0,0,0,0.0,0.476_0.0_0.757,SYNTHETIC
2025-03-26,Kerala,33406061,33.3,28.4,23.4,74.2,2.3,42.8,27.3,False,0,28.41,0.06,0,0,0,0,0,0,0.0,0.484_0.0_0.742,SYNTHETIC
2025-03-27,Kerala,33406061,34.0,28.2,22.4,79.5,1.2,45.3,27.4,False,0,28.38,0.07,0,0,0,0,0,0,0.0,0.49_0.0_0.795,SYNTHETIC
2025-03-28,Kerala,33406061,35.6,31.9,28.2,71.4,4.5,44.2,30.2,False,0,28.73,0.09,0,0,0,0,0,0,0.0,0.678_0.0_0.714,SYNTHETIC
2025-03-29,Kerala,33406061,33.1,27.4,21.6,69.7,2.9,41.1,26.5,False,0,28.06,0.05,0,0,0,0,0,0,0.0,0.431_0.0_0.697,SYNTHETIC
2025-03-30,Kerala,33406061,36.9,32.4,27.9,75.7,4.3,46.9,30.8,True,1,28.36,0.11,0,0,0,0,0,0,0.0,0.72_0.1_0.757,SYNTHETIC
2025-03-31,Kerala,33406061,36.4,31.5,26.5,59.9,2.4,41.2,29.9,False,0,28.44,0.1,0,0,0,0,0,0,0.0,0.66_0.0_0.599,SYNTHETIC
2025-04-01,Kerala,33406061,32.0,28.9,25.8,80.0,2.3,43.4,27.4,False,0,28.48,0.05,2,2,0,0,1,1,0.006,0.495_0.0_0.8,SYNTHETIC
2025-04-02,Kerala,33406061,34.1,31.1,28.1,71.3,1.6,42.7,29.3,False,0,28.77,0.07,0,0,0,0,0,0,0.0,0.62_0.0_0.713,SYNTHETIC
2025-04-03,Kerala,33406061,35.2,29.9,24.6,68.0,4.0,42.7,28.7,False,0,28.96,0.08,0,0,0,0,0,0,0.0,0.577_0.0_0.68,SYNTHETIC
2025-04-04,Kerala,33406061,34.6,29.4,24.2,69.1,4.1,42.5,28.2,False,0,28.68,0.07,0,0,0,0,0,0,0.0,0.549_0.0_0.691,SYNTHETIC
2025-04-05,Kerala,33406061,37.3,32.7,28.2,60.7,1.2,42.3,31.0,True,1,29.33,0.12,0,0,0,0,0,0,0.0,0.732_0.1_0.607,SYNTHETIC
2025-04-06,Kerala,33406061,32.5,29.2,25.8,70.2,4.9,40.7,27.6,False,0,28.88,0.05,0,0,0,0,0,0,0.0,0.509_0.0_0.702,SYNTHETIC
2025-04-07,Kerala,33406061,36.7,33.5,30.2,74.6,4.6,46.3,31.5,True,1,29.11,0.11,0,0,0,0,0,0,0.0,0.767_0.1_0.746,SYNTHETIC
2025-04-08,Kerala,33406061,35.5,30.1,24.8,66.2,4.7,42.3,28.9,False,0,29.31,0.09,0,0,0,0,0,0,0.0,0.591_0.0_0.662,SYNTHETIC
2025-04-09,Kerala,33406061,34.4,30.4,26.4,67.7,2.3,41.7,28.8,False,0,29.24,0.07,0,0,0,0,0,0,0.0,0.588_0.0_0.677,SYNTHETIC
2025-04-10,Kerala,33406061,34.6,30.3,25.9,59.3,1.0,39.2,28.7,False,0,29.25,0.08,0,0,0,0,0,0,0.0,0.58_0.0_0.593,SYNTHETIC
2025-04-11,Kerala,33406061,33.4,30.0,26.7,68.4,3.4,40.9,28.4,False,0,29.27,0.06,0,0,0,0,0,0,0.0,0.558_0.0_0.684,SYNTHETIC
2025-04-12,Kerala,33406061,36.3,31.3,26.4,63.0,2.3,42.1,29.8,False,0,29.1,0.1,0,0,0,0,0,0,0.0,0.655_0.0_0.63,SYNTHETIC
2025-04-13,Kerala,33406061,35.3,29.9,24.4,66.8,3.4,42.4,28.6,False,0,29.25,0.08,0,0,0,0,0,0,0.0,0.577_0.0_0.668,SYNTHETIC
2025-04-14,Kerala,33406061,34.7,31.2,27.7,58.0,4.9,38.9,29.4,False,0,28.94,0.08,0,0,0,0,0,0,0.0,0.626_0.0_0.58,SYNTHETIC
2025-04-15,Kerala,33406061,33.8,28.9,24.1,75.6,2.4,43.8,27.8,False,0,28.79,0.06,0,0,0,0,0,0,0.0,0.519_0.0_0.756,SYNTHETIC
2025-04-16,Kerala,33406061,33.3,30.0,26.8,60.1,1.2,38.1,28.3,False,0,28.71,0.06,0,0,0,0,0,0,0.0,0.551_0.0_0.601,SYNTHETIC
2025-04-17,Kerala,33406061,34.8,30.9,27.1,65.5,4.5,41.4,29.3,False,0,28.79,0.08,0,0,0,0,0,0,0.0,0.618_0.0_0.655,SYNTHETIC
2025-04-18,Kerala,33406061,33.2,27.2,21.2,67.7,2.7,40.5,26.3,False,0,28.5,0.06,0,0,0,0,0,0,0.0,0.422_0.0_0.677,SYNTHETIC
2025-04-19,Kerala,33406061,37.3,34.0,30.6,64.9,4.4,43.7,31.9,True,1,28.79,0.11,0,0,0,0,0,0,0.0,0.792_0.1_0.649,SYNTHETIC
2025-04-20,Kerala,33406061,34.0,29.8,25.6,66.4,3.3,40.9,28.3,False,0,28.74,0.07,3,2,1,0,1,2,0.009,0.553_0.0_0.664,SYNTHETIC
2025-04-21,Kerala,33406061,33.7,28.0,22.2,63.4,4.4,39.7,26.9,False,0,28.39,0.06,0,0,0,0,0,0,0.0,0.463_0.0_0.634,SYNTHETIC
2025-04-22,Kerala,33406061,34.8,31.7,28.6,58.0,1.5,38.9,29.7,False,0,28.67,0.08,2,1,1,0,0,2,0.006,0.647_0.0_0.58,SYNTHETIC
2025-04-23,Kerala,33406061,33.4,29.4,25.4,69.6,2.9,41.4,28.0,False,0,28.63,0.06,0,0,0,0,0,0,0.0,0.531_0.0_0.696,SYNTHETIC
2025-04-24,Kerala,33406061,35.2,31.5,27.8,65.9,3.4,41.9,29.7,False,0,28.69,0.08,0,0,0,0,0,0,0.0,0.649_0.0_0.659,SYNTHETIC
2025-04-25,Kerala,33406061,36.4,32.5,28.7,66.3,1.3,43.3,30.7,False,0,29.32,0.1,4,4,0,1,2,1,0.012,0.715_0.0_0.663,SYNTHETIC
2025-04-26,Kerala,33406061,34.9,30.2,25.6,69.4,2.8,42.8,28.8,False,0,28.89,0.08,0,0,0,0,0,0,0.0,0.589_0.0_0.694,SYNTHETIC
2025-04-27,Kerala,33406061,34.7,29.7,24.8,70.9,4.6,43.1,28.5,False,0,28.91,0.08,0,0,0,0,0,0,0.0,0.564_0.0_0.709,SYNTHETIC
2025-04-28,Kerala,33406061,35.0,31.3,27.6,66.1,4.0,41.9,29.6,False,0,29.29,0.08,0,0,0,0,0,0,0.0,0.639_0.0_0.661,SYNTHETIC
2025-04-29,Kerala,33406061,32.9,28.5,24.1,71.5,3.5,41.5,27.3,False,0,28.94,0.05,0,0,0,0,0,0,0.0,0.484_0.0_0.715,SYNTHETIC
2025-04-30,Kerala,33406061,34.0,29.9,25.9,73.4,2.6,43.2,28.5,False,0,29.01,0.07,0,0,0,0,0,0,0.0,0.565_0.0_0.734,SYNTHETIC
2025-05-01,Kerala,33406061,34.9,31.4,27.9,60.0,1.5,39.7,29.5,False,0,28.98,0.08,5,2,3,0,3,2,0.015,0.635_0.0_0.6,SYNTHETIC
2025-05-02,Kerala,33406061,35.9,32.8,29.7,63.3,1.3,41.8,30.8,False,0,28.99,0.09,0,0,0,0,0,0,0.0,0.72_0.0_0.633,SYNTHETIC
2025-05-03,Kerala,33406061,34.7,30.4,26.2,65.5,2.6,41.4,28.9,False,0,29.0,0.08,0,0,0,0,0,0,0.0,0.594_0.0_0.655,SYNTHETIC
2025-05-04,Kerala,33406061,36.0,30.2,24.3,74.5,2.8,45.6,29.1,False,0,29.09,0.09,0,0,0,0,0,0,0.0,0.604_0.0_0.745,SYNTHETIC
2025-05-05,Kerala,33406061,37.9,32.5,27.2,65.4,3.3,44.5,31.0,True,1,29.29,0.12,0,0,0,0,0,0,0.0,0.734_0.1_0.654,SYNTHETIC
2025-05-06,Kerala,33406061,36.3,30.7,25.2,65.7,1.5,42.9,29.4,False,0,29.6,0.1,0,0,0,0,0,0,0.0,0.627_0.0_0.657,SYNTHETIC
2025-05-07,Kerala,33406061,36.3,32.2,28.0,64.1,3.9,42.5,30.4,False,0,29.88,0.1,0,0,0,0,0,0,0.0,0.694_0.0_0.641,SYNTHETIC
2025-05-08,Kerala,33406061,33.8,30.7,27.7,72.0,1.4,42.6,29.0,False,0,29.8,0.07,0,0,0,0,0,0,0.0,0.6_0.0_0.72,SYNTHETIC
2025-05-09,Kerala,33406061,36.6,32.1,27.6,70.4,4.7,44.8,30.5,True,1,29.76,0.11,0,0,0,0,0,0,0.0,0.7_0.1_0.704,SYNTHETIC
2025-05-10,Kerala,33406061,35.2,31.4,27.7,63.0,2.2,41.0,29.7,False,0,29.86,0.08,0,0,0,0,0,0,0.0,0.643_0.0_0.63,SYNTHETIC
2025-05-11,Kerala,33406061,34.3,29.9,25.6,66.8,3.0,41.3,28.5,False,0,29.78,0.07,0,0,0,0,0,0,0.0,0.566_0.0_0.668,SYNTHETIC
2025-05-12,Kerala,33406061,33.4,30.0,26.5,60.2,2.2,38.3,28.3,False,0,29.39,0.06,0,0,0,0,0,0,0.0,0.551_0.0_0.602,SYNTHETIC
2025-05-13,Kerala,33406061,33.6,29.7,25.9,71.3,3.2,42.1,28.2,False,0,29.22,0.06,0,0,0,0,0,0,0.0,0.55_0.0_0.713,SYNTHETIC
2025-05-14,Kerala,33406061,34.3,28.8,23.2,66.2,3.9,41.2,27.7,False,0,28.83,0.07,0,0,0,0,0,0,0.0,0.511_0.0_0.662,SYNTHETIC
2025-05-15,Kerala,33406061,39.4,34.8,30.2,68.6,3.3,47.1,32.9,True,1,29.39,0.13,4,3,1,1,2,1,0.012,0.862_0.1_0.686,SYNTHETIC
2025-05-16,Kerala,33406061,36.3,32.8,29.3,60.5,2.4,41.2,30.8,False,0,29.44,0.1,0,0,0,0,0,0,0.0,0.721_0.0_0.605,SYNTHETIC
2025-05-17,Kerala,33406061,33.6,28.2,22.8,65.6,2.5,40.3,27.1,False,0,29.07,0.06,0,0,0,0,0,0,0.0,0.475_0.0_0.656,SYNTHETIC
2025-05-18,Kerala,33406061,33.2,29.7,26.1,74.7,4.8,42.9,28.2,False,0,29.03,0.06,0,0,0,0,0,0,0.0,0.544_0.0_0.747,SYNTHETIC
2025-05-19,Kerala,33406061,36.6,32.2,27.9,68.8,3.9,44.3,30.6,True,1,29.36,0.1,0,0,0,0,0,0,0.0,0.704_0.1_0.688,SYNTHETIC
2025-05-20,Kerala,33406061,34.4,29.4,24.4,55.5,3.2,37.7,28.0,False,0,29.32,0.07,0,0,0,0,0,0,0.0,0.534_0.0_0.555,SYNTHETIC
2025-05-21,Kerala,33406061,35.9,30.9,25.9,67.0,4.4,43.0,29.5,False,0,29.58,0.09,0,0,0,0,0,0,0.0,0.631_0.0_0.67,SYNTHETIC
2025-05-22,Kerala,33406061,34.5,29.0,23.4,66.6,3.7,41.5,27.8,False,0,28.85,0.07,0,0,0,0,0,0,0.0,0.522_0.0_0.666,SYNTHETIC
2025-05-23,Kerala,33406061,35.1,30.5,25.9,55.9,4.2,38.5,28.9,False,0,28.58,0.08,1,1,0,0,0,1,0.003,0.593_0.0_0.559,SYNTHETIC
2025-05-24,Kerala,33406061,34.8,29.7,24.6,64.2,2.6,41.0,28.4,False,0,28.76,0.08,0,0,0,0,0,0,0.0,0.561_0.0_0.642,SYNTHETIC
2025-05-25,Kerala,33406061,32.2,27.6,23.0,71.0,4.5,40.6,26.4,False,0,28.52,0.05,4,3,1,2,2,0,0.012,0.429_0.0_0.71,SYNTHETIC
2025-05-26,Kerala,33406061,34.3,29.3,24.2,65.1,2.2,40.8,28.0,False,0,28.15,0.07,0,0,0,0,0,0,0.0,0.533_0.0_0.651,SYNTHETIC
2025-05-27,Kerala,33406061,35.3,31.7,28.1,57.4,3.0,39.2,29.8,False,0,28.4,0.08,0,0,0,0,0,0,0.0,0.653_0.0_0.574,SYNTHETIC
2025-05-28,Kerala,33406061,33.8,29.0,24.2,65.0,2.1,40.2,27.7,False,0,28.15,0.06,0,0,0,0,0,0,0.0,0.514_0.0_0.65,SYNTHETIC
2025-05-29,Kerala,33406061,32.3,26.4,20.6,72.8,4.1,41.3,25.7,False,0,27.84,0.05,0,0,0,0,0,0,0.0,0.378_0.0_0.728,SYNTHETIC
2025-05-30,Kerala,33406061,34.2,29.1,24.0,67.7,2.2,41.6,27.9,False,0,27.71,0.07,0,0,0,0,0,0,0.0,0.528_0.0_0.677,SYNTHETIC
2025-05-31,Kerala,33406061,34.0,29.6,25.1,58.7,1.2,38.4,28.1,False,0,27.66,0.07,5,3,2,0,4,1,0.015,0.539_0.0_0.587,SYNTHETIC
2025-06-01,Kerala,33406061,34.8,29.3,23.9,74.1,4.8,44.2,28.2,False,0,27.91,0.08,3,2,1,0,1,2,0.009,0.548_0.0_0.741,SYNTHETIC
2025-06-02,Kerala,33406061,34.1,30.7,27.4,64.0,2.2,40.2,29.0,False,0,28.05,0.07,0,0,0,0,0,0,0.0,0.597_0.0_0.64,SYNTHETIC
2025-06-03,Kerala,33406061,34.5,30.0,25.5,61.7,1.2,39.9,28.5,False,0,27.86,0.07,0,0,0,0,0,0,0.0,0.566_0.0_0.617,SYNTHETIC
2025-06-04,Kerala,33406061,30.7,24.8,19.0,64.8,1.9,37.1,24.2,False,0,27.36,0.05,0,0,0,0,0,0,0.0,0.278_0.0_0.648,SYNTHETIC
2025-06-05,Kerala,33406061,33.8,30.6,27.3,54.6,3.4,36.9,28.7,False,0,27.79,0.06,0,0,0,0,0,0,0.0,0.581_0.0_0.546,SYNTHETIC
2025-06-06,Kerala,33406061,35.2,30.3,25.4,63.5,1.8,41.1,28.9,False,0,27.93,0.08,0,0,0,0,0,0,0.0,0.591_0.0_0.635,SYNTHETIC
2025-06-07,Kerala,33406061,36.3,30.5,24.7,58.0,3.7,40.4,29.2,False,0,28.08,0.09,0,0,0,0,0,0,0.0,0.611_0.0_0.58,SYNTHETIC
2025-06-08,Kerala,33406061,36.3,32.1,27.8,64.0,2.8,42.4,30.3,False,0,28.39,0.1,0,0,0,0,0,0,0.0,0.69_0.0_0.64,SYNTHETIC
2025-06-09,Kerala,33406061,34.0,29.9,25.9,60.8,2.9,39.0,28.4,False,0,28.3,0.07,0,0,0,0,0,0,0.0,0.557_0.0_0.608,SYNTHETIC
2025-06-10,Kerala,33406061,35.7,32.3,29.0,66.0,4.8,42.5,30.4,False,0,28.58,0.09,0,0,0,0,0,0,0.0,0.695_0.0_0.66,SYNTHETIC
2025-06-11,Kerala,33406061,34.7,29.7,24.6,61.4,3.3,40.0,28.3,False,0,29.17,0.08,0,0,0,0,0,0,0.0,0.555_0.0_0.614,SYNTHETIC
2025-06-12,Kerala,33406061,36.0,31.5,27.0,67.8,4.3,43.4,29.9,False,0,29.34,0.09,0,0,0,0,0,0,0.0,0.662_0.0_0.678,SYNTHETIC
2025-06-13,Kerala,33406061,32.4,27.2,22.1,60.9,4.0,37.5,26.2,False,0,28.96,0.05,0,0,0,0,0,0,0.0,0.41_0.0_0.609,SYNTHETIC
2025-06-14,Kerala,33406061,34.1,30.1,26.0,60.6,4.2,39.1,28.5,False,0,28.86,0.07,0,0,0,0,0,0,0.0,0.565_0.0_0.606,SYNTHETIC
2025-06-15,Kerala,33406061,33.5,29.0,24.6,59.8,2.4,38.3,27.6,False,0,28.47,0.06,0,0,0,0,0,0,0.0,0.509_0.0_0.598,SYNTHETIC
2025-06-16,Kerala,33406061,36.4,31.0,25.5,70.3,3.0,44.6,29.7,False,0,28.66,0.1,0,0,0,0,0,0,0.0,0.644_0.0_0.703,SYNTHETIC
2025-06-17,Kerala,33406061,35.2,30.0,24.9,67.9,1.8,42.6,28.7,False,0,28.41,0.08,0,0,0,0,0,0,0.0,0.582_0.0_0.679,SYNTHETIC
2025-06-18,Kerala,33406061,32.2,27.4,22.6,61.9,4.5,37.6,26.3,False,0,28.12,0.05,0,0,0,0,0,0,0.0,0.417_0.0_0.619,SYNTHETIC
2025-06-19,Kerala,33406061,35.0,31.1,27.3,63.7,1.8,41.0,29.4,False,0,28.05,0.08,0,0,0,0,0,0,0.0,0.629_0.0_0.637,SYNTHETIC
2025-06-20,Kerala,33406061,33.3,29.2,25.0,65.5,3.7,39.9,27.7,False,0,28.27,0.06,0,0,0,0,0,0,0.0,0.515_0.0_0.655,SYNTHETIC
2025-06-21,Kerala,33406061,33.3,29.5,25.8,65.1,1.9,39.8,28.0,False,0,28.2,0.06,0,0,0,0,0,0,0.0,0.532_0.0_0.651,SYNTHETIC
2025-06-22,Kerala,33406061,36.1,31.4,26.7,70.2,2.0,44.3,29.9,False,0,28.53,0.09,0,0,0,0,0,0,0.0,0.661_0.0_0.702,SYNTHETIC
2025-06-23,Kerala,33406061,35.9,31.5,27.1,71.4,3.8,44.4,29.9,False,0,28.57,0.09,0,0,0,0,0,0,0.0,0.663_0.0_0.714,SYNTHETIC
2025-06-24,Kerala,33406061,31.3,26.8,22.2,68.5,1.1,38.9,25.7,False,0,28.13,0.05,0,0,0,0,0,0,0.0,0.378_0.0_0.685,SYNTHETIC
2025-06-25,Kerala,33406061,32.9,28.7,24.6,62.9,4.3,38.6,27.3,False,0,28.28,0.05,9,6,3,1,6,2,0.0269,0.487_0.0_0.629,SYNTHETIC
2025-06-26,Kerala,33406061,33.1,28.6,24.2,64.7,3.0,39.4,27.3,False,0,27.98,0.05,0,0,0,0,0,0,0.0,0.486_0.0_0.647,SYNTHETIC
2025-06-27,Kerala,33406061,34.0,28.8,23.7,76.3,3.9,44.1,27.7,False,0,27.98,0.07,0,0,0,0,0,0,0.0,0.516_0.0_0.763,SYNTHETIC
2025-06-28,Kerala,33406061,33.9,30.5,27.1,67.7,4.0,41.3,28.8,False,0,28.1,0.06,0,0,0,0,0,0,0.0,0.587_0.0_0.677,SYNTHETIC
2025-06-29,Kerala,33406061,35.8,32.7,29.7,61.8,1.1,41.2,30.7,False,0,28.21,0.09,0,0,0,0,0,0,0.0,0.713_0.0_0.618,SYNTHETIC
2025-06-30,Kerala,33406061,33.2,30.1,27.0,74.0,4.7,42.6,28.4,False,0,27.99,0.06,0,0,0,0,0,0,0.0,0.563_0.0_0.74,SYNTHETIC
2025-07-01,Kerala,33406061,33.1,29.3,25.6,64.8,5.0,39.5,27.8,False,0,28.3,0.05,0,0,0,0,0,0,0.0,0.52_0.0_0.648,SYNTHETIC
2025-07-02,Kerala,33406061,33.7,28.8,23.9,71.1,4.0,42.2,27.7,False,0,28.35,0.06,0,0,0,0,0,0,0.0,0.51_0.0_0.711,SYNTHETIC
2025-07-03,Kerala,33406061,33.8,29.2,24.6,76.8,5.0,44.2,28.0,False,0,28.44,0.06,0,0,0,0,0,0,0.0,0.532_0.0_0.768,SYNTHETIC
2025-07-04,Kerala,33406061,34.6,30.0,25.3,70.6,4.1,42.9,28.6,False,0,28.57,0.07,0,0,0,0,0,0,0.0,0.574_0.0_0.706,SYNTHETIC
2025-07-05,Kerala,33406061,34.2,31.1,28.1,61.6,2.1,39.5,29.2,False,0,28.63,0.07,0,0,0,0,0,0,0.0,0.616_0.0_0.616,SYNTHETIC
2025-07-06,Kerala,33406061,35.0,29.7,24.3,69.5,1.8,43.0,28.5,False,0,28.31,0.08,0,0,0,0,0,0,0.0,0.565_0.0_0.695,SYNTHETIC
2025-07-07,Kerala,33406061,35.0,29.1,23.1,77.3,3.1,45.5,28.1,False,0,28.27,0.08,0,0,0,0,0,0,0.0,0.541_0.0_0.773,SYNTHETIC
2025-07-08,Kerala,33406061,34.0,29.2,24.4,71.2,2.8,42.5,27.9,False,0,28.29,0.07,0,0,0,0,0,0,0.0,0.529_0.0_0.712,SYNTHETIC
2025-07-09,Kerala,33406061,32.3,27.8,23.3,73.8,4.2,41.7,26.7,False,0,28.15,0.05,0,0,0,0,0,0,0.0,0.445_0.0_0.738,SYNTHETIC
2025-07-10,Kerala,33406061,35.1,31.7,28.2,70.0,5.0,43.2,29.9,False,0,28.42,0.08,0,0,0,0,0,0,0.0,0.659_0.0_0.7,SYNTHETIC
2025-07-11,Kerala,33406061,35.0,29.4,23.8,74.2,5.0,44.5,28.3,False,0,28.38,0.08,0,0,0,0,0,0,0.0,0.555_0.0_0.742,SYNTHETIC
2025-07-12,Kerala,33406061,33.1,28.4,23.6,76.5,3.0,43.4,27.3,False,0,28.1,0.05,0,0,0,0,0,0,0.0,0.483_0.0_0.765,SYNTHETIC
2025-07-13,Kerala,33406061,33.6,30.4,27.1,77.2,3.2,44.1,28.7,False,0,28.13,0.06,0,0,0,0,0,0,0.0,0.583_0.0_0.772,SYNTHETIC
2025-07-14,Kerala,33406061,31.6,25.9,20.2,70.2,1.7,39.8,25.2,False,0,27.71,0.05,0,0,0,0,0,0,0.0,0.343_0.0_0.702,SYNTHETIC
2025-07-15,Kerala,33406061,32.4,29.2,26.0,73.0,2.5,41.5,27.7,False,0,27.67,0.05,0,0,0,0,0,0,0.0,0.511_0.0_0.73,SYNTHETIC
2025-07-16,Kerala,33406061,34.4,31.2,28.1,71.4,3.7,43.0,29.5,False,0,28.07,0.07,1,1,0,1,0,0,0.003,0.631_0.0_0.714,SYNTHETIC
2025-07-17,Kerala,33406061,34.4,29.2,24.0,76.7,1.4,44.7,28.1,False,0,27.81,0.07,1,1,0,0,1,0,0.003,0.54_0.0_0.767,SYNTHETIC
2025-07-18,Kerala,33406061,33.7,28.0,22.2,67.0,2.6,40.8,27.0,False,0,27.63,0.06,0,0,0,0,0,0,0.0,0.468_0.0_0.67,SYNTHETIC
2025-07-19,Kerala,33406061,33.7,29.4,25.0,68.8,4.8,41.4,28.0,False,0,27.74,0.06,0,0,0,0,0,0,0.0,0.534_0.0_0.688,SYNTHETIC
2025-07-20,Kerala,33406061,34.4,29.5,24.7,71.2,3.5,42.8,28.3,False,0,27.67,0.07,0,0,0,0,0,0,0.0,0.551_0.0_0.712,SYNTHETIC
2025-07-21,Kerala,33406061,32.3,27.9,23.5,71.8,3.7,41.0,26.7,False,0,27.89,0.05,1,1,0,0,1,0,0.003,0.449_0.0_0.718,SYNTHETIC
2025-07-22,Kerala,33406061,31.8,27.8,23.8,69.3,2.1,39.7,26.5,False,0,27.73,0.05,0,0,0,0,0,0,0.0,0.433_0.0_0.693,SYNTHETIC
2025-07-23,Kerala,33406061,31.1,27.6,24.1,70.6,2.4,39.4,26.3,False,0,27.27,0.05,0,0,0,0,0,0,0.0,0.417_0.0_0.706,SYNTHETIC
2025-07-24,Kerala,33406061,35.5,31.0,26.6,83.6,3.2,48.1,29.6,False,0,27.49,0.08,0,0,0,0,0,0,0.0,0.643_0.0_0.836,SYNTHETIC
2025-07-25,Kerala,33406061,32.3,29.1,25.9,76.3,4.9,42.4,27.6,False,0,27.56,0.05,6,5,1,0,4,2,0.018,0.504_0.0_0.763,SYNTHETIC
2025-07-26,Kerala,33406061,30.2,25.8,21.4,71.8,4.3,38.9,24.8,False,0,27.11,0.05,0,0,0,0,0,0,0.0,0.32_0.0_0.718,SYNTHETIC
2025-07-27,Kerala,33406061,31.0,26.9,22.8,72.4,2.3,39.9,25.8,False,0,26.75,0.05,0,0,0,0,0,0,0.0,0.384_0.0_0.724,SYNTHETIC
2025-07-28,Kerala,33406061,33.1,27.8,22.5,73.7,4.0,42.4,26.8,False,0,26.76,0.05,2,2,0,1,1,0,0.006,0.456_0.0_0.737,SYNTHETIC
2025-07-29,Kerala,33406061,32.5,29.0,25.5,73.0,1.1,41.6,27.5,False,0,26.91,0.05,2,1,1,1,0,1,0.006,0.502_0.0_0.73,SYNTHETIC
2025-07-30,Kerala,33406061,31.0,25.3,19.6,82.0,2.2,43.1,24.7,False,0,26.7,0.05,0,0,0,0,0,0,0.0,0.317_0.0_0.82,SYNTHETIC
2025-07-31,Kerala,33406061,33.3,28.0,22.7,68.4,3.5,40.9,27.0,False,0,26.31,0.06,0,0,0,0,0,0,0.0,0.464_0.0_0.684,SYNTHETIC
2025-08-01,Kerala,33406061,32.5,26.8,21.1,82.8,2.6,44.9,26.1,False,0,26.11,0.05,0,0,0,0,0,0,0.0,0.407_0.0_0.828,SYNTHETIC
2025-08-02,Kerala,33406061,29.8,26.0,22.2,77.7,1.2,40.4,24.9,False,0,26.13,0.05,0,0,0,0,0,0,0.0,0.329_0.0_0.777,SYNTHETIC
2025-08-03,Kerala,33406061,34.4,29.9,25.4,80.6,4.6,46.0,28.6,False,0,26.53,0.07,4,3,1,1,2,1,0.012,0.572_0.0_0.806,SYNTHETIC
2025-08-04,Kerala,33406061,32.6,29.5,26.4,87.6,3.4,46.5,28.0,False,0,26.7,0.05,0,0,0,0,0,0,0.0,0.535_0.0_0.876,SYNTHETIC
2025-08-05,Kerala,33406061,31.8,27.6,23.5,74.7,4.4,41.4,26.4,False,0,26.54,0.05,2,2,0,0,1,1,0.006,0.429_0.0_0.747,SYNTHETIC
2025-08-06,Kerala,33406061,31.1,27.3,23.5,80.9,3.0,42.8,26.1,False,0,26.74,0.05,0,0,0,0,0,0,0.0,0.407_0.0_0.809,SYNTHETIC
2025-08-07,Kerala,33406061,32.4,29.1,25.8,87.0,1.7,46.1,27.7,False,0,26.85,0.05,0,0,0,0,0,0,0.0,0.514_0.0_0.87,SYNTHETIC
2025-08-08,Kerala,33406061,32.9,29.7,26.5,80.7,4.3,44.6,28.2,False,0,27.14,0.05,0,0,0,0,0,0,0.0,0.546_0.0_0.807,SYNTHETIC
2025-08-09,Kerala,33406061,31.3,28.2,25.1,89.1,1.1,45.7,26.9,False,0,27.42,0.05,0,0,0,0,0,0,0.0,0.46_0.0_0.891,SYNTHETIC
2025-08-10,Kerala,33406061,32.3,26.5,20.7,75.8,2.6,42.3,25.8,False,0,27.02,0.05,0,0,0,0,0,0,0.0,0.385_0.0_0.758,SYNTHETIC
2025-08-11,Kerala,33406061,31.8,26.1,20.5,83.7,2.0,44.4,25.5,False,0,26.66,0.05,0,0,0,0,0,0,0.0,0.367_0.0_0.837,SYNTHETIC
2025-08-12,Kerala,33406061,31.1,25.4,19.7,75.1,4.3,40.9,24.8,False,0,26.42,0.05,0,0,0,0,0,0,0.0,0.319_0.0_0.751,SYNTHETIC
2025-08-13,Kerala,33406061,29.5,25.0,20.5,74.3,2.8,39.0,24.1,False,0,26.14,0.05,0,0,0,0,0,0,0.0,0.274_0.0_0.743,SYNTHETIC
2025-08-14,Kerala,33406061,31.5,26.6,21.7,86.9,3.9,45.2,25.8,False,0,25.87,0.05,0,0,0,0,0,0,0.0,0.387_0.0_0.869,SYNTHETIC
2025-08-15,Kerala,33406061,32.0,26.4,20.9,90.9,4.5,46.9,25.8,False,0,25.52,0.05,0,0,0,0,0,0,0.0,0.385_0.0_0.909,SYNTHETIC
2025-08-16,Kerala,33406061,33.5,29.9,26.2,83.8,1.9,46.1,28.4,False,0,25.74,0.06,0,0,0,0,0,0,0.0,0.562_0.0_0.838,SYNTHETIC
2025-08-17,Kerala,33406061,31.3,26.0,20.6,77.7,1.7,42.0,25.2,False,0,25.66,0.05,0,0,0,0,0,0,0.0,0.348_0.0_0.777,SYNTHETIC
2025-08-18,Kerala,33406061,32.2,26.5,20.8,75.4,4.1,42.1,25.7,False,0,25.69,0.05,0,0,0,0,0,0,0.0,0.382_0.0_0.754,SYNTHETIC
2025-08-19,Kerala,33406061,33.6,27.7,21.8,85.3,2.0,46.8,27.0,False,0,26.01,0.06,0,0,0,0,0,0,0.0,0.465_0.0_0.853,SYNTHETIC
2025-08-20,Kerala,33406061,30.9,26.4,21.8,76.9,2.3,41.3,25.4,False,0,26.19,0.05,3,2,1,0,3,0,0.009,0.36_0.0_0.769,SYNTHETIC
2025-08-21,Kerala,33406061,28.8,25.0,21.2,79.8,4.9,40.1,24.0,False,0,25.94,0.05,0,0,0,0,0,0,0.0,0.27_0.0_0.798,SYNTHETIC
2025-08-22,Kerala,33406061,30.1,27.0,23.9,85.6,2.6,43.4,25.8,False,0,25.94,0.05,0,0,0,0,0,0,0.0,0.387_0.0_0.856,SYNTHETIC
2025-08-23,Kerala,33406061,33.4,28.4,23.4,87.5,4.8,47.3,27.4,False,0,25.8,0.06,0,0,0,0,0,0,0.0,0.495_0.0_0.875,SYNTHETIC
2025-08-24,Kerala,33406061,29.9,23.9,18.0,72.0,1.4,38.6,23.5,False,0,25.55,0.05,4,4,0,2,0,2,0.012,0.23_0.0_0.72,SYNTHETIC
2025-08-25,Kerala,33406061,30.2,25.4,20.5,81.4,1.6,42.1,24.6,False,0,25.39,0.05,0,0,0,0,0,0,0.0,0.308_0.0_0.814,SYNTHETIC
2025-08-26,Kerala,33406061,32.1,26.5,20.9,82.4,2.4,44.3,25.8,False,0,25.22,0.05,0,0,0,0,0,0,0.0,0.388_0.0_0.824,SYNTHETIC
2025-08-27,Kerala,33406061,32.8,27.1,21.3,78.0,1.9,43.5,26.3,False,0,25.35,0.05,3,2,1,0,3,0,0.009,0.418_0.0_0.78,SYNTHETIC
2025-08-28,Kerala,33406061,30.0,25.4,20.7,86.0,2.0,43.4,24.6,False,0,25.43,0.05,3,3,0,0,2,1,0.009,0.309_0.0_0.86,SYNTHETIC
2025-08-29,Kerala,33406061,31.8,28.3,24.8,80.4,4.1,43.3,26.9,False,0,25.59,0.05,0,0,0,0,0,0,0.0,0.462_0.0_0.804,SYNTHETIC
2025-08-30,Kerala,33406061,31.6,28.2,24.7,78.3,3.8,42.4,26.8,False,0,25.51,0.05,3,2,1,1,1,1,0.009,0.454_0.0_0.783,SYNTHETIC
2025-08-31,Kerala,33406061,30.1,24.8,19.4,83.1,2.5,42.6,24.2,False,0,25.61,0.05,0,0,0,0,0,0,0.0,0.28_0.0_0.831,SYNTHETIC
2025-09-01,Kerala,33406061,30.5,25.7,20.9,89.6,3.4,45.1,25.0,False,0,25.66,0.05,0,0,0,0,0,0,0.0,0.332_0.0_0.896,SYNTHETIC
2025-09-02,Kerala,33406061,31.2,27.6,24.1,84.9,3.1,44.2,26.4,False,0,25.75,0.05,2,1,1,0,1,1,0.006,0.428_0.0_0.849,SYNTHETIC
2025-09-03,Kerala,33406061,31.3,26.3,21.4,89.4,3.2,45.8,25.6,False,0,25.65,0.05,0,0,0,0,0,0,0.0,0.372_0.0_0.894,SYNTHETIC
2025-09-04,Kerala,33406061,25.3,21.8,18.3,90.9,2.1,40.3,21.2,False,0,25.16,0.05,0,0,0,0,0,0,0.0,0.082_0.0_0.909,SYNTHETIC
2025-09-05,Kerala,33406061,31.9,27.1,22.3,77.1,1.6,42.4,26.1,False,0,25.05,0.05,0,0,0,0,0,0,0.0,0.408_0.0_0.771,SYNTHETIC
2025-09-06,Kerala,33406061,30.2,25.9,21.7,86.4,3.2,43.7,25.1,False,0,24.8,0.05,0,0,0,0,0,0,0.0,0.338_0.0_0.864,SYNTHETIC
2025-09-07,Kerala,33406061,31.7,27.8,23.8,87.7,4.4,45.7,26.7,False,0,25.15,0.05,0,0,0,0,0,0,0.0,0.444_0.0_0.877,SYNTHETIC
2025-09-08,Kerala,33406061,30.2,24.5,18.8,96.6,2.5,47.1,24.2,False,0,25.03,0.05,0,0,0,0,0,0,0.0,0.277_0.0_0.966,SYNTHETIC
2025-09-09,Kerala,33406061,32.4,26.8,21.3,89.8,4.9,47.1,26.2,False,0,25.0,0.05,0,0,0,0,0,0,0.0,0.411_0.0_0.898,SYNTHETIC
2025-09-10,Kerala,33406061,31.1,25.9,20.7,86.1,4.8,44.5,25.2,False,0,24.94,0.05,1,1,0,0,1,0,0.003,0.347_0.0_0.861,SYNTHETIC
2025-09-11,Kerala,33406061,30.8,26.2,21.7,84.4,3.1,43.6,25.4,False,0,25.54,0.05,9,6,3,1,7,1,0.0269,0.358_0.0_0.844,SYNTHETIC
2025-09-12,Kerala,33406061,28.5,24.7,21.0,91.9,1.0,43.8,23.9,False,0,25.22,0.05,0,0,0,0,0,0,0.0,0.261_0.0_0.919,SYNTHETIC
2025-09-13,Kerala,33406061,34.3,30.4,26.5,90.7,1.1,49.3,29.1,False,0,25.79,0.07,0,0,0,0,0,0,0.0,0.605_0.0_0.907,SYNTHETIC
2025-09-14,Kerala,33406061,30.1,25.8,21.4,93.9,3.1,46.1,25.0,False,0,25.55,0.05,0,0,0,0,0,0,0.0,0.333_0.0_0.939,SYNTHETIC
2025-09-15,Kerala,33406061,29.6,24.6,19.7,77.8,3.0,40.3,24.0,False,0,25.52,0.05,0,0,0,0,0,0,0.0,0.263_0.0_0.778,SYNTHETIC
2025-09-16,Kerala,33406061,33.5,27.8,22.2,89.4,2.7,48.0,27.1,False,0,25.65,0.06,0,0,0,0,0,0,0.0,0.471_0.0_0.894,SYNTHETIC
2025-09-17,Kerala,33406061,31.7,25.8,20.0,91.7,1.2,47.0,25.3,False,0,25.67,0.05,0,0,0,0,0,0,0.0,0.356_0.0_0.917,SYNTHETIC
2025-09-18,Kerala,33406061,29.1,25.7,22.4,99.0,3.4,46.7,24.8,False,0,25.59,0.05,1,0,1,0,0,1,0.003,0.321_0.0_0.99,SYNTHETIC
2025-09-19,Kerala,33406061,29.1,24.8,20.5,85.7,2.6,42.4,24.1,False,0,25.61,0.05,0,0,0,0,0,0,0.0,0.27_0.0_0.857,SYNTHETIC
2025-09-20,Kerala,33406061,30.1,26.9,23.8,87.2,3.8,43.8,25.7,False,0,25.14,0.05,3,3,0,0,1,2,0.009,0.383_0.0_0.872,SYNTHETIC
2025-09-21,Kerala,33406061,30.5,26.3,22.0,87.8,5.0,44.5,25.4,False,0,25.19,0.05,0,0,0,0,0,0,0.0,0.358_0.0_0.878,SYNTHETIC
2025-09-22,Kerala,33406061,29.7,24.3,19.0,90.4,3.5,44.5,23.9,False,0,25.18,0.05,0,0,0,0,0,0,0.0,0.259_0.0_0.904,SYNTHETIC
2025-09-23,Kerala,33406061,33.5,30.2,26.9,93.8,2.9,49.4,28.8,False,0,25.43,0.06,0,0,0,0,0,0,0.0,0.586_0.0_0.938,SYNTHETIC
2025-09-24,Kerala,33406061,28.2,23.2,18.3,87.0,4.5,41.9,22.8,False,0,25.06,0.05,0,0,0,0,0,0,0.0,0.184_0.0_0.87,SYNTHETIC
2025-09-25,Kerala,33406061,29.5,25.4,21.2,84.9,3.0,42.5,24.5,False,0,25.01,0.05,1,1,0,0,1,0,0.003,0.301_0.0_0.849,SYNTHETIC
2025-09-26,Kerala,33406061,31.3,25.4,19.5,90.8,3.6,46.2,24.9,False,0,25.14,0.05,0,0,0,0,0,0,0.0,0.33_0.0_0.908,SYNTHETIC
2025-09-27,Kerala,33406061,32.5,28.8,25.2,91.7,2.5,47.7,27.6,False,0,25.4,0.05,0,0,0,0,0,0,0.0,0.506_0.0_0.917,SYNTHETIC
2025-09-28,Kerala,33406061,28.7,24.0,19.3,94.5,4.6,44.9,23.5,False,0,25.14,0.05,0,0,0,0,0,0,0.0,0.234_0.0_0.945,SYNTHETIC
2025-09-29,Kerala,33406061,30.3,26.2,22.0,96.0,4.7,47.0,25.3,False,0,25.35,0.05,0,0,0,0,0,0,0.0,0.356_0.0_0.96,SYNTHETIC
2025-09-30,Kerala,33406061,29.0,23.3,17.7,90.2,2.8,43.7,23.0,False,0,24.53,0.05,0,0,0,0,0,0,0.0,0.202_0.0_0.902,SYNTHETIC
2025-10-01,Kerala,33406061,29.0,23.3,17.6,92.1,1.9,44.4,23.0,False,0,24.56,0.05,0,0,0,0,0,0,0.0,0.202_0.0_0.921,SYNTHETIC
2025-10-02,Kerala,33406061,30.3,26.7,23.1,95.5,2.1,46.8,25.7,False,0,24.74,0.05,0,0,0,0,0,0,0.0,0.381_0.0_0.955,SYNTHETIC
2025-10-03,Kerala,33406061,27.1,22.8,18.4,88.3,1.3,41.3,22.3,False,0,24.35,0.05,1,0,1,0,1,0,0.003,0.15_0.0_0.883,SYNTHETIC
2025-10-04,Kerala,33406061,30.0,24.1,18.2,92.1,2.9,45.4,23.8,False,0,23.81,0.05,0,0,0,0,0,0,0.0,0.253_0.0_0.921,SYNTHETIC
2025-10-05,Kerala,33406061,30.0,25.1,20.3,87.0,3.2,43.7,24.5,False,0,23.95,0.05,0,0,0,0,0,0,0.0,0.298_0.0_0.87,SYNTHETIC
2025-10-06,Kerala,33406061,28.4,25.3,22.3,88.3,2.0,42.5,24.3,False,0,23.8,0.05,0,0,0,0,0,0,0.0,0.287_0.0_0.883,SYNTHETIC
2025-10-07,Kerala,33406061,28.4,24.3,20.1,99.0,2.8,46.0,23.6,False,0,23.89,0.05,0,0,0,0,0,0,0.0,0.243_0.0_0.99,SYNTHETIC
2025-10-08,Kerala,33406061,30.5,26.5,22.4,98.8,1.8,48.2,25.6,False,0,24.26,0.05,0,0,0,0,0,0,0.0,0.374_0.0_0.988,SYNTHETIC
2025-10-09,Kerala,33406061,30.3,26.6,23.0,89.1,3.1,44.7,25.6,False,0,24.24,0.05,0,0,0,0,0,0,0.0,0.374_0.0_0.891,SYNTHETIC
2025-10-10,Kerala,33406061,29.1,24.8,20.5,91.9,3.4,44.4,24.1,False,0,24.51,0.05,0,0,0,0,0,0,0.0,0.274_0.0_0.919,SYNTHETIC
2025-10-11,Kerala,33406061,30.4,26.4,22.4,88.6,3.8,44.7,25.4,False,0,24.74,0.05,0,0,0,0,0,0,0.0,0.363_0.0_0.886,SYNTHETIC
2025-10-12,Kerala,33406061,30.3,25.6,20.8,98.4,2.4,47.8,24.9,False,0,24.81,0.05,0,0,0,0,0,0,0.0,0.329_0.0_0.984,SYNTHETIC
2025-10-13,Kerala,33406061,27.4,23.8,20.2,91.0,1.0,42.5,23.1,False,0,24.63,0.05,0,0,0,0,0,0,0.0,0.203_0.0_0.91,SYNTHETIC
2025-10-14,Kerala,33406061,29.5,23.7,18.0,95.6,3.8,46.0,23.5,False,0,24.6,0.05,0,0,0,0,0,0,0.0,0.23_0.0_0.956,SYNTHETIC
2025-10-15,Kerala,33406061,28.0,22.7,17.3,99.0,2.4,45.7,22.5,False,0,24.15,0.05,0,0,0,0,0,0,0.0,0.165_0.0_0.99,SYNTHETIC
2025-10-16,Kerala,33406061,26.8,21.5,16.2,87.7,1.4,40.7,21.3,False,0,23.54,0.05,0,0,0,0,0,0,0.0,0.086_0.0_0.877,SYNTHETIC
2025-10-17,Kerala,33406061,28.1,22.7,17.4,85.9,3.4,41.4,22.4,False,0,23.29,0.05,0,0,0,0,0,0,0.0,0.159_0.0_0.859,SYNTHETIC
2025-10-18,Kerala,33406061,30.3,24.6,19.0,99.0,3.8,48.0,24.3,False,0,23.13,0.05,0,0,0,0,0,0,0.0,0.287_0.0_0.99,SYNTHETIC
2025-10-19,Kerala,33406061,29.4,26.4,23.3,99.0,4.7,47.1,25.3,False,0,23.18,0.05,0,0,0,0,0,0,0.0,0.355_0.0_0.99,SYNTHETIC
2025-10-20,Kerala,33406061,27.3,22.8,18.3,89.7,4.9,41.9,22.3,False,0,23.08,0.05,0,0,0,0,0,0,0.0,0.155_0.0_0.897,SYNTHETIC
2025-10-21,Kerala,33406061,29.1,23.5,17.9,99.0,2.2,46.8,23.3,False,0,23.06,0.05,0,0,0,0,0,0,0.0,0.22_0.0_0.99,SYNTHETIC
2025-10-22,Kerala,33406061,25.7,20.9,16.0,93.8,4.2,41.7,20.7,False,0,22.8,0.05,0,0,0,0,0,0,0.0,0.046_0.0_0.938,SYNTHETIC
2025-10-23,Kerala,33406061,29.9,24.0,18.2,99.0,2.4,47.5,23.8,False,0,23.16,0.05,0,0,0,0,0,0,0.0,0.252_0.0_0.99,SYNTHETIC
2025-10-24,Kerala,33406061,25.8,22.6,19.4,96.0,3.5,42.5,22.0,False,0,23.1,0.05,0,0,0,0,0,0,0.0,0.132_0.0_0.96,SYNTHETIC
2025-10-25,Kerala,33406061,32.0,28.7,25.4,83.3,4.7,44.5,27.3,False,0,23.53,0.05,0,0,0,0,0,0,0.0,0.488_0.0_0.833,SYNTHETIC
2025-10-26,Kerala,33406061,32.1,28.9,25.8,94.7,2.1,48.4,27.6,False,0,23.86,0.05,1,1,0,0,1,0,0.003,0.508_0.0_0.947,SYNTHETIC
2025-10-27,Kerala,33406061,28.6,24.1,19.5,90.3,3.4,43.4,23.5,False,0,24.02,0.05,1,1,0,0,1,0,0.003,0.231_0.0_0.903,SYNTHETIC
2025-10-28,Kerala,33406061,28.5,25.4,22.4,97.1,3.6,45.5,24.5,False,0,24.19,0.05,0,0,0,0,0,0,0.0,0.299_0.0_0.971,SYNTHETIC
2025-10-29,Kerala,33406061,29.1,24.3,19.5,89.4,2.1,43.6,23.7,False,0,24.62,0.05,0,0,0,0,0,0,0.0,0.248_0.0_0.894,SYNTHETIC
2025-10-30,Kerala,33406061,27.9,22.4,16.9,97.8,2.7,45.2,22.3,False,0,24.41,0.05,0,0,0,0,0,0,0.0,0.151_0.0_0.978,SYNTHETIC
2025-10-31,Kerala,33406061,30.1,25.8,21.5,91.0,1.8,45.1,25.0,False,0,24.84,0.05,0,0,0,0,0,0,0.0,0.332_0.0_0.91,SYNTHETIC
2025-11-01,Kerala,33406061,27.4,23.4,19.4,88.7,3.7,41.7,22.8,False,0,24.18,0.05,0,0,0,0,0,0,0.0,0.184_0.0_0.887,SYNTHETIC
2025-11-02,Kerala,33406061,29.8,26.2,22.5,91.5,1.3,45.0,25.2,False,0,23.84,0.05,2,1,1,0,2,0,0.006,0.347_0.0_0.915,SYNTHETIC
2025-11-03,Kerala,33406061,25.8,20.1,14.4,93.5,1.7,41.6,20.2,False,0,23.37,0.05,0,0,0,0,0,0,0.0,0.01_0.0_0.935,SYNTHETIC
2025-11-04,Kerala,33406061,29.9,26.2,22.4,94.0,3.7,45.9,25.2,False,0,23.48,0.05,1,1,0,0,1,0,0.003,0.349_0.0_0.94,SYNTHETIC
2025-11-05,Kerala,33406061,30.2,24.6,19.0,99.0,2.4,47.9,24.3,False,0,23.55,0.05,0,0,0,0,0,0,0.0,0.284_0.0_0.99,SYNTHETIC
2025-11-06,Kerala,33406061,29.6,24.6,19.7,98.8,3.5,47.2,24.2,False,0,23.82,0.05,1,0,1,0,1,0,0.003,0.277_0.0_0.988,SYNTHETIC
2025-11-07,Kerala,33406061,29.7,25.1,20.5,86.8,1.6,43.3,24.4,False,0,23.73,0.05,0,0,0,0,0,0,0.0,0.29_0.0_0.868,SYNTHETIC
2025-11-08,Kerala,33406061,30.3,25.3,20.3,96.5,2.4,47.2,24.7,False,0,24.02,0.05,0,0,0,0,0,0,0.0,0.316_0.0_0.965,SYNTHETIC
2025-11-09,Kerala,33406061,29.8,25.6,21.4,95.9,4.8,46.4,24.8,False,0,23.96,0.05,1,1,0,0,1,0,0.003,0.322_0.0_0.959,SYNTHETIC
2025-11-10,Kerala,33406061,28.9,23.4,17.9,89.0,1.1,43.2,23.0,False,0,24.37,0.05,0,0,0,0,0,0,0.0,0.201_0.0_0.89,SYNTHETIC
2025-11-11,Kerala,33406061,26.8,21.1,15.3,98.1,4.1,44.2,21.1,False,0,23.78,0.05,0,0,0,0,0,0,0.0,0.073_0.0_0.981,SYNTHETIC
2025-11-12,Kerala,33406061,31.1,28.0,24.9,90.6,2.5,46.0,26.7,False,0,24.13,0.05,0,0,0,0,0,0,0.0,0.449_0.0_0.906,SYNTHETIC
2025-11-13,Kerala,33406061,30.7,24.7,18.7,97.8,2.4,47.9,24.4,False,0,24.17,0.05,0,0,0,0,0,0,0.0,0.293_0.0_0.978,SYNTHETIC
2025-11-14,Kerala,33406061,28.5,23.0,17.4,96.0,4.3,45.2,22.7,False,0,23.94,0.05,0,0,0,0,0,0,0.0,0.182_0.0_0.96,SYNTHETIC
2025-11-15,Kerala,33406061,33.7,29.9,26.1,99.0,4.6,51.4,28.7,False,0,24.5,0.06,0,0,0,0,0,0,0.0,0.579_0.0_0.99,SYNTHETIC
2025-11-16,Kerala,33406061,26.6,23.3,19.9,91.8,4.3,41.9,22.5,False,0,24.17,0.05,0,0,0,0,0,0,0.0,0.168_0.0_0.918,SYNTHETIC
2025-11-17,Kerala,33406061,29.2,24.8,20.5,99.0,3.6,46.9,24.2,False,0,24.34,0.05,2,2,0,0,1,1,0.006,0.281_0.0_0.99,SYNTHETIC
2025-11-18,Kerala,33406061,29.9,24.6,19.3,93.1,2.4,45.7,24.2,False,0,24.78,0.05,1,1,0,0,1,0,0.003,0.277_0.0_0.931,SYNTHETIC
2025-11-19,Kerala,33406061,27.2,24.1,21.0,97.9,2.7,44.5,23.3,False,0,24.29,0.05,0,0,0,0,0,0,0.0,0.221_0.0_0.979,SYNTHETIC
2025-11-20,Kerala,33406061,28.4,23.2,18.0,99.0,1.8,46.1,22.9,False,0,24.08,0.05,0,0,0,0,0,0,0.0,0.195_0.0_0.99,SYNTHETIC
2025-11-21,Kerala,33406061,28.5,24.2,19.8,99.0,4.4,46.2,23.6,False,0,24.2,0.05,0,0,0,0,0,0,0.0,0.24_0.0_0.99,SYNTHETIC
2025-11-22,Kerala,33406061,27.2,23.3,19.4,96.0,4.6,43.9,22.7,False,0,23.35,0.05,0,0,0,0,0,0,0.0,0.18_0.0_0.96,SYNTHETIC
2025-11-23,Kerala,33406061,30.0,27.0,23.9,91.3,3.7,45.2,25.8,False,0,23.82,0.05,0,0,0,0,0,0,0.0,0.387_0.0_0.913,SYNTHETIC
2025-11-24,Kerala,33406061,29.1,25.0,20.9,93.5,2.7,45.0,24.3,False,0,23.83,0.05,1,1,0,0,1,0,0.003,0.285_0.0_0.935,SYNTHETIC
2025-11-25,Kerala,33406061,27.8,22.3,16.8,89.0,4.0,42.2,22.1,False,0,23.53,0.05,0,0,0,0,0,0,0.0,0.138_0.0_0.89,SYNTHETIC
2025-11-26,Kerala,33406061,27.7,22.2,16.7,94.6,3.9,44.0,22.0,False,0,23.35,0.05,5,3,2,0,2,3,0.015,0.136_0.0_0.946,SYNTHETIC
2025-11-27,Kerala,33406061,29.5,25.6,21.8,91.5,3.6,44.6,24.7,False,0,23.6,0.05,0,0,0,0,0,0,0.0,0.315_0.0_0.915,SYNTHETIC
2025-11-28,Kerala,33406061,28.5,23.0,17.5,91.6,2.3,43.7,22.7,False,0,23.48,0.05,0,0,0,0,0,0,0.0,0.18_0.0_0.916,SYNTHETIC
2025-11-29,Kerala,33406061,31.2,25.5,19.8,97.6,4.7,48.4,25.1,False,0,23.81,0.05,0,0,0,0,0,0,0.0,0.338_0.0_0.976,SYNTHETIC
2025-11-30,Kerala,33406061,29.7,24.8,19.8,90.8,1.2,44.7,24.2,False,0,23.58,0.05,1,1,0,0,1,0,0.003,0.279_0.0_0.908,SYNTHETIC
2025-12-01,Kerala,33406061,28.9,23.6,18.3,91.2,4.7,44.0,23.2,False,0,23.43,0.05,0,0,0,0,0,0,0.0,0.213_0.0_0.912,SYNTHETIC
2025-12-02,Kerala,33406061,28.5,23.1,17.7,86.1,3.4,41.9,22.7,False,0,23.52,0.05,0,0,0,0,0,0,0.0,0.181_0.0_0.861,SYNTHETIC
2025-12-03,Kerala,33406061,30.7,26.3,21.9,94.8,2.1,47.0,25.5,False,0,24.02,0.05,0,0,0,0,0,0,0.0,0.368_0.0_0.948,SYNTHETIC
2025-12-04,Kerala,33406061,30.0,25.6,21.2,91.0,2.4,45.0,24.8,False,0,24.03,0.05,0,0,0,0,0,0,0.0,0.321_0.0_0.91,SYNTHETIC
2025-12-05,Kerala,33406061,29.7,26.6,23.5,93.5,2.5,45.5,25.5,False,0,24.43,0.05,0,0,0,0,0,0,0.0,0.366_0.0_0.935,SYNTHETIC
2025-12-06,Kerala,33406061,30.0,25.0,19.9,95.6,1.8,46.5,24.4,False,0,24.33,0.05,1,1,0,1,0,0,0.003,0.295_0.0_0.956,SYNTHETIC
2025-12-07,Kerala,33406061,28.6,24.7,20.9,90.2,3.4,43.3,23.9,False,0,24.3,0.05,0,0,0,0,0,0,0.0,0.261_0.0_0.902,SYNTHETIC
2025-12-08,Kerala,33406061,28.9,23.0,17.2,95.3,2.4,45.3,22.9,False,0,24.25,0.05,0,0,0,0,0,0,0.0,0.191_0.0_0.953,SYNTHETIC
2025-12-09,Kerala,33406061,31.8,28.6,25.5,95.8,1.0,48.4,27.4,False,0,24.91,0.05,0,0,0,0,0,0,0.0,0.49_0.0_0.958,SYNTHETIC
2025-12-10,Kerala,33406061,27.2,22.6,17.9,92.2,1.5,42.7,22.2,False,0,24.43,0.05,0,0,0,0,0,0,0.0,0.145_0.0_0.922,SYNTHETIC
2025-12-11,Kerala,33406061,28.7,25.4,22.1,94.5,3.0,44.9,24.5,False,0,24.38,0.05,0,0,0,0,0,0,0.0,0.298_0.0_0.945,SYNTHETIC
2025-12-12,Kerala,33406061,27.8,23.7,19.7,99.0,4.8,45.5,23.2,False,0,24.05,0.05,0,0,0,0,0,0,0.0,0.212_0.0_0.99,SYNTHETIC
2025-12-13,Kerala,33406061,29.1,24.8,20.5,95.1,1.5,45.5,24.1,False,0,24.01,0.05,0,0,0,0,0,0,0.0,0.274_0.0_0.951,SYNTHETIC
2025-12-14,Kerala,33406061,27.9,22.4,16.8,90.5,2.6,42.8,22.1,False,0,23.76,0.05,0,0,0,0,0,0,0.0,0.143_0.0_0.905,SYNTHETIC
2025-12-15,Kerala,33406061,30.1,24.2,18.4,92.4,1.6,45.6,23.9,False,0,23.91,0.05,0,0,0,0,0,0,0.0,0.26_0.0_0.924,SYNTHETIC
2025-12-16,Kerala,33406061,30.4,25.0,19.6,85.3,1.5,43.5,24.4,False,0,23.49,0.05,0,0,0,0,0,0,0.0,0.296_0.0_0.853,SYNTHETIC
2025-12-17,Kerala,33406061,28.8,23.6,18.3,99.0,2.5,46.5,23.3,False,0,23.64,0.05,0,0,0,0,0,0,0.0,0.217_0.0_0.99,SYNTHETIC
2025-12-18,Kerala,33406061,30.4,24.6,18.8,91.6,2.0,45.6,24.2,False,0,23.6,0.05,1,1,0,0,1,0,0.003,0.28_0.0_0.916,SYNTHETIC
2025-12-19,Kerala,33406061,28.5,24.2,19.9,89.5,4.0,43.0,23.5,False,0,23.65,0.05,0,0,0,0,0,0,0.0,0.234_0.0_0.895,SYNTHETIC
2025-12-20,Kerala,33406061,29.5,26.4,23.4,93.0,1.7,45.2,25.3,False,0,23.83,0.05,0,0,0,0,0,0,0.0,0.356_0.0_0.93,SYNTHETIC
2025-12-21,Kerala,33406061,30.7,26.7,22.7,97.7,3.2,47.9,25.8,False,0,24.35,0.05,0,0,0,0,0,0,0.0,0.388_0.0_0.977,SYNTHETIC
2025-12-22,Kerala,33406061,30.0,26.4,22.9,97.9,3.3,47.3,25.5,False,0,24.58,0.05,0,0,0,0,0,0,0.0,0.366_0.0_0.979,SYNTHETIC
2025-12-23,Kerala,33406061,27.0,21.3,15.5,88.3,2.5,41.2,21.2,False,0,24.11,0.05,1,0,1,0,1,0,0.003,0.079_0.0_0.883,SYNTHETIC
2025-12-24,Kerala,33406061,29.0,25.7,22.4,97.2,3.7,46.1,24.7,False,0,24.33,0.05,0,0,0,0,0,0,0.0,0.316_0.0_0.972,SYNTHETIC
2025-12-25,Kerala,33406061,29.6,24.2,18.7,93.7,3.0,45.5,23.8,False,0,24.27,0.05,0,0,0,0,0,0,0.0,0.252_0.0_0.937,SYNTHETIC
2025-12-26,Kerala,33406061,30.3,26.6,23.0,82.4,2.8,42.5,25.5,False,0,24.55,0.05,0,0,0,0,0,0,0.0,0.368_0.0_0.824,SYNTHETIC
2025-12-27,Kerala,33406061,30.4,27.3,24.2,85.7,2.6,43.6,26.0,False,0,24.65,0.05,0,0,0,0,0,0,0.0,0.402_0.0_0.857,SYNTHETIC
2025-12-28,Kerala,33406061,29.5,24.6,19.7,90.6,2.3,44.4,24.0,False,0,24.39,0.05,0,0,0,0,0,0,0.0,0.268_0.0_0.906,SYNTHETIC
2025-12-29,Kerala,33406061,30.5,27.3,24.1,89.2,1.9,44.9,26.1,False,0,24.48,0.05,0,0,0,0,0,0,0.0,0.407_0.0_0.892,SYNTHETIC
2025-12-30,Kerala,33406061,31.2,26.4,21.6,88.3,2.6,45.3,25.6,False,0,25.11,0.05,0,0,0,0,0,0,0.0,0.374_0.0_0.883,SYNTHETIC
2025-12-31,Kerala,33406061,28.3,23.0,17.7,82.3,2.9,40.4,22.6,False,0,24.8,0.05,4,3,1,0,2,2,0.012,0.171_0.0_0.823,SYNTHETIC
