date,state,data_type,population,elderly_population_percent,working_age_population_percent,under_30_population_percent,outdoor_worker_fraction,urban_population_percent,maximum_temperature_c,minimum_temperature_c,mean_temperature_c,relative_humidity_percent,wind_speed_mps,dew_point_c,heat_index_c,heat_index_f,wbgt_c,wbgt_category,hours_above_heat_threshold,nighttime_min_temperature_c,heatwave_day,consecutive_hot_days,temperature_anomaly_c,humidity_anomaly_percent,heat_duration_hours,consecutive_heat_days,nighttime_heat_stress,humidity_burden,outdoor_exposure_index,urban_heat_index,population_exposure_index,vulnerability_index,public_health_response_index,healthcare_access_index,heat_action_plan_index,cooling_access_index,heat_exposure_index,heat_exposure_lag_1,heat_exposure_lag_2,heat_exposure_lag_3,heat_exposure_lag_7,cumulative_heat_load_3day,cumulative_heat_load_7day,expected_heatstroke_deaths,expected_other_heat_related_deaths,expected_heat_related_deaths,heatstroke_deaths,other_heat_related_deaths,heat_related_deaths_total,heat_related_deaths_male,heat_related_deaths_female,heatstroke_deaths_male,heatstroke_deaths_female,heat_related_deaths_under_30,heat_related_deaths_30_59,heat_related_deaths_60_plus,mortality_anomaly,heat_related_mortality_rate_per_100000,heatstroke_mortality_rate_per_100000,thermal_signature
2025-09-24,Tamil Nadu,SYNTHETIC,77000000,13.0,40.0,47.0,0.36,55.0,29.44,23.22,26.33,84.1,1.61,23.43,33.74,92.74,27.1,LOW,0,23.9,False,0,-1.72,7.4,0,0,0.0,0.679,0.622,0.455,0.789,0.52,0.54,0.789,0.6,0.558,0.0275,0.0305,0.0382,0.0469,0.1493,0.0962,0.3528,0.015,0.0412,0.0562,0,0,0,0,0,0,0,0,0,0,-0.0562,0.0,0.0,"{""max_temperature_c"": 29.44, ""mean_temperature_c"": 26.33, ""humidity_percent"": 84.1, ""wbgt_c"": 27.1, ""heat_index_c"": 33.74, ""heat_duration_hours"": 0, ""consecutive_heat_days"": 0}"
2025-09-24,Kerala,SYNTHETIC,35800000,17.0,45.0,38.0,0.28,50.0,30.19,24.7,27.45,89.0,1.94,25.47,37.08,98.74,28.44,CAUTION,0,25.34,False,0,-0.1,6.4,0,0,0.223,0.933,0.417,0.427,0.466,0.498,0.595,0.85,0.65,0.576,0.0827,0.0478,0.0633,0.0327,0.0,0.1938,0.2812,0.00382,0.01125,0.01507,0,0,0,0,0,0,0,0,0,0,-0.01507,0.0,0.0,"{""max_temperature_c"": 30.19, ""mean_temperature_c"": 27.45, ""humidity_percent"": 89.0, ""wbgt_c"": 28.44, ""heat_index_c"": 37.08, ""heat_duration_hours"": 0, ""consecutive_heat_days"": 0}"
2025-09-24,Karnataka,SYNTHETIC,68000000,11.5,38.5,50.0,0.45,42.0,28.3,20.92,24.61,76.1,5.69,20.12,30.06,86.1,24.81,LOW,0,21.45,False,0,-0.26,0.1,0,0,0.0,0.265,0.746,0.351,0.717,0.555,0.503,0.678,0.55,0.485,0.0,0.0,0.0,0.0,0.0,0.0,0.0,0.01191,0.0352,0.04711,0,0,0,0,0,0,0,0,0,0,-0.04711,0.0,0.0,"{""max_temperature_c"": 28.3, ""mean_temperature_c"": 24.61, ""humidity_percent"": 76.1, ""wbgt_c"": 24.81, ""heat_index_c"": 30.06, ""heat_duration_hours"": 0, ""consecutive_heat_days"": 0}"
2025-09-25,Tamil Nadu,SYNTHETIC,77000000,13.0,40.0,47.0,0.36,55.0,28.99,22.34,25.66,82.4,2.8,22.43,32.3,90.13,26.33,LOW,0,22.94,False,0,-2.1,5.5,0,0,0.0,0.554,0.592,0.401,0.783,0.523,0.537,0.789,0.6,0.562,0.0082,0.0275,0.0305,0.0382,0.0185,0.0662,0.3426,0.0143,0.03994,0.05424,0,0,0,0,0,0,0,0,0,0,-0.05424,0.0,0.0,"{""max_temperature_c"": 28.99, ""mean_temperature_c"": 25.66, ""humidity_percent"": 82.4, ""wbgt_c"": 26.33, ""heat_index_c"": 32.3, ""heat_duration_hours"": 0, ""consecutive_heat_days"": 0}"
2025-09-25,Kerala,SYNTHETIC,35800000,17.0,45.0,38.0,0.28,50.0,29.03,24.96,27.0,97.0,3.18,26.48,36.27,97.29,28.14,CAUTION,0,25.51,False,0,-1.26,14.4,0,0,0.252,1.0,0.43,0.367,0.469,0.495,0.6,0.847,0.65,0.574,0.0603,0.0827,0.0478,0.0633,0.0318,0.1909,0.3097,0.00381,0.01116,0.01497,0,0,0,0,0,0,0,0,0,0,-0.01497,0.0,0.0,"{""max_temperature_c"": 29.03, ""mean_temperature_c"": 27.0, ""humidity_percent"": 97.0, ""wbgt_c"": 28.14, ""heat_index_c"": 36.27, ""heat_duration_hours"": 0, ""consecutive_heat_days"": 0}"
2025-09-25,Karnataka,SYNTHETIC,68000000,11.5,38.5,50.0,0.45,42.0,28.46,19.56,24.01,78.1,1.59,19.96,30.16,86.29,25.19,LOW,0,20.02,False,0,-0.09,2.1,0,0,0.0,0.245,0.709,0.302,0.709,0.555,0.519,0.679,0.55,0.48,0.0,0.0,0.0,0.0,0.0,0.0,0.0,0.01144,0.03447,0.04591,1,0,1,1,0,1,0,0,1,0,0.95409,0.001471,0.001471,"{""max_temperature_c"": 28.46, ""mean_temperature_c"": 24.01, ""humidity_percent"": 78.1, ""wbgt_c"": 25.19, ""heat_index_c"": 30.16, ""heat_duration_hours"": 0, ""consecutive_heat_days"": 0}"
2025-09-26,Tamil Nadu,SYNTHETIC,77000000,13.0,40.0,47.0,0.36,55.0,28.95,22.86,25.9,85.8,0.98,23.35,32.95,91.31,26.69,LOW,0,23.57,False,0,-2.07,8.8,0,0,0.0,0.668,0.579,0.472,0.781,0.514,0.538,0.79,0.6,0.564,0.0173,0.0082,0.0275,0.0305,0.0393,0.053,0.3206,0.01386,0.03889,0.05275,0,0,0,0,0,0,0,0,0,0,-0.05275,0.0,0.0,"{""max_temperature_c"": 28.95, ""mean_temperature_c"": 25.9, ""humidity_percent"": 85.8, ""wbgt_c"": 26.69, ""heat_index_c"": 32.95, ""heat_duration_hours"": 0, ""consecutive_heat_days"": 0}"
2025-09-26,Kerala,SYNTHETIC,35800000,17.0,45.0,38.0,0.28,50.0,30.02,25.38,27.7,96.7,1.68,27.13,39.08,102.34,28.88,CAUTION,0,25.96,False,0,-0.28,14.1,0,0,0.327,1.0,0.442,0.391,0.471,0.506,0.616,0.846,0.65,0.575,0.116,0.0603,0.0827,0.0478,0.0228,0.259,0.4028,0.00404,0.01184,0.01588,0,0,0,0,0,0,0,0,0,0,-0.01588,0.0,0.0,"{""max_temperature_c"": 30.02, ""mean_temperature_c"": 27.7, ""humidity_percent"": 96.7, ""wbgt_c"": 28.88, ""heat_index_c"": 39.08, ""heat_duration_hours"": 0, ""consecutive_heat_days"": 0}"
2025-09-26,Karnataka,SYNTHETIC,68000000,11.5,38.5,50.0,0.45,42.0,28.87,21.0,24.94,77.9,7.38,20.81,31.09,87.96,25.28,LOW,0,21.48,False,0,0.32,1.9,0,0,0.0,0.352,0.721,0.315,0.712,0.559,0.515,0.68,0.55,0.486,0.0,0.0,0.0,0.0,0.0,0.0,0.0,0.01153,0.03458,0.04611,0,0,0,0,0,0,0,0,0,0,-0.04611,0.0,0.0,"{""max_temperature_c"": 28.87, ""mean_temperature_c"": 24.94, ""humidity_percent"": 77.9, ""wbgt_c"": 25.28, ""heat_index_c"": 31.09, ""heat_duration_hours"": 0, ""consecutive_heat_days"": 0}"
2025-09-27,Tamil Nadu,SYNTHETIC,77000000,13.0,40.0,47.0,0.36,55.0,29.66,22.94,26.3,83.9,2.8,23.37,34.01,93.21,27.01,LOW,0,23.61,False,0,-1.29,6.7,0,0,0.0,0.671,0.491,0.446,0.763,0.512,0.54,0.791,0.6,0.557,0.0251,0.0173,0.0082,0.0275,0.152,0.0506,0.1937,0.01285,0.03769,0.05054,0,0,0,0,0,0,0,0,0,0,-0.05054,0.0,0.0,"{""max_temperature_c"": 29.66, ""mean_temperature_c"": 26.3, ""humidity_percent"": 83.9, ""wbgt_c"": 27.01, ""heat_index_c"": 34.01, ""heat_duration_hours"": 0, ""consecutive_heat_days"": 0}"
2025-09-27,Kerala,SYNTHETIC,35800000,17.0,45.0,38.0,0.28,50.0,31.2,26.0,28.6,89.3,3.47,26.67,40.44,104.79,29.33,CAUTION,0,26.62,False,0,0.89,6.7,0,0,0.437,1.0,0.399,0.411,0.462,0.506,0.603,0.847,0.65,0.574,0.1494,0.116,0.0603,0.0827,0.0,0.3257,0.5522,0.00409,0.0122,0.01629,0,0,0,0,0,0,0,0,0,0,-0.01629,0.0,0.0,"{""max_temperature_c"": 31.2, ""mean_temperature_c"": 28.6, ""humidity_percent"": 89.3, ""wbgt_c"": 29.33, ""heat_index_c"": 40.44, ""heat_duration_hours"": 0, ""consecutive_heat_days"": 0}"
2025-09-27,Karnataka,SYNTHETIC,68000000,11.5,38.5,50.0,0.45,42.0,30.32,19.92,25.12,69.5,0.71,19.14,31.75,89.14,25.93,LOW,0,20.46,False,0,1.78,-6.6,0,0,0.0,0.142,0.731,0.359,0.714,0.556,0.475,0.68,0.55,0.487,0.0,0.0,0.0,0.0,0.0,0.0,0.0,0.01168,0.03468,0.04636,0,0,0,0,0,0,0,0,0,0,-0.04636,0.0,0.0,"{""max_temperature_c"": 30.32, ""mean_temperature_c"": 25.12, ""humidity_percent"": 69.5, ""wbgt_c"": 25.93, ""heat_index_c"": 31.75, ""heat_duration_hours"": 0, ""consecutive_heat_days"": 0}"
2025-09-28,Tamil Nadu,SYNTHETIC,77000000,13.0,40.0,47.0,0.36,55.0,31.79,25.47,28.63,77.2,1.79,24.24,37.92,100.26,28.77,CAUTION,0,26.16,False,0,0.92,-0.2,0,0,0.36,0.78,0.458,0.461,0.757,0.514,0.563,0.791,0.6,0.556,0.1075,0.0251,0.0173,0.0082,0.0469,0.1499,0.2543,0.01308,0.03904,0.05212,0,0,0,0,0,0,0,0,0,0,-0.05212,0.0,0.0,"{""max_temperature_c"": 31.79, ""mean_temperature_c"": 28.63, ""humidity_percent"": 77.2, ""wbgt_c"": 28.77, ""heat_index_c"": 37.92, ""heat_duration_hours"": 0, ""consecutive_heat_days"": 0}"
2025-09-28,Kerala,SYNTHETIC,35800000,17.0,45.0,38.0,0.28,50.0,30.39,24.53,27.46,87.8,2.49,25.26,37.14,98.85,28.37,CAUTION,0,25.14,False,0,0.08,5.2,0,0,0.19,0.908,0.355,0.404,0.453,0.502,0.61,0.846,0.65,0.574,0.078,0.1494,0.116,0.0603,0.0327,0.3434,0.5976,0.00373,0.01124,0.01497,0,0,0,0,0,0,0,0,0,0,-0.01497,0.0,0.0,"{""max_temperature_c"": 30.39, ""mean_temperature_c"": 27.46, ""humidity_percent"": 87.8, ""wbgt_c"": 28.37, ""heat_index_c"": 37.14, ""heat_duration_hours"": 0, ""consecutive_heat_days"": 0}"
2025-09-28,Karnataka,SYNTHETIC,68000000,11.5,38.5,50.0,0.45,42.0,31.93,22.59,27.26,66.2,1.02,20.4,34.38,93.88,27.31,LOW,0,23.14,False,0,3.41,-9.8,0,0,0.0,0.301,0.551,0.369,0.678,0.56,0.459,0.679,0.55,0.489,0.0328,0.0,0.0,0.0,0.0,0.0328,0.0328,0.01031,0.03331,0.04362,0,0,0,0,0,0,0,0,0,0,-0.04362,0.0,0.0,"{""max_temperature_c"": 31.93, ""mean_temperature_c"": 27.26, ""humidity_percent"": 66.2, ""wbgt_c"": 27.31, ""heat_index_c"": 34.38, ""heat_duration_hours"": 0, ""consecutive_heat_days"": 0}"
2025-09-29,Tamil Nadu,SYNTHETIC,77000000,13.0,40.0,47.0,0.36,55.0,30.65,25.65,28.15,81.8,1.23,24.74,36.9,98.42,28.38,CAUTION,0,26.33,False,0,-0.15,4.2,0,0,0.388,0.843,0.565,0.451,0.778,0.513,0.561,0.789,0.6,0.555,0.0788,0.1075,0.0251,0.0173,0.0382,0.2115,0.295,0.0141,0.03966,0.05375,0,0,0,0,0,0,0,0,0,0,-0.05375,0.0,0.0,"{""max_temperature_c"": 30.65, ""mean_temperature_c"": 28.15, ""humidity_percent"": 81.8, ""wbgt_c"": 28.38, ""heat_index_c"": 36.9, ""heat_duration_hours"": 0, ""consecutive_heat_days"": 0}"
2025-09-29,Kerala,SYNTHETIC,35800000,17.0,45.0,38.0,0.28,50.0,30.44,25.26,27.85,80.8,2.81,24.24,36.0,96.8,27.86,LOW,0,25.84,False,0,0.12,-1.8,0,0,0.306,0.78,0.37,0.387,0.456,0.501,0.577,0.847,0.65,0.569,0.0466,0.078,0.1494,0.116,0.0633,0.274,0.5808,0.00371,0.01114,0.01485,0,0,0,0,0,0,0,0,0,0,-0.01485,0.0,0.0,"{""max_temperature_c"": 30.44, ""mean_temperature_c"": 27.85, ""humidity_percent"": 80.8, ""wbgt_c"": 27.86, ""heat_index_c"": 36.0, ""heat_duration_hours"": 0, ""consecutive_heat_days"": 0}"
2025-09-29,Karnataka,SYNTHETIC,68000000,11.5,38.5,50.0,0.45,42.0,29.04,20.34,24.69,71.3,2.86,19.15,30.4,86.72,25.05,LOW,0,20.84,False,0,0.53,-4.8,0,0,0.0,0.143,0.751,0.331,0.718,0.558,0.527,0.679,0.55,0.488,0.0,0.0328,0.0,0.0,0.0,0.0328,0.0328,0.01163,0.03432,0.04595,0,0,0,0,0,0,0,0,0,0,-0.04595,0.0,0.0,"{""max_temperature_c"": 29.04, ""mean_temperature_c"": 24.69, ""humidity_percent"": 71.3, ""wbgt_c"": 25.05, ""heat_index_c"": 30.4, ""heat_duration_hours"": 0, ""consecutive_heat_days"": 0}"
2025-09-30,Tamil Nadu,SYNTHETIC,77000000,13.0,40.0,47.0,0.36,55.0,31.51,24.97,28.24,79.8,2.31,24.41,37.74,99.94,28.65,CAUTION,0,25.65,False,0,0.78,2.0,0,0,0.274,0.802,0.582,0.448,0.781,0.512,0.574,0.79,0.6,0.558,0.0991,0.0788,0.1075,0.0251,0.0305,0.2854,0.3636,0.01428,0.03972,0.054,0,0,0,0,0,0,0,0,0,0,-0.054,0.0,0.0,"{""max_temperature_c"": 31.51, ""mean_temperature_c"": 28.24, ""humidity_percent"": 79.8, ""wbgt_c"": 28.65, ""heat_index_c"": 37.74, ""heat_duration_hours"": 0, ""consecutive_heat_days"": 0}"
2025-09-30,Kerala,SYNTHETIC,35800000,17.0,45.0,38.0,0.28,50.0,30.86,25.63,28.24,80.9,2.33,24.65,37.1,98.79,28.26,CAUTION,0,26.2,False,0,0.55,-1.7,0,0,0.367,0.831,0.475,0.38,0.478,0.495,0.625,0.846,0.65,0.572,0.0696,0.0466,0.078,0.1494,0.0478,0.1942,0.6026,0.00397,0.01139,0.01536,0,0,0,0,0,0,0,0,0,0,-0.01536,0.0,0.0,"{""max_temperature_c"": 30.86, ""mean_temperature_c"": 28.24, ""humidity_percent"": 80.9, ""wbgt_c"": 28.26, ""heat_index_c"": 37.1, ""heat_duration_hours"": 0, ""consecutive_heat_days"": 0}"
2025-09-30,Karnataka,SYNTHETIC,68000000,11.5,38.5,50.0,0.45,42.0,30.13,22.25,26.19,74.3,5.25,21.25,32.89,91.2,26.37,LOW,0,22.77,False,0,1.63,-1.8,0,0,0.0,0.407,0.686,0.347,0.705,0.563,0.472,0.678,0.55,0.489,0.0093,0.0,0.0328,0.0,0.0,0.0421,0.0421,0.01129,0.03427,0.04556,0,0,0,0,0,0,0,0,0,0,-0.04556,0.0,0.0,"{""max_temperature_c"": 30.13, ""mean_temperature_c"": 26.19, ""humidity_percent"": 74.3, ""wbgt_c"": 26.37, ""heat_index_c"": 32.89, ""heat_duration_hours"": 0, ""consecutive_heat_days"": 0}"
2025-10-01,Tamil Nadu,SYNTHETIC,77000000,13.0,40.0,47.0,0.36,55.0,30.65,22.89,26.77,79.4,5.83,22.9,34.92,94.86,27.11,LOW,0,23.54,False,0,-0.01,1.5,0,0,0.0,0.612,0.562,0.436,0.777,0.51,0.565,0.792,0.6,0.557,0.0278,0.0991,0.0788,0.1075,0.0275,0.2057,0.3638,0.01329,0.03728,0.05057,0,0,0,0,0,0,0,0,0,0,-0.05057,0.0,0.0,"{""max_temperature_c"": 30.65, ""mean_temperature_c"": 26.77, ""humidity_percent"": 79.4, ""wbgt_c"": 27.11, ""heat_index_c"": 34.92, ""heat_duration_hours"": 0, ""consecutive_heat_days"": 0}"
2025-10-01,Kerala,SYNTHETIC,35800000,17.0,45.0,38.0,0.28,50.0,31.7,26.85,29.28,85.0,2.11,26.49,40.96,105.73,29.73,CAUTION,0,27.44,False,0,1.38,2.4,0,0,0.574,1.0,0.431,0.393,0.469,0.495,0.608,0.847,0.65,0.575,0.1794,0.0696,0.0466,0.078,0.0827,0.2956,0.6994,0.00424,0.01255,0.01679,0,0,0,0,0,0,0,0,0,0,-0.01679,0.0,0.0,"{""max_temperature_c"": 31.7, ""mean_temperature_c"": 29.28, ""humidity_percent"": 85.0, ""wbgt_c"": 29.73, ""heat_index_c"": 40.96, ""heat_duration_hours"": 0, ""consecutive_heat_days"": 0}"
2025-10-01,Karnataka,SYNTHETIC,68000000,11.5,38.5,50.0,0.45,42.0,26.71,18.48,22.59,74.6,2.15,17.85,27.62,81.71,23.33,LOW,0,18.96,False,0,-1.78,-1.6,0,0,0.0,0.0,0.725,0.32,0.713,0.554,0.456,0.676,0.55,0.491,0.0,0.0093,0.0,0.0328,0.0,0.0093,0.0421,0.01148,0.03407,0.04556,0,0,0,0,0,0,0,0,0,0,-0.04556,0.0,0.0,"{""max_temperature_c"": 26.71, ""mean_temperature_c"": 22.59, ""humidity_percent"": 74.6, ""wbgt_c"": 23.33, ""heat_index_c"": 27.62, ""heat_duration_hours"": 0, ""consecutive_heat_days"": 0}"
2025-10-02,Tamil Nadu,SYNTHETIC,77000000,13.0,40.0,47.0,0.36,55.0,30.22,22.97,26.6,82.0,2.19,23.28,34.71,94.47,27.42,LOW,0,23.58,False,0,-0.36,3.9,0,0,0.0,0.66,0.598,0.403,0.785,0.499,0.577,0.794,0.6,0.556,0.0356,0.0278,0.0991,0.0788,0.0082,0.1625,0.3912,0.0132,0.03645,0.04964,0,0,0,0,0,0,0,0,0,0,-0.04964,0.0,0.0,"{""max_temperature_c"": 30.22, ""mean_temperature_c"": 26.6, ""humidity_percent"": 82.0, ""wbgt_c"": 27.42, ""heat_index_c"": 34.71, ""heat_duration_hours"": 0, ""consecutive_heat_days"": 0}"
2025-10-02,Kerala,SYNTHETIC,35800000,17.0,45.0,38.0,0.28,50.0,31.22,25.47,28.35,81.6,0.3,24.89,37.93,100.27,28.95,CAUTION,0,26.07,False,0,0.91,-1.1,0,0,0.345,0.861,0.428,0.398,0.468,0.495,0.595,0.845,0.65,0.576,0.1216,0.1794,0.0696,0.0466,0.0603,0.3707,0.7606,0.00409,0.01188,0.01597,0,0,0,0,0,0,0,0,0,0,-0.01597,0.0,0.0,"{""max_temperature_c"": 31.22, ""mean_temperature_c"": 28.35, ""humidity_percent"": 81.6, ""wbgt_c"": 28.95, ""heat_index_c"": 37.93, ""heat_duration_hours"": 0, ""consecutive_heat_days"": 0}"
2025-10-02,Karnataka,SYNTHETIC,68000000,11.5,38.5,50.0,0.45,42.0,28.96,19.31,24.14,71.9,1.56,18.74,30.13,86.23,25.0,LOW,0,19.82,False,0,0.49,-4.3,0,0,0.0,0.093,0.723,0.34,0.712,0.551,0.499,0.679,0.55,0.491,0.0,0.0,0.0093,0.0,0.0,0.0093,0.0421,0.01116,0.03331,0.04448,0,0,0,0,0,0,0,0,0,0,-0.04448,0.0,0.0,"{""max_temperature_c"": 28.96, ""mean_temperature_c"": 24.14, ""humidity_percent"": 71.9, ""wbgt_c"": 25.0, ""heat_index_c"": 30.13, ""heat_duration_hours"": 0, ""consecutive_heat_days"": 0}"
2025-10-03,Tamil Nadu,SYNTHETIC,77000000,13.0,40.0,47.0,0.36,55.0,29.65,21.55,25.6,81.3,1.75,22.16,32.98,91.37,26.54,LOW,0,22.18,False,0,-0.85,3.0,0,0,0.0,0.52,0.57,0.421,0.779,0.501,0.586,0.792,0.6,0.558,0.0135,0.0356,0.0278,0.0991,0.0173,0.0769,0.3875,0.01254,0.0353,0.04785,0,0,0,0,0,0,0,0,0,0,-0.04785,0.0,0.0,"{""max_temperature_c"": 29.65, ""mean_temperature_c"": 25.6, ""humidity_percent"": 81.3, ""wbgt_c"": 26.54, ""heat_index_c"": 32.98, ""heat_duration_hours"": 0, ""consecutive_heat_days"": 0}"
2025-10-03,Kerala,SYNTHETIC,35800000,17.0,45.0,38.0,0.28,50.0,30.85,26.01,28.43,85.4,1.4,25.75,38.51,101.32,28.94,CAUTION,0,26.6,False,0,0.53,2.7,0,0,0.434,0.969,0.441,0.393,0.471,0.502,0.624,0.846,0.65,0.577,0.1202,0.1216,0.1794,0.0696,0.116,0.4212,0.7649,0.00417,0.01217,0.01634,0,0,0,0,0,0,0,0,0,0,-0.01634,0.0,0.0,"{""max_temperature_c"": 30.85, ""mean_temperature_c"": 28.43, ""humidity_percent"": 85.4, ""wbgt_c"": 28.94, ""heat_index_c"": 38.51, ""heat_duration_hours"": 0, ""consecutive_heat_days"": 0}"
2025-10-03,Karnataka,SYNTHETIC,68000000,11.5,38.5,50.0,0.45,42.0,30.14,20.52,25.33,72.4,0.91,20.01,32.06,89.71,26.21,LOW,0,21.05,False,0,1.67,-3.8,0,0,0.0,0.251,0.69,0.358,0.706,0.55,0.469,0.679,0.55,0.488,0.0053,0.0,0.0,0.0093,0.0,0.0053,0.0474,0.01097,0.03316,0.04413,0,0,0,0,0,0,0,0,0,0,-0.04413,0.0,0.0,"{""max_temperature_c"": 30.14, ""mean_temperature_c"": 25.33, ""humidity_percent"": 72.4, ""wbgt_c"": 26.21, ""heat_index_c"": 32.06, ""heat_duration_hours"": 0, ""consecutive_heat_days"": 0}"
2025-10-04,Tamil Nadu,SYNTHETIC,77000000,13.0,40.0,47.0,0.36,55.0,30.65,25.37,28.01,84.4,4.65,25.12,37.37,99.27,28.37,CAUTION,0,26.05,False,0,0.22,5.9,0,0,0.342,0.891,0.486,0.455,0.762,0.502,0.552,0.793,0.6,0.554,0.0778,0.0135,0.0356,0.0278,0.0251,0.1269,0.4402,0.0123,0.03609,0.04838,0,0,0,0,0,0,0,0,0,0,-0.04838,0.0,0.0,"{""max_temperature_c"": 30.65, ""mean_temperature_c"": 28.01, ""humidity_percent"": 84.4, ""wbgt_c"": 28.37, ""heat_index_c"": 37.37, ""heat_duration_hours"": 0, ""consecutive_heat_days"": 0}"
2025-10-04,Kerala,SYNTHETIC,35800000,17.0,45.0,38.0,0.28,50.0,30.09,24.13,27.11,82.5,3.59,23.87,35.1,95.19,27.46,LOW,0,24.73,False,0,-0.22,-0.2,0,0,0.121,0.734,0.436,0.395,0.47,0.505,0.564,0.849,0.65,0.577,0.0364,0.1202,0.1216,0.1794,0.1494,0.2783,0.6519,0.00398,0.01153,0.01552,0,0,0,0,0,0,0,0,0,0,-0.01552,0.0,0.0,"{""max_temperature_c"": 30.09, ""mean_temperature_c"": 27.11, ""humidity_percent"": 82.5, ""wbgt_c"": 27.46, ""heat_index_c"": 35.1, ""heat_duration_hours"": 0, ""consecutive_heat_days"": 0}"
2025-10-04,Karnataka,SYNTHETIC,68000000,11.5,38.5,50.0,0.45,42.0,30.65,20.1,25.38,68.7,2.96,19.2,32.14,89.86,25.95,LOW,0,20.58,False,0,2.2,-7.6,0,0,0.0,0.151,0.716,0.321,0.711,0.545,0.492,0.677,0.55,0.485,0.0,0.0053,0.0,0.0,0.0,0.0053,0.0474,0.01099,0.03281,0.04381,0,0,0,0,0,0,0,0,0,0,-0.04381,0.0,0.0,"{""max_temperature_c"": 30.65, ""mean_temperature_c"": 25.38, ""humidity_percent"": 68.7, ""wbgt_c"": 25.95, ""heat_index_c"": 32.14, ""heat_duration_hours"": 0, ""consecutive_heat_days"": 0}"
2025-10-05,Tamil Nadu,SYNTHETIC,77000000,13.0,40.0,47.0,0.36,55.0,31.21,23.11,27.16,79.8,4.08,23.37,36.15,97.07,27.73,LOW,0,23.72,False,0,0.86,1.1,0,0,0.0,0.672,0.454,0.401,0.756,0.495,0.561,0.794,0.6,0.553,0.0433,0.0778,0.0135,0.0356,0.1075,0.1347,0.376,0.01151,0.03404,0.04555,0,1,1,0,1,0,0,0,1,0,0.95445,0.001299,0.0,"{""max_temperature_c"": 31.21, ""mean_temperature_c"": 27.16, ""humidity_percent"": 79.8, ""wbgt_c"": 27.73, ""heat_index_c"": 36.15, ""heat_duration_hours"": 0, ""consecutive_heat_days"": 0}"
2025-10-05,Kerala,SYNTHETIC,35800000,17.0,45.0,38.0,0.28,50.0,30.16,25.21,27.68,82.6,0.67,24.44,35.81,96.46,28.05,CAUTION,0,25.8,False,0,-0.15,-0.2,0,0,0.3,0.805,0.386,0.397,0.46,0.505,0.578,0.85,0.65,0.578,0.0541,0.0364,0.1202,0.1216,0.078,0.2107,0.628,0.00379,0.01135,0.01514,0,0,0,0,0,0,0,0,0,0,-0.01514,0.0,0.0,"{""max_temperature_c"": 30.16, ""mean_temperature_c"": 27.68, ""humidity_percent"": 82.6, ""wbgt_c"": 28.05, ""heat_index_c"": 35.81, ""heat_duration_hours"": 0, ""consecutive_heat_days"": 0}"
2025-10-05,Karnataka,SYNTHETIC,68000000,11.5,38.5,50.0,0.45,42.0,28.67,18.97,23.82,78.9,1.91,19.95,30.39,86.71,25.22,LOW,0,19.5,False,0,0.23,2.6,0,0,0.0,0.243,0.6,0.352,0.687,0.549,0.481,0.676,0.55,0.486,0.0,0.0,0.0053,0.0,0.0328,0.0053,0.0146,0.01006,0.03187,0.04193,0,0,0,0,0,0,0,0,0,0,-0.04193,0.0,0.0,"{""max_temperature_c"": 28.67, ""mean_temperature_c"": 23.82, ""humidity_percent"": 78.9, ""wbgt_c"": 25.22, ""heat_index_c"": 30.39, ""heat_duration_hours"": 0, ""consecutive_heat_days"": 0}"
2025-10-06,Tamil Nadu,SYNTHETIC,77000000,13.0,40.0,47.0,0.36,55.0,30.67,22.07,26.37,69.3,4.65,20.29,32.84,91.11,26.12,LOW,0,22.69,False,0,0.39,-9.6,0,0,0.0,0.286,0.56,0.416,0.777,0.498,0.558,0.795,0.6,0.552,0.003,0.0433,0.0778,0.0135,0.0788,0.1242,0.3002,0.01218,0.03434,0.04652,0,0,0,0,0,0,0,0,0,0,-0.04652,0.0,0.0,"{""max_temperature_c"": 30.67, ""mean_temperature_c"": 26.37, ""humidity_percent"": 69.3, ""wbgt_c"": 26.12, ""heat_index_c"": 32.84, ""heat_duration_hours"": 0, ""consecutive_heat_days"": 0}"
2025-10-06,Kerala,SYNTHETIC,35800000,17.0,45.0,38.0,0.28,50.0,30.48,24.96,27.72,79.9,0.78,23.93,35.74,96.32,27.99,LOW,0,25.54,False,0,0.18,-2.9,0,0,0.257,0.741,0.447,0.39,0.472,0.507,0.587,0.849,0.65,0.576,0.0498,0.0541,0.0364,0.1202,0.0466,0.1404,0.6312,0.00394,0.01147,0.01541,0,0,0,0,0,0,0,0,0,0,-0.01541,0.0,0.0,"{""max_temperature_c"": 30.48, ""mean_temperature_c"": 27.72, ""humidity_percent"": 79.9, ""wbgt_c"": 27.99, ""heat_index_c"": 35.74, ""heat_duration_hours"": 0, ""consecutive_heat_days"": 0}"
2025-10-06,Karnataka,SYNTHETIC,68000000,11.5,38.5,50.0,0.45,42.0,28.78,19.84,24.31,76.5,2.37,19.92,30.5,86.89,25.11,LOW,0,20.34,False,0,0.35,0.2,0,0,0.0,0.24,0.688,0.334,0.705,0.55,0.501,0.678,0.55,0.49,0.0,0.0,0.0,0.0053,0.0,0.0,0.0146,0.01068,0.03243,0.04311,0,0,0,0,0,0,0,0,0,0,-0.04311,0.0,0.0,"{""max_temperature_c"": 28.78, ""mean_temperature_c"": 24.31, ""humidity_percent"": 76.5, ""wbgt_c"": 25.11, ""heat_index_c"": 30.5, ""heat_duration_hours"": 0, ""consecutive_heat_days"": 0}"
2025-10-07,Tamil Nadu,SYNTHETIC,77000000,13.0,40.0,47.0,0.36,55.0,30.43,22.73,26.58,74.1,1.65,21.58,33.5,92.3,26.69,LOW,0,23.38,False,0,0.22,-4.9,0,0,0.0,0.448,0.578,0.437,0.781,0.497,0.573,0.795,0.6,0.551,0.0174,0.003,0.0433,0.0778,0.0991,0.0637,0.2185,0.01218,0.03414,0.04632,0,0,0,0,0,0,0,0,0,0,-0.04632,0.0,0.0,"{""max_temperature_c"": 30.43, ""mean_temperature_c"": 26.58, ""humidity_percent"": 74.1, ""wbgt_c"": 26.69, ""heat_index_c"": 33.5, ""heat_duration_hours"": 0, ""consecutive_heat_days"": 0}"
2025-10-07,Kerala,SYNTHETIC,35800000,17.0,45.0,38.0,0.28,50.0,29.94,23.94,26.94,79.0,1.7,22.99,34.05,93.29,27.16,LOW,0,24.5,False,0,-0.37,-3.8,0,0,0.083,0.623,0.43,0.37,0.468,0.508,0.605,0.851,0.65,0.571,0.0289,0.0498,0.0541,0.0364,0.0696,0.1328,0.5905,0.00381,0.0112,0.01501,0,0,0,0,0,0,0,0,0,0,-0.01501,0.0,0.0,"{""max_temperature_c"": 29.94, ""mean_temperature_c"": 26.94, ""humidity_percent"": 79.0, ""wbgt_c"": 27.16, ""heat_index_c"": 34.05, ""heat_duration_hours"": 0, ""consecutive_heat_days"": 0}"
2025-10-07,Karnataka,SYNTHETIC,68000000,11.5,38.5,50.0,0.45,42.0,28.63,19.84,24.23,77.3,1.12,20.01,30.37,86.67,25.31,LOW,0,20.37,False,0,0.21,0.9,0,0,0.0,0.251,0.689,0.353,0.705,0.546,0.505,0.676,0.55,0.491,0.0,0.0,0.0,0.0,0.0093,0.0,0.0053,0.01058,0.0321,0.04268,0,0,0,0,0,0,0,0,0,0,-0.04268,0.0,0.0,"{""max_temperature_c"": 28.63, ""mean_temperature_c"": 24.23, ""humidity_percent"": 77.3, ""wbgt_c"": 25.31, ""heat_index_c"": 30.37, ""heat_duration_hours"": 0, ""consecutive_heat_days"": 0}"
2025-10-08,Tamil Nadu,SYNTHETIC,77000000,13.0,40.0,47.0,0.36,55.0,31.11,23.37,27.24,74.4,1.4,22.29,34.95,94.91,27.46,LOW,0,24.01,False,0,0.97,-4.8,0,0,0.002,0.537,0.556,0.432,0.776,0.499,0.573,0.796,0.6,0.555,0.0365,0.0174,0.003,0.0433,0.0278,0.0569,0.2272,0.01195,0.03378,0.04573,0,0,0,0,0,0,0,0,0,0,-0.04573,0.0,0.0,"{""max_temperature_c"": 31.11, ""mean_temperature_c"": 27.24, ""humidity_percent"": 74.4, ""wbgt_c"": 27.46, ""heat_index_c"": 34.95, ""heat_duration_hours"": 0, ""consecutive_heat_days"": 0}"
2025-10-08,Kerala,SYNTHETIC,35800000,17.0,45.0,38.0,0.28,50.0,29.56,24.59,27.08,82.1,1.2,23.75,34.22,93.59,27.37,LOW,0,25.17,False,0,-0.74,-0.8,0,0,0.195,0.719,0.477,0.385,0.478,0.51,0.62,0.849,0.65,0.573,0.0342,0.0289,0.0498,0.0541,0.1794,0.113,0.4453,0.00397,0.01148,0.01545,0,0,0,0,0,0,0,0,0,0,-0.01545,0.0,0.0,"{""max_temperature_c"": 29.56, ""mean_temperature_c"": 27.08, ""humidity_percent"": 82.1, ""wbgt_c"": 27.37, ""heat_index_c"": 34.22, ""heat_duration_hours"": 0, ""consecutive_heat_days"": 0}"
2025-10-08,Karnataka,SYNTHETIC,68000000,11.5,38.5,50.0,0.45,42.0,28.44,20.64,24.54,76.0,3.59,20.02,30.16,86.29,25.02,LOW,0,21.15,False,0,0.03,-0.5,0,0,0.0,0.253,0.695,0.338,0.707,0.55,0.474,0.676,0.55,0.497,0.0,0.0,0.0,0.0,0.0,0.0,0.0053,0.01076,0.03246,0.04322,0,0,0,0,0,0,0,0,0,0,-0.04322,0.0,0.0,"{""max_temperature_c"": 28.44, ""mean_temperature_c"": 24.54, ""humidity_percent"": 76.0, ""wbgt_c"": 25.02, ""heat_index_c"": 30.16, ""heat_duration_hours"": 0, ""consecutive_heat_days"": 0}"
2025-10-09,Tamil Nadu,SYNTHETIC,77000000,13.0,40.0,47.0,0.36,55.0,31.01,24.13,27.57,78.7,3.02,23.53,36.04,96.87,27.76,LOW,0,24.78,False,0,0.95,-0.7,0,0,0.131,0.691,0.566,0.434,0.778,0.498,0.545,0.798,0.6,0.555,0.0441,0.0365,0.0174,0.003,0.0356,0.098,0.2357,0.01218,0.03413,0.0463,0,0,0,0,0,0,0,0,0,0,-0.0463,0.0,0.0,"{""max_temperature_c"": 31.01, ""mean_temperature_c"": 27.57, ""humidity_percent"": 78.7, ""wbgt_c"": 27.76, ""heat_index_c"": 36.04, ""heat_duration_hours"": 0, ""consecutive_heat_days"": 0}"
2025-10-09,Kerala,SYNTHETIC,35800000,17.0,45.0,38.0,0.28,50.0,29.41,23.85,26.63,86.7,1.42,24.23,34.45,94.01,27.42,LOW,0,24.37,False,0,-0.88,3.8,0,0,0.062,0.779,0.429,0.349,0.468,0.515,0.596,0.848,0.65,0.57,0.0354,0.0342,0.0289,0.0498,0.1216,0.0985,0.3591,0.00388,0.01147,0.01535,0,0,0,0,0,0,0,0,0,0,-0.01535,0.0,0.0,"{""max_temperature_c"": 29.41, ""mean_temperature_c"": 26.63, ""humidity_percent"": 86.7, ""wbgt_c"": 27.42, ""heat_index_c"": 34.45, ""heat_duration_hours"": 0, ""consecutive_heat_days"": 0}"
2025-10-09,Karnataka,SYNTHETIC,68000000,11.5,38.5,50.0,0.45,42.0,28.5,21.54,25.02,76.1,2.55,20.51,30.48,86.86,25.26,LOW,0,22.0,False,0,0.11,-0.5,0,0,0.0,0.313,0.665,0.306,0.7,0.549,0.493,0.675,0.55,0.496,0.0,0.0,0.0,0.0,0.0,0.0,0.0053,0.01039,0.0319,0.04229,0,0,0,0,0,0,0,0,0,0,-0.04229,0.0,0.0,"{""max_temperature_c"": 28.5, ""mean_temperature_c"": 25.02, ""humidity_percent"": 76.1, ""wbgt_c"": 25.26, ""heat_index_c"": 30.48, ""heat_duration_hours"": 0, ""consecutive_heat_days"": 0}"
2025-10-10,Tamil Nadu,SYNTHETIC,77000000,13.0,40.0,47.0,0.36,55.0,31.07,24.88,27.97,82.6,3.37,24.73,37.51,99.51,28.47,CAUTION,0,25.56,False,0,1.08,3.1,0,0,0.26,0.842,0.544,0.456,0.774,0.503,0.589,0.8,0.6,0.557,0.0851,0.0441,0.0365,0.0174,0.0135,0.1657,0.3072,0.01219,0.03472,0.04691,0,0,0,0,0,0,0,0,0,0,-0.04691,0.0,0.0,"{""max_temperature_c"": 31.07, ""mean_temperature_c"": 27.97, ""humidity_percent"": 82.6, ""wbgt_c"": 28.47, ""heat_index_c"": 37.51, ""heat_duration_hours"": 0, ""consecutive_heat_days"": 0}"
2025-10-10,Kerala,SYNTHETIC,35800000,17.0,45.0,38.0,0.28,50.0,29.51,24.05,26.78,88.7,3.11,24.76,35.15,95.27,27.48,LOW,0,24.68,False,0,-0.78,5.8,0,0,0.114,0.845,0.439,0.423,0.47,0.517,0.614,0.849,0.65,0.577,0.037,0.0354,0.0342,0.0289,0.1202,0.1065,0.2758,0.00391,0.01153,0.01545,0,0,0,0,0,0,0,0,0,0,-0.01545,0.0,0.0,"{""max_temperature_c"": 29.51, ""mean_temperature_c"": 26.78, ""humidity_percent"": 88.7, ""wbgt_c"": 27.48, ""heat_index_c"": 35.15, ""heat_duration_hours"": 0, ""consecutive_heat_days"": 0}"
2025-10-10,Karnataka,SYNTHETIC,68000000,11.5,38.5,50.0,0.45,42.0,28.91,20.72,24.82,76.6,1.23,20.43,30.92,87.66,25.68,LOW,0,21.22,False,0,0.54,0.0,0,0,0.0,0.303,0.698,0.335,0.707,0.555,0.518,0.676,0.55,0.498,0.0,0.0,0.0,0.0,0.0053,0.0,0.0,0.01064,0.03223,0.04287,0,0,0,0,0,0,0,0,0,0,-0.04287,0.0,0.0,"{""max_temperature_c"": 28.91, ""mean_temperature_c"": 24.82, ""humidity_percent"": 76.6, ""wbgt_c"": 25.68, ""heat_index_c"": 30.92, ""heat_duration_hours"": 0, ""consecutive_heat_days"": 0}"
2025-10-11,Tamil Nadu,SYNTHETIC,77000000,13.0,40.0,47.0,0.36,55.0,31.02,23.25,27.14,81.8,1.88,23.75,36.3,97.34,28.03,CAUTION,0,23.89,False,0,1.1,2.1,0,0,0.0,0.719,0.505,0.425,0.766,0.495,0.587,0.8,0.6,0.558,0.0524,0.0851,0.0441,0.0365,0.0778,0.1816,0.2818,0.01143,0.03296,0.04439,0,0,0,0,0,0,0,0,0,0,-0.04439,0.0,0.0,"{""max_temperature_c"": 31.02, ""mean_temperature_c"": 27.14, ""humidity_percent"": 81.8, ""wbgt_c"": 28.03, ""heat_index_c"": 36.3, ""heat_duration_hours"": 0, ""consecutive_heat_days"": 0}"
2025-10-11,Kerala,SYNTHETIC,35800000,17.0,45.0,38.0,0.28,50.0,30.22,26.84,28.53,84.7,1.42,25.7,37.42,99.35,28.67,CAUTION,0,27.49,False,0,-0.06,1.7,0,0,0.582,0.962,0.448,0.431,0.472,0.516,0.57,0.851,0.65,0.579,0.1005,0.037,0.0354,0.0342,0.0364,0.1729,0.3399,0.00425,0.01249,0.01674,0,0,0,0,0,0,0,0,0,0,-0.01674,0.0,0.0,"{""max_temperature_c"": 30.22, ""mean_temperature_c"": 28.53, ""humidity_percent"": 84.7, ""wbgt_c"": 28.67, ""heat_index_c"": 37.42, ""heat_duration_hours"": 0, ""consecutive_heat_days"": 0}"
2025-10-11,Karnataka,SYNTHETIC,68000000,11.5,38.5,50.0,0.45,42.0,30.03,20.26,25.14,66.1,0.74,18.38,31.05,87.89,25.31,LOW,0,20.74,False,0,1.66,-10.5,0,0,0.0,0.047,0.61,0.324,0.689,0.553,0.511,0.677,0.55,0.502,0.0,0.0,0.0,0.0,0.0,0.0,0.0,0.00987,0.03124,0.04111,0,0,0,0,0,0,0,0,0,0,-0.04111,0.0,0.0,"{""max_temperature_c"": 30.03, ""mean_temperature_c"": 25.14, ""humidity_percent"": 66.1, ""wbgt_c"": 25.31, ""heat_index_c"": 31.05, ""heat_duration_hours"": 0, ""consecutive_heat_days"": 0}"
2025-10-12,Tamil Nadu,SYNTHETIC,77000000,13.0,40.0,47.0,0.36,55.0,31.65,25.12,28.38,79.1,1.43,24.42,37.94,100.29,28.73,CAUTION,0,25.76,False,0,1.8,-0.8,0,0,0.294,0.802,0.412,0.429,0.747,0.489,0.54,0.799,0.6,0.554,0.1046,0.0524,0.0851,0.0441,0.0433,0.242,0.3431,0.01106,0.03328,0.04434,0,1,1,1,0,0,0,0,0,1,0.95566,0.001299,0.0,"{""max_temperature_c"": 31.65, ""mean_temperature_c"": 28.38, ""humidity_percent"": 79.1, ""wbgt_c"": 28.73, ""heat_index_c"": 37.94, ""heat_duration_hours"": 0, ""consecutive_heat_days"": 0}"
2025-10-12,Kerala,SYNTHETIC,35800000,17.0,45.0,38.0,0.28,50.0,31.15,24.9,28.03,79.7,2.74,24.2,36.98,98.57,28.15,CAUTION,0,25.48,False,0,0.87,-3.2,0,0,0.246,0.775,0.309,0.383,0.444,0.517,0.558,0.852,0.65,0.578,0.0611,0.1005,0.037,0.0354,0.0541,0.1986,0.3469,0.00374,0.01161,0.01534,0,0,0,0,0,0,0,0,0,0,-0.01534,0.0,0.0,"{""max_temperature_c"": 31.15, ""mean_temperature_c"": 28.03, ""humidity_percent"": 79.7, ""wbgt_c"": 28.15, ""heat_index_c"": 36.98, ""heat_duration_hours"": 0, ""consecutive_heat_days"": 0}"
2025-10-12,Karnataka,SYNTHETIC,68000000,11.5,38.5,50.0,0.45,42.0,29.4,20.74,25.07,70.0,3.02,19.22,30.81,87.45,25.29,LOW,0,21.27,False,0,1.04,-6.6,0,0,0.0,0.152,0.596,0.355,0.687,0.548,0.501,0.679,0.55,0.497,0.0,0.0,0.0,0.0,0.0,0.0,0.0,0.00975,0.03097,0.04071,0,0,0,0,0,0,0,0,0,0,-0.04071,0.0,0.0,"{""max_temperature_c"": 29.4, ""mean_temperature_c"": 25.07, ""humidity_percent"": 70.0, ""wbgt_c"": 25.29, ""heat_index_c"": 30.81, ""heat_duration_hours"": 0, ""consecutive_heat_days"": 0}"
2025-10-13,Tamil Nadu,SYNTHETIC,77000000,13.0,40.0,47.0,0.36,55.0,31.71,23.6,27.66,80.0,1.89,23.9,37.4,99.33,28.38,CAUTION,0,24.26,False,0,1.93,-0.0,0,0,0.044,0.737,0.594,0.443,0.784,0.487,0.549,0.8,0.6,0.552,0.0785,0.1046,0.0524,0.0851,0.003,0.2355,0.4185,0.01245,0.03394,0.04639,0,0,0,0,0,0,0,0,0,0,-0.04639,0.0,0.0,"{""max_temperature_c"": 31.71, ""mean_temperature_c"": 27.66, ""humidity_percent"": 80.0, ""wbgt_c"": 28.38, ""heat_index_c"": 37.4, ""heat_duration_hours"": 0, ""consecutive_heat_days"": 0}"
2025-10-13,Kerala,SYNTHETIC,35800000,17.0,45.0,38.0,0.28,50.0,31.54,26.66,29.1,77.1,2.38,24.68,38.12,100.61,28.7,CAUTION,0,27.3,False,0,1.26,-5.9,0,0,0.55,0.835,0.524,0.425,0.487,0.518,0.604,0.853,0.65,0.582,0.1028,0.0611,0.1005,0.037,0.0498,0.2644,0.3998,0.00455,0.01285,0.0174,0,0,0,0,0,0,0,0,0,0,-0.0174,0.0,0.0,"{""max_temperature_c"": 31.54, ""mean_temperature_c"": 29.1, ""humidity_percent"": 77.1, ""wbgt_c"": 28.7, ""heat_index_c"": 38.12, ""heat_duration_hours"": 0, ""consecutive_heat_days"": 0}"
2025-10-13,Karnataka,SYNTHETIC,68000000,11.5,38.5,50.0,0.45,42.0,29.42,21.05,25.24,68.6,1.87,19.06,30.76,87.36,25.26,LOW,0,21.53,False,0,1.08,-8.1,0,0,0.0,0.133,0.694,0.319,0.706,0.547,0.48,0.679,0.55,0.498,0.0,0.0,0.0,0.0,0.0,0.0,0.0,0.01059,0.03195,0.04254,0,0,0,0,0,0,0,0,0,0,-0.04254,0.0,0.0,"{""max_temperature_c"": 29.42, ""mean_temperature_c"": 25.24, ""humidity_percent"": 68.6, ""wbgt_c"": 25.26, ""heat_index_c"": 30.76, ""heat_duration_hours"": 0, ""consecutive_heat_days"": 0}"
2025-10-14,Tamil Nadu,SYNTHETIC,77000000,13.0,40.0,47.0,0.36,55.0,31.3,24.7,28.0,77.4,5.94,23.68,36.59,97.86,27.83,LOW,0,25.36,False,0,1.58,-2.8,0,0,0.227,0.71,0.616,0.438,0.788,0.481,0.543,0.8,0.6,0.554,0.0458,0.0785,0.1046,0.0524,0.0174,0.2288,0.4469,0.01228,0.03321,0.04549,0,0,0,0,0,0,0,0,0,0,-0.04549,0.0,0.0,"{""max_temperature_c"": 31.3, ""mean_temperature_c"": 28.0, ""humidity_percent"": 77.4, ""wbgt_c"": 27.83, ""heat_index_c"": 36.59, ""heat_duration_hours"": 0, ""consecutive_heat_days"": 0}"
2025-10-14,Kerala,SYNTHETIC,35800000,17.0,45.0,38.0,0.28,50.0,30.77,25.61,28.19,81.7,3.25,24.77,37.11,98.8,28.33,CAUTION,0,26.21,False,0,0.5,-1.3,0,0,0.368,0.846,0.41,0.399,0.464,0.515,0.602,0.852,0.65,0.581,0.0748,0.1028,0.0611,0.1005,0.0289,0.2386,0.4457,0.00409,0.01214,0.01623,0,0,0,0,0,0,0,0,0,0,-0.01623,0.0,0.0,"{""max_temperature_c"": 30.77, ""mean_temperature_c"": 28.19, ""humidity_percent"": 81.7, ""wbgt_c"": 28.33, ""heat_index_c"": 37.11, ""heat_duration_hours"": 0, ""consecutive_heat_days"": 0}"
2025-10-14,Karnataka,SYNTHETIC,68000000,11.5,38.5,50.0,0.45,42.0,29.55,22.24,25.89,72.3,1.05,20.52,31.71,89.08,26.11,LOW,0,22.77,False,0,1.22,-4.5,0,0,0.0,0.315,0.738,0.358,0.715,0.543,0.537,0.679,0.55,0.498,0.0028,0.0,0.0,0.0,0.0,0.0028,0.0028,0.01071,0.03173,0.04244,0,0,0,0,0,0,0,0,0,0,-0.04244,0.0,0.0,"{""max_temperature_c"": 29.55, ""mean_temperature_c"": 25.89, ""humidity_percent"": 72.3, ""wbgt_c"": 26.11, ""heat_index_c"": 31.71, ""heat_duration_hours"": 0, ""consecutive_heat_days"": 0}"
2025-10-15,Tamil Nadu,SYNTHETIC,77000000,13.0,40.0,47.0,0.36,55.0,30.09,21.61,25.85,75.1,0.91,21.1,32.74,90.93,26.24,LOW,0,22.26,False,0,0.44,-5.3,0,0,0.0,0.388,0.583,0.434,0.782,0.485,0.546,0.799,0.6,0.554,0.0061,0.0458,0.0785,0.1046,0.0365,0.1303,0.4165,0.01156,0.03198,0.04354,0,0,0,0,0,0,0,0,0,0,-0.04354,0.0,0.0,"{""max_temperature_c"": 30.09, ""mean_temperature_c"": 25.85, ""humidity_percent"": 75.1, ""wbgt_c"": 26.24, ""heat_index_c"": 32.74, ""heat_duration_hours"": 0, ""consecutive_heat_days"": 0}"
2025-10-15,Kerala,SYNTHETIC,35800000,17.0,45.0,38.0,0.28,50.0,30.16,25.06,27.61,80.7,2.05,23.99,35.32,95.58,27.6,LOW,0,25.69,False,0,-0.11,-2.4,0,0,0.281,0.748,0.466,0.42,0.476,0.515,0.631,0.853,0.65,0.582,0.0401,0.0748,0.1028,0.0611,0.0342,0.2176,0.4516,0.00413,0.01195,0.01608,0,0,0,0,0,0,0,0,0,0,-0.01608,0.0,0.0,"{""max_temperature_c"": 30.16, ""mean_temperature_c"": 27.61, ""humidity_percent"": 80.7, ""wbgt_c"": 27.6, ""heat_index_c"": 35.32, ""heat_duration_hours"": 0, ""consecutive_heat_days"": 0}"
2025-10-15,Karnataka,SYNTHETIC,68000000,11.5,38.5,50.0,0.45,42.0,29.64,19.35,24.49,67.4,2.31,18.06,30.5,86.9,25.02,LOW,0,19.91,False,0,1.31,-9.4,0,0,0.0,0.008,0.697,0.377,0.707,0.546,0.501,0.681,0.55,0.497,0.0,0.0028,0.0,0.0,0.0,0.0028,0.0028,0.0105,0.0317,0.0422,0,0,0,0,0,0,0,0,0,0,-0.0422,0.0,0.0,"{""max_temperature_c"": 29.64, ""mean_temperature_c"": 24.49, ""humidity_percent"": 67.4, ""wbgt_c"": 25.02, ""heat_index_c"": 30.5, ""heat_duration_hours"": 0, ""consecutive_heat_days"": 0}"
2025-10-16,Tamil Nadu,SYNTHETIC,77000000,13.0,40.0,47.0,0.36,55.0,31.5,24.81,28.16,78.2,2.21,24.01,37.25,99.05,28.19,CAUTION,0,25.49,False,0,1.91,-2.3,0,0,0.248,0.751,0.553,0.449,0.776,0.486,0.539,0.797,0.6,0.557,0.0643,0.0061,0.0458,0.0785,0.0441,0.1161,0.4367,0.01154,0.03248,0.04402,0,0,0,0,0,0,0,0,0,0,-0.04402,0.0,0.0,"{""max_temperature_c"": 31.5, ""mean_temperature_c"": 28.16, ""humidity_percent"": 78.2, ""wbgt_c"": 28.19, ""heat_index_c"": 37.25, ""heat_duration_hours"": 0, ""consecutive_heat_days"": 0}"
2025-10-16,Kerala,SYNTHETIC,35800000,17.0,45.0,38.0,0.28,50.0,29.62,23.69,26.66,84.1,2.44,23.75,34.31,93.76,27.23,LOW,0,24.3,False,0,-0.64,1.0,0,0,0.05,0.719,0.435,0.406,0.47,0.513,0.594,0.851,0.65,0.579,0.0306,0.0401,0.0748,0.1028,0.0354,0.1455,0.4468,0.00404,0.01184,0.01587,0,0,0,0,0,0,0,0,0,0,-0.01587,0.0,0.0,"{""max_temperature_c"": 29.62, ""mean_temperature_c"": 26.66, ""humidity_percent"": 84.1, ""wbgt_c"": 27.23, ""heat_index_c"": 34.31, ""heat_duration_hours"": 0, ""consecutive_heat_days"": 0}"
2025-10-16,Karnataka,SYNTHETIC,68000000,11.5,38.5,50.0,0.45,42.0,27.83,19.48,23.65,72.4,1.2,18.39,28.85,83.92,24.2,LOW,0,19.94,False,0,-0.5,-4.4,0,0,0.0,0.049,0.719,0.307,0.711,0.55,0.506,0.679,0.55,0.496,0.0,0.0,0.0028,0.0,0.0,0.0028,0.0028,0.01072,0.03206,0.04278,0,0,0,0,0,0,0,0,0,0,-0.04278,0.0,0.0,"{""max_temperature_c"": 27.83, ""mean_temperature_c"": 23.65, ""humidity_percent"": 72.4, ""wbgt_c"": 24.2, ""heat_index_c"": 28.85, ""heat_duration_hours"": 0, ""consecutive_heat_days"": 0}"
2025-10-17,Tamil Nadu,SYNTHETIC,77000000,13.0,40.0,47.0,0.36,55.0,31.42,24.33,27.88,82.7,1.82,24.66,37.92,100.26,28.5,CAUTION,0,25.01,False,0,1.89,2.0,0,0,0.168,0.832,0.623,0.452,0.79,0.486,0.538,0.798,0.6,0.552,0.0873,0.0643,0.0061,0.0458,0.0851,0.1577,0.4389,0.01242,0.0336,0.04602,0,0,0,0,0,0,0,0,0,0,-0.04602,0.0,0.0,"{""max_temperature_c"": 31.42, ""mean_temperature_c"": 27.88, ""humidity_percent"": 82.7, ""wbgt_c"": 28.5, ""heat_index_c"": 37.92, ""heat_duration_hours"": 0, ""consecutive_heat_days"": 0}"
2025-10-17,Kerala,SYNTHETIC,35800000,17.0,45.0,38.0,0.28,50.0,29.65,22.26,25.96,76.9,1.68,21.59,32.55,90.59,26.45,LOW,0,22.87,False,0,-0.61,-6.2,0,0,0.0,0.449,0.434,0.403,0.469,0.514,0.625,0.849,0.65,0.575,0.0112,0.0306,0.0401,0.0748,0.037,0.082,0.4211,0.00394,0.01164,0.01558,0,0,0,0,0,0,0,0,0,0,-0.01558,0.0,0.0,"{""max_temperature_c"": 29.65, ""mean_temperature_c"": 25.96, ""humidity_percent"": 76.9, ""wbgt_c"": 26.45, ""heat_index_c"": 32.55, ""heat_duration_hours"": 0, ""consecutive_heat_days"": 0}"
2025-10-17,Karnataka,SYNTHETIC,68000000,11.5,38.5,50.0,0.45,42.0,28.69,20.2,24.44,64.8,2.44,17.4,29.32,84.78,24.19,LOW,0,20.72,False,0,0.38,-12.0,0,0,0.0,0.0,0.707,0.35,0.709,0.554,0.475,0.68,0.55,0.495,0.0,0.0,0.0,0.0028,0.0,0.0,0.0028,0.01078,0.03237,0.04315,0,0,0,0,0,0,0,0,0,0,-0.04315,0.0,0.0,"{""max_temperature_c"": 28.69, ""mean_temperature_c"": 24.44, ""humidity_percent"": 64.8, ""wbgt_c"": 24.19, ""heat_index_c"": 29.32, ""heat_duration_hours"": 0, ""consecutive_heat_days"": 0}"
2025-10-18,Tamil Nadu,SYNTHETIC,77000000,13.0,40.0,47.0,0.36,55.0,31.32,24.68,28.0,78.7,1.71,23.95,36.92,98.46,28.41,CAUTION,0,25.34,False,0,1.85,-2.1,0,0,0.223,0.743,0.527,0.437,0.77,0.484,0.558,0.798,0.6,0.551,0.0805,0.0873,0.0643,0.0061,0.0524,0.232,0.4669,0.01134,0.03213,0.04348,0,0,0,0,0,0,0,0,0,0,-0.04348,0.0,0.0,"{""max_temperature_c"": 31.32, ""mean_temperature_c"": 28.0, ""humidity_percent"": 78.7, ""wbgt_c"": 28.41, ""heat_index_c"": 36.92, ""heat_duration_hours"": 0, ""consecutive_heat_days"": 0}"
2025-10-18,Kerala,SYNTHETIC,35800000,17.0,45.0,38.0,0.28,50.0,30.06,24.86,27.46,77.4,3.37,23.16,34.38,93.88,27.2,LOW,0,25.49,False,0,-0.19,-5.7,0,0,0.248,0.645,0.4,0.421,0.462,0.515,0.608,0.848,0.65,0.575,0.0299,0.0112,0.0306,0.0401,0.1005,0.0718,0.3505,0.00391,0.01177,0.01568,0,0,0,0,0,0,0,0,0,0,-0.01568,0.0,0.0,"{""max_temperature_c"": 30.06, ""mean_temperature_c"": 27.46, ""humidity_percent"": 77.4, ""wbgt_c"": 27.2, ""heat_index_c"": 34.38, ""heat_duration_hours"": 0, ""consecutive_heat_days"": 0}"
2025-10-18,Karnataka,SYNTHETIC,68000000,11.5,38.5,50.0,0.45,42.0,28.04,17.22,22.63,68.9,1.34,16.63,28.49,83.28,23.54,LOW,0,17.79,False,0,-0.27,-8.0,0,0,0.0,0.0,0.691,0.379,0.706,0.559,0.477,0.682,0.55,0.492,0.0,0.0,0.0,0.0,0.0,0.0,0.0028,0.01072,0.03251,0.04324,0,0,0,0,0,0,0,0,0,0,-0.04324,0.0,0.0,"{""max_temperature_c"": 28.04, ""mean_temperature_c"": 22.63, ""humidity_percent"": 68.9, ""wbgt_c"": 23.54, ""heat_index_c"": 28.49, ""heat_duration_hours"": 0, ""consecutive_heat_days"": 0}"
2025-10-19,Tamil Nadu,SYNTHETIC,77000000,13.0,40.0,47.0,0.36,55.0,30.13,22.73,26.43,75.3,2.43,21.71,33.24,91.83,26.48,LOW,0,23.37,False,0,0.72,-5.6,0,0,0.0,0.464,0.466,0.423,0.758,0.48,0.556,0.798,0.6,0.555,0.0121,0.0805,0.0873,0.0643,0.1046,0.1798,0.3745,0.01027,0.03006,0.04033,0,0,0,0,0,0,0,0,0,0,-0.04033,0.0,0.0,"{""max_temperature_c"": 30.13, ""mean_temperature_c"": 26.43, ""humidity_percent"": 75.3, ""wbgt_c"": 26.48, ""heat_index_c"": 33.24, ""heat_duration_hours"": 0, ""consecutive_heat_days"": 0}"
2025-10-19,Kerala,SYNTHETIC,35800000,17.0,45.0,38.0,0.28,50.0,30.74,24.77,27.76,80.6,2.49,24.11,36.3,97.33,28.04,CAUTION,0,25.36,False,0,0.48,-2.6,0,0,0.226,0.763,0.36,0.389,0.454,0.515,0.602,0.848,0.65,0.579,0.0532,0.0299,0.0112,0.0306,0.0611,0.0944,0.3426,0.00388,0.01187,0.01574,0,0,0,0,0,0,0,0,0,0,-0.01574,0.0,0.0,"{""max_temperature_c"": 30.74, ""mean_temperature_c"": 27.76, ""humidity_percent"": 80.6, ""wbgt_c"": 28.04, ""heat_index_c"": 36.3, ""heat_duration_hours"": 0, ""consecutive_heat_days"": 0}"
2025-10-19,Karnataka,SYNTHETIC,68000000,11.5,38.5,50.0,0.45,42.0,27.43,20.09,23.76,74.8,3.79,19.02,28.65,83.58,24.11,LOW,0,20.57,False,0,-0.88,-2.1,0,0,0.0,0.128,0.55,0.319,0.677,0.562,0.502,0.684,0.55,0.488,0.0,0.0,0.0,0.0,0.0,0.0,0.0028,0.00953,0.03112,0.04065,0,0,0,0,0,0,0,0,0,0,-0.04065,0.0,0.0,"{""max_temperature_c"": 27.43, ""mean_temperature_c"": 23.76, ""humidity_percent"": 74.8, ""wbgt_c"": 24.11, ""heat_index_c"": 28.65, ""heat_duration_hours"": 0, ""consecutive_heat_days"": 0}"
2025-10-20,Tamil Nadu,SYNTHETIC,77000000,13.0,40.0,47.0,0.36,55.0,29.9,21.26,25.58,71.4,0.82,20.02,31.8,89.24,25.78,LOW,0,21.95,False,0,0.54,-9.6,0,0,0.0,0.253,0.561,0.466,0.777,0.481,0.528,0.797,0.6,0.553,0.0,0.0121,0.0805,0.0873,0.0785,0.0926,0.296,0.01093,0.03064,0.04158,0,1,1,1,0,0,0,0,1,0,0.95842,0.001299,0.0,"{""max_temperature_c"": 29.9, ""mean_temperature_c"": 25.58, ""humidity_percent"": 71.4, ""wbgt_c"": 25.78, ""heat_index_c"": 31.8, ""heat_duration_hours"": 0, ""consecutive_heat_days"": 0}"
2025-10-20,Kerala,SYNTHETIC,35800000,17.0,45.0,38.0,0.28,50.0,30.99,25.88,28.43,77.9,2.32,24.2,36.75,98.16,28.29,CAUTION,0,26.46,False,0,0.73,-5.3,0,0,0.411,0.775,0.472,0.392,0.477,0.51,0.609,0.846,0.65,0.58,0.0715,0.0532,0.0299,0.0112,0.1028,0.1546,0.3113,0.00432,0.01249,0.01682,0,0,0,0,0,0,0,0,0,0,-0.01682,0.0,0.0,"{""max_temperature_c"": 30.99, ""mean_temperature_c"": 28.43, ""humidity_percent"": 77.9, ""wbgt_c"": 28.29, ""heat_index_c"": 36.75, ""heat_duration_hours"": 0, ""consecutive_heat_days"": 0}"
2025-10-20,Karnataka,SYNTHETIC,68000000,11.5,38.5,50.0,0.45,42.0,27.09,17.35,22.22,75.3,1.35,17.64,27.92,82.26,23.43,LOW,0,17.82,False,0,-1.21,-1.6,0,0,0.0,0.0,0.766,0.313,0.721,0.563,0.518,0.684,0.55,0.488,0.0,0.0,0.0,0.0,0.0,0.0,0.0028,0.01129,0.03316,0.04445,0,0,0,0,0,0,0,0,0,0,-0.04445,0.0,0.0,"{""max_temperature_c"": 27.09, ""mean_temperature_c"": 22.22, ""humidity_percent"": 75.3, ""wbgt_c"": 23.43, ""heat_index_c"": 27.92, ""heat_duration_hours"": 0, ""consecutive_heat_days"": 0}"
2025-10-21,Tamil Nadu,SYNTHETIC,77000000,13.0,40.0,47.0,0.36,55.0,29.53,22.53,26.03,77.1,2.91,21.7,32.48,90.46,26.21,LOW,0,23.24,False,0,0.22,-4.1,0,0,0.0,0.462,0.513,0.471,0.768,0.482,0.567,0.797,0.6,0.557,0.0052,0.0,0.0121,0.0805,0.0458,0.0173,0.2555,0.01024,0.02956,0.0398,0,0,0,0,0,0,0,0,0,0,-0.0398,0.0,0.0,"{""max_temperature_c"": 29.53, ""mean_temperature_c"": 26.03, ""humidity_percent"": 77.1, ""wbgt_c"": 26.21, ""heat_index_c"": 32.48, ""heat_duration_hours"": 0, ""consecutive_heat_days"": 0}"
2025-10-21,Kerala,SYNTHETIC,35800000,17.0,45.0,38.0,0.28,50.0,29.72,25.16,27.44,83.5,2.15,24.4,35.1,95.18,27.56,LOW,0,25.77,False,0,-0.53,0.4,0,0,0.295,0.8,0.439,0.41,0.47,0.516,0.583,0.846,0.65,0.581,0.0389,0.0715,0.0532,0.0299,0.0748,0.1636,0.2755,0.00424,0.01242,0.01666,0,0,0,0,0,0,0,0,0,0,-0.01666,0.0,0.0,"{""max_temperature_c"": 29.72, ""mean_temperature_c"": 27.44, ""humidity_percent"": 83.5, ""wbgt_c"": 27.56, ""heat_index_c"": 35.1, ""heat_duration_hours"": 0, ""consecutive_heat_days"": 0}"
2025-10-21,Karnataka,SYNTHETIC,68000000,11.5,38.5,50.0,0.45,42.0,26.89,18.51,22.7,83.1,4.84,19.68,28.28,82.9,23.9,LOW,0,19.01,False,0,-1.4,6.1,0,0,0.0,0.21,0.69,0.336,0.706,0.557,0.483,0.682,0.55,0.488,0.0,0.0,0.0,0.0,0.0028,0.0,0.0,0.01069,0.03243,0.04312,0,0,0,0,0,0,0,0,0,0,-0.04312,0.0,0.0,"{""max_temperature_c"": 26.89, ""mean_temperature_c"": 22.7, ""humidity_percent"": 83.1, ""wbgt_c"": 23.9, ""heat_index_c"": 28.28, ""heat_duration_hours"": 0, ""consecutive_heat_days"": 0}"
2025-10-22,Tamil Nadu,SYNTHETIC,77000000,13.0,40.0,47.0,0.36,55.0,29.47,22.29,25.88,78.1,2.67,21.77,32.44,90.4,26.06,LOW,0,22.95,False,0,0.2,-3.2,0,0,0.0,0.471,0.568,0.435,0.779,0.488,0.569,0.796,0.6,0.56,0.0015,0.0052,0.0,0.0121,0.0061,0.0067,0.2509,0.01063,0.02993,0.04056,0,0,0,0,0,0,0,0,0,0,-0.04056,0.0,0.0,"{""max_temperature_c"": 29.47, ""mean_temperature_c"": 25.88, ""humidity_percent"": 78.1, ""wbgt_c"": 26.06, ""heat_index_c"": 32.44, ""heat_duration_hours"": 0, ""consecutive_heat_days"": 0}"
2025-10-22,Kerala,SYNTHETIC,35800000,17.0,45.0,38.0,0.28,50.0,28.75,23.17,25.96,86.9,2.39,23.61,32.87,91.16,26.62,LOW,0,23.82,False,0,-1.5,3.7,0,0,0.0,0.701,0.436,0.434,0.47,0.515,0.566,0.845,0.65,0.582,0.0154,0.0389,0.0715,0.0532,0.0401,0.1258,0.2508,0.00419,0.01226,0.01645,0,0,0,0,0,0,0,0,0,0,-0.01645,0.0,0.0,"{""max_temperature_c"": 28.75, ""mean_temperature_c"": 25.96, ""humidity_percent"": 86.9, ""wbgt_c"": 26.62, ""heat_index_c"": 32.87, ""heat_duration_hours"": 0, ""consecutive_heat_days"": 0}"
2025-10-22,Karnataka,SYNTHETIC,68000000,11.5,38.5,50.0,0.45,42.0,26.14,16.56,21.35,85.7,0.78,18.86,26.48,79.67,23.37,LOW,0,17.08,False,0,-2.16,8.8,0,0,0.0,0.107,0.709,0.344,0.709,0.559,0.491,0.681,0.55,0.487,0.0,0.0,0.0,0.0,0.0,0.0,0.0,0.01086,0.03269,0.04355,0,0,0,0,0,0,0,0,0,0,-0.04355,0.0,0.0,"{""max_temperature_c"": 26.14, ""mean_temperature_c"": 21.35, ""humidity_percent"": 85.7, ""wbgt_c"": 23.37, ""heat_index_c"": 26.48, ""heat_duration_hours"": 0, ""consecutive_heat_days"": 0}"
2025-10-23,Tamil Nadu,SYNTHETIC,77000000,13.0,40.0,47.0,0.36,55.0,29.32,22.06,25.69,78.9,3.19,21.76,32.25,90.06,26.12,LOW,0,22.75,False,0,0.1,-2.5,0,0,0.0,0.47,0.575,0.456,0.78,0.483,0.56,0.794,0.6,0.565,0.003,0.0015,0.0052,0.0,0.0643,0.0098,0.1896,0.01061,0.02972,0.04033,0,0,0,0,0,0,0,0,0,0,-0.04033,0.0,0.0,"{""max_temperature_c"": 29.32, ""mean_temperature_c"": 25.69, ""humidity_percent"": 78.9, ""wbgt_c"": 26.12, ""heat_index_c"": 32.25, ""heat_duration_hours"": 0, ""consecutive_heat_days"": 0}"
2025-10-23,Kerala,SYNTHETIC,35800000,17.0,45.0,38.0,0.28,50.0,30.41,26.65,28.53,85.1,1.53,25.78,37.85,100.13,28.63,CAUTION,0,27.23,False,0,0.16,1.9,0,0,0.539,0.973,0.452,0.388,0.473,0.517,0.614,0.844,0.65,0.58,0.0971,0.0154,0.0389,0.0715,0.0306,0.1515,0.3173,0.00448,0.0132,0.01768,0,0,0,0,0,0,0,0,0,0,-0.01768,0.0,0.0,"{""max_temperature_c"": 30.41, ""mean_temperature_c"": 28.53, ""humidity_percent"": 85.1, ""wbgt_c"": 28.63, ""heat_index_c"": 37.85, ""heat_duration_hours"": 0, ""consecutive_heat_days"": 0}"
2025-10-23,Karnataka,SYNTHETIC,68000000,11.5,38.5,50.0,0.45,42.0,26.33,19.09,22.71,85.0,4.35,20.05,26.81,80.25,23.76,LOW,0,19.64,False,0,-1.96,8.0,0,0,0.0,0.257,0.74,0.367,0.716,0.561,0.464,0.68,0.55,0.489,0.0,0.0,0.0,0.0,0.0,0.0,0.0,0.01127,0.03333,0.0446,0,0,0,0,0,0,0,0,0,0,-0.0446,0.0,0.0,"{""max_temperature_c"": 26.33, ""mean_temperature_c"": 22.71, ""humidity_percent"": 85.0, ""wbgt_c"": 23.76, ""heat_index_c"": 26.81, ""heat_duration_hours"": 0, ""consecutive_heat_days"": 0}"
2025-10-24,Tamil Nadu,SYNTHETIC,77000000,13.0,40.0,47.0,0.36,55.0,29.34,23.17,26.25,84.8,1.03,23.49,33.65,92.57,26.93,LOW,0,23.79,False,0,0.16,3.3,0,0,0.0,0.686,0.609,0.415,0.787,0.486,0.513,0.795,0.6,0.564,0.0232,0.003,0.0015,0.0052,0.0873,0.0277,0.1255,0.01121,0.03069,0.0419,0,0,0,0,0,0,0,0,0,0,-0.0419,0.0,0.0,"{""max_temperature_c"": 29.34, ""mean_temperature_c"": 26.25, ""humidity_percent"": 84.8, ""wbgt_c"": 26.93, ""heat_index_c"": 33.65, ""heat_duration_hours"": 0, ""consecutive_heat_days"": 0}"
2025-10-24,Kerala,SYNTHETIC,35800000,17.0,45.0,38.0,0.28,50.0,30.42,26.68,28.55,84.7,1.13,25.72,37.77,99.99,28.59,CAUTION,0,27.26,False,0,0.16,1.5,0,0,0.544,0.965,0.414,0.389,0.465,0.521,0.574,0.845,0.65,0.582,0.094,0.0971,0.0154,0.0389,0.0112,0.2066,0.4001,0.0045,0.01338,0.01788,0,0,0,0,0,0,0,0,0,0,-0.01788,0.0,0.0,"{""max_temperature_c"": 30.42, ""mean_temperature_c"": 28.55, ""humidity_percent"": 84.7, ""wbgt_c"": 28.59, ""heat_index_c"": 37.77, ""heat_duration_hours"": 0, ""consecutive_heat_days"": 0}"
2025-10-24,Karnataka,SYNTHETIC,68000000,11.5,38.5,50.0,0.45,42.0,27.81,20.15,23.98,81.2,3.27,20.56,29.69,85.43,24.85,LOW,0,20.66,False,0,-0.48,4.3,0,0,0.0,0.32,0.705,0.341,0.708,0.566,0.481,0.682,0.55,0.489,0.0,0.0,0.0,0.0,0.0,0.0,0.0,0.01097,0.03314,0.04411,0,0,0,0,0,0,0,0,0,0,-0.04411,0.0,0.0,"{""max_temperature_c"": 27.81, ""mean_temperature_c"": 23.98, ""humidity_percent"": 81.2, ""wbgt_c"": 24.85, ""heat_index_c"": 29.69, ""heat_duration_hours"": 0, ""consecutive_heat_days"": 0}"
2025-10-25,Tamil Nadu,SYNTHETIC,77000000,13.0,40.0,47.0,0.36,55.0,29.63,22.18,25.9,82.2,6.29,22.63,33.32,91.97,26.38,LOW,0,22.84,False,0,0.48,0.6,0,0,0.0,0.579,0.55,0.443,0.775,0.486,0.566,0.797,0.6,0.559,0.0095,0.0232,0.003,0.0015,0.0805,0.0357,0.0546,0.01043,0.02954,0.03997,0,0,0,0,0,0,0,0,0,0,-0.03997,0.0,0.0,"{""max_temperature_c"": 29.63, ""mean_temperature_c"": 25.9, ""humidity_percent"": 82.2, ""wbgt_c"": 26.38, ""heat_index_c"": 33.32, ""heat_duration_hours"": 0, ""consecutive_heat_days"": 0}"
2025-10-25,Kerala,SYNTHETIC,35800000,17.0,45.0,38.0,0.28,50.0,30.5,24.19,27.35,73.3,1.19,22.14,34.05,93.3,27.1,LOW,0,24.82,False,0,0.24,-9.9,0,0,0.137,0.518,0.387,0.423,0.46,0.526,0.569,0.844,0.65,0.584,0.0275,0.094,0.0971,0.0154,0.0299,0.2186,0.3977,0.00424,0.01269,0.01693,0,0,0,0,0,0,0,0,0,0,-0.01693,0.0,0.0,"{""max_temperature_c"": 30.5, ""mean_temperature_c"": 27.35, ""humidity_percent"": 73.3, ""wbgt_c"": 27.1, ""heat_index_c"": 34.05, ""heat_duration_hours"": 0, ""consecutive_heat_days"": 0}"
2025-10-25,Karnataka,SYNTHETIC,68000000,11.5,38.5,50.0,0.45,42.0,27.2,18.3,22.75,77.8,3.41,18.68,28.31,82.97,23.8,LOW,0,18.81,False,0,-1.09,0.9,0,0,0.0,0.085,0.623,0.334,0.692,0.566,0.512,0.68,0.55,0.488,0.0,0.0,0.0,0.0,0.0,0.0,0.0,0.01019,0.03217,0.04236,0,0,0,0,0,0,0,0,0,0,-0.04236,0.0,0.0,"{""max_temperature_c"": 27.2, ""mean_temperature_c"": 22.75, ""humidity_percent"": 77.8, ""wbgt_c"": 23.8, ""heat_index_c"": 28.31, ""heat_duration_hours"": 0, ""consecutive_heat_days"": 0}"
2025-10-26,Tamil Nadu,SYNTHETIC,77000000,13.0,40.0,47.0,0.36,55.0,29.71,23.48,26.59,77.5,3.1,22.33,33.18,91.73,26.5,LOW,0,24.12,False,0,0.6,-4.2,0,0,0.02,0.541,0.458,0.429,0.757,0.485,0.504,0.795,0.6,0.559,0.0126,0.0095,0.0232,0.003,0.0121,0.0453,0.055,0.00986,0.02904,0.0389,0,0,0,0,0,0,0,0,0,0,-0.0389,0.0,0.0,"{""max_temperature_c"": 29.71, ""mean_temperature_c"": 26.59, ""humidity_percent"": 77.5, ""wbgt_c"": 26.5, ""heat_index_c"": 33.18, ""heat_duration_hours"": 0, ""consecutive_heat_days"": 0}"
2025-10-26,Kerala,SYNTHETIC,35800000,17.0,45.0,38.0,0.28,50.0,30.74,23.08,26.91,70.0,0.99,20.98,33.41,92.15,26.73,LOW,0,23.68,False,0,0.47,-13.1,0,0,0.0,0.372,0.312,0.397,0.445,0.532,0.59,0.843,0.65,0.584,0.0182,0.0275,0.094,0.0971,0.0532,0.1397,0.3627,0.00396,0.01243,0.01639,0,0,0,0,0,0,0,0,0,0,-0.01639,0.0,0.0,"{""max_temperature_c"": 30.74, ""mean_temperature_c"": 26.91, ""humidity_percent"": 70.0, ""wbgt_c"": 26.73, ""heat_index_c"": 33.41, ""heat_duration_hours"": 0, ""consecutive_heat_days"": 0}"
2025-10-26,Karnataka,SYNTHETIC,68000000,11.5,38.5,50.0,0.45,42.0,26.26,16.58,21.42,76.3,1.71,17.08,26.43,79.57,22.82,LOW,0,17.13,False,0,-2.04,-0.6,0,0,0.0,0.0,0.57,0.366,0.682,0.565,0.521,0.679,0.55,0.485,0.0,0.0,0.0,0.0,0.0,0.0,0.0,0.00976,0.03165,0.0414,0,0,0,0,0,0,0,0,0,0,-0.0414,0.0,0.0,"{""max_temperature_c"": 26.26, ""mean_temperature_c"": 21.42, ""humidity_percent"": 76.3, ""wbgt_c"": 22.82, ""heat_index_c"": 26.43, ""heat_duration_hours"": 0, ""consecutive_heat_days"": 0}"
2025-10-27,Tamil Nadu,SYNTHETIC,77000000,13.0,40.0,47.0,0.36,55.0,29.89,24.12,27.0,80.5,1.94,23.36,34.32,93.78,27.12,LOW,0,24.81,False,0,0.81,-1.2,0,0,0.136,0.67,0.62,0.465,0.789,0.478,0.483,0.794,0.6,0.551,0.0279,0.0126,0.0095,0.0232,0.0,0.05,0.0829,0.01131,0.03059,0.0419,0,0,0,0,0,0,0,0,0,0,-0.0419,0.0,0.0,"{""max_temperature_c"": 29.89, ""mean_temperature_c"": 27.0, ""humidity_percent"": 80.5, ""wbgt_c"": 27.12, ""heat_index_c"": 34.32, ""heat_duration_hours"": 0, ""consecutive_heat_days"": 0}"
2025-10-27,Kerala,SYNTHETIC,35800000,17.0,45.0,38.0,0.28,50.0,30.56,25.25,27.91,71.4,2.45,22.26,34.23,93.62,27.14,LOW,0,25.85,False,0,0.29,-11.7,0,0,0.308,0.532,0.407,0.397,0.464,0.533,0.618,0.844,0.65,0.585,0.0286,0.0182,0.0275,0.094,0.0715,0.0743,0.3198,0.00427,0.01286,0.01712,0,0,0,0,0,0,0,0,0,0,-0.01712,0.0,0.0,"{""max_temperature_c"": 30.56, ""mean_temperature_c"": 27.91, ""humidity_percent"": 71.4, ""wbgt_c"": 27.14, ""heat_index_c"": 34.23, ""heat_duration_hours"": 0, ""consecutive_heat_days"": 0}"
2025-10-27,Karnataka,SYNTHETIC,68000000,11.5,38.5,50.0,0.45,42.0,26.82,19.09,22.96,78.1,3.65,18.93,27.99,82.39,23.66,LOW,0,19.61,False,0,-1.48,1.2,0,0,0.0,0.117,0.688,0.346,0.705,0.564,0.506,0.681,0.55,0.48,0.0,0.0,0.0,0.0,0.0,0.0,0.0,0.01081,0.03298,0.04379,0,0,0,0,0,0,0,0,0,0,-0.04379,0.0,0.0,"{""max_temperature_c"": 26.82, ""mean_temperature_c"": 22.96, ""humidity_percent"": 78.1, ""wbgt_c"": 23.66, ""heat_index_c"": 27.99, ""heat_duration_hours"": 0, ""consecutive_heat_days"": 0}"
2025-10-28,Tamil Nadu,SYNTHETIC,77000000,13.0,40.0,47.0,0.36,55.0,29.51,21.63,25.57,79.1,3.71,21.69,32.43,90.38,26.14,LOW,0,22.35,False,0,0.46,-2.6,0,0,0.0,0.461,0.6,0.477,0.785,0.479,0.529,0.795,0.6,0.554,0.0036,0.0279,0.0126,0.0095,0.0052,0.044,0.0813,0.01078,0.0296,0.04038,0,0,0,0,0,0,0,0,0,0,-0.04038,0.0,0.0,"{""max_temperature_c"": 29.51, ""mean_temperature_c"": 25.57, ""humidity_percent"": 79.1, ""wbgt_c"": 26.14, ""heat_index_c"": 32.43, ""heat_duration_hours"": 0, ""consecutive_heat_days"": 0}"
2025-10-28,Kerala,SYNTHETIC,35800000,17.0,45.0,38.0,0.28,50.0,31.21,25.68,28.45,77.5,0.82,24.13,36.98,98.56,28.28,CAUTION,0,26.23,False,0,0.93,-5.6,0,0,0.372,0.766,0.486,0.368,0.48,0.529,0.609,0.845,0.65,0.585,0.0714,0.0286,0.0182,0.0275,0.0389,0.1181,0.3522,0.00471,0.0136,0.01831,0,0,0,0,0,0,0,0,0,0,-0.01831,0.0,0.0,"{""max_temperature_c"": 31.21, ""mean_temperature_c"": 28.45, ""humidity_percent"": 77.5, ""wbgt_c"": 28.28, ""heat_index_c"": 36.98, ""heat_duration_hours"": 0, ""consecutive_heat_days"": 0}"
2025-10-28,Karnataka,SYNTHETIC,68000000,11.5,38.5,50.0,0.45,42.0,26.63,18.95,22.79,81.7,4.23,19.51,27.93,82.28,23.73,LOW,0,19.44,False,0,-1.68,4.8,0,0,0.0,0.188,0.705,0.326,0.709,0.565,0.481,0.681,0.55,0.48,0.0,0.0,0.0,0.0,0.0,0.0,0.0,0.0111,0.0335,0.0446,0,0,0,0,0,0,0,0,0,0,-0.0446,0.0,0.0,"{""max_temperature_c"": 26.63, ""mean_temperature_c"": 22.79, ""humidity_percent"": 81.7, ""wbgt_c"": 23.73, ""heat_index_c"": 27.93, ""heat_duration_hours"": 0, ""consecutive_heat_days"": 0}"
2025-10-29,Tamil Nadu,SYNTHETIC,77000000,13.0,40.0,47.0,0.36,55.0,29.17,22.33,25.75,80.6,3.42,22.16,32.34,90.21,26.28,LOW,0,23.01,False,0,0.14,-1.2,0,0,0.0,0.52,0.522,0.451,0.769,0.476,0.543,0.794,0.6,0.552,0.0071,0.0036,0.0279,0.0126,0.0015,0.0386,0.0869,0.01001,0.02862,0.03864,0,0,0,0,0,0,0,0,0,0,-0.03864,0.0,0.0,"{""max_temperature_c"": 29.17, ""mean_temperature_c"": 25.75, ""humidity_percent"": 80.6, ""wbgt_c"": 26.28, ""heat_index_c"": 32.34, ""heat_duration_hours"": 0, ""consecutive_heat_days"": 0}"
2025-10-29,Kerala,SYNTHETIC,35800000,17.0,45.0,38.0,0.28,50.0,30.99,24.72,27.86,84.9,2.57,25.08,37.84,100.12,28.6,CAUTION,0,25.35,False,0,0.71,1.9,0,0,0.225,0.885,0.451,0.419,0.473,0.531,0.612,0.845,0.65,0.58,0.0948,0.0714,0.0286,0.0182,0.0154,0.1947,0.4315,0.00475,0.01391,0.01866,0,0,0,0,0,0,0,0,0,0,-0.01866,0.0,0.0,"{""max_temperature_c"": 30.99, ""mean_temperature_c"": 27.86, ""humidity_percent"": 84.9, ""wbgt_c"": 28.6, ""heat_index_c"": 37.84, ""heat_duration_hours"": 0, ""consecutive_heat_days"": 0}"
2025-10-29,Karnataka,SYNTHETIC,68000000,11.5,38.5,50.0,0.45,42.0,29.06,20.41,24.73,78.8,1.18,20.81,31.32,88.37,26.01,LOW,0,20.96,False,0,0.75,2.0,0,0,0.0,0.352,0.732,0.366,0.714,0.559,0.505,0.679,0.55,0.482,0.0002,0.0,0.0,0.0,0.0,0.0002,0.0002,0.01119,0.03335,0.04454,0,0,0,0,0,0,0,0,0,0,-0.04454,0.0,0.0,"{""max_temperature_c"": 29.06, ""mean_temperature_c"": 24.73, ""humidity_percent"": 78.8, ""wbgt_c"": 26.01, ""heat_index_c"": 31.32, ""heat_duration_hours"": 0, ""consecutive_heat_days"": 0}"
2025-10-30,Tamil Nadu,SYNTHETIC,77000000,13.0,40.0,47.0,0.36,55.0,29.97,23.15,26.56,74.6,2.21,21.68,33.01,91.41,26.52,LOW,0,23.76,False,0,0.96,-7.2,0,0,0.0,0.46,0.519,0.408,0.769,0.472,0.557,0.793,0.6,0.552,0.0129,0.0071,0.0036,0.0279,0.003,0.0236,0.0968,0.00989,0.0283,0.03819,0,0,0,0,0,0,0,0,0,0,-0.03819,0.0,0.0,"{""max_temperature_c"": 29.97, ""mean_temperature_c"": 26.56, ""humidity_percent"": 74.6, ""wbgt_c"": 26.52, ""heat_index_c"": 33.01, ""heat_duration_hours"": 0, ""consecutive_heat_days"": 0}"
2025-10-30,Kerala,SYNTHETIC,35800000,17.0,45.0,38.0,0.28,50.0,30.28,24.68,27.48,79.9,2.48,23.7,35.2,95.36,27.62,LOW,0,25.27,False,0,-0.02,-3.1,0,0,0.211,0.712,0.384,0.393,0.459,0.537,0.609,0.843,0.65,0.581,0.0405,0.0948,0.0714,0.0286,0.0971,0.2066,0.3749,0.00445,0.01347,0.01791,0,0,0,0,0,0,0,0,0,0,-0.01791,0.0,0.0,"{""max_temperature_c"": 30.28, ""mean_temperature_c"": 27.48, ""humidity_percent"": 79.9, ""wbgt_c"": 27.62, ""heat_index_c"": 35.2, ""heat_duration_hours"": 0, ""consecutive_heat_days"": 0}"
2025-10-30,Karnataka,SYNTHETIC,68000000,11.5,38.5,50.0,0.45,42.0,30.74,21.26,26.0,72.3,4.45,20.63,33.16,91.69,26.37,LOW,0,21.74,False,0,2.42,-4.5,0,0,0.0,0.329,0.718,0.319,0.711,0.562,0.457,0.68,0.55,0.482,0.0091,0.0002,0.0,0.0,0.0,0.0094,0.0094,0.01137,0.03392,0.04528,0,0,0,0,0,0,0,0,0,0,-0.04528,0.0,0.0,"{""max_temperature_c"": 30.74, ""mean_temperature_c"": 26.0, ""humidity_percent"": 72.3, ""wbgt_c"": 26.37, ""heat_index_c"": 33.16, ""heat_duration_hours"": 0, ""consecutive_heat_days"": 0}"
2025-10-31,Tamil Nadu,SYNTHETIC,77000000,13.0,40.0,47.0,0.36,55.0,30.65,23.34,26.99,75.9,3.64,22.38,34.44,93.99,27.22,LOW,0,24.0,False,0,1.65,-6.0,0,0,0.0,0.547,0.586,0.437,0.782,0.471,0.562,0.792,0.6,0.549,0.0305,0.0129,0.0071,0.0036,0.0232,0.0506,0.1041,0.01049,0.02897,0.03946,0,0,0,0,0,0,0,0,0,0,-0.03946,0.0,0.0,"{""max_temperature_c"": 30.65, ""mean_temperature_c"": 26.99, ""humidity_percent"": 75.9, ""wbgt_c"": 27.22, ""heat_index_c"": 34.44, ""heat_duration_hours"": 0, ""consecutive_heat_days"": 0}"
2025-10-31,Kerala,SYNTHETIC,35800000,17.0,45.0,38.0,0.28,50.0,30.63,25.16,27.9,83.1,1.84,24.77,36.9,98.42,28.21,CAUTION,0,25.73,False,0,0.32,0.2,0,0,0.288,0.846,0.436,0.378,0.47,0.538,0.591,0.842,0.65,0.578,0.0657,0.0405,0.0948,0.0714,0.094,0.201,0.3466,0.00479,0.01416,0.01895,0,0,0,0,0,0,0,0,0,0,-0.01895,0.0,0.0,"{""max_temperature_c"": 30.63, ""mean_temperature_c"": 27.9, ""humidity_percent"": 83.1, ""wbgt_c"": 28.21, ""heat_index_c"": 36.9, ""heat_duration_hours"": 0, ""consecutive_heat_days"": 0}"
2025-10-31,Karnataka,SYNTHETIC,68000000,11.5,38.5,50.0,0.45,42.0,28.57,19.55,24.06,76.7,1.46,19.72,30.17,86.3,25.08,LOW,0,20.03,False,0,0.24,-0.1,0,0,0.0,0.214,0.687,0.323,0.705,0.561,0.524,0.675,0.55,0.482,0.0,0.0091,0.0002,0.0,0.0,0.0094,0.0094,0.01084,0.03309,0.04393,0,0,0,0,0,0,0,0,0,0,-0.04393,0.0,0.0,"{""max_temperature_c"": 28.57, ""mean_temperature_c"": 24.06, ""humidity_percent"": 76.7, ""wbgt_c"": 25.08, ""heat_index_c"": 30.17, ""heat_duration_hours"": 0, ""consecutive_heat_days"": 0}"
2025-11-01,Tamil Nadu,SYNTHETIC,77000000,13.0,40.0,47.0,0.36,55.0,30.15,24.24,27.19,78.1,3.47,23.04,34.38,93.88,27.01,LOW,0,24.92,False,0,1.17,-3.9,0,0,0.153,0.629,0.519,0.456,0.769,0.471,0.52,0.792,0.6,0.548,0.0253,0.0305,0.0129,0.0071,0.0095,0.0688,0.1199,0.0101,0.02872,0.03881,0,0,0,0,0,0,0,0,0,0,-0.03881,0.0,0.0,"{""max_temperature_c"": 30.15, ""mean_temperature_c"": 27.19, ""humidity_percent"": 78.1, ""wbgt_c"": 27.01, ""heat_index_c"": 34.38, ""heat_duration_hours"": 0, ""consecutive_heat_days"": 0}"
2025-11-01,Kerala,SYNTHETIC,35800000,17.0,45.0,38.0,0.28,50.0,29.58,25.03,27.31,82.4,2.94,24.04,34.53,94.15,27.27,LOW,0,25.59,False,0,-0.74,-0.5,0,0,0.265,0.756,0.413,0.372,0.465,0.542,0.607,0.842,0.65,0.577,0.0317,0.0657,0.0405,0.0948,0.0275,0.1379,0.3508,0.00462,0.01385,0.01848,0,0,0,0,0,0,0,0,0,0,-0.01848,0.0,0.0,"{""max_temperature_c"": 29.58, ""mean_temperature_c"": 27.31, ""humidity_percent"": 82.4, ""wbgt_c"": 27.27, ""heat_index_c"": 34.53, ""heat_duration_hours"": 0, ""consecutive_heat_days"": 0}"
2025-11-01,Karnataka,SYNTHETIC,68000000,11.5,38.5,50.0,0.45,42.0,26.18,17.8,21.99,76.7,4.07,17.72,26.41,79.54,22.72,LOW,0,18.26,False,0,-2.16,0.0,0,0,0.0,0.0,0.638,0.305,0.695,0.56,0.506,0.676,0.55,0.483,0.0,0.0,0.0091,0.0002,0.0,0.0091,0.0094,0.0105,0.03279,0.04328,0,0,0,0,0,0,0,0,0,0,-0.04328,0.0,0.0,"{""max_temperature_c"": 26.18, ""mean_temperature_c"": 21.99, ""humidity_percent"": 76.7, ""wbgt_c"": 22.72, ""heat_index_c"": 26.41, ""heat_duration_hours"": 0, ""consecutive_heat_days"": 0}"
2025-11-02,Tamil Nadu,SYNTHETIC,77000000,13.0,40.0,47.0,0.36,55.0,27.95,20.76,24.36,81.5,1.64,20.98,30.05,86.1,25.07,LOW,0,21.4,False,0,-1.02,-0.5,0,0,0.0,0.372,0.489,0.423,0.763,0.471,0.542,0.789,0.6,0.552,0.0,0.0253,0.0305,0.0129,0.0126,0.0558,0.1073,0.00963,0.02792,0.03755,0,0,0,0,0,0,0,0,0,0,-0.03755,0.0,0.0,"{""max_temperature_c"": 27.95, ""mean_temperature_c"": 24.36, ""humidity_percent"": 81.5, ""wbgt_c"": 25.07, ""heat_index_c"": 30.05, ""heat_duration_hours"": 0, ""consecutive_heat_days"": 0}"
2025-11-02,Kerala,SYNTHETIC,35800000,17.0,45.0,38.0,0.28,50.0,28.85,22.57,25.71,81.1,4.11,22.23,31.97,89.55,26.07,LOW,0,23.19,False,0,-1.48,-1.7,0,0,0.0,0.529,0.36,0.413,0.455,0.545,0.581,0.84,0.65,0.576,0.0018,0.0317,0.0657,0.0405,0.0182,0.0991,0.3344,0.00441,0.01359,0.018,0,0,0,0,0,0,0,0,0,0,-0.018,0.0,0.0,"{""max_temperature_c"": 28.85, ""mean_temperature_c"": 25.71, ""humidity_percent"": 81.1, ""wbgt_c"": 26.07, ""heat_index_c"": 31.97, ""heat_duration_hours"": 0, ""consecutive_heat_days"": 0}"
2025-11-02,Karnataka,SYNTHETIC,68000000,11.5,38.5,50.0,0.45,42.0,26.84,18.99,22.92,77.6,1.07,18.8,27.98,82.37,23.74,LOW,0,19.49,False,0,-1.51,1.0,0,0,0.0,0.1,0.598,0.336,0.687,0.552,0.51,0.675,0.55,0.486,0.0,0.0,0.0,0.0091,0.0,0.0,0.0094,0.01009,0.0321,0.04219,0,0,0,0,0,0,0,0,0,0,-0.04219,0.0,0.0,"{""max_temperature_c"": 26.84, ""mean_temperature_c"": 22.92, ""humidity_percent"": 77.6, ""wbgt_c"": 23.74, ""heat_index_c"": 27.98, ""heat_duration_hours"": 0, ""consecutive_heat_days"": 0}"
2025-11-03,Tamil Nadu,SYNTHETIC,77000000,13.0,40.0,47.0,0.36,55.0,29.26,22.04,25.65,78.0,1.22,21.53,32.02,89.64,26.18,LOW,0,22.69,False,0,0.3,-3.9,0,0,0.0,0.441,0.566,0.434,0.778,0.474,0.566,0.788,0.6,0.555,0.0044,0.0,0.0253,0.0305,0.0279,0.0297,0.0838,0.01013,0.02842,0.03855,0,0,0,0,0,0,0,0,0,0,-0.03855,0.0,0.0,"{""max_temperature_c"": 29.26, ""mean_temperature_c"": 25.65, ""humidity_percent"": 78.0, ""wbgt_c"": 26.18, ""heat_index_c"": 32.02, ""heat_duration_hours"": 0, ""consecutive_heat_days"": 0}"
2025-11-03,Kerala,SYNTHETIC,35800000,17.0,45.0,38.0,0.28,50.0,29.93,24.44,27.18,78.9,4.43,23.21,34.24,93.62,27.04,LOW,0,25.05,False,0,-0.42,-3.8,0,0,0.174,0.651,0.49,0.404,0.481,0.543,0.58,0.84,0.65,0.578,0.026,0.0018,0.0317,0.0657,0.0286,0.0595,0.3318,0.00496,0.01434,0.0193,0,0,0,0,0,0,0,0,0,0,-0.0193,0.0,0.0,"{""max_temperature_c"": 29.93, ""mean_temperature_c"": 27.18, ""humidity_percent"": 78.9, ""wbgt_c"": 27.04, ""heat_index_c"": 34.24, ""heat_duration_hours"": 0, ""consecutive_heat_days"": 0}"
2025-11-03,Karnataka,SYNTHETIC,68000000,11.5,38.5,50.0,0.45,42.0,29.36,20.56,24.96,74.5,2.01,20.12,31.26,88.26,25.62,LOW,0,21.03,False,0,1.0,-2.1,0,0,0.0,0.265,0.735,0.314,0.715,0.552,0.482,0.672,0.55,0.487,0.0,0.0,0.0,0.0,0.0,0.0,0.0094,0.0114,0.03378,0.04518,0,0,0,0,0,0,0,0,0,0,-0.04518,0.0,0.0,"{""max_temperature_c"": 29.36, ""mean_temperature_c"": 24.96, ""humidity_percent"": 74.5, ""wbgt_c"": 25.62, ""heat_index_c"": 31.26, ""heat_duration_hours"": 0, ""consecutive_heat_days"": 0}"
2025-11-04,Tamil Nadu,SYNTHETIC,77000000,13.0,40.0,47.0,0.36,55.0,29.75,22.5,26.13,77.9,0.59,21.97,32.96,91.33,26.59,LOW,0,23.11,False,0,0.79,-4.0,0,0,0.0,0.497,0.598,0.409,0.785,0.48,0.548,0.79,0.6,0.554,0.0148,0.0044,0.0,0.0253,0.0036,0.0192,0.0951,0.01055,0.02909,0.03964,0,0,0,0,0,0,0,0,0,0,-0.03964,0.0,0.0,"{""max_temperature_c"": 29.75, ""mean_temperature_c"": 26.13, ""humidity_percent"": 77.9, ""wbgt_c"": 26.59, ""heat_index_c"": 32.96, ""heat_duration_hours"": 0, ""consecutive_heat_days"": 0}"
2025-11-04,Kerala,SYNTHETIC,35800000,17.0,45.0,38.0,0.28,50.0,31.03,25.63,28.33,82.4,2.01,25.05,37.85,100.13,28.52,CAUTION,0,26.24,False,0,0.66,-0.2,0,0,0.374,0.881,0.461,0.408,0.475,0.544,0.607,0.838,0.65,0.581,0.0891,0.026,0.0018,0.0317,0.0714,0.1169,0.3495,0.00509,0.015,0.02009,0,0,0,0,0,0,0,0,0,0,-0.02009,0.0,0.0,"{""max_temperature_c"": 31.03, ""mean_temperature_c"": 28.33, ""humidity_percent"": 82.4, ""wbgt_c"": 28.52, ""heat_index_c"": 37.85, ""heat_duration_hours"": 0, ""consecutive_heat_days"": 0}"
2025-11-04,Karnataka,SYNTHETIC,68000000,11.5,38.5,50.0,0.45,42.0,26.0,16.29,21.14,76.2,4.6,16.79,26.14,79.04,22.26,LOW,0,16.78,False,0,-2.38,-0.3,0,0,0.0,0.0,0.699,0.327,0.707,0.556,0.478,0.671,0.55,0.489,0.0,0.0,0.0,0.0,0.0,0.0,0.0094,0.01118,0.03375,0.04493,0,0,0,0,0,0,0,0,0,0,-0.04493,0.0,0.0,"{""max_temperature_c"": 26.0, ""mean_temperature_c"": 21.14, ""humidity_percent"": 76.2, ""wbgt_c"": 22.26, ""heat_index_c"": 26.14, ""heat_duration_hours"": 0, ""consecutive_heat_days"": 0}"
2025-11-05,Tamil Nadu,SYNTHETIC,77000000,13.0,40.0,47.0,0.36,55.0,29.24,21.99,25.62,74.8,2.11,20.82,31.53,88.76,25.74,LOW,0,22.68,False,0,0.27,-7.1,0,0,0.0,0.353,0.533,0.456,0.772,0.481,0.554,0.788,0.6,0.557,0.0,0.0148,0.0044,0.0,0.0071,0.0192,0.0879,0.00993,0.02832,0.03825,0,0,0,0,0,0,0,0,0,0,-0.03825,0.0,0.0,"{""max_temperature_c"": 29.24, ""mean_temperature_c"": 25.62, ""humidity_percent"": 74.8, ""wbgt_c"": 25.74, ""heat_index_c"": 31.53, ""heat_duration_hours"": 0, ""consecutive_heat_days"": 0}"
2025-11-05,Kerala,SYNTHETIC,35800000,17.0,45.0,38.0,0.28,50.0,31.47,24.19,27.83,79.3,2.67,23.92,37.11,98.8,28.24,CAUTION,0,24.76,False,0,1.09,-3.2,0,0,0.127,0.74,0.426,0.383,0.468,0.541,0.601,0.838,0.65,0.576,0.068,0.0891,0.026,0.0018,0.0948,0.1831,0.3228,0.00496,0.01469,0.01966,0,0,0,0,0,0,0,0,0,0,-0.01966,0.0,0.0,"{""max_temperature_c"": 31.47, ""mean_temperature_c"": 27.83, ""humidity_percent"": 79.3, ""wbgt_c"": 28.24, ""heat_index_c"": 37.11, ""heat_duration_hours"": 0, ""consecutive_heat_days"": 0}"
2025-11-05,Karnataka,SYNTHETIC,68000000,11.5,38.5,50.0,0.45,42.0,28.95,18.47,23.71,74.4,2.03,18.88,30.18,86.32,24.84,LOW,0,18.99,False,0,0.55,-2.1,0,0,0.0,0.11,0.701,0.344,0.708,0.559,0.514,0.671,0.55,0.492,0.0,0.0,0.0,0.0,0.0002,0.0,0.0091,0.01114,0.03375,0.04489,0,0,0,0,0,0,0,0,0,0,-0.04489,0.0,0.0,"{""max_temperature_c"": 28.95, ""mean_temperature_c"": 23.71, ""humidity_percent"": 74.4, ""wbgt_c"": 24.84, ""heat_index_c"": 30.18, ""heat_duration_hours"": 0, ""consecutive_heat_days"": 0}"
2025-11-06,Tamil Nadu,SYNTHETIC,77000000,13.0,40.0,47.0,0.36,55.0,28.54,21.82,25.18,75.3,2.04,20.5,30.53,86.95,25.27,LOW,0,22.45,False,0,-0.43,-6.6,0,0,0.0,0.312,0.589,0.419,0.783,0.478,0.53,0.788,0.6,0.56,0.0,0.0,0.0148,0.0044,0.0129,0.0148,0.075,0.0104,0.02879,0.03918,0,0,0,0,0,0,0,0,0,0,-0.03918,0.0,0.0,"{""max_temperature_c"": 28.54, ""mean_temperature_c"": 25.18, ""humidity_percent"": 75.3, ""wbgt_c"": 25.27, ""heat_index_c"": 30.53, ""heat_duration_hours"": 0, ""consecutive_heat_days"": 0}"
2025-11-06,Kerala,SYNTHETIC,35800000,17.0,45.0,38.0,0.28,50.0,31.93,27.05,29.49,81.3,1.67,25.95,40.46,104.83,29.27,CAUTION,0,27.68,False,0,1.52,-1.1,0,0,0.614,0.994,0.416,0.42,0.466,0.551,0.564,0.838,0.65,0.578,0.1453,0.068,0.0891,0.026,0.0405,0.3024,0.4275,0.00553,0.01667,0.0222,0,0,0,0,0,0,0,0,0,0,-0.0222,0.0,0.0,"{""max_temperature_c"": 31.93, ""mean_temperature_c"": 29.49, ""humidity_percent"": 81.3, ""wbgt_c"": 29.27, ""heat_index_c"": 40.46, ""heat_duration_hours"": 0, ""consecutive_heat_days"": 0}"
2025-11-06,Karnataka,SYNTHETIC,68000000,11.5,38.5,50.0,0.45,42.0,28.92,19.89,24.4,78.7,5.21,20.46,30.94,87.7,25.28,LOW,0,20.43,False,0,0.51,2.3,0,0,0.0,0.307,0.698,0.358,0.707,0.561,0.502,0.671,0.55,0.493,0.0,0.0,0.0,0.0,0.0091,0.0,0.0,0.01124,0.03408,0.04532,0,0,0,0,0,0,0,0,0,0,-0.04532,0.0,0.0,"{""max_temperature_c"": 28.92, ""mean_temperature_c"": 24.4, ""humidity_percent"": 78.7, ""wbgt_c"": 25.28, ""heat_index_c"": 30.94, ""heat_duration_hours"": 0, ""consecutive_heat_days"": 0}"
2025-11-07,Tamil Nadu,SYNTHETIC,77000000,13.0,40.0,47.0,0.36,55.0,28.24,20.31,24.27,73.6,2.21,19.26,29.6,85.28,24.57,LOW,0,21.0,False,0,-0.74,-8.3,0,0,0.0,0.157,0.548,0.458,0.775,0.471,0.567,0.788,0.6,0.557,0.0,0.0,0.0,0.0148,0.0305,0.0,0.0445,0.00985,0.02789,0.03774,0,0,0,0,0,0,0,0,0,0,-0.03774,0.0,0.0,"{""max_temperature_c"": 28.24, ""mean_temperature_c"": 24.27, ""humidity_percent"": 73.6, ""wbgt_c"": 24.57, ""heat_index_c"": 29.6, ""heat_duration_hours"": 0, ""consecutive_heat_days"": 0}"
2025-11-07,Kerala,SYNTHETIC,35800000,17.0,45.0,38.0,0.28,50.0,31.09,24.74,27.92,81.2,0.98,24.38,37.11,98.81,28.51,CAUTION,0,25.28,False,0,0.67,-1.2,0,0,0.213,0.798,0.408,0.359,0.464,0.552,0.555,0.835,0.65,0.572,0.0885,0.1453,0.068,0.0891,0.0657,0.3018,0.4504,0.00534,0.01585,0.0212,0,0,0,0,0,0,0,0,0,0,-0.0212,0.0,0.0,"{""max_temperature_c"": 31.09, ""mean_temperature_c"": 27.92, ""humidity_percent"": 81.2, ""wbgt_c"": 28.51, ""heat_index_c"": 37.11, ""heat_duration_hours"": 0, ""consecutive_heat_days"": 0}"
2025-11-07,Karnataka,SYNTHETIC,68000000,11.5,38.5,50.0,0.45,42.0,28.66,20.51,24.58,82.8,3.35,21.46,31.22,88.19,25.63,LOW,0,20.96,False,0,0.23,6.6,0,0,0.0,0.433,0.75,0.305,0.718,0.565,0.452,0.67,0.55,0.492,0.0,0.0,0.0,0.0,0.0,0.0,0.0,0.01205,0.03545,0.0475,0,0,0,0,0,0,0,0,0,0,-0.0475,0.0,0.0,"{""max_temperature_c"": 28.66, ""mean_temperature_c"": 24.58, ""humidity_percent"": 82.8, ""wbgt_c"": 25.63, ""heat_index_c"": 31.22, ""heat_duration_hours"": 0, ""consecutive_heat_days"": 0}"
2025-11-08,Tamil Nadu,SYNTHETIC,77000000,13.0,40.0,47.0,0.36,55.0,29.25,22.18,25.72,79.9,0.89,21.99,32.32,90.18,26.24,LOW,0,22.85,False,0,0.25,-1.9,0,0,0.0,0.499,0.563,0.445,0.778,0.468,0.561,0.787,0.6,0.556,0.0061,0.0,0.0,0.0,0.0253,0.0061,0.0253,0.00997,0.02795,0.03792,0,0,0,0,0,0,0,0,0,0,-0.03792,0.0,0.0,"{""max_temperature_c"": 29.25, ""mean_temperature_c"": 25.72, ""humidity_percent"": 79.9, ""wbgt_c"": 26.24, ""heat_index_c"": 32.32, ""heat_duration_hours"": 0, ""consecutive_heat_days"": 0}"
2025-11-08,Kerala,SYNTHETIC,35800000,17.0,45.0,38.0,0.28,50.0,30.08,24.18,27.13,84.0,4.73,24.2,35.43,95.77,27.47,LOW,0,24.85,False,0,-0.37,1.8,0,0,0.142,0.775,0.416,0.447,0.466,0.547,0.607,0.834,0.65,0.571,0.0369,0.0885,0.1453,0.068,0.0317,0.2707,0.4556,0.0051,0.0152,0.0203,0,0,0,0,0,0,0,0,0,0,-0.0203,0.0,0.0,"{""max_temperature_c"": 30.08, ""mean_temperature_c"": 27.13, ""humidity_percent"": 84.0, ""wbgt_c"": 27.47, ""heat_index_c"": 35.43, ""heat_duration_hours"": 0, ""consecutive_heat_days"": 0}"
2025-11-08,Karnataka,SYNTHETIC,68000000,11.5,38.5,50.0,0.45,42.0,29.61,21.66,25.63,80.2,2.07,21.96,32.76,90.97,26.55,LOW,0,22.15,False,0,1.16,4.0,0,0,0.0,0.495,0.676,0.331,0.703,0.566,0.492,0.671,0.55,0.496,0.0137,0.0,0.0,0.0,0.0,0.0137,0.0137,0.01134,0.03469,0.04603,0,1,1,0,1,0,0,0,0,1,0.95397,0.001471,0.0,"{""max_temperature_c"": 29.61, ""mean_temperature_c"": 25.63, ""humidity_percent"": 80.2, ""wbgt_c"": 26.55, ""heat_index_c"": 32.76, ""heat_duration_hours"": 0, ""consecutive_heat_days"": 0}"
2025-11-09,Tamil Nadu,SYNTHETIC,77000000,13.0,40.0,47.0,0.36,55.0,29.83,23.5,26.66,81.9,2.51,23.31,34.2,93.55,26.9,LOW,0,24.15,False,0,0.82,0.1,0,0,0.026,0.664,0.378,0.438,0.741,0.467,0.564,0.788,0.6,0.558,0.0226,0.0061,0.0,0.0,0.0,0.0287,0.0479,0.00867,0.02658,0.03524,0,0,0,0,0,0,0,0,0,0,-0.03524,0.0,0.0,"{""max_temperature_c"": 29.83, ""mean_temperature_c"": 26.66, ""humidity_percent"": 81.9, ""wbgt_c"": 26.9, ""heat_index_c"": 34.2, ""heat_duration_hours"": 0, ""consecutive_heat_days"": 0}"
2025-11-09,Kerala,SYNTHETIC,35800000,17.0,45.0,38.0,0.28,50.0,30.25,25.35,27.8,82.8,3.0,24.61,36.15,97.08,27.73,LOW,0,25.93,False,0,-0.21,0.8,0,0,0.321,0.827,0.385,0.385,0.46,0.542,0.63,0.834,0.65,0.568,0.0433,0.0369,0.0885,0.1453,0.0018,0.1687,0.4971,0.00494,0.01505,0.01999,0,0,0,0,0,0,0,0,0,0,-0.01999,0.0,0.0,"{""max_temperature_c"": 30.25, ""mean_temperature_c"": 27.8, ""humidity_percent"": 82.8, ""wbgt_c"": 27.73, ""heat_index_c"": 36.15, ""heat_duration_hours"": 0, ""consecutive_heat_days"": 0}"
2025-11-09,Karnataka,SYNTHETIC,68000000,11.5,38.5,50.0,0.45,42.0,32.02,22.39,27.2,69.5,2.03,21.13,35.04,95.08,27.58,LOW,0,22.89,False,0,3.55,-6.6,0,0,0.0,0.391,0.521,0.338,0.672,0.565,0.53,0.671,0.55,0.497,0.0397,0.0137,0.0,0.0,0.0,0.0534,0.0534,0.01008,0.03328,0.04336,0,0,0,0,0,0,0,0,0,0,-0.04336,0.0,0.0,"{""max_temperature_c"": 32.02, ""mean_temperature_c"": 27.2, ""humidity_percent"": 69.5, ""wbgt_c"": 27.58, ""heat_index_c"": 35.04, ""heat_duration_hours"": 0, ""consecutive_heat_days"": 0}"
2025-11-10,Tamil Nadu,SYNTHETIC,77000000,13.0,40.0,47.0,0.36,55.0,30.14,24.64,27.39,83.0,2.38,24.24,35.57,96.02,27.66,LOW,0,25.29,False,0,1.11,1.2,0,0,0.215,0.78,0.59,0.433,0.783,0.471,0.525,0.786,0.6,0.555,0.0415,0.0226,0.0061,0.0,0.0044,0.0701,0.0849,0.01066,0.02931,0.03997,0,0,0,0,0,0,0,0,0,0,-0.03997,0.0,0.0,"{""max_temperature_c"": 30.14, ""mean_temperature_c"": 27.39, ""humidity_percent"": 83.0, ""wbgt_c"": 27.66, ""heat_index_c"": 35.57, ""heat_duration_hours"": 0, ""consecutive_heat_days"": 0}"
2025-11-10,Kerala,SYNTHETIC,35800000,17.0,45.0,38.0,0.28,50.0,29.53,22.12,25.83,79.0,0.93,21.9,32.62,90.72,26.52,LOW,0,22.69,False,0,-0.96,-3.0,0,0,0.0,0.487,0.375,0.38,0.458,0.541,0.589,0.835,0.65,0.566,0.0129,0.0433,0.0369,0.0885,0.026,0.093,0.484,0.00486,0.01484,0.0197,0,0,0,0,0,0,0,0,0,0,-0.0197,0.0,0.0,"{""max_temperature_c"": 29.53, ""mean_temperature_c"": 25.83, ""humidity_percent"": 79.0, ""wbgt_c"": 26.52, ""heat_index_c"": 32.62, ""heat_duration_hours"": 0, ""consecutive_heat_days"": 0}"
2025-11-10,Karnataka,SYNTHETIC,68000000,11.5,38.5,50.0,0.45,42.0,31.96,23.53,27.74,70.8,1.43,21.95,35.7,96.26,27.86,LOW,0,24.04,False,0,3.47,-5.1,0,0,0.006,0.494,0.723,0.338,0.712,0.571,0.524,0.668,0.55,0.498,0.0465,0.0397,0.0137,0.0,0.0,0.0998,0.0998,0.01216,0.03624,0.0484,0,0,0,0,0,0,0,0,0,0,-0.0484,0.0,0.0,"{""max_temperature_c"": 31.96, ""mean_temperature_c"": 27.74, ""humidity_percent"": 70.8, ""wbgt_c"": 27.86, ""heat_index_c"": 35.7, ""heat_duration_hours"": 0, ""consecutive_heat_days"": 0}"
2025-11-11,Tamil Nadu,SYNTHETIC,77000000,13.0,40.0,47.0,0.36,55.0,29.53,22.22,25.88,82.2,1.85,22.61,33.17,91.7,26.5,LOW,0,22.88,False,0,0.47,0.5,0,0,0.0,0.576,0.564,0.44,0.778,0.469,0.548,0.786,0.6,0.555,0.0126,0.0415,0.0226,0.0061,0.0148,0.0767,0.0827,0.01019,0.02839,0.03858,0,0,0,0,0,0,0,0,0,0,-0.03858,0.0,0.0,"{""max_temperature_c"": 29.53, ""mean_temperature_c"": 25.88, ""humidity_percent"": 82.2, ""wbgt_c"": 26.5, ""heat_index_c"": 33.17, ""heat_duration_hours"": 0, ""consecutive_heat_days"": 0}"
2025-11-11,Kerala,SYNTHETIC,35800000,17.0,45.0,38.0,0.28,50.0,29.45,23.38,26.41,76.5,1.0,21.95,32.55,90.59,26.47,LOW,0,23.94,False,0,-1.06,-5.3,0,0,0.0,0.493,0.495,0.373,0.481,0.542,0.614,0.839,0.65,0.568,0.0117,0.0129,0.0433,0.0369,0.0891,0.0678,0.4065,0.00532,0.01538,0.0207,0,0,0,0,0,0,0,0,0,0,-0.0207,0.0,0.0,"{""max_temperature_c"": 29.45, ""mean_temperature_c"": 26.41, ""humidity_percent"": 76.5, ""wbgt_c"": 26.47, ""heat_index_c"": 32.55, ""heat_duration_hours"": 0, ""consecutive_heat_days"": 0}"
2025-11-11,Karnataka,SYNTHETIC,68000000,11.5,38.5,50.0,0.45,42.0,30.89,22.52,26.71,69.4,4.79,20.64,33.34,92.02,26.41,LOW,0,23.01,False,0,2.38,-6.4,0,0,0.0,0.33,0.75,0.328,0.718,0.572,0.5,0.668,0.55,0.5,0.0101,0.0465,0.0397,0.0137,0.0,0.0963,0.11,0.01245,0.03666,0.04911,0,0,0,0,0,0,0,0,0,0,-0.04911,0.0,0.0,"{""max_temperature_c"": 30.89, ""mean_temperature_c"": 26.71, ""humidity_percent"": 69.4, ""wbgt_c"": 26.41, ""heat_index_c"": 33.34, ""heat_duration_hours"": 0, ""consecutive_heat_days"": 0}"
2025-11-12,Tamil Nadu,SYNTHETIC,77000000,13.0,40.0,47.0,0.36,55.0,29.99,24.2,27.1,89.5,1.46,25.23,36.46,97.63,28.01,CAUTION,0,24.84,False,0,0.91,7.9,0,0,0.14,0.904,0.604,0.428,0.786,0.47,0.593,0.788,0.6,0.555,0.0508,0.0126,0.0415,0.0226,0.0,0.1049,0.1336,0.01066,0.02927,0.03993,0,0,0,0,0,0,0,0,0,0,-0.03993,0.0,0.0,"{""max_temperature_c"": 29.99, ""mean_temperature_c"": 27.1, ""humidity_percent"": 89.5, ""wbgt_c"": 28.01, ""heat_index_c"": 36.46, ""heat_duration_hours"": 0, ""consecutive_heat_days"": 0}"
2025-11-12,Kerala,SYNTHETIC,35800000,17.0,45.0,38.0,0.28,50.0,30.5,25.72,28.11,77.0,3.31,23.69,35.51,95.91,27.59,LOW,0,26.29,False,0,-0.04,-4.7,0,0,0.382,0.711,0.396,0.385,0.462,0.537,0.579,0.838,0.65,0.569,0.0398,0.0117,0.0129,0.0433,0.068,0.0643,0.3783,0.00509,0.01541,0.0205,0,0,0,0,0,0,0,0,0,0,-0.0205,0.0,0.0,"{""max_temperature_c"": 30.5, ""mean_temperature_c"": 28.11, ""humidity_percent"": 77.0, ""wbgt_c"": 27.59, ""heat_index_c"": 35.51, ""heat_duration_hours"": 0, ""consecutive_heat_days"": 0}"
2025-11-12,Karnataka,SYNTHETIC,68000000,11.5,38.5,50.0,0.45,42.0,29.53,18.86,24.19,57.1,4.47,15.16,29.34,84.81,23.69,LOW,0,19.35,False,0,0.99,-18.6,0,0,0.0,0.0,0.737,0.326,0.715,0.574,0.52,0.668,0.55,0.498,0.0,0.0101,0.0465,0.0397,0.0,0.0566,0.11,0.01222,0.03647,0.04869,0,0,0,0,0,0,0,0,0,0,-0.04869,0.0,0.0,"{""max_temperature_c"": 29.53, ""mean_temperature_c"": 24.19, ""humidity_percent"": 57.1, ""wbgt_c"": 23.69, ""heat_index_c"": 29.34, ""heat_duration_hours"": 0, ""consecutive_heat_days"": 0}"
2025-11-13,Tamil Nadu,SYNTHETIC,77000000,13.0,40.0,47.0,0.36,55.0,29.1,21.65,25.37,89.6,2.48,23.53,33.33,91.99,26.67,LOW,0,22.32,False,0,-0.01,8.0,0,0,0.0,0.692,0.627,0.441,0.79,0.469,0.563,0.788,0.6,0.555,0.0168,0.0508,0.0126,0.0415,0.0,0.0802,0.1504,0.01075,0.02904,0.03979,0,0,0,0,0,0,0,0,0,0,-0.03979,0.0,0.0,"{""max_temperature_c"": 29.1, ""mean_temperature_c"": 25.37, ""humidity_percent"": 89.6, ""wbgt_c"": 26.67, ""heat_index_c"": 33.33, ""heat_duration_hours"": 0, ""consecutive_heat_days"": 0}"
2025-11-13,Kerala,SYNTHETIC,35800000,17.0,45.0,38.0,0.28,50.0,30.61,25.52,28.07,75.2,1.52,23.27,35.23,95.41,27.56,LOW,0,26.14,False,0,0.05,-6.3,0,0,0.356,0.658,0.487,0.412,0.48,0.532,0.613,0.837,0.65,0.567,0.039,0.0398,0.0117,0.0129,0.1453,0.0905,0.272,0.00546,0.0158,0.02127,0,0,0,0,0,0,0,0,0,0,-0.02127,0.0,0.0,"{""max_temperature_c"": 30.61, ""mean_temperature_c"": 28.07, ""humidity_percent"": 75.2, ""wbgt_c"": 27.56, ""heat_index_c"": 35.23, ""heat_duration_hours"": 0, ""consecutive_heat_days"": 0}"
2025-11-13,Karnataka,SYNTHETIC,68000000,11.5,38.5,50.0,0.45,42.0,31.04,20.45,25.74,55.6,1.03,16.21,31.1,87.98,25.17,LOW,0,20.96,False,0,2.48,-19.8,0,0,0.0,0.0,0.731,0.341,0.714,0.565,0.509,0.668,0.55,0.501,0.0,0.0,0.0101,0.0465,0.0,0.0101,0.11,0.01208,0.03607,0.04815,0,0,0,0,0,0,0,0,0,0,-0.04815,0.0,0.0,"{""max_temperature_c"": 31.04, ""mean_temperature_c"": 25.74, ""humidity_percent"": 55.6, ""wbgt_c"": 25.17, ""heat_index_c"": 31.1, ""heat_duration_hours"": 0, ""consecutive_heat_days"": 0}"
2025-11-14,Tamil Nadu,SYNTHETIC,77000000,13.0,40.0,47.0,0.36,55.0,28.62,22.23,25.42,86.9,4.91,23.08,32.26,90.06,26.14,LOW,0,22.87,False,0,-0.52,5.4,0,0,0.0,0.635,0.585,0.429,0.782,0.469,0.551,0.789,0.6,0.552,0.0034,0.0168,0.0508,0.0126,0.0,0.0711,0.1538,0.01034,0.02858,0.03892,0,0,0,0,0,0,0,0,0,0,-0.03892,0.0,0.0,"{""max_temperature_c"": 28.62, ""mean_temperature_c"": 25.42, ""humidity_percent"": 86.9, ""wbgt_c"": 26.14, ""heat_index_c"": 32.26, ""heat_duration_hours"": 0, ""consecutive_heat_days"": 0}"
2025-11-14,Kerala,SYNTHETIC,35800000,17.0,45.0,38.0,0.28,50.0,30.31,24.79,27.55,76.3,3.02,23.01,34.58,94.25,27.31,LOW,0,25.34,False,0,-0.28,-5.1,0,0,0.223,0.627,0.436,0.362,0.47,0.529,0.606,0.836,0.65,0.569,0.0328,0.039,0.0398,0.0117,0.0885,0.1116,0.2163,0.00527,0.0156,0.02087,0,0,0,0,0,0,0,0,0,0,-0.02087,0.0,0.0,"{""max_temperature_c"": 30.31, ""mean_temperature_c"": 27.55, ""humidity_percent"": 76.3, ""wbgt_c"": 27.31, ""heat_index_c"": 34.58, ""heat_duration_hours"": 0, ""consecutive_heat_days"": 0}"
2025-11-14,Karnataka,SYNTHETIC,68000000,11.5,38.5,50.0,0.45,42.0,29.73,19.8,24.76,60.0,2.2,16.48,29.95,85.91,24.43,LOW,0,20.31,False,0,1.14,-15.3,0,0,0.0,0.0,0.74,0.34,0.715,0.566,0.483,0.667,0.55,0.504,0.0,0.0,0.0,0.0101,0.0,0.0,0.11,0.01233,0.0366,0.04894,0,0,0,0,0,0,0,0,0,0,-0.04894,0.0,0.0,"{""max_temperature_c"": 29.73, ""mean_temperature_c"": 24.76, ""humidity_percent"": 60.0, ""wbgt_c"": 24.43, ""heat_index_c"": 29.95, ""heat_duration_hours"": 0, ""consecutive_heat_days"": 0}"
2025-11-15,Tamil Nadu,SYNTHETIC,77000000,13.0,40.0,47.0,0.36,55.0,28.87,21.09,24.98,88.5,3.28,22.95,32.52,90.54,26.27,LOW,0,21.73,False,0,-0.31,7.2,0,0,0.0,0.619,0.498,0.423,0.765,0.469,0.57,0.789,0.6,0.552,0.0067,0.0034,0.0168,0.0508,0.0061,0.0269,0.1544,0.00958,0.02774,0.03732,0,0,0,0,0,0,0,0,0,0,-0.03732,0.0,0.0,"{""max_temperature_c"": 28.87, ""mean_temperature_c"": 24.98, ""humidity_percent"": 88.5, ""wbgt_c"": 26.27, ""heat_index_c"": 32.52, ""heat_duration_hours"": 0, ""consecutive_heat_days"": 0}"
2025-11-15,Kerala,SYNTHETIC,35800000,17.0,45.0,38.0,0.28,50.0,30.64,25.0,27.82,72.4,0.85,22.39,34.45,94.0,27.35,LOW,0,25.58,False,0,0.03,-8.9,0,0,0.264,0.549,0.436,0.39,0.47,0.533,0.616,0.837,0.65,0.569,0.0337,0.0328,0.039,0.0398,0.0369,0.1055,0.2131,0.00535,0.01584,0.02118,0,0,0,0,0,0,0,0,0,0,-0.02118,0.0,0.0,"{""max_temperature_c"": 30.64, ""mean_temperature_c"": 27.82, ""humidity_percent"": 72.4, ""wbgt_c"": 27.35, ""heat_index_c"": 34.45, ""heat_duration_hours"": 0, ""consecutive_heat_days"": 0}"
2025-11-15,Karnataka,SYNTHETIC,68000000,11.5,38.5,50.0,0.45,42.0,28.39,18.58,23.48,70.7,3.11,17.86,29.2,84.56,24.18,LOW,0,19.06,False,0,-0.22,-4.5,0,0,0.0,0.0,0.688,0.316,0.705,0.568,0.504,0.668,0.55,0.502,0.0,0.0,0.0,0.0,0.0137,0.0,0.0963,0.01185,0.03619,0.04804,0,0,0,0,0,0,0,0,0,0,-0.04804,0.0,0.0,"{""max_temperature_c"": 28.39, ""mean_temperature_c"": 23.48, ""humidity_percent"": 70.7, ""wbgt_c"": 24.18, ""heat_index_c"": 29.2, ""heat_duration_hours"": 0, ""consecutive_heat_days"": 0}"
2025-11-16,Tamil Nadu,SYNTHETIC,77000000,13.0,40.0,47.0,0.36,55.0,29.3,23.05,26.17,89.3,2.66,24.28,34.32,93.77,27.13,LOW,0,23.72,False,0,0.09,8.1,0,0,0.0,0.785,0.445,0.447,0.754,0.472,0.56,0.791,0.6,0.548,0.0283,0.0067,0.0034,0.0168,0.0226,0.0384,0.1601,0.00937,0.02781,0.03717,0,0,0,0,0,0,0,0,0,0,-0.03717,0.0,0.0,"{""max_temperature_c"": 29.3, ""mean_temperature_c"": 26.17, ""humidity_percent"": 89.3, ""wbgt_c"": 27.13, ""heat_index_c"": 34.32, ""heat_duration_hours"": 0, ""consecutive_heat_days"": 0}"
2025-11-16,Kerala,SYNTHETIC,35800000,17.0,45.0,38.0,0.28,50.0,30.73,25.53,28.13,76.2,2.42,23.54,35.67,96.21,27.73,LOW,0,26.18,False,0,0.09,-4.9,0,0,0.363,0.692,0.33,0.43,0.449,0.538,0.582,0.837,0.65,0.561,0.0433,0.0337,0.0328,0.039,0.0433,0.1097,0.2131,0.00511,0.01596,0.02107,0,0,0,0,0,0,0,0,0,0,-0.02107,0.0,0.0,"{""max_temperature_c"": 30.73, ""mean_temperature_c"": 28.13, ""humidity_percent"": 76.2, ""wbgt_c"": 27.73, ""heat_index_c"": 35.67, ""heat_duration_hours"": 0, ""consecutive_heat_days"": 0}"
2025-11-16,Karnataka,SYNTHETIC,68000000,11.5,38.5,50.0,0.45,42.0,27.04,18.25,22.64,72.0,3.63,17.34,27.8,82.04,23.18,LOW,0,18.77,False,0,-1.6,-3.0,0,0,0.0,0.0,0.562,0.347,0.68,0.565,0.482,0.669,0.55,0.501,0.0,0.0,0.0,0.0,0.0397,0.0,0.0566,0.01085,0.03519,0.04604,0,0,0,0,0,0,0,0,0,0,-0.04604,0.0,0.0,"{""max_temperature_c"": 27.04, ""mean_temperature_c"": 22.64, ""humidity_percent"": 72.0, ""wbgt_c"": 23.18, ""heat_index_c"": 27.8, ""heat_duration_hours"": 0, ""consecutive_heat_days"": 0}"
2025-11-17,Tamil Nadu,SYNTHETIC,77000000,13.0,40.0,47.0,0.36,55.0,28.5,21.23,24.87,92.2,4.37,23.52,32.41,90.33,26.34,LOW,0,21.93,False,0,-0.74,11.1,0,0,0.0,0.69,0.572,0.466,0.779,0.471,0.515,0.789,0.6,0.548,0.0086,0.0283,0.0067,0.0034,0.0415,0.0435,0.1272,0.01046,0.02903,0.03949,0,0,0,0,0,0,0,0,0,0,-0.03949,0.0,0.0,"{""max_temperature_c"": 28.5, ""mean_temperature_c"": 24.87, ""humidity_percent"": 92.2, ""wbgt_c"": 26.34, ""heat_index_c"": 32.41, ""heat_duration_hours"": 0, ""consecutive_heat_days"": 0}"
2025-11-17,Kerala,SYNTHETIC,35800000,17.0,45.0,38.0,0.28,50.0,30.73,24.41,27.57,76.7,2.74,23.1,35.22,95.39,27.51,LOW,0,25.06,False,0,0.05,-4.3,0,0,0.177,0.637,0.453,0.436,0.473,0.538,0.631,0.835,0.65,0.565,0.0379,0.0433,0.0337,0.0328,0.0129,0.1148,0.2381,0.00558,0.01641,0.02199,0,0,0,0,0,0,0,0,0,0,-0.02199,0.0,0.0,"{""max_temperature_c"": 30.73, ""mean_temperature_c"": 27.57, ""humidity_percent"": 76.7, ""wbgt_c"": 27.51, ""heat_index_c"": 35.22, ""heat_duration_hours"": 0, ""consecutive_heat_days"": 0}"
2025-11-17,Karnataka,SYNTHETIC,68000000,11.5,38.5,50.0,0.45,42.0,26.27,19.04,22.65,75.6,3.84,18.13,26.54,79.77,22.94,LOW,0,19.47,False,0,-2.4,0.8,0,0,0.0,0.016,0.722,0.29,0.712,0.564,0.489,0.671,0.55,0.504,0.0,0.0,0.0,0.0,0.0465,0.0,0.0101,0.01236,0.03705,0.04941,0,0,0,0,0,0,0,0,0,0,-0.04941,0.0,0.0,"{""max_temperature_c"": 26.27, ""mean_temperature_c"": 22.65, ""humidity_percent"": 75.6, ""wbgt_c"": 22.94, ""heat_index_c"": 26.54, ""heat_duration_hours"": 0, ""consecutive_heat_days"": 0}"
2025-11-18,Tamil Nadu,SYNTHETIC,77000000,13.0,40.0,47.0,0.36,55.0,28.52,21.23,24.87,88.2,0.7,22.78,31.88,89.39,26.31,LOW,0,21.83,False,0,-0.77,7.1,0,0,0.0,0.598,0.579,0.399,0.781,0.473,0.572,0.788,0.6,0.547,0.0077,0.0086,0.0283,0.0067,0.0126,0.0446,0.1223,0.01034,0.02878,0.03912,0,0,0,0,0,0,0,0,0,0,-0.03912,0.0,0.0,"{""max_temperature_c"": 28.52, ""mean_temperature_c"": 24.87, ""humidity_percent"": 88.2, ""wbgt_c"": 26.31, ""heat_index_c"": 31.88, ""heat_duration_hours"": 0, ""consecutive_heat_days"": 0}"
2025-11-18,Kerala,SYNTHETIC,35800000,17.0,45.0,38.0,0.28,50.0,30.97,25.63,28.3,72.3,1.38,22.83,35.28,95.51,27.6,LOW,0,26.28,False,0,0.27,-8.5,0,0,0.38,0.604,0.407,0.435,0.464,0.539,0.569,0.837,0.65,0.569,0.04,0.0379,0.0433,0.0337,0.0117,0.1211,0.2664,0.00558,0.01672,0.0223,0,0,0,0,0,0,0,0,0,0,-0.0223,0.0,0.0,"{""max_temperature_c"": 30.97, ""mean_temperature_c"": 28.3, ""humidity_percent"": 72.3, ""wbgt_c"": 27.6, ""heat_index_c"": 35.28, ""heat_duration_hours"": 0, ""consecutive_heat_days"": 0}"
2025-11-18,Karnataka,SYNTHETIC,68000000,11.5,38.5,50.0,0.45,42.0,27.67,16.82,22.25,64.3,3.22,15.19,27.83,82.09,22.72,LOW,0,17.29,False,0,-1.02,-10.3,0,0,0.0,0.0,0.71,0.314,0.71,0.566,0.496,0.672,0.55,0.503,0.0,0.0,0.0,0.0,0.0101,0.0,0.0,0.01235,0.03727,0.04962,0,0,0,0,0,0,0,0,0,0,-0.04962,0.0,0.0,"{""max_temperature_c"": 27.67, ""mean_temperature_c"": 22.25, ""humidity_percent"": 64.3, ""wbgt_c"": 22.72, ""heat_index_c"": 27.83, ""heat_duration_hours"": 0, ""consecutive_heat_days"": 0}"
2025-11-19,Tamil Nadu,SYNTHETIC,77000000,13.0,40.0,47.0,0.36,55.0,28.45,22.64,25.54,90.8,2.92,23.92,32.63,90.73,26.51,LOW,0,23.3,False,0,-0.88,9.8,0,0,0.0,0.74,0.568,0.437,0.779,0.479,0.564,0.787,0.6,0.546,0.0126,0.0077,0.0086,0.0283,0.0508,0.0289,0.0841,0.01041,0.02919,0.03961,0,0,0,0,0,0,0,0,0,0,-0.03961,0.0,0.0,"{""max_temperature_c"": 28.45, ""mean_temperature_c"": 25.54, ""humidity_percent"": 90.8, ""wbgt_c"": 26.51, ""heat_index_c"": 32.63, ""heat_duration_hours"": 0, ""consecutive_heat_days"": 0}"
2025-11-19,Kerala,SYNTHETIC,35800000,17.0,45.0,38.0,0.28,50.0,30.8,24.57,27.69,65.6,2.25,20.65,33.25,91.84,26.66,LOW,0,25.16,False,0,0.07,-15.0,0,0,0.193,0.331,0.499,0.393,0.482,0.54,0.601,0.836,0.65,0.567,0.0166,0.04,0.0379,0.0433,0.0398,0.0944,0.2432,0.00593,0.01702,0.02295,0,0,0,0,0,0,0,0,0,0,-0.02295,0.0,0.0,"{""max_temperature_c"": 30.8, ""mean_temperature_c"": 27.69, ""humidity_percent"": 65.6, ""wbgt_c"": 26.66, ""heat_index_c"": 33.25, ""heat_duration_hours"": 0, ""consecutive_heat_days"": 0}"
2025-11-19,Karnataka,SYNTHETIC,68000000,11.5,38.5,50.0,0.45,42.0,28.84,17.38,23.11,62.7,3.54,15.6,28.87,83.97,23.51,LOW,0,17.89,False,0,0.12,-11.8,0,0,0.0,0.0,0.733,0.345,0.714,0.565,0.531,0.67,0.55,0.501,0.0,0.0,0.0,0.0,0.0,0.0,0.0,0.01251,0.03743,0.04994,0,0,0,0,0,0,0,0,0,0,-0.04994,0.0,0.0,"{""max_temperature_c"": 28.84, ""mean_temperature_c"": 23.11, ""humidity_percent"": 62.7, ""wbgt_c"": 23.51, ""heat_index_c"": 28.87, ""heat_duration_hours"": 0, ""consecutive_heat_days"": 0}"
2025-11-20,Tamil Nadu,SYNTHETIC,77000000,13.0,40.0,47.0,0.36,55.0,27.83,20.28,24.05,87.3,3.5,21.81,30.31,86.56,25.26,LOW,0,20.93,False,0,-1.54,6.5,0,0,0.0,0.476,0.571,0.43,0.779,0.483,0.55,0.787,0.6,0.548,0.0,0.0126,0.0077,0.0086,0.0168,0.0204,0.0673,0.01047,0.02932,0.0398,0,1,1,1,0,0,0,0,1,0,0.9602,0.001299,0.0,"{""max_temperature_c"": 27.83, ""mean_temperature_c"": 24.05, ""humidity_percent"": 87.3, ""wbgt_c"": 25.26, ""heat_index_c"": 30.31, ""heat_duration_hours"": 0, ""consecutive_heat_days"": 0}"
2025-11-20,Kerala,SYNTHETIC,35800000,17.0,45.0,38.0,0.28,50.0,30.17,25.33,27.75,72.1,1.04,22.27,33.73,92.72,27.19,LOW,0,25.98,False,0,-0.59,-8.3,0,0,0.33,0.533,0.417,0.434,0.466,0.54,0.599,0.835,0.65,0.566,0.0297,0.0166,0.04,0.0379,0.039,0.0863,0.2339,0.00565,0.01694,0.0226,0,0,0,0,0,0,0,0,0,0,-0.0226,0.0,0.0,"{""max_temperature_c"": 30.17, ""mean_temperature_c"": 27.75, ""humidity_percent"": 72.1, ""wbgt_c"": 27.19, ""heat_index_c"": 33.73, ""heat_duration_hours"": 0, ""consecutive_heat_days"": 0}"
2025-11-20,Karnataka,SYNTHETIC,68000000,11.5,38.5,50.0,0.45,42.0,29.52,21.2,25.36,70.8,1.93,19.66,31.17,88.11,25.6,LOW,0,21.66,False,0,0.77,-3.6,0,0,0.0,0.208,0.646,0.31,0.697,0.562,0.493,0.672,0.55,0.501,0.0,0.0,0.0,0.0,0.0,0.0,0.0,0.01188,0.03695,0.04884,0,0,0,0,0,0,0,0,0,0,-0.04884,0.0,0.0,"{""max_temperature_c"": 29.52, ""mean_temperature_c"": 25.36, ""humidity_percent"": 70.8, ""wbgt_c"": 25.6, ""heat_index_c"": 31.17, ""heat_duration_hours"": 0, ""consecutive_heat_days"": 0}"
2025-11-21,Tamil Nadu,SYNTHETIC,77000000,13.0,40.0,47.0,0.36,55.0,28.01,21.76,24.88,84.6,2.85,22.11,30.73,87.32,25.57,LOW,0,22.38,False,0,-1.4,3.9,0,0,0.0,0.514,0.547,0.412,0.774,0.483,0.508,0.788,0.6,0.55,0.0,0.0,0.0126,0.0077,0.0034,0.0126,0.0639,0.01042,0.02944,0.03986,0,0,0,0,0,0,0,0,0,0,-0.03986,0.0,0.0,"{""max_temperature_c"": 28.01, ""mean_temperature_c"": 24.88, ""humidity_percent"": 84.6, ""wbgt_c"": 25.57, ""heat_index_c"": 30.73, ""heat_duration_hours"": 0, ""consecutive_heat_days"": 0}"
2025-11-21,Kerala,SYNTHETIC,35800000,17.0,45.0,38.0,0.28,50.0,30.94,22.64,26.79,61.0,0.99,18.65,32.13,89.84,26.06,LOW,0,23.23,False,0,0.14,-19.2,0,0,0.0,0.081,0.488,0.391,0.48,0.546,0.611,0.836,0.65,0.567,0.0016,0.0297,0.0166,0.04,0.0328,0.0479,0.2026,0.00597,0.01736,0.02333,0,0,0,0,0,0,0,0,0,0,-0.02333,0.0,0.0,"{""max_temperature_c"": 30.94, ""mean_temperature_c"": 26.79, ""humidity_percent"": 61.0, ""wbgt_c"": 26.06, ""heat_index_c"": 32.13, ""heat_duration_hours"": 0, ""consecutive_heat_days"": 0}"
2025-11-21,Karnataka,SYNTHETIC,68000000,11.5,38.5,50.0,0.45,42.0,31.6,22.19,26.89,68.5,2.26,20.62,34.15,93.46,27.03,LOW,0,22.72,False,0,2.82,-5.6,0,0,0.0,0.327,0.73,0.352,0.714,0.566,0.495,0.672,0.55,0.503,0.0257,0.0,0.0,0.0,0.0,0.0257,0.0257,0.01301,0.03866,0.05167,0,0,0,0,0,0,0,0,0,0,-0.05167,0.0,0.0,"{""max_temperature_c"": 31.6, ""mean_temperature_c"": 26.89, ""humidity_percent"": 68.5, ""wbgt_c"": 27.03, ""heat_index_c"": 34.15, ""heat_duration_hours"": 0, ""consecutive_heat_days"": 0}"
2025-11-22,Tamil Nadu,SYNTHETIC,77000000,13.0,40.0,47.0,0.36,55.0,27.73,22.52,25.13,84.2,2.7,22.28,30.43,86.78,25.66,LOW,0,23.2,False,0,-1.72,3.7,0,0,0.0,0.535,0.504,0.452,0.766,0.488,0.556,0.787,0.6,0.553,0.0,0.0,0.0,0.0126,0.0067,0.0,0.0572,0.00997,0.02897,0.03894,0,0,0,0,0,0,0,0,0,0,-0.03894,0.0,0.0,"{""max_temperature_c"": 27.73, ""mean_temperature_c"": 25.13, ""humidity_percent"": 84.2, ""wbgt_c"": 25.66, ""heat_index_c"": 30.43, ""heat_duration_hours"": 0, ""consecutive_heat_days"": 0}"
2025-11-22,Kerala,SYNTHETIC,35800000,17.0,45.0,38.0,0.28,50.0,31.82,26.14,28.98,69.5,3.74,22.84,36.38,97.49,28.0,CAUTION,0,26.75,False,0,0.99,-10.5,0,0,0.459,0.605,0.367,0.411,0.456,0.541,0.609,0.837,0.65,0.564,0.0504,0.0016,0.0297,0.0166,0.0337,0.0817,0.2194,0.00563,0.01735,0.02297,0,0,0,0,0,0,0,0,0,0,-0.02297,0.0,0.0,"{""max_temperature_c"": 31.82, ""mean_temperature_c"": 28.98, ""humidity_percent"": 69.5, ""wbgt_c"": 28.0, ""heat_index_c"": 36.38, ""heat_duration_hours"": 0, ""consecutive_heat_days"": 0}"
2025-11-22,Karnataka,SYNTHETIC,68000000,11.5,38.5,50.0,0.45,42.0,31.95,22.1,27.03,69.6,3.53,21.0,34.86,94.76,27.34,LOW,0,22.57,False,0,3.15,-4.3,0,0,0.0,0.374,0.676,0.318,0.703,0.559,0.532,0.67,0.55,0.5,0.0336,0.0257,0.0,0.0,0.0,0.0593,0.0593,0.01242,0.03789,0.05032,0,0,0,0,0,0,0,0,0,0,-0.05032,0.0,0.0,"{""max_temperature_c"": 31.95, ""mean_temperature_c"": 27.03, ""humidity_percent"": 69.6, ""wbgt_c"": 27.34, ""heat_index_c"": 34.86, ""heat_duration_hours"": 0, ""consecutive_heat_days"": 0}"
2025-11-23,Tamil Nadu,SYNTHETIC,77000000,13.0,40.0,47.0,0.36,55.0,29.08,23.44,26.26,91.1,2.25,24.7,34.37,93.87,27.09,LOW,0,24.08,False,0,-0.42,10.7,0,0,0.013,0.837,0.489,0.428,0.763,0.483,0.578,0.789,0.6,0.552,0.0272,0.0,0.0,0.0,0.0283,0.0272,0.0561,0.00993,0.02903,0.03896,0,0,0,0,0,0,0,0,0,0,-0.03896,0.0,0.0,"{""max_temperature_c"": 29.08, ""mean_temperature_c"": 26.26, ""humidity_percent"": 91.1, ""wbgt_c"": 27.09, ""heat_index_c"": 34.37, ""heat_duration_hours"": 0, ""consecutive_heat_days"": 0}"
2025-11-23,Kerala,SYNTHETIC,35800000,17.0,45.0,38.0,0.28,50.0,32.82,26.78,29.8,71.1,1.57,24.0,39.03,102.25,29.14,CAUTION,0,27.38,False,0,1.97,-8.7,0,0,0.563,0.751,0.361,0.402,0.455,0.54,0.554,0.837,0.65,0.564,0.152,0.0504,0.0016,0.0297,0.0433,0.204,0.3281,0.00629,0.01934,0.02562,0,0,0,0,0,0,0,0,0,0,-0.02562,0.0,0.0,"{""max_temperature_c"": 32.82, ""mean_temperature_c"": 29.8, ""humidity_percent"": 71.1, ""wbgt_c"": 29.14, ""heat_index_c"": 39.03, ""heat_duration_hours"": 0, ""consecutive_heat_days"": 0}"
2025-11-23,Karnataka,SYNTHETIC,68000000,11.5,38.5,50.0,0.45,42.0,29.8,21.13,25.46,76.4,3.3,21.0,32.32,90.18,26.2,LOW,0,21.58,False,0,0.97,2.6,0,0,0.0,0.376,0.579,0.302,0.683,0.555,0.481,0.673,0.55,0.5,0.0049,0.0336,0.0257,0.0,0.0,0.0642,0.0642,0.01166,0.03721,0.04886,0,0,0,0,0,0,0,0,0,0,-0.04886,0.0,0.0,"{""max_temperature_c"": 29.8, ""mean_temperature_c"": 25.46, ""humidity_percent"": 76.4, ""wbgt_c"": 26.2, ""heat_index_c"": 32.32, ""heat_duration_hours"": 0, ""consecutive_heat_days"": 0}"
2025-11-24,Tamil Nadu,SYNTHETIC,77000000,13.0,40.0,47.0,0.36,55.0,29.13,23.16,26.14,89.4,4.75,24.27,34.04,93.28,26.91,LOW,0,23.77,False,0,-0.42,9.2,0,0,0.0,0.784,0.573,0.405,0.78,0.484,0.544,0.791,0.6,0.553,0.0227,0.0272,0.0,0.0,0.0086,0.0498,0.0702,0.01082,0.03016,0.04097,0,0,0,0,0,0,0,0,0,0,-0.04097,0.0,0.0,"{""max_temperature_c"": 29.13, ""mean_temperature_c"": 26.14, ""humidity_percent"": 89.4, ""wbgt_c"": 26.91, ""heat_index_c"": 34.04, ""heat_duration_hours"": 0, ""consecutive_heat_days"": 0}"
2025-11-24,Kerala,SYNTHETIC,35800000,17.0,45.0,38.0,0.28,50.0,32.2,25.58,28.89,71.2,1.22,23.15,37.21,98.98,28.44,CAUTION,0,26.21,False,0,1.32,-8.5,0,0,0.368,0.643,0.418,0.417,0.466,0.54,0.575,0.836,0.65,0.559,0.0869,0.152,0.0504,0.0016,0.0379,0.2892,0.3771,0.00643,0.01898,0.0254,0,0,0,0,0,0,0,0,0,0,-0.0254,0.0,0.0,"{""max_temperature_c"": 32.2, ""mean_temperature_c"": 28.89, ""humidity_percent"": 71.2, ""wbgt_c"": 28.44, ""heat_index_c"": 37.21, ""heat_duration_hours"": 0, ""consecutive_heat_days"": 0}"
2025-11-24,Karnataka,SYNTHETIC,68000000,11.5,38.5,50.0,0.45,42.0,28.82,21.08,24.95,77.0,1.92,20.65,30.93,87.67,25.54,LOW,0,21.53,False,0,-0.05,3.5,0,0,0.0,0.331,0.732,0.295,0.714,0.56,0.462,0.672,0.55,0.498,0.0,0.0049,0.0336,0.0257,0.0,0.0385,0.0642,0.01339,0.03968,0.05307,0,0,0,0,0,0,0,0,0,0,-0.05307,0.0,0.0,"{""max_temperature_c"": 28.82, ""mean_temperature_c"": 24.95, ""humidity_percent"": 77.0, ""wbgt_c"": 25.54, ""heat_index_c"": 30.93, ""heat_duration_hours"": 0, ""consecutive_heat_days"": 0}"
2025-11-25,Tamil Nadu,SYNTHETIC,77000000,13.0,40.0,47.0,0.36,55.0,29.97,22.28,26.12,84.8,2.09,23.37,34.44,94.0,27.15,LOW,0,22.96,False,0,0.38,4.7,0,0,0.0,0.671,0.6,0.45,0.785,0.478,0.567,0.793,0.6,0.553,0.0287,0.0227,0.0272,0.0,0.0077,0.0785,0.0911,0.01099,0.0302,0.04119,0,0,0,0,0,0,0,0,0,0,-0.04119,0.0,0.0,"{""max_temperature_c"": 29.97, ""mean_temperature_c"": 26.12, ""humidity_percent"": 84.8, ""wbgt_c"": 27.15, ""heat_index_c"": 34.44, ""heat_duration_hours"": 0, ""consecutive_heat_days"": 0}"
2025-11-25,Kerala,SYNTHETIC,35800000,17.0,45.0,38.0,0.28,50.0,31.31,25.73,28.52,79.0,0.66,24.52,37.58,99.65,28.78,CAUTION,0,26.31,False,0,0.39,-0.5,0,0,0.385,0.815,0.46,0.384,0.475,0.539,0.599,0.839,0.65,0.563,0.1084,0.0869,0.152,0.0504,0.04,0.3473,0.4455,0.00683,0.01985,0.02667,0,0,0,0,0,0,0,0,0,0,-0.02667,0.0,0.0,"{""max_temperature_c"": 31.31, ""mean_temperature_c"": 28.52, ""humidity_percent"": 79.0, ""wbgt_c"": 28.78, ""heat_index_c"": 37.58, ""heat_duration_hours"": 0, ""consecutive_heat_days"": 0}"
2025-11-25,Karnataka,SYNTHETIC,68000000,11.5,38.5,50.0,0.45,42.0,28.93,20.6,24.77,75.0,1.58,20.03,30.72,87.29,25.54,LOW,0,21.1,False,0,0.03,1.6,0,0,0.0,0.253,0.73,0.333,0.714,0.56,0.498,0.672,0.55,0.499,0.0,0.0,0.0049,0.0336,0.0,0.0049,0.0642,0.01327,0.03957,0.05284,0,0,0,0,0,0,0,0,0,0,-0.05284,0.0,0.0,"{""max_temperature_c"": 28.93, ""mean_temperature_c"": 24.77, ""humidity_percent"": 75.0, ""wbgt_c"": 25.54, ""heat_index_c"": 30.72, ""heat_duration_hours"": 0, ""consecutive_heat_days"": 0}"
2025-11-26,Tamil Nadu,SYNTHETIC,77000000,13.0,40.0,47.0,0.36,55.0,30.09,22.34,26.21,86.1,3.4,23.7,34.94,94.89,27.33,LOW,0,23.04,False,0,0.45,6.1,0,0,0.0,0.713,0.514,0.467,0.768,0.474,0.569,0.793,0.6,0.555,0.0333,0.0287,0.0227,0.0272,0.0126,0.0847,0.1119,0.0103,0.02949,0.0398,0,0,0,0,0,0,0,0,0,0,-0.0398,0.0,0.0,"{""max_temperature_c"": 30.09, ""mean_temperature_c"": 26.21, ""humidity_percent"": 86.1, ""wbgt_c"": 27.33, ""heat_index_c"": 34.94, ""heat_duration_hours"": 0, ""consecutive_heat_days"": 0}"
2025-11-26,Kerala,SYNTHETIC,35800000,17.0,45.0,38.0,0.28,50.0,31.39,26.06,28.72,73.8,1.56,23.58,36.61,97.89,28.25,CAUTION,0,26.67,False,0,0.44,-5.5,0,0,0.445,0.697,0.42,0.408,0.467,0.541,0.618,0.838,0.65,0.562,0.069,0.1084,0.0869,0.152,0.0166,0.2642,0.4979,0.0065,0.01931,0.02581,0,0,0,0,0,0,0,0,0,0,-0.02581,0.0,0.0,"{""max_temperature_c"": 31.39, ""mean_temperature_c"": 28.72, ""humidity_percent"": 73.8, ""wbgt_c"": 28.25, ""heat_index_c"": 36.61, ""heat_duration_hours"": 0, ""consecutive_heat_days"": 0}"
2025-11-26,Karnataka,SYNTHETIC,68000000,11.5,38.5,50.0,0.45,42.0,27.99,18.32,23.16,69.3,4.5,17.23,28.63,83.53,23.55,LOW,0,18.82,False,0,-0.93,-3.9,0,0,0.0,0.0,0.677,0.334,0.703,0.563,0.52,0.675,0.55,0.498,0.0,0.0,0.0,0.0049,0.0,0.0,0.0642,0.01277,0.03922,0.05199,0,0,0,0,0,0,0,0,0,0,-0.05199,0.0,0.0,"{""max_temperature_c"": 27.99, ""mean_temperature_c"": 23.16, ""humidity_percent"": 69.3, ""wbgt_c"": 23.55, ""heat_index_c"": 28.63, ""heat_duration_hours"": 0, ""consecutive_heat_days"": 0}"
2025-11-27,Tamil Nadu,SYNTHETIC,77000000,13.0,40.0,47.0,0.36,55.0,27.37,19.81,23.59,82.9,2.05,20.51,29.13,84.43,24.66,LOW,0,20.5,False,0,-2.32,3.1,0,0,0.0,0.314,0.59,0.458,0.783,0.485,0.547,0.793,0.6,0.556,0.0,0.0333,0.0287,0.0227,0.0,0.062,0.1119,0.01101,0.03048,0.04149,0,0,0,0,0,0,0,0,0,0,-0.04149,0.0,0.0,"{""max_temperature_c"": 27.37, ""mean_temperature_c"": 23.59, ""humidity_percent"": 82.9, ""wbgt_c"": 24.66, ""heat_index_c"": 29.13, ""heat_duration_hours"": 0, ""consecutive_heat_days"": 0}"
2025-11-27,Kerala,SYNTHETIC,35800000,17.0,45.0,38.0,0.28,50.0,31.12,25.75,28.44,78.3,2.61,24.3,37.05,98.7,28.31,CAUTION,0,26.37,False,0,0.15,-0.8,0,0,0.396,0.787,0.479,0.414,0.478,0.544,0.599,0.841,0.65,0.563,0.0733,0.069,0.1084,0.0869,0.0297,0.2507,0.5415,0.00693,0.02005,0.02698,0,0,0,0,0,0,0,0,0,0,-0.02698,0.0,0.0,"{""max_temperature_c"": 31.12, ""mean_temperature_c"": 28.44, ""humidity_percent"": 78.3, ""wbgt_c"": 28.31, ""heat_index_c"": 37.05, ""heat_duration_hours"": 0, ""consecutive_heat_days"": 0}"
2025-11-27,Karnataka,SYNTHETIC,68000000,11.5,38.5,50.0,0.45,42.0,28.81,17.75,23.28,66.9,3.03,16.8,29.22,84.6,23.96,LOW,0,18.27,False,0,-0.14,-6.0,0,0,0.0,0.0,0.751,0.344,0.718,0.564,0.48,0.677,0.55,0.496,0.0,0.0,0.0,0.0,0.0,0.0,0.0642,0.0139,0.04099,0.0549,0,0,0,0,0,0,0,0,0,0,-0.0549,0.0,0.0,"{""max_temperature_c"": 28.81, ""mean_temperature_c"": 23.28, ""humidity_percent"": 66.9, ""wbgt_c"": 23.96, ""heat_index_c"": 29.22, ""heat_duration_hours"": 0, ""consecutive_heat_days"": 0}"
2025-11-28,Tamil Nadu,SYNTHETIC,77000000,13.0,40.0,47.0,0.36,55.0,27.14,20.45,23.8,83.5,1.16,20.83,28.96,84.13,24.77,LOW,0,21.07,False,0,-2.59,3.8,0,0,0.0,0.353,0.593,0.413,0.784,0.485,0.589,0.795,0.6,0.557,0.0,0.0,0.0333,0.0287,0.0,0.0333,0.1119,0.01087,0.03025,0.04112,0,0,0,0,0,0,0,0,0,0,-0.04112,0.0,0.0,"{""max_temperature_c"": 27.14, ""mean_temperature_c"": 23.8, ""humidity_percent"": 83.5, ""wbgt_c"": 24.77, ""heat_index_c"": 28.96, ""heat_duration_hours"": 0, ""consecutive_heat_days"": 0}"
2025-11-28,Kerala,SYNTHETIC,35800000,17.0,45.0,38.0,0.28,50.0,31.3,23.87,27.58,78.9,1.04,23.6,36.5,97.71,28.18,CAUTION,0,24.52,False,0,0.29,0.0,0,0,0.086,0.7,0.441,0.432,0.471,0.55,0.59,0.841,0.65,0.564,0.0639,0.0733,0.069,0.1084,0.0016,0.2062,0.6038,0.00678,0.01993,0.02671,0,0,0,0,0,0,0,0,0,0,-0.02671,0.0,0.0,"{""max_temperature_c"": 31.3, ""mean_temperature_c"": 27.58, ""humidity_percent"": 78.9, ""wbgt_c"": 28.18, ""heat_index_c"": 36.5, ""heat_duration_hours"": 0, ""consecutive_heat_days"": 0}"
2025-11-28,Karnataka,SYNTHETIC,68000000,11.5,38.5,50.0,0.45,42.0,28.65,18.37,23.51,73.1,1.05,18.41,29.67,85.41,24.6,LOW,0,18.85,False,0,-0.33,0.3,0,0,0.0,0.051,0.719,0.324,0.711,0.565,0.514,0.676,0.55,0.496,0.0,0.0,0.0,0.0,0.0257,0.0,0.0385,0.01355,0.04076,0.0543,0,0,0,0,0,0,0,0,0,0,-0.0543,0.0,0.0,"{""max_temperature_c"": 28.65, ""mean_temperature_c"": 23.51, ""humidity_percent"": 73.1, ""wbgt_c"": 24.6, ""heat_index_c"": 29.67, ""heat_duration_hours"": 0, ""consecutive_heat_days"": 0}"
2025-11-29,Tamil Nadu,SYNTHETIC,77000000,13.0,40.0,47.0,0.36,55.0,28.04,19.93,23.99,78.2,1.95,19.95,29.68,85.42,24.87,LOW,0,20.57,False,0,-1.74,-1.4,0,0,0.0,0.243,0.549,0.425,0.775,0.488,0.551,0.789,0.6,0.553,0.0,0.0,0.0,0.0333,0.0,0.0,0.1119,0.0107,0.03038,0.04108,0,0,0,0,0,0,0,0,0,0,-0.04108,0.0,0.0,"{""max_temperature_c"": 28.04, ""mean_temperature_c"": 23.99, ""humidity_percent"": 78.2, ""wbgt_c"": 24.87, ""heat_index_c"": 29.68, ""heat_duration_hours"": 0, ""consecutive_heat_days"": 0}"
2025-11-29,Kerala,SYNTHETIC,35800000,17.0,45.0,38.0,0.28,50.0,30.32,24.58,27.45,79.9,1.12,23.66,35.21,95.38,27.77,LOW,0,25.12,False,0,-0.72,1.1,0,0,0.186,0.707,0.442,0.36,0.471,0.546,0.557,0.84,0.65,0.568,0.0442,0.0639,0.0733,0.069,0.0504,0.1814,0.5976,0.00682,0.02002,0.02684,0,0,0,0,0,0,0,0,0,0,-0.02684,0.0,0.0,"{""max_temperature_c"": 30.32, ""mean_temperature_c"": 27.45, ""humidity_percent"": 79.9, ""wbgt_c"": 27.77, ""heat_index_c"": 35.21, ""heat_duration_hours"": 0, ""consecutive_heat_days"": 0}"
2025-11-29,Karnataka,SYNTHETIC,68000000,11.5,38.5,50.0,0.45,42.0,27.75,16.88,22.31,72.6,2.72,17.16,28.38,83.09,23.64,LOW,0,17.4,False,0,-1.27,0.1,0,0,0.0,0.0,0.694,0.346,0.706,0.565,0.484,0.677,0.55,0.499,0.0,0.0,0.0,0.0,0.0336,0.0,0.0049,0.01354,0.04112,0.05466,0,0,0,0,0,0,0,0,0,0,-0.05466,0.0,0.0,"{""max_temperature_c"": 27.75, ""mean_temperature_c"": 22.31, ""humidity_percent"": 72.6, ""wbgt_c"": 23.64, ""heat_index_c"": 28.38, ""heat_duration_hours"": 0, ""consecutive_heat_days"": 0}"
2025-11-30,Tamil Nadu,SYNTHETIC,77000000,13.0,40.0,47.0,0.36,55.0,29.24,22.85,26.04,79.5,2.48,22.22,32.49,90.48,26.38,LOW,0,23.51,False,0,-0.58,0.1,0,0,0.0,0.528,0.453,0.445,0.756,0.491,0.544,0.789,0.6,0.555,0.0095,0.0,0.0,0.0,0.0272,0.0095,0.0942,0.01005,0.02993,0.03998,0,0,0,0,0,0,0,0,0,0,-0.03998,0.0,0.0,"{""max_temperature_c"": 29.24, ""mean_temperature_c"": 26.04, ""humidity_percent"": 79.5, ""wbgt_c"": 26.38, ""heat_index_c"": 32.49, ""heat_duration_hours"": 0, ""consecutive_heat_days"": 0}"
2025-11-30,Kerala,SYNTHETIC,35800000,17.0,45.0,38.0,0.28,50.0,31.2,25.96,28.58,80.6,1.65,24.91,37.91,100.25,28.73,CAUTION,0,26.57,False,0,0.14,2.0,0,0,0.428,0.863,0.342,0.407,0.451,0.544,0.584,0.844,0.65,0.559,0.1049,0.0442,0.0639,0.0733,0.152,0.213,0.5505,0.00664,0.02066,0.0273,0,0,0,0,0,0,0,0,0,0,-0.0273,0.0,0.0,"{""max_temperature_c"": 31.2, ""mean_temperature_c"": 28.58, ""humidity_percent"": 80.6, ""wbgt_c"": 28.73, ""heat_index_c"": 37.91, ""heat_duration_hours"": 0, ""consecutive_heat_days"": 0}"
2025-11-30,Karnataka,SYNTHETIC,68000000,11.5,38.5,50.0,0.45,42.0,28.95,18.3,23.62,74.2,1.93,18.75,30.11,86.2,25.06,LOW,0,18.84,False,0,-0.1,1.8,0,0,0.0,0.094,0.549,0.355,0.677,0.569,0.482,0.677,0.55,0.498,0.0,0.0,0.0,0.0,0.0049,0.0,0.0,0.01225,0.04003,0.05228,0,0,0,0,0,0,0,0,0,0,-0.05228,0.0,0.0,"{""max_temperature_c"": 28.95, ""mean_temperature_c"": 23.62, ""humidity_percent"": 74.2, ""wbgt_c"": 25.06, ""heat_index_c"": 30.11, ""heat_duration_hours"": 0, ""consecutive_heat_days"": 0}"
2025-12-01,Tamil Nadu,SYNTHETIC,77000000,13.0,40.0,47.0,0.36,55.0,27.71,19.89,23.8,81.8,1.63,20.51,29.54,85.18,24.83,LOW,0,20.57,False,0,-2.16,2.6,0,0,0.0,0.313,0.552,0.452,0.775,0.491,0.516,0.788,0.6,0.554,0.0,0.0095,0.0,0.0,0.0227,0.0095,0.0716,0.01101,0.03112,0.04213,0,0,0,0,0,0,0,0,0,0,-0.04213,0.0,0.0,"{""max_temperature_c"": 27.71, ""mean_temperature_c"": 23.8, ""humidity_percent"": 81.8, ""wbgt_c"": 24.83, ""heat_index_c"": 29.54, ""heat_duration_hours"": 0, ""consecutive_heat_days"": 0}"
2025-12-01,Kerala,SYNTHETIC,35800000,17.0,45.0,38.0,0.28,50.0,30.9,26.73,28.81,82.5,6.68,25.53,38.29,100.91,28.37,CAUTION,0,27.33,False,0,-0.19,4.2,0,0,0.555,0.942,0.399,0.402,0.462,0.551,0.572,0.845,0.65,0.561,0.0775,0.1049,0.0442,0.0639,0.0869,0.2266,0.5411,0.00707,0.02136,0.02844,0,0,0,0,0,0,0,0,0,0,-0.02844,0.0,0.0,"{""max_temperature_c"": 30.9, ""mean_temperature_c"": 28.81, ""humidity_percent"": 82.5, ""wbgt_c"": 28.37, ""heat_index_c"": 38.29, ""heat_duration_hours"": 0, ""consecutive_heat_days"": 0}"
2025-12-01,Karnataka,SYNTHETIC,68000000,11.5,38.5,50.0,0.45,42.0,28.14,19.73,23.93,75.9,1.88,19.41,29.56,85.21,24.7,LOW,0,20.29,False,0,-0.93,3.7,0,0,0.0,0.177,0.731,0.375,0.714,0.565,0.512,0.674,0.55,0.499,0.0,0.0,0.0,0.0,0.0,0.0,0.0,0.01411,0.04215,0.05626,0,1,1,1,0,0,0,0,0,1,0.94374,0.001471,0.0,"{""max_temperature_c"": 28.14, ""mean_temperature_c"": 23.93, ""humidity_percent"": 75.9, ""wbgt_c"": 24.7, ""heat_index_c"": 29.56, ""heat_duration_hours"": 0, ""consecutive_heat_days"": 0}"
2025-12-02,Tamil Nadu,SYNTHETIC,77000000,13.0,40.0,47.0,0.36,55.0,27.49,20.47,23.98,74.4,0.93,19.14,28.76,83.76,24.27,LOW,0,21.16,False,0,-2.43,-4.7,0,0,0.0,0.142,0.559,0.464,0.777,0.492,0.534,0.785,0.6,0.556,0.0,0.0,0.0095,0.0,0.0287,0.0095,0.0429,0.01107,0.03129,0.04236,0,0,0,0,0,0,0,0,0,0,-0.04236,0.0,0.0,"{""max_temperature_c"": 27.49, ""mean_temperature_c"": 23.98, ""humidity_percent"": 74.4, ""wbgt_c"": 24.27, ""heat_index_c"": 28.76, ""heat_duration_hours"": 0, ""consecutive_heat_days"": 0}"
2025-12-02,Kerala,SYNTHETIC,35800000,17.0,45.0,38.0,0.28,50.0,32.25,26.83,29.54,84.8,1.74,26.7,42.16,107.89,30.11,DANGER,0,27.46,False,0,1.13,6.6,3,1,0.577,1.0,0.436,0.418,0.47,0.545,0.571,0.845,0.65,0.558,0.2234,0.0775,0.1049,0.0442,0.1084,0.4057,0.6561,0.00938,0.02887,0.03825,0,0,0,0,0,0,0,0,0,0,-0.03825,0.0,0.0,"{""max_temperature_c"": 32.25, ""mean_temperature_c"": 29.54, ""humidity_percent"": 84.8, ""wbgt_c"": 30.11, ""heat_index_c"": 42.16, ""heat_duration_hours"": 3, ""consecutive_heat_days"": 1}"
2025-12-02,Karnataka,SYNTHETIC,68000000,11.5,38.5,50.0,0.45,42.0,28.16,17.79,22.97,78.3,6.7,19.0,29.41,84.93,24.18,LOW,0,18.29,False,0,-0.94,6.4,0,0,0.0,0.125,0.743,0.34,0.716,0.57,0.511,0.672,0.55,0.503,0.0,0.0,0.0,0.0,0.0,0.0,0.0,0.01446,0.04302,0.05748,0,0,0,0,0,0,0,0,0,0,-0.05748,0.0,0.0,"{""max_temperature_c"": 28.16, ""mean_temperature_c"": 22.97, ""humidity_percent"": 78.3, ""wbgt_c"": 24.18, ""heat_index_c"": 29.41, ""heat_duration_hours"": 0, ""consecutive_heat_days"": 0}"
2025-12-03,Tamil Nadu,SYNTHETIC,77000000,13.0,40.0,47.0,0.36,55.0,28.04,20.13,24.09,75.0,1.19,19.38,29.44,85.0,24.74,LOW,0,20.78,False,0,-1.92,-3.9,0,0,0.0,0.172,0.55,0.431,0.775,0.498,0.558,0.785,0.6,0.556,0.0,0.0,0.0,0.0095,0.0333,0.0,0.0095,0.01105,0.03149,0.04255,0,0,0,0,0,0,0,0,0,0,-0.04255,0.0,0.0,"{""max_temperature_c"": 28.04, ""mean_temperature_c"": 24.09, ""humidity_percent"": 75.0, ""wbgt_c"": 24.74, ""heat_index_c"": 29.44, ""heat_duration_hours"": 0, ""consecutive_heat_days"": 0}"
2025-12-03,Kerala,SYNTHETIC,35800000,17.0,45.0,38.0,0.28,50.0,32.14,26.17,29.15,82.5,2.99,25.86,40.65,105.17,29.61,CAUTION,0,26.77,False,0,0.99,4.5,0,0,0.462,0.983,0.455,0.402,0.473,0.539,0.635,0.844,0.65,0.556,0.1733,0.2234,0.0775,0.1049,0.069,0.4741,0.7605,0.00817,0.02384,0.03201,0,0,0,0,0,0,0,0,0,0,-0.03201,0.0,0.0,"{""max_temperature_c"": 32.14, ""mean_temperature_c"": 29.15, ""humidity_percent"": 82.5, ""wbgt_c"": 29.61, ""heat_index_c"": 40.65, ""heat_duration_hours"": 0, ""consecutive_heat_days"": 0}"
2025-12-03,Karnataka,SYNTHETIC,68000000,11.5,38.5,50.0,0.45,42.0,28.37,20.1,24.24,79.1,1.99,20.39,30.27,86.48,25.31,LOW,0,20.62,False,0,-0.75,7.4,0,0,0.0,0.298,0.79,0.35,0.726,0.566,0.52,0.673,0.55,0.499,0.0,0.0,0.0,0.0,0.0,0.0,0.0,0.01508,0.04379,0.05887,0,0,0,0,0,0,0,0,0,0,-0.05887,0.0,0.0,"{""max_temperature_c"": 28.37, ""mean_temperature_c"": 24.24, ""humidity_percent"": 79.1, ""wbgt_c"": 25.31, ""heat_index_c"": 30.27, ""heat_duration_hours"": 0, ""consecutive_heat_days"": 0}"
2025-12-04,Tamil Nadu,SYNTHETIC,77000000,13.0,40.0,47.0,0.36,55.0,29.14,21.58,25.36,75.3,2.3,20.67,31.33,88.39,25.75,LOW,0,22.18,False,0,-0.86,-3.4,0,0,0.0,0.334,0.623,0.402,0.79,0.502,0.558,0.784,0.6,0.553,0.0,0.0,0.0,0.0,0.0,0.0,0.0095,0.01183,0.03254,0.04437,0,0,0,0,0,0,0,0,0,0,-0.04437,0.0,0.0,"{""max_temperature_c"": 29.14, ""mean_temperature_c"": 25.36, ""humidity_percent"": 75.3, ""wbgt_c"": 25.75, ""heat_index_c"": 31.33, ""heat_duration_hours"": 0, ""consecutive_heat_days"": 0}"
2025-12-04,Kerala,SYNTHETIC,35800000,17.0,45.0,38.0,0.28,50.0,32.42,28.23,30.33,85.3,3.2,27.59,44.04,111.27,30.41,DANGER,0,28.84,False,0,1.25,7.5,6,1,0.807,1.0,0.482,0.407,0.479,0.534,0.589,0.844,0.65,0.553,0.2796,0.1733,0.2234,0.0775,0.0733,0.6763,0.9667,0.01222,0.03798,0.0502,0,0,0,0,0,0,0,0,0,0,-0.0502,0.0,0.0,"{""max_temperature_c"": 32.42, ""mean_temperature_c"": 30.33, ""humidity_percent"": 85.3, ""wbgt_c"": 30.41, ""heat_index_c"": 44.04, ""heat_duration_hours"": 6, ""consecutive_heat_days"": 1}"
2025-12-04,Karnataka,SYNTHETIC,68000000,11.5,38.5,50.0,0.45,42.0,30.55,20.47,25.51,77.2,2.22,21.21,33.36,92.05,26.7,LOW,0,20.97,False,0,1.39,5.7,0,0,0.0,0.402,0.761,0.335,0.72,0.563,0.496,0.675,0.55,0.497,0.0174,0.0,0.0,0.0,0.0,0.0174,0.0174,0.01511,0.04427,0.05937,0,0,0,0,0,0,0,0,0,0,-0.05937,0.0,0.0,"{""max_temperature_c"": 30.55, ""mean_temperature_c"": 25.51, ""humidity_percent"": 77.2, ""wbgt_c"": 26.7, ""heat_index_c"": 33.36, ""heat_duration_hours"": 0, ""consecutive_heat_days"": 0}"
2025-12-05,Tamil Nadu,SYNTHETIC,77000000,13.0,40.0,47.0,0.36,55.0,30.61,22.26,26.44,73.3,1.49,21.28,33.49,92.28,26.95,LOW,0,22.94,False,0,0.57,-5.3,0,0,0.0,0.409,0.613,0.452,0.788,0.499,0.512,0.784,0.6,0.557,0.0238,0.0,0.0,0.0,0.0,0.0238,0.0334,0.0121,0.03312,0.04522,0,0,0,0,0,0,0,0,0,0,-0.04522,0.0,0.0,"{""max_temperature_c"": 30.61, ""mean_temperature_c"": 26.44, ""humidity_percent"": 73.3, ""wbgt_c"": 26.95, ""heat_index_c"": 33.49, ""heat_duration_hours"": 0, ""consecutive_heat_days"": 0}"
2025-12-05,Kerala,SYNTHETIC,35800000,17.0,45.0,38.0,0.28,50.0,32.14,27.07,29.61,83.1,2.03,26.43,41.55,106.79,29.79,CAUTION,0,27.68,False,0,0.94,5.5,0,0,0.613,1.0,0.48,0.404,0.478,0.535,0.568,0.845,0.65,0.548,0.1874,0.2796,0.1733,0.2234,0.0639,0.6403,1.0903,0.00921,0.02629,0.0355,0,0,0,0,0,0,0,0,0,0,-0.0355,0.0,0.0,"{""max_temperature_c"": 32.14, ""mean_temperature_c"": 29.61, ""humidity_percent"": 83.1, ""wbgt_c"": 29.79, ""heat_index_c"": 41.55, ""heat_duration_hours"": 0, ""consecutive_heat_days"": 0}"
2025-12-05,Karnataka,SYNTHETIC,68000000,11.5,38.5,50.0,0.45,42.0,27.83,20.24,24.04,80.3,5.06,20.43,29.66,85.38,24.68,LOW,0,20.75,False,0,-1.35,9.0,0,0,0.0,0.304,0.739,0.336,0.715,0.562,0.471,0.674,0.55,0.497,0.0,0.0174,0.0,0.0,0.0,0.0174,0.0174,0.01505,0.04451,0.05956,0,0,0,0,0,0,0,0,0,0,-0.05956,0.0,0.0,"{""max_temperature_c"": 27.83, ""mean_temperature_c"": 24.04, ""humidity_percent"": 80.3, ""wbgt_c"": 24.68, ""heat_index_c"": 29.66, ""heat_duration_hours"": 0, ""consecutive_heat_days"": 0}"
2025-12-06,Tamil Nadu,SYNTHETIC,77000000,13.0,40.0,47.0,0.36,55.0,29.31,20.86,25.08,78.5,1.88,21.09,31.78,89.2,26.09,LOW,0,21.49,False,0,-0.78,0.1,0,0,0.0,0.386,0.559,0.418,0.777,0.497,0.557,0.787,0.6,0.558,0.0022,0.0238,0.0,0.0,0.0,0.0261,0.0356,0.0114,0.03223,0.04362,0,0,0,0,0,0,0,0,0,0,-0.04362,0.0,0.0,"{""max_temperature_c"": 29.31, ""mean_temperature_c"": 25.08, ""humidity_percent"": 78.5, ""wbgt_c"": 26.09, ""heat_index_c"": 31.78, ""heat_duration_hours"": 0, ""consecutive_heat_days"": 0}"
2025-12-06,Kerala,SYNTHETIC,35800000,17.0,45.0,38.0,0.28,50.0,31.72,24.4,28.06,80.5,1.16,24.39,38.01,100.41,28.94,CAUTION,0,25.04,False,0,0.49,3.1,0,0,0.173,0.799,0.437,0.424,0.47,0.531,0.599,0.845,0.65,0.548,0.1205,0.1874,0.2796,0.1733,0.0442,0.5876,1.1666,0.00814,0.02346,0.03161,0,0,0,0,0,0,0,0,0,0,-0.03161,0.0,0.0,"{""max_temperature_c"": 31.72, ""mean_temperature_c"": 28.06, ""humidity_percent"": 80.5, ""wbgt_c"": 28.94, ""heat_index_c"": 38.01, ""heat_duration_hours"": 0, ""consecutive_heat_days"": 0}"
2025-12-06,Karnataka,SYNTHETIC,68000000,11.5,38.5,50.0,0.45,42.0,27.23,16.97,22.1,77.3,4.95,17.95,28.14,82.65,23.43,LOW,0,17.47,False,0,-1.98,6.3,0,0,0.0,0.0,0.682,0.336,0.704,0.566,0.495,0.674,0.55,0.491,0.0,0.0,0.0174,0.0,0.0,0.0174,0.0174,0.0145,0.04434,0.05885,0,0,0,0,0,0,0,0,0,0,-0.05885,0.0,0.0,"{""max_temperature_c"": 27.23, ""mean_temperature_c"": 22.1, ""humidity_percent"": 77.3, ""wbgt_c"": 23.43, ""heat_index_c"": 28.14, ""heat_duration_hours"": 0, ""consecutive_heat_days"": 0}"
2025-12-07,Tamil Nadu,SYNTHETIC,77000000,13.0,40.0,47.0,0.36,55.0,31.11,24.36,27.74,75.2,3.09,22.95,35.58,96.05,27.67,LOW,0,25.01,False,0,0.98,-3.0,0,0,0.168,0.618,0.476,0.433,0.76,0.502,0.53,0.787,0.6,0.555,0.0417,0.0022,0.0238,0.0,0.0095,0.0678,0.0678,0.01115,0.03275,0.0439,0,0,0,0,0,0,0,0,0,0,-0.0439,0.0,0.0,"{""max_temperature_c"": 31.11, ""mean_temperature_c"": 27.74, ""humidity_percent"": 75.2, ""wbgt_c"": 27.67, ""heat_index_c"": 35.58, ""heat_duration_hours"": 0, ""consecutive_heat_days"": 0}"
2025-12-07,Kerala,SYNTHETIC,35800000,17.0,45.0,38.0,0.28,50.0,31.83,27.5,29.66,78.8,1.59,25.58,39.76,103.57,29.43,CAUTION,0,28.07,False,0,0.58,1.5,0,0,0.678,0.947,0.359,0.38,0.454,0.526,0.648,0.845,0.65,0.551,0.1572,0.1205,0.1874,0.2796,0.1049,0.4652,1.219,0.00786,0.02425,0.03211,0,0,0,0,0,0,0,0,0,0,-0.03211,0.0,0.0,"{""max_temperature_c"": 31.83, ""mean_temperature_c"": 29.66, ""humidity_percent"": 78.8, ""wbgt_c"": 29.43, ""heat_index_c"": 39.76, ""heat_duration_hours"": 0, ""consecutive_heat_days"": 0}"
2025-12-07,Karnataka,SYNTHETIC,68000000,11.5,38.5,50.0,0.45,42.0,26.77,16.7,21.73,72.6,1.93,16.59,27.41,81.34,22.97,LOW,0,17.23,False,0,-2.47,1.8,0,0,0.0,0.0,0.573,0.357,0.682,0.555,0.522,0.676,0.55,0.489,0.0,0.0,0.0,0.0174,0.0,0.0,0.0174,0.01315,0.04243,0.05558,0,0,0,0,0,0,0,0,0,0,-0.05558,0.0,0.0,"{""max_temperature_c"": 26.77, ""mean_temperature_c"": 21.73, ""humidity_percent"": 72.6, ""wbgt_c"": 22.97, ""heat_index_c"": 27.41, ""heat_duration_hours"": 0, ""consecutive_heat_days"": 0}"
2025-12-08,Tamil Nadu,SYNTHETIC,77000000,13.0,40.0,47.0,0.36,55.0,31.67,24.24,27.95,67.9,3.82,21.48,34.93,94.87,27.35,LOW,0,24.88,False,0,1.5,-10.2,0,0,0.147,0.435,0.583,0.426,0.782,0.498,0.55,0.787,0.6,0.553,0.0338,0.0417,0.0022,0.0238,0.0,0.0778,0.1016,0.0121,0.03361,0.04571,0,0,0,0,0,0,0,0,0,0,-0.04571,0.0,0.0,"{""max_temperature_c"": 31.67, ""mean_temperature_c"": 27.95, ""humidity_percent"": 67.9, ""wbgt_c"": 27.35, ""heat_index_c"": 34.93, ""heat_duration_hours"": 0, ""consecutive_heat_days"": 0}"
2025-12-08,Kerala,SYNTHETIC,35800000,17.0,45.0,38.0,0.28,50.0,33.03,26.98,30.0,66.7,1.76,23.14,38.26,100.87,28.93,CAUTION,0,27.58,False,0,1.75,-10.3,0,0,0.597,0.642,0.466,0.402,0.476,0.53,0.592,0.847,0.65,0.554,0.1404,0.1572,0.1205,0.1874,0.0775,0.4182,1.2819,0.00855,0.02463,0.03318,0,1,1,1,0,0,0,0,0,1,0.96682,0.002793,0.0,"{""max_temperature_c"": 33.03, ""mean_temperature_c"": 30.0, ""humidity_percent"": 66.7, ""wbgt_c"": 28.93, ""heat_index_c"": 38.26, ""heat_duration_hours"": 0, ""consecutive_heat_days"": 0}"
2025-12-08,Karnataka,SYNTHETIC,68000000,11.5,38.5,50.0,0.45,42.0,27.52,18.0,22.76,79.2,4.02,18.96,28.73,83.71,24.02,LOW,0,18.53,False,0,-1.75,8.6,0,0,0.0,0.12,0.755,0.356,0.719,0.559,0.495,0.673,0.55,0.492,0.0,0.0,0.0,0.0,0.0,0.0,0.0174,0.01557,0.0458,0.06137,0,0,0,0,0,0,0,0,0,0,-0.06137,0.0,0.0,"{""max_temperature_c"": 27.52, ""mean_temperature_c"": 22.76, ""humidity_percent"": 79.2, ""wbgt_c"": 24.02, ""heat_index_c"": 28.73, ""heat_duration_hours"": 0, ""consecutive_heat_days"": 0}"
2025-12-09,Tamil Nadu,SYNTHETIC,77000000,13.0,40.0,47.0,0.36,55.0,32.15,24.42,28.29,72.6,3.0,22.89,36.87,98.37,28.33,CAUTION,0,25.07,False,0,1.95,-5.3,0,0,0.178,0.611,0.573,0.435,0.78,0.508,0.555,0.788,0.6,0.555,0.0777,0.0338,0.0417,0.0022,0.0,0.1532,0.1793,0.01258,0.03513,0.04771,0,0,0,0,0,0,0,0,0,0,-0.04771,0.0,0.0,"{""max_temperature_c"": 32.15, ""mean_temperature_c"": 28.29, ""humidity_percent"": 72.6, ""wbgt_c"": 28.33, ""heat_index_c"": 36.87, ""heat_duration_hours"": 0, ""consecutive_heat_days"": 0}"
2025-12-09,Kerala,SYNTHETIC,35800000,17.0,45.0,38.0,0.28,50.0,31.56,25.68,28.62,65.5,2.72,21.53,34.83,94.7,27.43,LOW,0,26.25,False,0,0.26,-11.4,0,0,0.375,0.441,0.41,0.38,0.464,0.527,0.621,0.848,0.65,0.554,0.0359,0.1404,0.1572,0.1205,0.2234,0.3335,1.0944,0.00756,0.02245,0.03001,0,0,0,0,0,0,0,0,0,0,-0.03001,0.0,0.0,"{""max_temperature_c"": 31.56, ""mean_temperature_c"": 28.62, ""humidity_percent"": 65.5, ""wbgt_c"": 27.43, ""heat_index_c"": 34.83, ""heat_duration_hours"": 0, ""consecutive_heat_days"": 0}"
2025-12-09,Karnataka,SYNTHETIC,68000000,11.5,38.5,50.0,0.45,42.0,29.04,20.02,24.53,75.2,3.7,19.84,30.75,87.35,25.26,LOW,0,20.52,False,0,-0.25,4.8,0,0,0.0,0.231,0.777,0.331,0.723,0.555,0.484,0.673,0.55,0.496,0.0,0.0,0.0,0.0,0.0,0.0,0.0174,0.016,0.04647,0.06248,0,0,0,0,0,0,0,0,0,0,-0.06248,0.0,0.0,"{""max_temperature_c"": 29.04, ""mean_temperature_c"": 24.53, ""humidity_percent"": 75.2, ""wbgt_c"": 25.26, ""heat_index_c"": 30.75, ""heat_duration_hours"": 0, ""consecutive_heat_days"": 0}"
2025-12-10,Tamil Nadu,SYNTHETIC,77000000,13.0,40.0,47.0,0.36,55.0,32.01,25.15,28.58,74.7,5.12,23.65,37.52,99.53,28.29,CAUTION,0,25.83,False,0,1.76,-3.0,0,0,0.305,0.707,0.553,0.456,0.776,0.509,0.527,0.789,0.6,0.556,0.0717,0.0777,0.0338,0.0417,0.0,0.1832,0.251,0.01276,0.03593,0.04869,0,0,0,0,0,0,0,0,0,0,-0.04869,0.0,0.0,"{""max_temperature_c"": 32.01, ""mean_temperature_c"": 28.58, ""humidity_percent"": 74.7, ""wbgt_c"": 28.29, ""heat_index_c"": 37.52, ""heat_duration_hours"": 0, ""consecutive_heat_days"": 0}"
2025-12-10,Kerala,SYNTHETIC,35800000,17.0,45.0,38.0,0.28,50.0,31.37,25.08,28.23,72.5,2.15,22.81,35.78,96.41,27.94,LOW,0,25.66,False,0,0.05,-4.2,0,0,0.276,0.602,0.429,0.384,0.468,0.531,0.546,0.848,0.65,0.554,0.0485,0.0359,0.1404,0.1572,0.1733,0.2247,0.9695,0.00794,0.02337,0.03131,0,0,0,0,0,0,0,0,0,0,-0.03131,0.0,0.0,"{""max_temperature_c"": 31.37, ""mean_temperature_c"": 28.23, ""humidity_percent"": 72.5, ""wbgt_c"": 27.94, ""heat_index_c"": 35.78, ""heat_duration_hours"": 0, ""consecutive_heat_days"": 0}"
2025-12-10,Karnataka,SYNTHETIC,68000000,11.5,38.5,50.0,0.45,42.0,29.41,20.73,25.07,72.6,1.76,19.8,31.13,88.03,25.65,LOW,0,21.24,False,0,0.09,2.4,0,0,0.0,0.225,0.767,0.342,0.721,0.561,0.495,0.672,0.55,0.495,0.0,0.0,0.0,0.0,0.0,0.0,0.0174,0.01614,0.04722,0.06336,0,0,0,0,0,0,0,0,0,0,-0.06336,0.0,0.0,"{""max_temperature_c"": 29.41, ""mean_temperature_c"": 25.07, ""humidity_percent"": 72.6, ""wbgt_c"": 25.65, ""heat_index_c"": 31.13, ""heat_duration_hours"": 0, ""consecutive_heat_days"": 0}"
2025-12-11,Tamil Nadu,SYNTHETIC,77000000,13.0,40.0,47.0,0.36,55.0,32.18,23.15,27.67,73.2,1.7,22.43,36.44,97.58,28.13,CAUTION,0,23.82,False,0,1.9,-4.4,0,0,0.0,0.554,0.588,0.441,0.783,0.505,0.579,0.787,0.6,0.559,0.0635,0.0717,0.0777,0.0338,0.0,0.2129,0.3145,0.0128,0.03534,0.04813,0,0,0,0,0,0,0,0,0,0,-0.04813,0.0,0.0,"{""max_temperature_c"": 32.18, ""mean_temperature_c"": 27.67, ""humidity_percent"": 73.2, ""wbgt_c"": 28.13, ""heat_index_c"": 36.44, ""heat_duration_hours"": 0, ""consecutive_heat_days"": 0}"
2025-12-11,Kerala,SYNTHETIC,35800000,17.0,45.0,38.0,0.28,50.0,31.52,26.33,28.93,79.3,2.72,24.98,38.5,101.29,28.82,CAUTION,0,26.88,False,0,0.18,2.8,0,0,0.48,0.873,0.45,0.367,0.473,0.526,0.592,0.848,0.65,0.551,0.1112,0.0485,0.0359,0.1404,0.2796,0.1956,0.8012,0.0084,0.02475,0.03315,0,0,0,0,0,0,0,0,0,0,-0.03315,0.0,0.0,"{""max_temperature_c"": 31.52, ""mean_temperature_c"": 28.93, ""humidity_percent"": 79.3, ""wbgt_c"": 28.82, ""heat_index_c"": 38.5, ""heat_duration_hours"": 0, ""consecutive_heat_days"": 0}"
2025-12-11,Karnataka,SYNTHETIC,68000000,11.5,38.5,50.0,0.45,42.0,29.75,19.44,24.59,70.4,3.12,18.86,30.99,87.79,25.39,LOW,0,19.93,False,0,0.4,0.5,0,0,0.0,0.107,0.758,0.328,0.719,0.566,0.512,0.672,0.55,0.494,0.0,0.0,0.0,0.0,0.0174,0.0,0.0,0.01623,0.04786,0.06408,0,0,0,0,0,0,0,0,0,0,-0.06408,0.0,0.0,"{""max_temperature_c"": 29.75, ""mean_temperature_c"": 24.59, ""humidity_percent"": 70.4, ""wbgt_c"": 25.39, ""heat_index_c"": 30.99, ""heat_duration_hours"": 0, ""consecutive_heat_days"": 0}"
2025-12-12,Tamil Nadu,SYNTHETIC,77000000,13.0,40.0,47.0,0.36,55.0,31.47,22.98,27.22,75.5,4.28,22.51,35.62,96.11,27.73,LOW,0,23.65,False,0,1.15,-1.9,0,0,0.0,0.564,0.603,0.451,0.786,0.503,0.528,0.787,0.6,0.562,0.0432,0.0635,0.0717,0.0777,0.0238,0.1783,0.3338,0.01313,0.0359,0.04904,0,0,0,0,0,0,0,0,0,0,-0.04904,0.0,0.0,"{""max_temperature_c"": 31.47, ""mean_temperature_c"": 27.22, ""humidity_percent"": 75.5, ""wbgt_c"": 27.73, ""heat_index_c"": 35.62, ""heat_duration_hours"": 0, ""consecutive_heat_days"": 0}"
2025-12-12,Kerala,SYNTHETIC,35800000,17.0,45.0,38.0,0.28,50.0,30.95,25.97,28.46,83.4,1.86,25.37,38.15,100.68,28.78,CAUTION,0,26.6,False,0,-0.41,7.0,0,0,0.433,0.921,0.464,0.417,0.475,0.519,0.6,0.847,0.65,0.547,0.1084,0.1112,0.0485,0.0359,0.1874,0.2681,0.7221,0.00858,0.02488,0.03346,0,0,0,0,0,0,0,0,0,0,-0.03346,0.0,0.0,"{""max_temperature_c"": 30.95, ""mean_temperature_c"": 28.46, ""humidity_percent"": 83.4, ""wbgt_c"": 28.78, ""heat_index_c"": 38.15, ""heat_duration_hours"": 0, ""consecutive_heat_days"": 0}"
2025-12-12,Karnataka,SYNTHETIC,68000000,11.5,38.5,50.0,0.45,42.0,30.24,21.05,25.65,73.8,3.01,20.63,32.58,90.64,26.3,LOW,0,21.61,False,0,0.87,4.1,0,0,0.0,0.328,0.758,0.37,0.719,0.562,0.508,0.67,0.55,0.493,0.0075,0.0,0.0,0.0,0.0,0.0075,0.0075,0.01643,0.04833,0.06476,0,0,0,0,0,0,0,0,0,0,-0.06476,0.0,0.0,"{""max_temperature_c"": 30.24, ""mean_temperature_c"": 25.65, ""humidity_percent"": 73.8, ""wbgt_c"": 26.3, ""heat_index_c"": 32.58, ""heat_duration_hours"": 0, ""consecutive_heat_days"": 0}"
2025-12-13,Tamil Nadu,SYNTHETIC,77000000,13.0,40.0,47.0,0.36,55.0,31.9,23.88,27.89,72.5,0.93,22.48,36.12,97.02,28.07,CAUTION,0,24.54,False,0,1.55,-4.8,0,0,0.09,0.56,0.565,0.44,0.778,0.498,0.514,0.787,0.6,0.559,0.055,0.0432,0.0635,0.0717,0.0022,0.1616,0.3866,0.01285,0.03573,0.04858,0,1,1,0,1,0,0,0,0,1,0.95142,0.001299,0.0,"{""max_temperature_c"": 31.9, ""mean_temperature_c"": 27.89, ""humidity_percent"": 72.5, ""wbgt_c"": 28.07, ""heat_index_c"": 36.12, ""heat_duration_hours"": 0, ""consecutive_heat_days"": 0}"
2025-12-13,Kerala,SYNTHETIC,35800000,17.0,45.0,38.0,0.28,50.0,31.36,25.7,28.53,87.2,2.26,26.19,39.96,103.92,29.35,CAUTION,0,26.3,False,0,-0.02,11.0,0,0,0.383,1.0,0.39,0.402,0.461,0.52,0.572,0.848,0.65,0.552,0.1515,0.1084,0.1112,0.0485,0.1205,0.3711,0.7531,0.00864,0.0259,0.03454,0,0,0,0,0,0,0,0,0,0,-0.03454,0.0,0.0,"{""max_temperature_c"": 31.36, ""mean_temperature_c"": 28.53, ""humidity_percent"": 87.2, ""wbgt_c"": 29.35, ""heat_index_c"": 39.96, ""heat_duration_hours"": 0, ""consecutive_heat_days"": 0}"
2025-12-13,Karnataka,SYNTHETIC,68000000,11.5,38.5,50.0,0.45,42.0,30.25,22.04,26.15,71.6,3.73,20.61,32.58,90.64,26.28,LOW,0,22.56,False,0,0.86,2.1,0,0,0.0,0.326,0.717,0.347,0.711,0.569,0.518,0.67,0.55,0.496,0.0071,0.0075,0.0,0.0,0.0,0.0145,0.0145,0.01618,0.04871,0.06489,0,0,0,0,0,0,0,0,0,0,-0.06489,0.0,0.0,"{""max_temperature_c"": 30.25, ""mean_temperature_c"": 26.15, ""humidity_percent"": 71.6, ""wbgt_c"": 26.28, ""heat_index_c"": 32.58, ""heat_duration_hours"": 0, ""consecutive_heat_days"": 0}"
2025-12-14,Tamil Nadu,SYNTHETIC,77000000,13.0,40.0,47.0,0.36,55.0,31.38,23.45,27.41,73.0,3.58,22.15,35.16,95.29,27.56,LOW,0,24.13,False,0,1.0,-4.1,0,0,0.022,0.519,0.413,0.455,0.748,0.496,0.554,0.789,0.6,0.555,0.0389,0.055,0.0432,0.0635,0.0417,0.1371,0.3838,0.0112,0.03376,0.04496,0,0,0,0,0,0,0,0,0,0,-0.04496,0.0,0.0,"{""max_temperature_c"": 31.38, ""mean_temperature_c"": 27.41, ""humidity_percent"": 73.0, ""wbgt_c"": 27.56, ""heat_index_c"": 35.16, ""heat_duration_hours"": 0, ""consecutive_heat_days"": 0}"
2025-12-14,Kerala,SYNTHETIC,35800000,17.0,45.0,38.0,0.28,50.0,30.82,26.86,28.84,85.5,2.12,26.17,39.07,102.33,29.04,CAUTION,0,27.48,False,0,-0.58,9.5,0,0,0.58,1.0,0.42,0.412,0.466,0.521,0.575,0.846,0.65,0.556,0.1279,0.1515,0.1084,0.1112,0.1572,0.3878,0.7238,0.00898,0.02658,0.03556,0,0,0,0,0,0,0,0,0,0,-0.03556,0.0,0.0,"{""max_temperature_c"": 30.82, ""mean_temperature_c"": 28.84, ""humidity_percent"": 85.5, ""wbgt_c"": 29.04, ""heat_index_c"": 39.07, ""heat_duration_hours"": 0, ""consecutive_heat_days"": 0}"
2025-12-14,Karnataka,SYNTHETIC,68000000,11.5,38.5,50.0,0.45,42.0,30.93,22.25,26.59,70.2,3.15,20.7,33.43,92.18,26.75,LOW,0,22.77,False,0,1.51,0.9,0,0,0.0,0.338,0.56,0.346,0.68,0.568,0.477,0.672,0.55,0.495,0.0189,0.0071,0.0075,0.0,0.0,0.0334,0.0334,0.01475,0.04771,0.06246,0,0,0,0,0,0,0,0,0,0,-0.06246,0.0,0.0,"{""max_temperature_c"": 30.93, ""mean_temperature_c"": 26.59, ""humidity_percent"": 70.2, ""wbgt_c"": 26.75, ""heat_index_c"": 33.43, ""heat_duration_hours"": 0, ""consecutive_heat_days"": 0}"
2025-12-15,Tamil Nadu,SYNTHETIC,77000000,13.0,40.0,47.0,0.36,55.0,29.68,22.51,26.09,76.4,3.91,21.62,32.61,90.69,26.35,LOW,0,23.14,False,0,-0.73,-0.6,0,0,0.0,0.452,0.528,0.421,0.771,0.504,0.561,0.789,0.6,0.553,0.0087,0.0389,0.055,0.0432,0.0338,0.1026,0.3586,0.01224,0.03514,0.04738,0,0,0,0,0,0,0,0,0,0,-0.04738,0.0,0.0,"{""max_temperature_c"": 29.68, ""mean_temperature_c"": 26.09, ""humidity_percent"": 76.4, ""wbgt_c"": 26.35, ""heat_index_c"": 32.61, ""heat_duration_hours"": 0, ""consecutive_heat_days"": 0}"
2025-12-15,Kerala,SYNTHETIC,35800000,17.0,45.0,38.0,0.28,50.0,32.05,27.06,29.55,78.7,2.0,25.46,39.91,103.84,29.49,CAUTION,0,27.63,False,0,0.63,2.8,0,0,0.605,0.932,0.45,0.382,0.472,0.521,0.571,0.846,0.65,0.56,0.1625,0.1279,0.1515,0.1084,0.1404,0.4419,0.7459,0.00958,0.02796,0.03754,0,0,0,0,0,0,0,0,0,0,-0.03754,0.0,0.0,"{""max_temperature_c"": 32.05, ""mean_temperature_c"": 29.55, ""humidity_percent"": 78.7, ""wbgt_c"": 29.49, ""heat_index_c"": 39.91, ""heat_duration_hours"": 0, ""consecutive_heat_days"": 0}"
2025-12-15,Karnataka,SYNTHETIC,68000000,11.5,38.5,50.0,0.45,42.0,30.53,20.08,25.31,69.0,1.71,19.2,32.01,89.61,26.13,LOW,0,20.58,False,0,1.08,-0.1,0,0,0.0,0.15,0.766,0.336,0.721,0.561,0.522,0.67,0.55,0.498,0.0032,0.0189,0.0071,0.0075,0.0,0.0291,0.0366,0.0171,0.05012,0.06722,0,0,0,0,0,0,0,0,0,0,-0.06722,0.0,0.0,"{""max_temperature_c"": 30.53, ""mean_temperature_c"": 25.31, ""humidity_percent"": 69.0, ""wbgt_c"": 26.13, ""heat_index_c"": 32.01, ""heat_duration_hours"": 0, ""consecutive_heat_days"": 0}"
2025-12-16,Tamil Nadu,SYNTHETIC,77000000,13.0,40.0,47.0,0.36,55.0,29.88,21.29,25.59,71.9,5.7,20.13,31.85,89.33,25.66,LOW,0,21.98,False,0,-0.56,-4.9,0,0,0.0,0.266,0.613,0.459,0.788,0.498,0.511,0.791,0.6,0.551,0.0,0.0087,0.0389,0.055,0.0777,0.0476,0.2809,0.01322,0.0363,0.04952,0,0,0,0,0,0,0,0,0,0,-0.04952,0.0,0.0,"{""max_temperature_c"": 29.88, ""mean_temperature_c"": 25.59, ""humidity_percent"": 71.9, ""wbgt_c"": 25.66, ""heat_index_c"": 31.85, ""heat_duration_hours"": 0, ""consecutive_heat_days"": 0}"
2025-12-16,Kerala,SYNTHETIC,35800000,17.0,45.0,38.0,0.28,50.0,30.75,24.86,27.81,83.0,2.82,24.65,36.93,98.48,28.35,CAUTION,0,25.43,False,0,-0.69,7.3,0,0,0.238,0.831,0.451,0.376,0.473,0.521,0.595,0.847,0.65,0.555,0.076,0.1625,0.1279,0.1515,0.0359,0.3664,0.786,0.00898,0.02588,0.03486,0,0,0,0,0,0,0,0,0,0,-0.03486,0.0,0.0,"{""max_temperature_c"": 30.75, ""mean_temperature_c"": 27.81, ""humidity_percent"": 83.0, ""wbgt_c"": 28.35, ""heat_index_c"": 36.93, ""heat_duration_hours"": 0, ""consecutive_heat_days"": 0}"
2025-12-16,Karnataka,SYNTHETIC,68000000,11.5,38.5,50.0,0.45,42.0,30.05,19.68,24.86,70.1,2.4,19.03,31.4,88.52,25.6,LOW,0,20.2,False,0,0.58,1.2,0,0,0.0,0.129,0.709,0.35,0.709,0.56,0.485,0.67,0.55,0.502,0.0,0.0032,0.0189,0.0071,0.0,0.022,0.0366,0.0167,0.05019,0.06689,0,0,0,0,0,0,0,0,0,0,-0.06689,0.0,0.0,"{""max_temperature_c"": 30.05, ""mean_temperature_c"": 24.86, ""humidity_percent"": 70.1, ""wbgt_c"": 25.6, ""heat_index_c"": 31.4, ""heat_duration_hours"": 0, ""consecutive_heat_days"": 0}"
2025-12-17,Tamil Nadu,SYNTHETIC,77000000,13.0,40.0,47.0,0.36,55.0,30.46,23.36,26.91,77.1,2.46,22.56,34.36,93.85,27.31,LOW,0,23.99,False,0,-0.01,0.5,0,0,0.0,0.57,0.548,0.42,0.775,0.501,0.558,0.79,0.6,0.551,0.0327,0.0,0.0087,0.0389,0.0717,0.0414,0.2419,0.01265,0.03596,0.04861,0,0,0,0,0,0,0,0,0,0,-0.04861,0.0,0.0,"{""max_temperature_c"": 30.46, ""mean_temperature_c"": 26.91, ""humidity_percent"": 77.1, ""wbgt_c"": 27.31, ""heat_index_c"": 34.36, ""heat_duration_hours"": 0, ""consecutive_heat_days"": 0}"
2025-12-17,Kerala,SYNTHETIC,35800000,17.0,45.0,38.0,0.28,50.0,31.73,26.15,28.94,85.0,1.1,26.15,40.48,104.86,29.58,CAUTION,0,26.68,False,0,0.27,9.4,0,0,0.447,1.0,0.439,0.359,0.47,0.52,0.596,0.847,0.65,0.556,0.1683,0.076,0.1625,0.1279,0.0485,0.4068,0.9058,0.00964,0.02834,0.03797,0,0,0,0,0,0,0,0,0,0,-0.03797,0.0,0.0,"{""max_temperature_c"": 31.73, ""mean_temperature_c"": 28.94, ""humidity_percent"": 85.0, ""wbgt_c"": 29.58, ""heat_index_c"": 40.48, ""heat_duration_hours"": 0, ""consecutive_heat_days"": 0}"
2025-12-17,Karnataka,SYNTHETIC,68000000,11.5,38.5,50.0,0.45,42.0,30.43,21.3,25.87,70.4,2.4,20.06,32.42,90.36,26.17,LOW,0,21.76,False,0,0.94,1.7,0,0,0.0,0.257,0.81,0.303,0.73,0.564,0.482,0.67,0.55,0.502,0.0043,0.0,0.0032,0.0189,0.0,0.0075,0.0409,0.01844,0.05272,0.07116,0,0,0,0,0,0,0,0,0,0,-0.07116,0.0,0.0,"{""max_temperature_c"": 30.43, ""mean_temperature_c"": 25.87, ""humidity_percent"": 70.4, ""wbgt_c"": 26.17, ""heat_index_c"": 32.42, ""heat_duration_hours"": 0, ""consecutive_heat_days"": 0}"
2025-12-18,Tamil Nadu,SYNTHETIC,77000000,13.0,40.0,47.0,0.36,55.0,29.75,22.06,25.91,69.4,1.36,19.87,31.55,88.78,25.97,LOW,0,22.69,False,0,-0.75,-7.1,0,0,0.0,0.234,0.642,0.419,0.793,0.502,0.547,0.788,0.6,0.55,0.0,0.0327,0.0,0.0087,0.0635,0.0327,0.1784,0.01366,0.03709,0.05075,0,0,0,0,0,0,0,0,0,0,-0.05075,0.0,0.0,"{""max_temperature_c"": 29.75, ""mean_temperature_c"": 25.91, ""humidity_percent"": 69.4, ""wbgt_c"": 25.97, ""heat_index_c"": 31.55, ""heat_duration_hours"": 0, ""consecutive_heat_days"": 0}"
2025-12-18,Kerala,SYNTHETIC,35800000,17.0,45.0,38.0,0.28,50.0,31.43,24.46,27.95,77.5,2.05,23.65,36.75,98.14,28.47,CAUTION,0,25.04,False,0,-0.04,2.1,0,0,0.173,0.707,0.509,0.383,0.484,0.516,0.592,0.847,0.65,0.554,0.085,0.1683,0.076,0.1625,0.1112,0.3293,0.8796,0.00963,0.02688,0.03651,0,0,0,0,0,0,0,0,0,0,-0.03651,0.0,0.0,"{""max_temperature_c"": 31.43, ""mean_temperature_c"": 27.95, ""humidity_percent"": 77.5, ""wbgt_c"": 28.47, ""heat_index_c"": 36.75, ""heat_duration_hours"": 0, ""consecutive_heat_days"": 0}"
2025-12-18,Karnataka,SYNTHETIC,68000000,11.5,38.5,50.0,0.45,42.0,29.51,19.48,24.49,68.0,1.78,18.19,30.43,86.77,25.17,LOW,0,20.0,False,0,-0.01,-0.5,0,0,0.0,0.024,0.719,0.343,0.711,0.564,0.495,0.671,0.55,0.504,0.0,0.0043,0.0,0.0032,0.0,0.0043,0.0409,0.01724,0.05171,0.06896,0,0,0,0,0,0,0,0,0,0,-0.06896,0.0,0.0,"{""max_temperature_c"": 29.51, ""mean_temperature_c"": 24.49, ""humidity_percent"": 68.0, ""wbgt_c"": 25.17, ""heat_index_c"": 30.43, ""heat_duration_hours"": 0, ""consecutive_heat_days"": 0}"
2025-12-19,Tamil Nadu,SYNTHETIC,77000000,13.0,40.0,47.0,0.36,55.0,30.18,21.35,25.77,67.9,2.59,19.4,31.74,89.14,25.83,LOW,0,22.02,False,0,-0.35,-8.4,0,0,0.0,0.174,0.62,0.443,0.789,0.51,0.563,0.788,0.6,0.551,0.0,0.0,0.0327,0.0,0.0432,0.0327,0.1353,0.01354,0.03738,0.05091,0,0,0,0,0,0,0,0,0,0,-0.05091,0.0,0.0,"{""max_temperature_c"": 30.18, ""mean_temperature_c"": 25.77, ""humidity_percent"": 67.9, ""wbgt_c"": 25.83, ""heat_index_c"": 31.74, ""heat_duration_hours"": 0, ""consecutive_heat_days"": 0}"
2025-12-19,Kerala,SYNTHETIC,35800000,17.0,45.0,38.0,0.28,50.0,30.68,26.64,28.66,83.0,1.22,25.49,37.88,100.18,28.89,CAUTION,0,27.27,False,0,-0.81,7.8,0,0,0.544,0.936,0.485,0.419,0.479,0.511,0.607,0.846,0.65,0.554,0.1166,0.085,0.1683,0.076,0.1084,0.3699,0.8878,0.00976,0.02799,0.03775,0,0,0,0,0,0,0,0,0,0,-0.03775,0.0,0.0,"{""max_temperature_c"": 30.68, ""mean_temperature_c"": 28.66, ""humidity_percent"": 83.0, ""wbgt_c"": 28.89, ""heat_index_c"": 37.88, ""heat_duration_hours"": 0, ""consecutive_heat_days"": 0}"
2025-12-19,Karnataka,SYNTHETIC,68000000,11.5,38.5,50.0,0.45,42.0,29.24,19.65,24.45,67.7,4.51,18.09,30.12,86.22,24.56,LOW,0,20.17,False,0,-0.3,-0.5,0,0,0.0,0.012,0.744,0.351,0.716,0.564,0.501,0.67,0.55,0.509,0.0,0.0,0.0043,0.0,0.0075,0.0043,0.0334,0.01776,0.05266,0.07042,0,0,0,0,0,0,0,0,0,0,-0.07042,0.0,0.0,"{""max_temperature_c"": 29.24, ""mean_temperature_c"": 24.45, ""humidity_percent"": 67.7, ""wbgt_c"": 24.56, ""heat_index_c"": 30.12, ""heat_duration_hours"": 0, ""consecutive_heat_days"": 0}"
2025-12-20,Tamil Nadu,SYNTHETIC,77000000,13.0,40.0,47.0,0.36,55.0,30.86,21.56,26.21,61.9,2.93,18.34,31.89,89.4,25.82,LOW,0,22.21,False,0,0.3,-14.2,0,0,0.0,0.043,0.511,0.433,0.767,0.514,0.557,0.785,0.6,0.547,0.0,0.0,0.0,0.0327,0.055,0.0,0.0802,0.01262,0.03684,0.04946,0,0,0,0,0,0,0,0,0,0,-0.04946,0.0,0.0,"{""max_temperature_c"": 30.86, ""mean_temperature_c"": 26.21, ""humidity_percent"": 61.9, ""wbgt_c"": 25.82, ""heat_index_c"": 31.89, ""heat_duration_hours"": 0, ""consecutive_heat_days"": 0}"
2025-12-20,Kerala,SYNTHETIC,35800000,17.0,45.0,38.0,0.28,50.0,30.77,26.02,28.4,81.4,2.19,24.91,37.29,99.12,28.64,CAUTION,0,26.62,False,0,-0.73,6.3,0,0,0.437,0.864,0.421,0.4,0.467,0.517,0.597,0.847,0.65,0.546,0.0978,0.1166,0.085,0.1683,0.1515,0.2994,0.8341,0.00938,0.02769,0.03707,0,0,0,0,0,0,0,0,0,0,-0.03707,0.0,0.0,"{""max_temperature_c"": 30.77, ""mean_temperature_c"": 28.4, ""humidity_percent"": 81.4, ""wbgt_c"": 28.64, ""heat_index_c"": 37.29, ""heat_duration_hours"": 0, ""consecutive_heat_days"": 0}"
2025-12-20,Karnataka,SYNTHETIC,68000000,11.5,38.5,50.0,0.45,42.0,28.26,20.12,24.19,65.0,3.03,17.19,28.85,83.93,23.86,LOW,0,20.61,False,0,-1.31,-3.0,0,0,0.0,0.0,0.657,0.329,0.699,0.569,0.509,0.671,0.55,0.513,0.0,0.0,0.0,0.0043,0.0071,0.0,0.0263,0.01683,0.05225,0.06909,1,1,2,1,1,1,0,0,1,1,1.93091,0.002941,0.001471,"{""max_temperature_c"": 28.26, ""mean_temperature_c"": 24.19, ""humidity_percent"": 65.0, ""wbgt_c"": 23.86, ""heat_index_c"": 28.85, ""heat_duration_hours"": 0, ""consecutive_heat_days"": 0}"
2025-12-21,Tamil Nadu,SYNTHETIC,77000000,13.0,40.0,47.0,0.36,55.0,29.62,22.2,25.91,73.5,2.9,20.81,31.97,89.54,26.05,LOW,0,22.85,False,0,-0.97,-2.5,0,0,0.0,0.351,0.477,0.434,0.76,0.508,0.585,0.786,0.6,0.546,0.0013,0.0,0.0,0.0,0.0389,0.0013,0.0427,0.01218,0.03619,0.04837,0,0,0,0,0,0,0,0,0,0,-0.04837,0.0,0.0,"{""max_temperature_c"": 29.62, ""mean_temperature_c"": 25.91, ""humidity_percent"": 73.5, ""wbgt_c"": 26.05, ""heat_index_c"": 31.97, ""heat_duration_hours"": 0, ""consecutive_heat_days"": 0}"
2025-12-21,Kerala,SYNTHETIC,35800000,17.0,45.0,38.0,0.28,50.0,30.32,24.47,27.4,83.0,2.76,24.25,35.85,96.52,27.98,LOW,0,25.08,False,0,-1.19,8.0,0,0,0.18,0.781,0.396,0.406,0.462,0.513,0.594,0.845,0.65,0.547,0.0494,0.0978,0.1166,0.085,0.1279,0.2638,0.7556,0.00888,0.02643,0.0353,0,0,0,0,0,0,0,0,0,0,-0.0353,0.0,0.0,"{""max_temperature_c"": 30.32, ""mean_temperature_c"": 27.4, ""humidity_percent"": 83.0, ""wbgt_c"": 27.98, ""heat_index_c"": 35.85, ""heat_duration_hours"": 0, ""consecutive_heat_days"": 0}"
2025-12-21,Karnataka,SYNTHETIC,68000000,11.5,38.5,50.0,0.45,42.0,26.66,16.44,21.55,68.3,2.94,15.45,27.12,80.81,22.43,LOW,0,16.95,False,0,-2.93,0.5,0,0,0.0,0.0,0.581,0.339,0.684,0.567,0.465,0.67,0.55,0.509,0.0,0.0,0.0,0.0,0.0189,0.0,0.0075,0.01628,0.05223,0.06851,0,0,0,0,0,0,0,0,0,0,-0.06851,0.0,0.0,"{""max_temperature_c"": 26.66, ""mean_temperature_c"": 21.55, ""humidity_percent"": 68.3, ""wbgt_c"": 22.43, ""heat_index_c"": 27.12, ""heat_duration_hours"": 0, ""consecutive_heat_days"": 0}"
2025-12-22,Tamil Nadu,SYNTHETIC,77000000,13.0,40.0,47.0,0.36,55.0,30.96,21.7,26.33,70.7,3.29,20.57,33.38,92.08,26.66,LOW,0,22.38,False,0,0.35,-5.2,0,0,0.0,0.322,0.606,0.454,0.786,0.51,0.572,0.784,0.6,0.551,0.0165,0.0013,0.0,0.0,0.0087,0.0178,0.0505,0.0138,0.03833,0.05214,0,0,0,0,0,0,0,0,0,0,-0.05214,0.0,0.0,"{""max_temperature_c"": 30.96, ""mean_temperature_c"": 26.33, ""humidity_percent"": 70.7, ""wbgt_c"": 26.66, ""heat_index_c"": 33.38, ""heat_duration_hours"": 0, ""consecutive_heat_days"": 0}"
2025-12-22,Kerala,SYNTHETIC,35800000,17.0,45.0,38.0,0.28,50.0,31.45,25.94,28.69,77.8,1.58,24.44,37.69,99.83,28.83,CAUTION,0,26.51,False,0,-0.09,3.0,0,0,0.419,0.805,0.483,0.382,0.479,0.514,0.633,0.845,0.65,0.545,0.1121,0.0494,0.0978,0.1166,0.1625,0.2593,0.7052,0.00994,0.02864,0.03857,0,0,0,0,0,0,0,0,0,0,-0.03857,0.0,0.0,"{""max_temperature_c"": 31.45, ""mean_temperature_c"": 28.69, ""humidity_percent"": 77.8, ""wbgt_c"": 28.83, ""heat_index_c"": 37.69, ""heat_duration_hours"": 0, ""consecutive_heat_days"": 0}"
2025-12-22,Karnataka,SYNTHETIC,68000000,11.5,38.5,50.0,0.45,42.0,29.8,20.9,25.35,68.8,2.14,19.21,31.23,88.22,25.71,LOW,0,21.35,False,0,0.19,1.3,0,0,0.0,0.151,0.741,0.296,0.716,0.563,0.515,0.671,0.55,0.509,0.0,0.0,0.0,0.0,0.0032,0.0,0.0043,0.01835,0.05458,0.07293,0,0,0,0,0,0,0,0,0,0,-0.07293,0.0,0.0,"{""max_temperature_c"": 29.8, ""mean_temperature_c"": 25.35, ""humidity_percent"": 68.8, ""wbgt_c"": 25.71, ""heat_index_c"": 31.23, ""heat_duration_hours"": 0, ""consecutive_heat_days"": 0}"
2025-12-23,Tamil Nadu,SYNTHETIC,77000000,13.0,40.0,47.0,0.36,55.0,30.66,21.8,26.23,71.4,5.4,20.65,33.08,91.55,26.3,LOW,0,22.42,False,0,0.03,-4.3,0,0,0.0,0.331,0.584,0.414,0.782,0.513,0.558,0.784,0.6,0.557,0.0074,0.0165,0.0013,0.0,0.0,0.0252,0.0579,0.01379,0.03871,0.0525,0,0,0,0,0,0,0,0,0,0,-0.0525,0.0,0.0,"{""max_temperature_c"": 30.66, ""mean_temperature_c"": 26.23, ""humidity_percent"": 71.4, ""wbgt_c"": 26.3, ""heat_index_c"": 33.08, ""heat_duration_hours"": 0, ""consecutive_heat_days"": 0}"
2025-12-23,Kerala,SYNTHETIC,35800000,17.0,45.0,38.0,0.28,50.0,30.48,25.89,28.19,79.7,3.91,24.34,36.18,97.13,28.03,CAUTION,0,26.46,False,0,-1.07,5.0,0,0,0.41,0.792,0.455,0.376,0.473,0.514,0.575,0.847,0.65,0.544,0.052,0.1121,0.0494,0.0978,0.076,0.2135,0.6812,0.00967,0.02798,0.03766,0,0,0,0,0,0,0,0,0,0,-0.03766,0.0,0.0,"{""max_temperature_c"": 30.48, ""mean_temperature_c"": 28.19, ""humidity_percent"": 79.7, ""wbgt_c"": 28.03, ""heat_index_c"": 36.18, ""heat_duration_hours"": 0, ""consecutive_heat_days"": 0}"
2025-12-23,Karnataka,SYNTHETIC,68000000,11.5,38.5,50.0,0.45,42.0,29.06,20.79,24.93,69.2,0.95,18.89,30.29,86.53,25.23,LOW,0,21.29,False,0,-0.58,1.8,0,0,0.0,0.111,0.76,0.328,0.72,0.551,0.541,0.67,0.55,0.508,0.0,0.0,0.0,0.0,0.0,0.0,0.0043,0.01846,0.05431,0.07277,0,0,0,0,0,0,0,0,0,0,-0.07277,0.0,0.0,"{""max_temperature_c"": 29.06, ""mean_temperature_c"": 24.93, ""humidity_percent"": 69.2, ""wbgt_c"": 25.23, ""heat_index_c"": 30.29, ""heat_duration_hours"": 0, ""consecutive_heat_days"": 0}"
2025-12-24,Tamil Nadu,SYNTHETIC,77000000,13.0,40.0,47.0,0.36,55.0,30.76,21.37,26.06,62.4,2.86,18.32,31.77,89.19,25.68,LOW,0,22.03,False,0,0.11,-13.1,0,0,0.0,0.04,0.551,0.441,0.775,0.503,0.529,0.784,0.6,0.551,0.0,0.0074,0.0165,0.0013,0.0327,0.0239,0.0252,0.01355,0.0385,0.05205,0,0,0,0,0,0,0,0,0,0,-0.05205,0.0,0.0,"{""max_temperature_c"": 30.76, ""mean_temperature_c"": 26.06, ""humidity_percent"": 62.4, ""wbgt_c"": 25.68, ""heat_index_c"": 31.77, ""heat_duration_hours"": 0, ""consecutive_heat_days"": 0}"
2025-12-24,Kerala,SYNTHETIC,35800000,17.0,45.0,38.0,0.28,50.0,30.7,24.91,27.81,82.0,0.93,24.44,36.63,97.93,28.54,CAUTION,0,25.5,False,0,-0.86,7.4,0,0,0.249,0.806,0.458,0.389,0.474,0.513,0.637,0.848,0.65,0.543,0.0902,0.052,0.1121,0.0494,0.1683,0.2543,0.6031,0.0098,0.02852,0.03833,0,0,0,0,0,0,0,0,0,0,-0.03833,0.0,0.0,"{""max_temperature_c"": 30.7, ""mean_temperature_c"": 27.81, ""humidity_percent"": 82.0, ""wbgt_c"": 28.54, ""heat_index_c"": 36.63, ""heat_duration_hours"": 0, ""consecutive_heat_days"": 0}"
2025-12-24,Karnataka,SYNTHETIC,68000000,11.5,38.5,50.0,0.45,42.0,27.89,19.42,23.65,74.5,6.11,18.86,29.08,84.34,24.07,LOW,0,19.89,False,0,-1.78,7.4,0,0,0.0,0.107,0.762,0.311,0.72,0.548,0.503,0.669,0.55,0.508,0.0,0.0,0.0,0.0,0.0043,0.0,0.0,0.01893,0.05537,0.0743,0,0,0,0,0,0,0,0,0,0,-0.0743,0.0,0.0,"{""max_temperature_c"": 27.89, ""mean_temperature_c"": 23.65, ""humidity_percent"": 74.5, ""wbgt_c"": 24.07, ""heat_index_c"": 29.08, ""heat_duration_hours"": 0, ""consecutive_heat_days"": 0}"
2025-12-25,Tamil Nadu,SYNTHETIC,77000000,13.0,40.0,47.0,0.36,55.0,31.27,23.06,27.16,64.8,1.15,19.96,33.3,91.93,26.74,LOW,0,23.77,False,0,0.58,-10.6,0,0,0.0,0.245,0.636,0.47,0.792,0.503,0.534,0.784,0.6,0.552,0.0186,0.0,0.0074,0.0165,0.0,0.026,0.0438,0.0147,0.03992,0.05462,0,0,0,0,0,0,0,0,0,0,-0.05462,0.0,0.0,"{""max_temperature_c"": 31.27, ""mean_temperature_c"": 27.16, ""humidity_percent"": 64.8, ""wbgt_c"": 26.74, ""heat_index_c"": 33.3, ""heat_duration_hours"": 0, ""consecutive_heat_days"": 0}"
2025-12-25,Kerala,SYNTHETIC,35800000,17.0,45.0,38.0,0.28,50.0,31.7,25.52,28.61,74.8,2.46,23.7,37.16,98.89,28.59,CAUTION,0,26.14,False,0,0.13,0.4,0,0,0.357,0.713,0.484,0.412,0.479,0.514,0.582,0.847,0.65,0.542,0.0945,0.0902,0.052,0.1121,0.085,0.2366,0.6126,0.01044,0.02975,0.04019,0,0,0,0,0,0,0,0,0,0,-0.04019,0.0,0.0,"{""max_temperature_c"": 31.7, ""mean_temperature_c"": 28.61, ""humidity_percent"": 74.8, ""wbgt_c"": 28.59, ""heat_index_c"": 37.16, ""heat_duration_hours"": 0, ""consecutive_heat_days"": 0}"
2025-12-25,Karnataka,SYNTHETIC,68000000,11.5,38.5,50.0,0.45,42.0,29.94,20.75,25.34,70.9,6.34,19.68,31.64,88.96,25.49,LOW,0,21.27,False,0,0.25,4.0,0,0,0.0,0.21,0.829,0.345,0.733,0.554,0.496,0.668,0.55,0.507,0.0,0.0,0.0,0.0,0.0,0.0,0.0,0.02046,0.05793,0.07839,0,0,0,0,0,0,0,0,0,0,-0.07839,0.0,0.0,"{""max_temperature_c"": 29.94, ""mean_temperature_c"": 25.34, ""humidity_percent"": 70.9, ""wbgt_c"": 25.49, ""heat_index_c"": 31.64, ""heat_duration_hours"": 0, ""consecutive_heat_days"": 0}"
2025-12-26,Tamil Nadu,SYNTHETIC,77000000,13.0,40.0,47.0,0.36,55.0,31.76,24.3,28.03,74.5,2.28,23.08,36.56,97.82,28.21,CAUTION,0,24.92,False,0,1.06,-0.7,0,0,0.154,0.635,0.568,0.416,0.779,0.505,0.543,0.784,0.6,0.549,0.0658,0.0186,0.0,0.0074,0.0,0.0844,0.1096,0.01457,0.04085,0.05543,0,0,0,0,0,0,0,0,0,0,-0.05543,0.0,0.0,"{""max_temperature_c"": 31.76, ""mean_temperature_c"": 28.03, ""humidity_percent"": 74.5, ""wbgt_c"": 28.21, ""heat_index_c"": 36.56, ""heat_duration_hours"": 0, ""consecutive_heat_days"": 0}"
2025-12-26,Kerala,SYNTHETIC,35800000,17.0,45.0,38.0,0.28,50.0,30.37,23.62,26.99,73.7,1.98,21.9,33.68,92.63,27.07,LOW,0,24.24,False,0,-1.22,-0.5,0,0,0.04,0.487,0.468,0.414,0.476,0.516,0.628,0.847,0.65,0.546,0.0267,0.0945,0.0902,0.052,0.1166,0.2113,0.5227,0.00983,0.02837,0.0382,0,0,0,0,0,0,0,0,0,0,-0.0382,0.0,0.0,"{""max_temperature_c"": 30.37, ""mean_temperature_c"": 26.99, ""humidity_percent"": 73.7, ""wbgt_c"": 27.07, ""heat_index_c"": 33.68, ""heat_duration_hours"": 0, ""consecutive_heat_days"": 0}"
2025-12-26,Karnataka,SYNTHETIC,68000000,11.5,38.5,50.0,0.45,42.0,28.05,18.5,23.28,66.8,2.24,16.76,28.54,83.37,23.66,LOW,0,18.98,False,0,-1.66,0.1,0,0,0.0,0.0,0.731,0.325,0.714,0.564,0.494,0.67,0.55,0.505,0.0,0.0,0.0,0.0,0.0,0.0,0.0,0.01944,0.05798,0.07742,0,0,0,0,0,0,0,0,0,0,-0.07742,0.0,0.0,"{""max_temperature_c"": 28.05, ""mean_temperature_c"": 23.28, ""humidity_percent"": 66.8, ""wbgt_c"": 23.66, ""heat_index_c"": 28.54, ""heat_duration_hours"": 0, ""consecutive_heat_days"": 0}"
2025-12-27,Tamil Nadu,SYNTHETIC,77000000,13.0,40.0,47.0,0.36,55.0,30.85,22.36,26.6,78.8,2.16,22.63,34.92,94.86,27.51,LOW,0,22.99,False,0,0.12,3.8,0,0,0.0,0.578,0.598,0.422,0.785,0.509,0.582,0.784,0.6,0.545,0.0377,0.0658,0.0186,0.0,0.0,0.1221,0.1473,0.01487,0.04112,0.05599,0,0,0,0,0,0,0,0,0,0,-0.05599,0.0,0.0,"{""max_temperature_c"": 30.85, ""mean_temperature_c"": 26.6, ""humidity_percent"": 78.8, ""wbgt_c"": 27.51, ""heat_index_c"": 34.92, ""heat_duration_hours"": 0, ""consecutive_heat_days"": 0}"
2025-12-27,Kerala,SYNTHETIC,35800000,17.0,45.0,38.0,0.28,50.0,30.45,24.12,27.29,74.3,1.99,22.32,34.14,93.45,27.32,LOW,0,24.7,False,0,-1.15,0.2,0,0,0.117,0.54,0.516,0.388,0.486,0.526,0.584,0.845,0.65,0.55,0.0331,0.0267,0.0945,0.0902,0.0978,0.1542,0.4579,0.01058,0.02991,0.04049,0,0,0,0,0,0,0,0,0,0,-0.04049,0.0,0.0,"{""max_temperature_c"": 30.45, ""mean_temperature_c"": 27.29, ""humidity_percent"": 74.3, ""wbgt_c"": 27.32, ""heat_index_c"": 34.14, ""heat_duration_hours"": 0, ""consecutive_heat_days"": 0}"
2025-12-27,Karnataka,SYNTHETIC,68000000,11.5,38.5,50.0,0.45,42.0,28.67,18.39,23.53,64.0,6.53,16.33,28.95,84.11,23.49,LOW,0,18.91,False,0,-1.07,-2.5,0,0,0.0,0.0,0.674,0.342,0.702,0.564,0.53,0.669,0.55,0.505,0.0,0.0,0.0,0.0,0.0,0.0,0.0,0.01864,0.05739,0.07602,0,0,0,0,0,0,0,0,0,0,-0.07602,0.0,0.0,"{""max_temperature_c"": 28.67, ""mean_temperature_c"": 23.53, ""humidity_percent"": 64.0, ""wbgt_c"": 23.49, ""heat_index_c"": 28.95, ""heat_duration_hours"": 0, ""consecutive_heat_days"": 0}"
2025-12-28,Tamil Nadu,SYNTHETIC,77000000,13.0,40.0,47.0,0.36,55.0,30.49,23.43,26.96,81.1,2.25,23.45,35.25,95.44,27.62,LOW,0,24.07,False,0,-0.26,6.2,0,0,0.011,0.681,0.476,0.421,0.76,0.51,0.544,0.784,0.6,0.546,0.0404,0.0377,0.0658,0.0186,0.0013,0.1439,0.1864,0.01388,0.04073,0.05461,0,0,0,0,0,0,0,0,0,0,-0.05461,0.0,0.0,"{""max_temperature_c"": 30.49, ""mean_temperature_c"": 26.96, ""humidity_percent"": 81.1, ""wbgt_c"": 27.62, ""heat_index_c"": 35.25, ""heat_duration_hours"": 0, ""consecutive_heat_days"": 0}"
2025-12-28,Kerala,SYNTHETIC,35800000,17.0,45.0,38.0,0.28,50.0,30.85,25.18,28.02,76.5,3.31,23.49,35.78,96.41,27.86,LOW,0,25.77,False,0,-0.76,2.5,0,0,0.296,0.686,0.358,0.394,0.454,0.525,0.637,0.846,0.65,0.554,0.0465,0.0331,0.0267,0.0945,0.0494,0.1063,0.455,0.00932,0.0287,0.03802,0,0,0,0,0,0,0,0,0,0,-0.03802,0.0,0.0,"{""max_temperature_c"": 30.85, ""mean_temperature_c"": 28.02, ""humidity_percent"": 76.5, ""wbgt_c"": 27.86, ""heat_index_c"": 35.78, ""heat_duration_hours"": 0, ""consecutive_heat_days"": 0}"
2025-12-28,Karnataka,SYNTHETIC,68000000,11.5,38.5,50.0,0.45,42.0,29.93,19.46,24.7,54.8,3.39,15.01,29.65,85.37,23.96,LOW,0,19.99,False,0,0.16,-11.4,0,0,0.0,0.0,0.567,0.352,0.681,0.568,0.548,0.667,0.55,0.505,0.0,0.0,0.0,0.0,0.0,0.0,0.0,0.0173,0.0564,0.0737,0,1,1,1,0,0,0,0,1,0,0.9263,0.001471,0.0,"{""max_temperature_c"": 29.93, ""mean_temperature_c"": 24.7, ""humidity_percent"": 54.8, ""wbgt_c"": 23.96, ""heat_index_c"": 29.65, ""heat_duration_hours"": 0, ""consecutive_heat_days"": 0}"
2025-12-29,Tamil Nadu,SYNTHETIC,77000000,13.0,40.0,47.0,0.36,55.0,30.99,22.05,26.52,76.6,2.1,22.08,34.61,94.3,27.38,LOW,0,22.7,False,0,0.22,1.9,0,0,0.0,0.509,0.608,0.437,0.787,0.507,0.564,0.786,0.6,0.548,0.0345,0.0404,0.0377,0.0658,0.0165,0.1126,0.2044,0.01537,0.04228,0.05765,0,0,0,0,0,0,0,0,0,0,-0.05765,0.0,0.0,"{""max_temperature_c"": 30.99, ""mean_temperature_c"": 26.52, ""humidity_percent"": 76.6, ""wbgt_c"": 27.38, ""heat_index_c"": 34.61, ""heat_duration_hours"": 0, ""consecutive_heat_days"": 0}"
2025-12-29,Kerala,SYNTHETIC,35800000,17.0,45.0,38.0,0.28,50.0,31.08,23.93,27.51,82.0,2.57,24.16,36.85,98.33,28.46,CAUTION,0,24.52,False,0,-0.54,8.2,0,0,0.087,0.77,0.419,0.396,0.466,0.528,0.604,0.844,0.65,0.556,0.0845,0.0465,0.0331,0.0267,0.1121,0.164,0.4274,0.01031,0.03059,0.0409,0,0,0,0,0,0,0,0,0,0,-0.0409,0.0,0.0,"{""max_temperature_c"": 31.08, ""mean_temperature_c"": 27.51, ""humidity_percent"": 82.0, ""wbgt_c"": 28.46, ""heat_index_c"": 36.85, ""heat_duration_hours"": 0, ""consecutive_heat_days"": 0}"
2025-12-29,Karnataka,SYNTHETIC,68000000,11.5,38.5,50.0,0.45,42.0,26.86,14.82,20.84,61.3,0.86,13.11,26.89,80.4,21.78,LOW,0,15.26,False,0,-2.94,-4.8,0,0,0.0,0.0,0.745,0.295,0.717,0.573,0.53,0.667,0.55,0.506,0.0,0.0,0.0,0.0,0.0,0.0,0.0,0.0205,0.06109,0.0816,2,0,2,2,0,2,0,0,2,0,1.9184,0.002941,0.002941,"{""max_temperature_c"": 26.86, ""mean_temperature_c"": 20.84, ""humidity_percent"": 61.3, ""wbgt_c"": 21.78, ""heat_index_c"": 26.89, ""heat_duration_hours"": 0, ""consecutive_heat_days"": 0}"
2025-12-30,Tamil Nadu,SYNTHETIC,77000000,13.0,40.0,47.0,0.36,55.0,32.63,23.92,28.27,68.7,2.36,21.96,36.53,97.76,28.15,CAUTION,0,24.59,False,0,1.83,-5.9,0,0,0.099,0.495,0.637,0.45,0.792,0.504,0.54,0.784,0.6,0.54,0.0738,0.0345,0.0404,0.0377,0.0074,0.1487,0.2709,0.01633,0.04396,0.06029,0,0,0,0,0,0,0,0,0,0,-0.06029,0.0,0.0,"{""max_temperature_c"": 32.63, ""mean_temperature_c"": 28.27, ""humidity_percent"": 68.7, ""wbgt_c"": 28.15, ""heat_index_c"": 36.53, ""heat_duration_hours"": 0, ""consecutive_heat_days"": 0}"
2025-12-30,Kerala,SYNTHETIC,35800000,17.0,45.0,38.0,0.28,50.0,31.94,26.0,28.97,75.4,1.72,24.17,38.05,100.49,28.9,CAUTION,0,26.61,False,0,0.31,1.7,0,0,0.436,0.772,0.415,0.411,0.466,0.527,0.599,0.846,0.65,0.552,0.1172,0.0845,0.0465,0.0331,0.052,0.2482,0.4926,0.01088,0.03236,0.04324,0,0,0,0,0,0,0,0,0,0,-0.04324,0.0,0.0,"{""max_temperature_c"": 31.94, ""mean_temperature_c"": 28.97, ""humidity_percent"": 75.4, ""wbgt_c"": 28.9, ""heat_index_c"": 38.05, ""heat_duration_hours"": 0, ""consecutive_heat_days"": 0}"
2025-12-30,Karnataka,SYNTHETIC,68000000,11.5,38.5,50.0,0.45,42.0,27.39,16.71,22.05,64.6,0.8,15.07,27.59,81.66,22.86,LOW,0,17.25,False,0,-2.43,-1.2,0,0,0.0,0.0,0.75,0.361,0.718,0.572,0.488,0.667,0.55,0.504,0.0,0.0,0.0,0.0,0.0,0.0,0.0,0.02121,0.06276,0.08397,0,0,0,0,0,0,0,0,0,0,-0.08397,0.0,0.0,"{""max_temperature_c"": 27.39, ""mean_temperature_c"": 22.05, ""humidity_percent"": 64.6, ""wbgt_c"": 22.86, ""heat_index_c"": 27.59, ""heat_duration_hours"": 0, ""consecutive_heat_days"": 0}"
2025-12-31,Tamil Nadu,SYNTHETIC,77000000,13.0,40.0,47.0,0.36,55.0,31.38,22.96,27.17,73.3,1.58,21.98,35.0,95.0,27.52,LOW,0,23.66,False,0,0.55,-1.1,0,0,0.0,0.497,0.623,0.463,0.79,0.501,0.542,0.783,0.6,0.541,0.0381,0.0738,0.0345,0.0404,0.0,0.1464,0.3089,0.01608,0.04359,0.05967,0,0,0,0,0,0,0,0,0,0,-0.05967,0.0,0.0,"{""max_temperature_c"": 31.38, ""mean_temperature_c"": 27.17, ""humidity_percent"": 73.3, ""wbgt_c"": 27.52, ""heat_index_c"": 35.0, ""heat_duration_hours"": 0, ""consecutive_heat_days"": 0}"
2025-12-31,Kerala,SYNTHETIC,35800000,17.0,45.0,38.0,0.28,50.0,32.14,26.17,29.16,66.3,4.27,22.23,36.19,97.14,28.0,CAUTION,0,26.76,False,0,0.49,-7.3,0,0,0.46,0.529,0.477,0.394,0.478,0.529,0.654,0.845,0.65,0.554,0.053,0.1172,0.0845,0.0465,0.0902,0.2546,0.4553,0.01099,0.03175,0.04274,0,0,0,0,0,0,0,0,0,0,-0.04274,0.0,0.0,"{""max_temperature_c"": 32.14, ""mean_temperature_c"": 29.16, ""humidity_percent"": 66.3, ""wbgt_c"": 28.0, ""heat_index_c"": 36.19, ""heat_duration_hours"": 0, ""consecutive_heat_days"": 0}"
2025-12-31,Karnataka,SYNTHETIC,68000000,11.5,38.5,50.0,0.45,42.0,29.93,21.09,25.51,67.0,1.61,18.94,31.23,88.21,25.71,LOW,0,21.65,False,0,0.08,1.4,0,0,0.0,0.118,0.725,0.376,0.713,0.572,0.504,0.668,0.55,0.501,0.0,0.0,0.0,0.0,0.0,0.0,0.0,0.02097,0.06294,0.08391,0,0,0,0,0,0,0,0,0,0,-0.08391,0.0,0.0,"{""max_temperature_c"": 29.93, ""mean_temperature_c"": 25.51, ""humidity_percent"": 67.0, ""wbgt_c"": 25.71, ""heat_index_c"": 31.23, ""heat_duration_hours"": 0, ""consecutive_heat_days"": 0}"
2026-01-01,Tamil Nadu,SYNTHETIC,77000000,13.0,40.0,47.0,0.36,55.0,30.59,22.5,26.55,78.2,2.88,22.44,34.42,93.96,27.28,LOW,0,23.15,False,0,-0.27,4.0,0,0,0.0,0.555,0.598,0.427,0.785,0.507,0.511,0.782,0.6,0.539,0.032,0.0381,0.0738,0.0345,0.0186,0.1439,0.3223,0.01621,0.04456,0.06077,0,0,0,0,0,0,0,0,0,0,-0.06077,0.0,0.0,"{""max_temperature_c"": 30.59, ""mean_temperature_c"": 26.55, ""humidity_percent"": 78.2, ""wbgt_c"": 27.28, ""heat_index_c"": 34.42, ""heat_duration_hours"": 0, ""consecutive_heat_days"": 0}"
2026-01-01,Kerala,SYNTHETIC,35800000,17.0,45.0,38.0,0.28,50.0,32.67,24.7,28.69,64.0,3.0,21.2,35.89,96.61,27.86,LOW,0,25.31,False,0,1.0,-9.5,0,0,0.219,0.4,0.435,0.406,0.47,0.532,0.619,0.848,0.65,0.553,0.06,0.053,0.1172,0.0845,0.0945,0.2301,0.4208,0.01092,0.03212,0.04304,0,0,0,0,0,0,0,0,0,0,-0.04304,0.0,0.0,"{""max_temperature_c"": 32.67, ""mean_temperature_c"": 28.69, ""humidity_percent"": 64.0, ""wbgt_c"": 27.86, ""heat_index_c"": 35.89, ""heat_duration_hours"": 0, ""consecutive_heat_days"": 0}"
2026-01-01,Karnataka,SYNTHETIC,68000000,11.5,38.5,50.0,0.45,42.0,28.81,19.74,24.27,64.6,1.41,17.17,29.35,84.83,24.27,LOW,0,20.24,False,0,-1.09,-0.8,0,0,0.0,0.0,0.761,0.333,0.72,0.565,0.504,0.667,0.55,0.497,0.0,0.0,0.0,0.0,0.0,0.0,0.0,0.02182,0.06422,0.08604,0,0,0,0,0,0,0,0,0,0,-0.08604,0.0,0.0,"{""max_temperature_c"": 28.81, ""mean_temperature_c"": 24.27, ""humidity_percent"": 64.6, ""wbgt_c"": 24.27, ""heat_index_c"": 29.35, ""heat_duration_hours"": 0, ""consecutive_heat_days"": 0}"
2026-01-02,Tamil Nadu,SYNTHETIC,77000000,13.0,40.0,47.0,0.36,55.0,29.77,22.81,26.29,77.4,1.49,22.02,33.03,91.45,26.85,LOW,0,23.44,False,0,-1.11,3.3,0,0,0.0,0.503,0.597,0.416,0.784,0.506,0.572,0.783,0.6,0.534,0.0214,0.032,0.0381,0.0738,0.0658,0.0914,0.2779,0.01594,0.04426,0.0602,0,0,0,0,0,0,0,0,0,0,-0.0602,0.0,0.0,"{""max_temperature_c"": 29.77, ""mean_temperature_c"": 26.29, ""humidity_percent"": 77.4, ""wbgt_c"": 26.85, ""heat_index_c"": 33.03, ""heat_duration_hours"": 0, ""consecutive_heat_days"": 0}"
2026-01-02,Kerala,SYNTHETIC,35800000,17.0,45.0,38.0,0.28,50.0,31.54,24.14,27.84,64.2,1.72,20.45,33.96,93.12,27.05,LOW,0,24.72,False,0,-0.14,-9.2,0,0,0.12,0.306,0.429,0.386,0.468,0.531,0.608,0.848,0.65,0.549,0.0263,0.06,0.053,0.1172,0.0267,0.1392,0.4204,0.01081,0.03195,0.04276,0,1,1,1,0,0,0,0,1,0,0.95724,0.002793,0.0,"{""max_temperature_c"": 31.54, ""mean_temperature_c"": 27.84, ""humidity_percent"": 64.2, ""wbgt_c"": 27.05, ""heat_index_c"": 33.96, ""heat_duration_hours"": 0, ""consecutive_heat_days"": 0}"
2026-01-02,Karnataka,SYNTHETIC,68000000,11.5,38.5,50.0,0.45,42.0,27.42,17.3,22.36,65.0,3.54,15.46,27.69,81.84,22.71,LOW,0,17.82,False,0,-2.51,-0.2,0,0,0.0,0.0,0.719,0.344,0.711,0.561,0.493,0.664,0.55,0.496,0.0,0.0,0.0,0.0,0.0,0.0,0.0,0.02141,0.06418,0.08559,1,0,1,1,0,1,0,0,1,0,0.91441,0.001471,0.001471,"{""max_temperature_c"": 27.42, ""mean_temperature_c"": 22.36, ""humidity_percent"": 65.0, ""wbgt_c"": 22.71, ""heat_index_c"": 27.69, ""heat_duration_hours"": 0, ""consecutive_heat_days"": 0}"
2026-01-03,Tamil Nadu,SYNTHETIC,77000000,13.0,40.0,47.0,0.36,55.0,30.8,23.43,27.12,78.7,1.55,23.1,35.32,95.57,27.72,LOW,0,24.09,False,0,-0.11,4.8,0,0,0.015,0.637,0.538,0.443,0.773,0.51,0.562,0.784,0.6,0.538,0.043,0.0214,0.032,0.0381,0.0377,0.0964,0.2832,0.01562,0.0446,0.06023,0,0,0,0,0,0,0,0,0,0,-0.06023,0.0,0.0,"{""max_temperature_c"": 30.8, ""mean_temperature_c"": 27.12, ""humidity_percent"": 78.7, ""wbgt_c"": 27.72, ""heat_index_c"": 35.32, ""heat_duration_hours"": 0, ""consecutive_heat_days"": 0}"
2026-01-03,Kerala,SYNTHETIC,35800000,17.0,45.0,38.0,0.28,50.0,31.44,25.91,28.68,64.1,1.86,21.22,34.44,93.98,27.29,LOW,0,26.57,False,0,-0.25,-9.1,0,0,0.429,0.403,0.408,0.441,0.464,0.536,0.605,0.848,0.65,0.549,0.0322,0.0263,0.06,0.053,0.0331,0.1185,0.4196,0.01083,0.03253,0.04336,0,0,0,0,0,0,0,0,0,0,-0.04336,0.0,0.0,"{""max_temperature_c"": 31.44, ""mean_temperature_c"": 28.68, ""humidity_percent"": 64.1, ""wbgt_c"": 27.29, ""heat_index_c"": 34.44, ""heat_duration_hours"": 0, ""consecutive_heat_days"": 0}"
2026-01-03,Karnataka,SYNTHETIC,68000000,11.5,38.5,50.0,0.45,42.0,27.93,19.75,23.84,66.1,5.03,17.13,28.54,83.37,23.44,LOW,0,20.24,False,0,-2.03,1.2,0,0,0.0,0.0,0.702,0.325,0.708,0.56,0.491,0.662,0.55,0.492,0.0,0.0,0.0,0.0,0.0,0.0,0.0,0.02147,0.06487,0.08634,0,0,0,0,0,0,0,0,0,0,-0.08634,0.0,0.0,"{""max_temperature_c"": 27.93, ""mean_temperature_c"": 23.84, ""humidity_percent"": 66.1, ""wbgt_c"": 23.44, ""heat_index_c"": 28.54, ""heat_duration_hours"": 0, ""consecutive_heat_days"": 0}"
2026-01-04,Tamil Nadu,SYNTHETIC,77000000,13.0,40.0,47.0,0.36,55.0,30.12,22.71,26.42,80.5,0.95,22.79,34.12,93.41,27.28,LOW,0,23.35,False,0,-0.82,6.7,0,0,0.0,0.598,0.456,0.425,0.756,0.51,0.567,0.782,0.6,0.543,0.0321,0.043,0.0214,0.032,0.0404,0.0965,0.2749,0.01471,0.04378,0.05849,0,0,0,0,0,0,0,0,0,0,-0.05849,0.0,0.0,"{""max_temperature_c"": 30.12, ""mean_temperature_c"": 26.42, ""humidity_percent"": 80.5, ""wbgt_c"": 27.28, ""heat_index_c"": 34.12, ""heat_duration_hours"": 0, ""consecutive_heat_days"": 0}"
2026-01-04,Kerala,SYNTHETIC,35800000,17.0,45.0,38.0,0.28,50.0,31.77,24.58,28.18,69.6,0.88,22.08,35.59,96.07,27.92,LOW,0,25.14,False,0,0.07,-3.5,0,0,0.189,0.511,0.367,0.369,0.456,0.53,0.612,0.846,0.65,0.55,0.048,0.0322,0.0263,0.06,0.0465,0.1065,0.4211,0.0106,0.03239,0.04299,0,0,0,0,0,0,0,0,0,0,-0.04299,0.0,0.0,"{""max_temperature_c"": 31.77, ""mean_temperature_c"": 28.18, ""humidity_percent"": 69.6, ""wbgt_c"": 27.92, ""heat_index_c"": 35.59, ""heat_duration_hours"": 0, ""consecutive_heat_days"": 0}"
2026-01-04,Karnataka,SYNTHETIC,68000000,11.5,38.5,50.0,0.45,42.0,29.15,19.78,24.46,67.8,3.61,18.14,30.05,86.1,24.69,LOW,0,20.2,False,0,-0.83,3.1,0,0,0.0,0.017,0.576,0.285,0.683,0.558,0.484,0.665,0.55,0.491,0.0,0.0,0.0,0.0,0.0,0.0,0.0,0.01971,0.06334,0.08305,0,0,0,0,0,0,0,0,0,0,-0.08305,0.0,0.0,"{""max_temperature_c"": 29.15, ""mean_temperature_c"": 24.46, ""humidity_percent"": 67.8, ""wbgt_c"": 24.69, ""heat_index_c"": 30.05, ""heat_duration_hours"": 0, ""consecutive_heat_days"": 0}"
2026-01-05,Tamil Nadu,SYNTHETIC,77000000,13.0,40.0,47.0,0.36,55.0,31.2,24.8,28.0,73.6,0.92,22.85,35.6,96.08,28.12,CAUTION,0,25.41,False,0,0.24,0.0,0,0,0.235,0.606,0.599,0.409,0.785,0.509,0.519,0.784,0.6,0.543,0.0588,0.0321,0.043,0.0214,0.0345,0.1339,0.2992,0.01727,0.04759,0.06485,0,0,0,0,0,0,0,0,0,0,-0.06485,0.0,0.0,"{""max_temperature_c"": 31.2, ""mean_temperature_c"": 28.0, ""humidity_percent"": 73.6, ""wbgt_c"": 28.12, ""heat_index_c"": 35.6, ""heat_duration_hours"": 0, ""consecutive_heat_days"": 0}"
2026-01-05,Kerala,SYNTHETIC,35800000,17.0,45.0,38.0,0.28,50.0,31.57,25.14,28.36,69.6,2.04,22.26,35.5,95.91,27.91,LOW,0,25.76,False,0,-0.15,-3.4,0,0,0.293,0.533,0.435,0.408,0.469,0.534,0.567,0.849,0.65,0.551,0.0478,0.048,0.0322,0.0263,0.0845,0.128,0.3844,0.01163,0.03429,0.04592,0,0,0,0,0,0,0,0,0,0,-0.04592,0.0,0.0,"{""max_temperature_c"": 31.57, ""mean_temperature_c"": 28.36, ""humidity_percent"": 69.6, ""wbgt_c"": 27.91, ""heat_index_c"": 35.5, ""heat_duration_hours"": 0, ""consecutive_heat_days"": 0}"
2026-01-05,Karnataka,SYNTHETIC,68000000,11.5,38.5,50.0,0.45,42.0,28.82,19.57,24.19,68.6,3.89,18.06,29.69,85.44,24.35,LOW,0,20.1,False,0,-1.2,4.1,0,0,0.0,0.007,0.737,0.354,0.715,0.557,0.492,0.663,0.55,0.489,0.0,0.0,0.0,0.0,0.0,0.0,0.0,0.02269,0.06731,0.08999,0,0,0,0,0,0,0,0,0,0,-0.08999,0.0,0.0,"{""max_temperature_c"": 28.82, ""mean_temperature_c"": 24.19, ""humidity_percent"": 68.6, ""wbgt_c"": 24.35, ""heat_index_c"": 29.69, ""heat_duration_hours"": 0, ""consecutive_heat_days"": 0}"
2026-01-06,Tamil Nadu,SYNTHETIC,77000000,13.0,40.0,47.0,0.36,55.0,31.75,24.17,27.96,74.1,1.93,22.91,36.37,97.46,28.16,CAUTION,0,24.8,False,0,0.76,0.6,0,0,0.134,0.614,0.559,0.425,0.777,0.507,0.528,0.782,0.6,0.543,0.0622,0.0588,0.0321,0.043,0.0738,0.1531,0.2876,0.01698,0.04761,0.06459,0,0,0,0,0,0,0,0,0,0,-0.06459,0.0,0.0,"{""max_temperature_c"": 31.75, ""mean_temperature_c"": 27.96, ""humidity_percent"": 74.1, ""wbgt_c"": 28.16, ""heat_index_c"": 36.37, ""heat_duration_hours"": 0, ""consecutive_heat_days"": 0}"
2026-01-06,Kerala,SYNTHETIC,35800000,17.0,45.0,38.0,0.28,50.0,31.17,25.6,28.39,72.4,1.45,22.94,35.65,96.18,27.99,LOW,0,26.19,False,0,-0.56,-0.5,0,0,0.366,0.618,0.442,0.393,0.471,0.534,0.601,0.85,0.65,0.551,0.0499,0.0478,0.048,0.0322,0.1172,0.1456,0.3171,0.01182,0.03488,0.0467,0,0,0,0,0,0,0,0,0,0,-0.0467,0.0,0.0,"{""max_temperature_c"": 31.17, ""mean_temperature_c"": 28.39, ""humidity_percent"": 72.4, ""wbgt_c"": 27.99, ""heat_index_c"": 35.65, ""heat_duration_hours"": 0, ""consecutive_heat_days"": 0}"
2026-01-06,Karnataka,SYNTHETIC,68000000,11.5,38.5,50.0,0.45,42.0,28.3,17.63,22.97,62.0,1.8,15.31,28.35,83.04,23.4,LOW,0,18.12,False,0,-1.75,-2.2,0,0,0.0,0.0,0.72,0.327,0.712,0.558,0.525,0.662,0.55,0.492,0.0,0.0,0.0,0.0,0.0,0.0,0.0,0.02247,0.06749,0.08996,0,0,0,0,0,0,0,0,0,0,-0.08996,0.0,0.0,"{""max_temperature_c"": 28.3, ""mean_temperature_c"": 22.97, ""humidity_percent"": 62.0, ""wbgt_c"": 23.4, ""heat_index_c"": 28.35, ""heat_duration_hours"": 0, ""consecutive_heat_days"": 0}"
2026-01-07,Tamil Nadu,SYNTHETIC,77000000,13.0,40.0,47.0,0.36,55.0,30.41,24.11,27.26,73.5,1.36,22.1,33.9,93.02,27.27,LOW,0,24.77,False,0,-0.61,0.2,0,0,0.129,0.512,0.636,0.446,0.792,0.5,0.556,0.782,0.6,0.54,0.0318,0.0622,0.0588,0.0321,0.0381,0.1529,0.2814,0.01767,0.04777,0.06544,0,0,0,0,0,0,0,0,0,0,-0.06544,0.0,0.0,"{""max_temperature_c"": 30.41, ""mean_temperature_c"": 27.26, ""humidity_percent"": 73.5, ""wbgt_c"": 27.27, ""heat_index_c"": 33.9, ""heat_duration_hours"": 0, ""consecutive_heat_days"": 0}"
2026-01-07,Kerala,SYNTHETIC,35800000,17.0,45.0,38.0,0.28,50.0,31.23,24.23,27.73,66.9,2.36,21.03,34.03,93.25,27.04,LOW,0,24.81,False,0,-0.52,-5.8,0,0,0.136,0.378,0.433,0.388,0.469,0.536,0.624,0.851,0.65,0.545,0.026,0.0499,0.0478,0.048,0.053,0.1237,0.2901,0.01165,0.03454,0.04619,0,0,0,0,0,0,0,0,0,0,-0.04619,0.0,0.0,"{""max_temperature_c"": 31.23, ""mean_temperature_c"": 27.73, ""humidity_percent"": 66.9, ""wbgt_c"": 27.04, ""heat_index_c"": 34.03, ""heat_duration_hours"": 0, ""consecutive_heat_days"": 0}"
2026-01-07,Karnataka,SYNTHETIC,68000000,11.5,38.5,50.0,0.45,42.0,29.26,17.75,23.51,57.8,2.84,14.72,28.99,84.18,23.63,LOW,0,18.24,False,0,-0.83,-6.3,0,0,0.0,0.0,0.776,0.326,0.723,0.556,0.527,0.665,0.55,0.489,0.0,0.0,0.0,0.0,0.0,0.0,0.0,0.02381,0.06952,0.09333,0,0,0,0,0,0,0,0,0,0,-0.09333,0.0,0.0,"{""max_temperature_c"": 29.26, ""mean_temperature_c"": 23.51, ""humidity_percent"": 57.8, ""wbgt_c"": 23.63, ""heat_index_c"": 28.99, ""heat_duration_hours"": 0, ""consecutive_heat_days"": 0}"
2026-01-08,Tamil Nadu,SYNTHETIC,77000000,13.0,40.0,47.0,0.36,55.0,30.94,22.99,26.97,72.4,3.3,21.59,34.13,93.43,26.98,LOW,0,23.64,False,0,-0.11,-0.7,0,0,0.0,0.448,0.607,0.435,0.786,0.499,0.568,0.781,0.6,0.535,0.0245,0.0318,0.0622,0.0588,0.032,0.1186,0.2739,0.01727,0.0475,0.06477,0,0,0,0,0,0,0,0,0,0,-0.06477,0.0,0.0,"{""max_temperature_c"": 30.94, ""mean_temperature_c"": 26.97, ""humidity_percent"": 72.4, ""wbgt_c"": 26.98, ""heat_index_c"": 34.13, ""heat_duration_hours"": 0, ""consecutive_heat_days"": 0}"
2026-01-08,Kerala,SYNTHETIC,35800000,17.0,45.0,38.0,0.28,50.0,32.34,26.48,29.41,71.1,1.25,23.63,37.93,100.28,29.02,CAUTION,0,27.08,False,0,0.58,-1.5,0,0,0.513,0.703,0.428,0.397,0.468,0.54,0.577,0.851,0.65,0.552,0.1333,0.026,0.0499,0.0478,0.06,0.2092,0.3635,0.01297,0.0386,0.05157,1,0,1,1,0,1,0,0,0,1,0.94843,0.002793,0.002793,"{""max_temperature_c"": 32.34, ""mean_temperature_c"": 29.41, ""humidity_percent"": 71.1, ""wbgt_c"": 29.02, ""heat_index_c"": 37.93, ""heat_duration_hours"": 0, ""consecutive_heat_days"": 0}"
2026-01-08,Karnataka,SYNTHETIC,68000000,11.5,38.5,50.0,0.45,42.0,31.18,18.69,24.93,53.2,3.32,14.75,30.71,87.28,24.54,LOW,0,19.2,False,0,1.05,-10.7,0,0,0.0,0.0,0.802,0.339,0.728,0.548,0.497,0.666,0.55,0.489,0.0,0.0,0.0,0.0,0.0,0.0,0.0,0.02471,0.07082,0.09554,0,0,0,0,0,0,0,0,0,0,-0.09554,0.0,0.0,"{""max_temperature_c"": 31.18, ""mean_temperature_c"": 24.93, ""humidity_percent"": 53.2, ""wbgt_c"": 24.54, ""heat_index_c"": 30.71, ""heat_duration_hours"": 0, ""consecutive_heat_days"": 0}"
2026-01-09,Tamil Nadu,SYNTHETIC,77000000,13.0,40.0,47.0,0.36,55.0,31.35,23.88,27.61,74.6,2.77,22.69,35.63,96.13,27.92,LOW,0,24.56,False,0,0.26,1.6,0,0,0.093,0.586,0.557,0.453,0.776,0.503,0.538,0.783,0.6,0.535,0.0479,0.0245,0.0318,0.0622,0.0214,0.1042,0.3004,0.01725,0.04855,0.0658,0,0,0,0,0,0,0,0,0,0,-0.0658,0.0,0.0,"{""max_temperature_c"": 31.35, ""mean_temperature_c"": 27.61, ""humidity_percent"": 74.6, ""wbgt_c"": 27.92, ""heat_index_c"": 35.63, ""heat_duration_hours"": 0, ""consecutive_heat_days"": 0}"
2026-01-09,Kerala,SYNTHETIC,35800000,17.0,45.0,38.0,0.28,50.0,32.16,26.9,29.53,75.3,1.39,24.69,39.01,102.21,29.39,CAUTION,0,27.5,False,0,0.39,2.7,0,0,0.584,0.836,0.436,0.404,0.47,0.542,0.591,0.85,0.65,0.553,0.1575,0.1333,0.026,0.0499,0.0263,0.3169,0.4948,0.01383,0.04094,0.05477,0,0,0,0,0,0,0,0,0,0,-0.05477,0.0,0.0,"{""max_temperature_c"": 32.16, ""mean_temperature_c"": 29.53, ""humidity_percent"": 75.3, ""wbgt_c"": 29.39, ""heat_index_c"": 39.01, ""heat_duration_hours"": 0, ""consecutive_heat_days"": 0}"
2026-01-09,Karnataka,SYNTHETIC,68000000,11.5,38.5,50.0,0.45,42.0,31.62,20.36,25.99,48.4,0.88,14.27,30.98,87.76,24.85,LOW,0,20.84,False,0,1.45,-15.2,0,0,0.0,0.0,0.749,0.317,0.717,0.549,0.496,0.666,0.55,0.489,0.0,0.0,0.0,0.0,0.0,0.0,0.0,0.02408,0.07087,0.09494,0,0,0,0,0,0,0,0,0,0,-0.09494,0.0,0.0,"{""max_temperature_c"": 31.62, ""mean_temperature_c"": 25.99, ""humidity_percent"": 48.4, ""wbgt_c"": 24.85, ""heat_index_c"": 30.98, ""heat_duration_hours"": 0, ""consecutive_heat_days"": 0}"
2026-01-10,Tamil Nadu,SYNTHETIC,77000000,13.0,40.0,47.0,0.36,55.0,31.2,21.47,26.34,69.0,1.82,20.2,33.39,92.09,26.75,LOW,0,22.11,False,0,0.08,-3.8,0,0,0.0,0.274,0.581,0.425,0.781,0.497,0.571,0.784,0.6,0.534,0.0188,0.0479,0.0245,0.0318,0.043,0.0911,0.2761,0.01722,0.04796,0.06518,0,0,0,0,0,0,0,0,0,0,-0.06518,0.0,0.0,"{""max_temperature_c"": 31.2, ""mean_temperature_c"": 26.34, ""humidity_percent"": 69.0, ""wbgt_c"": 26.75, ""heat_index_c"": 33.39, ""heat_duration_hours"": 0, ""consecutive_heat_days"": 0}"
2026-01-10,Kerala,SYNTHETIC,35800000,17.0,45.0,38.0,0.28,50.0,31.16,25.69,28.42,75.2,2.45,23.6,36.32,97.38,28.26,CAUTION,0,26.28,False,0,-0.63,2.8,0,0,0.38,0.701,0.401,0.394,0.463,0.542,0.614,0.849,0.65,0.553,0.0697,0.1575,0.1333,0.026,0.0322,0.3605,0.5322,0.01277,0.03811,0.05088,0,0,0,0,0,0,0,0,0,0,-0.05088,0.0,0.0,"{""max_temperature_c"": 31.16, ""mean_temperature_c"": 28.42, ""humidity_percent"": 75.2, ""wbgt_c"": 28.26, ""heat_index_c"": 36.32, ""heat_duration_hours"": 0, ""consecutive_heat_days"": 0}"
2026-01-10,Karnataka,SYNTHETIC,68000000,11.5,38.5,50.0,0.45,42.0,30.1,20.84,25.47,61.8,1.81,17.6,30.76,87.36,25.06,LOW,0,21.34,False,0,-0.1,-1.7,0,0,0.0,0.0,0.681,0.335,0.704,0.549,0.522,0.669,0.55,0.491,0.0,0.0,0.0,0.0,0.0,0.0,0.0,0.02294,0.07003,0.09296,0,0,0,0,0,0,0,0,0,0,-0.09296,0.0,0.0,"{""max_temperature_c"": 30.1, ""mean_temperature_c"": 25.47, ""humidity_percent"": 61.8, ""wbgt_c"": 25.06, ""heat_index_c"": 30.76, ""heat_duration_hours"": 0, ""consecutive_heat_days"": 0}"
2026-01-11,Tamil Nadu,SYNTHETIC,77000000,13.0,40.0,47.0,0.36,55.0,29.85,20.98,25.42,68.7,1.22,19.26,31.31,88.36,25.81,LOW,0,21.72,False,0,-1.3,-3.9,0,0,0.0,0.157,0.44,0.495,0.753,0.5,0.54,0.786,0.6,0.532,0.0,0.0188,0.0479,0.0245,0.0321,0.0666,0.244,0.01563,0.04687,0.0625,0,0,0,0,0,0,0,0,0,0,-0.0625,0.0,0.0,"{""max_temperature_c"": 29.85, ""mean_temperature_c"": 25.42, ""humidity_percent"": 68.7, ""wbgt_c"": 25.81, ""heat_index_c"": 31.31, ""heat_duration_hours"": 0, ""consecutive_heat_days"": 0}"
2026-01-11,Kerala,SYNTHETIC,35800000,17.0,45.0,38.0,0.28,50.0,30.97,26.18,28.58,73.3,1.44,23.33,35.78,96.4,28.11,CAUTION,0,26.79,False,0,-0.83,1.0,0,0,0.465,0.666,0.425,0.404,0.468,0.546,0.57,0.848,0.65,0.557,0.058,0.0697,0.1575,0.1333,0.048,0.2852,0.5422,0.01326,0.03925,0.05251,0,0,0,0,0,0,0,0,0,0,-0.05251,0.0,0.0,"{""max_temperature_c"": 30.97, ""mean_temperature_c"": 28.58, ""humidity_percent"": 73.3, ""wbgt_c"": 28.11, ""heat_index_c"": 35.78, ""heat_duration_hours"": 0, ""consecutive_heat_days"": 0}"
2026-01-11,Karnataka,SYNTHETIC,68000000,11.5,38.5,50.0,0.45,42.0,30.49,19.65,25.07,55.3,1.5,15.49,30.32,86.57,24.61,LOW,0,20.14,False,0,0.25,-7.9,0,0,0.0,0.0,0.533,0.328,0.674,0.549,0.5,0.668,0.55,0.489,0.0,0.0,0.0,0.0,0.0,0.0,0.0,0.02085,0.06839,0.08924,0,0,0,0,0,0,0,0,0,0,-0.08924,0.0,0.0,"{""max_temperature_c"": 30.49, ""mean_temperature_c"": 25.07, ""humidity_percent"": 55.3, ""wbgt_c"": 24.61, ""heat_index_c"": 30.32, ""heat_duration_hours"": 0, ""consecutive_heat_days"": 0}"
2026-01-12,Tamil Nadu,SYNTHETIC,77000000,13.0,40.0,47.0,0.36,55.0,29.52,22.12,25.82,67.3,1.81,19.3,30.99,87.78,25.55,LOW,0,22.79,False,0,-1.67,-5.2,0,0,0.0,0.163,0.551,0.446,0.775,0.507,0.531,0.784,0.6,0.53,0.0,0.0,0.0188,0.0479,0.0588,0.0188,0.1852,0.01745,0.04967,0.06712,0,0,0,0,0,0,0,0,0,0,-0.06712,0.0,0.0,"{""max_temperature_c"": 29.52, ""mean_temperature_c"": 25.82, ""humidity_percent"": 67.3, ""wbgt_c"": 25.55, ""heat_index_c"": 30.99, ""heat_duration_hours"": 0, ""consecutive_heat_days"": 0}"
2026-01-12,Kerala,SYNTHETIC,35800000,17.0,45.0,38.0,0.28,50.0,31.79,24.66,28.22,73.4,2.58,23.01,36.53,97.75,28.21,CAUTION,0,25.31,False,0,-0.03,1.2,0,0,0.218,0.626,0.44,0.433,0.47,0.547,0.628,0.847,0.65,0.552,0.0661,0.058,0.0697,0.1575,0.0478,0.1938,0.5605,0.01324,0.03912,0.05235,0,0,0,0,0,0,0,0,0,0,-0.05235,0.0,0.0,"{""max_temperature_c"": 31.79, ""mean_temperature_c"": 28.22, ""humidity_percent"": 73.4, ""wbgt_c"": 28.21, ""heat_index_c"": 36.53, ""heat_duration_hours"": 0, ""consecutive_heat_days"": 0}"
2026-01-12,Karnataka,SYNTHETIC,68000000,11.5,38.5,50.0,0.45,42.0,31.19,19.33,25.26,50.3,1.65,14.2,30.56,87.01,24.61,LOW,0,19.79,False,0,0.91,-12.7,0,0,0.0,0.0,0.72,0.308,0.712,0.55,0.483,0.668,0.55,0.488,0.0,0.0,0.0,0.0,0.0,0.0,0.0,0.02481,0.074,0.0988,0,0,0,0,0,0,0,0,0,0,-0.0988,0.0,0.0,"{""max_temperature_c"": 31.19, ""mean_temperature_c"": 25.26, ""humidity_percent"": 50.3, ""wbgt_c"": 24.61, ""heat_index_c"": 30.56, ""heat_duration_hours"": 0, ""consecutive_heat_days"": 0}"
2026-01-13,Tamil Nadu,SYNTHETIC,77000000,13.0,40.0,47.0,0.36,55.0,29.77,22.04,25.91,69.5,5.54,19.89,31.59,88.85,25.55,LOW,0,22.68,False,0,-1.46,-2.9,0,0,0.0,0.237,0.593,0.425,0.784,0.512,0.567,0.784,0.6,0.533,0.0,0.0,0.0,0.0188,0.0622,0.0,0.123,0.01809,0.05073,0.06882,0,1,1,1,0,0,0,0,1,0,0.93118,0.001299,0.0,"{""max_temperature_c"": 29.77, ""mean_temperature_c"": 25.91, ""humidity_percent"": 69.5, ""wbgt_c"": 25.55, ""heat_index_c"": 31.59, ""heat_duration_hours"": 0, ""consecutive_heat_days"": 0}"
2026-01-13,Kerala,SYNTHETIC,35800000,17.0,45.0,38.0,0.28,50.0,32.18,25.71,28.94,67.1,1.34,22.23,36.24,97.22,28.25,CAUTION,0,26.3,False,0,0.34,-4.9,0,0,0.383,0.529,0.43,0.394,0.468,0.545,0.592,0.847,0.65,0.549,0.0726,0.0661,0.058,0.0697,0.0499,0.1967,0.5833,0.01347,0.03987,0.05333,0,0,0,0,0,0,0,0,0,0,-0.05333,0.0,0.0,"{""max_temperature_c"": 32.18, ""mean_temperature_c"": 28.94, ""humidity_percent"": 67.1, ""wbgt_c"": 28.25, ""heat_index_c"": 36.24, ""heat_duration_hours"": 0, ""consecutive_heat_days"": 0}"
2026-01-13,Karnataka,SYNTHETIC,68000000,11.5,38.5,50.0,0.45,42.0,31.66,20.52,26.09,49.3,4.41,14.63,31.14,88.05,24.76,LOW,0,20.99,False,0,1.33,-13.6,0,0,0.0,0.0,0.747,0.31,0.717,0.558,0.464,0.669,0.55,0.488,0.0,0.0,0.0,0.0,0.0,0.0,0.0,0.02614,0.07698,0.10312,0,0,0,0,0,0,0,0,0,0,-0.10312,0.0,0.0,"{""max_temperature_c"": 31.66, ""mean_temperature_c"": 26.09, ""humidity_percent"": 49.3, ""wbgt_c"": 24.76, ""heat_index_c"": 31.14, ""heat_duration_hours"": 0, ""consecutive_heat_days"": 0}"
2026-01-14,Tamil Nadu,SYNTHETIC,77000000,13.0,40.0,47.0,0.36,55.0,28.51,20.15,24.33,70.3,6.32,18.58,29.59,85.27,24.19,LOW,0,20.87,False,0,-2.76,-1.8,0,0,0.0,0.073,0.524,0.479,0.77,0.515,0.519,0.783,0.6,0.53,0.0,0.0,0.0,0.0,0.0318,0.0,0.0911,0.0177,0.05116,0.06886,0,0,0,0,0,0,0,0,0,0,-0.06886,0.0,0.0,"{""max_temperature_c"": 28.51, ""mean_temperature_c"": 24.33, ""humidity_percent"": 70.3, ""wbgt_c"": 24.19, ""heat_index_c"": 29.59, ""heat_duration_hours"": 0, ""consecutive_heat_days"": 0}"
2026-01-14,Kerala,SYNTHETIC,35800000,17.0,45.0,38.0,0.28,50.0,32.24,26.16,29.2,66.7,1.86,22.37,36.46,97.63,28.24,CAUTION,0,26.76,False,0,0.39,-5.3,0,0,0.461,0.547,0.467,0.401,0.476,0.542,0.569,0.845,0.65,0.543,0.0732,0.0726,0.0661,0.058,0.026,0.2119,0.6305,0.01421,0.04117,0.05538,0,0,0,0,0,0,0,0,0,0,-0.05538,0.0,0.0,"{""max_temperature_c"": 32.24, ""mean_temperature_c"": 29.2, ""humidity_percent"": 66.7, ""wbgt_c"": 28.24, ""heat_index_c"": 36.46, ""heat_duration_hours"": 0, ""consecutive_heat_days"": 0}"
2026-01-14,Karnataka,SYNTHETIC,68000000,11.5,38.5,50.0,0.45,42.0,30.34,19.11,24.72,52.9,3.57,14.48,29.86,85.75,23.96,LOW,0,19.63,False,0,-0.04,-9.7,0,0,0.0,0.0,0.785,0.348,0.724,0.561,0.458,0.67,0.55,0.491,0.0,0.0,0.0,0.0,0.0,0.0,0.0,0.02749,0.07946,0.10695,0,0,0,0,0,0,0,0,0,0,-0.10695,0.0,0.0,"{""max_temperature_c"": 30.34, ""mean_temperature_c"": 24.72, ""humidity_percent"": 52.9, ""wbgt_c"": 23.96, ""heat_index_c"": 29.86, ""heat_duration_hours"": 0, ""consecutive_heat_days"": 0}"
2026-01-15,Tamil Nadu,SYNTHETIC,77000000,13.0,40.0,47.0,0.36,55.0,27.45,20.98,24.22,77.1,2.08,19.95,29.0,84.2,24.71,LOW,0,21.65,False,0,-3.86,5.1,0,0,0.0,0.243,0.593,0.442,0.784,0.516,0.573,0.783,0.6,0.533,0.0,0.0,0.0,0.0,0.0245,0.0,0.0666,0.01861,0.05227,0.07088,0,0,0,0,0,0,0,0,0,0,-0.07088,0.0,0.0,"{""max_temperature_c"": 27.45, ""mean_temperature_c"": 24.22, ""humidity_percent"": 77.1, ""wbgt_c"": 24.71, ""heat_index_c"": 29.0, ""heat_duration_hours"": 0, ""consecutive_heat_days"": 0}"
2026-01-15,Kerala,SYNTHETIC,35800000,17.0,45.0,38.0,0.28,50.0,33.01,26.56,29.78,67.3,2.53,23.07,38.16,100.7,28.85,CAUTION,0,27.24,False,0,1.14,-4.6,0,0,0.54,0.634,0.424,0.454,0.467,0.537,0.596,0.844,0.65,0.546,0.1336,0.0732,0.0726,0.0661,0.1333,0.2795,0.6307,0.01439,0.04279,0.05718,0,0,0,0,0,0,0,0,0,0,-0.05718,0.0,0.0,"{""max_temperature_c"": 33.01, ""mean_temperature_c"": 29.78, ""humidity_percent"": 67.3, ""wbgt_c"": 28.85, ""heat_index_c"": 38.16, ""heat_duration_hours"": 0, ""consecutive_heat_days"": 0}"
2026-01-15,Karnataka,SYNTHETIC,68000000,11.5,38.5,50.0,0.45,42.0,29.6,20.44,25.02,64.9,3.28,17.95,30.42,86.76,24.99,LOW,0,20.96,False,0,-0.82,2.5,0,0,0.0,0.0,0.772,0.344,0.722,0.561,0.498,0.672,0.55,0.49,0.0,0.0,0.0,0.0,0.0,0.0,0.0,0.02725,0.07958,0.10683,0,0,0,0,0,0,0,0,0,0,-0.10683,0.0,0.0,"{""max_temperature_c"": 29.6, ""mean_temperature_c"": 25.02, ""humidity_percent"": 64.9, ""wbgt_c"": 24.99, ""heat_index_c"": 30.42, ""heat_duration_hours"": 0, ""consecutive_heat_days"": 0}"
2026-01-16,Tamil Nadu,SYNTHETIC,77000000,13.0,40.0,47.0,0.36,55.0,28.74,21.11,24.93,76.4,1.77,20.48,30.75,87.35,25.69,LOW,0,21.75,False,0,-2.61,4.5,0,0,0.0,0.31,0.59,0.426,0.783,0.513,0.527,0.782,0.6,0.53,0.0,0.0,0.0,0.0,0.0479,0.0,0.0188,0.01909,0.05342,0.07251,0,0,0,0,0,0,0,0,0,0,-0.07251,0.0,0.0,"{""max_temperature_c"": 28.74, ""mean_temperature_c"": 24.93, ""humidity_percent"": 76.4, ""wbgt_c"": 25.69, ""heat_index_c"": 30.75, ""heat_duration_hours"": 0, ""consecutive_heat_days"": 0}"
2026-01-16,Kerala,SYNTHETIC,35800000,17.0,45.0,38.0,0.28,50.0,33.36,26.98,30.17,67.9,2.74,23.57,39.2,102.56,29.32,CAUTION,0,27.59,False,0,1.47,-3.9,0,0,0.598,0.697,0.484,0.409,0.479,0.534,0.601,0.844,0.65,0.547,0.1765,0.1336,0.0732,0.0726,0.1575,0.3833,0.6497,0.01599,0.04603,0.06202,0,0,0,0,0,0,0,0,0,0,-0.06202,0.0,0.0,"{""max_temperature_c"": 33.36, ""mean_temperature_c"": 30.17, ""humidity_percent"": 67.9, ""wbgt_c"": 29.32, ""heat_index_c"": 39.2, ""heat_duration_hours"": 0, ""consecutive_heat_days"": 0}"
2026-01-16,Karnataka,SYNTHETIC,68000000,11.5,38.5,50.0,0.45,42.0,31.21,22.32,26.76,64.0,3.68,19.38,32.86,91.14,26.38,LOW,0,22.85,False,0,0.74,1.8,0,0,0.0,0.172,0.734,0.352,0.714,0.559,0.511,0.669,0.55,0.492,0.0094,0.0,0.0,0.0,0.0,0.0094,0.0094,0.02677,0.0796,0.10638,0,0,0,0,0,0,0,0,0,0,-0.10638,0.0,0.0,"{""max_temperature_c"": 31.21, ""mean_temperature_c"": 26.76, ""humidity_percent"": 64.0, ""wbgt_c"": 26.38, ""heat_index_c"": 32.86, ""heat_duration_hours"": 0, ""consecutive_heat_days"": 0}"
2026-01-17,Tamil Nadu,SYNTHETIC,77000000,13.0,40.0,47.0,0.36,55.0,31.37,22.67,27.02,70.3,3.09,21.14,34.29,93.72,27.17,LOW,0,23.32,False,0,-0.03,-1.4,0,0,0.0,0.393,0.534,0.434,0.772,0.519,0.576,0.783,0.6,0.526,0.0292,0.0,0.0,0.0,0.0188,0.0292,0.0292,0.01861,0.05365,0.07226,0,0,0,0,0,0,0,0,0,0,-0.07226,0.0,0.0,"{""max_temperature_c"": 31.37, ""mean_temperature_c"": 27.02, ""humidity_percent"": 70.3, ""wbgt_c"": 27.17, ""heat_index_c"": 34.29, ""heat_duration_hours"": 0, ""consecutive_heat_days"": 0}"
2026-01-17,Kerala,SYNTHETIC,35800000,17.0,45.0,38.0,0.28,50.0,32.92,26.69,29.81,65.0,4.19,22.52,37.45,99.42,28.35,CAUTION,0,27.3,False,0,1.02,-6.7,0,0,0.55,0.564,0.456,0.406,0.474,0.536,0.584,0.845,0.65,0.544,0.0947,0.1765,0.1336,0.0732,0.0697,0.4048,0.6747,0.01522,0.04397,0.0592,0,0,0,0,0,0,0,0,0,0,-0.0592,0.0,0.0,"{""max_temperature_c"": 32.92, ""mean_temperature_c"": 29.81, ""humidity_percent"": 65.0, ""wbgt_c"": 28.35, ""heat_index_c"": 37.45, ""heat_duration_hours"": 0, ""consecutive_heat_days"": 0}"
2026-01-17,Karnataka,SYNTHETIC,68000000,11.5,38.5,50.0,0.45,42.0,28.6,18.95,23.78,69.1,2.96,17.77,29.37,84.87,24.22,LOW,0,19.47,False,0,-1.92,7.1,0,0,0.0,0.0,0.689,0.35,0.705,0.554,0.496,0.668,0.55,0.487,0.0,0.0094,0.0,0.0,0.0,0.0094,0.0094,0.02619,0.07946,0.10565,0,0,0,0,0,0,0,0,0,0,-0.10565,0.0,0.0,"{""max_temperature_c"": 28.6, ""mean_temperature_c"": 23.78, ""humidity_percent"": 69.1, ""wbgt_c"": 24.22, ""heat_index_c"": 29.37, ""heat_duration_hours"": 0, ""consecutive_heat_days"": 0}"
2026-01-18,Tamil Nadu,SYNTHETIC,77000000,13.0,40.0,47.0,0.36,55.0,32.17,23.63,27.9,71.9,3.7,22.35,36.34,97.42,28.0,CAUTION,0,24.33,False,0,0.73,0.4,0,0,0.054,0.544,0.483,0.464,0.762,0.515,0.548,0.785,0.6,0.524,0.0536,0.0292,0.0,0.0,0.0,0.0828,0.0828,0.01861,0.05457,0.07318,0,0,0,0,0,0,0,0,0,0,-0.07318,0.0,0.0,"{""max_temperature_c"": 32.17, ""mean_temperature_c"": 27.9, ""humidity_percent"": 71.9, ""wbgt_c"": 28.0, ""heat_index_c"": 36.34, ""heat_duration_hours"": 0, ""consecutive_heat_days"": 0}"
2026-01-18,Kerala,SYNTHETIC,35800000,17.0,45.0,38.0,0.28,50.0,32.77,25.6,29.19,64.2,1.68,21.73,36.49,97.68,28.38,CAUTION,0,26.2,False,0,0.85,-7.4,0,0,0.366,0.466,0.377,0.394,0.458,0.542,0.601,0.846,0.65,0.539,0.0941,0.0947,0.1765,0.1336,0.058,0.3652,0.7108,0.01432,0.04318,0.0575,0,0,0,0,0,0,0,0,0,0,-0.0575,0.0,0.0,"{""max_temperature_c"": 32.77, ""mean_temperature_c"": 29.19, ""humidity_percent"": 64.2, ""wbgt_c"": 28.38, ""heat_index_c"": 36.49, ""heat_duration_hours"": 0, ""consecutive_heat_days"": 0}"
2026-01-18,Karnataka,SYNTHETIC,68000000,11.5,38.5,50.0,0.45,42.0,29.15,19.67,24.41,71.7,6.41,18.97,30.42,86.76,24.78,LOW,0,20.16,False,0,-1.42,9.9,0,0,0.0,0.121,0.558,0.323,0.679,0.556,0.505,0.669,0.55,0.488,0.0,0.0,0.0094,0.0,0.0,0.0094,0.0094,0.0239,0.07758,0.10148,0,0,0,0,0,0,0,0,0,0,-0.10148,0.0,0.0,"{""max_temperature_c"": 29.15, ""mean_temperature_c"": 24.41, ""humidity_percent"": 71.7, ""wbgt_c"": 24.78, ""heat_index_c"": 30.42, ""heat_duration_hours"": 0, ""consecutive_heat_days"": 0}"
2026-01-19,Tamil Nadu,SYNTHETIC,77000000,13.0,40.0,47.0,0.36,55.0,33.51,24.31,28.91,67.9,2.06,22.37,38.05,100.48,28.82,CAUTION,0,24.97,False,0,2.02,-3.5,0,0,0.161,0.547,0.627,0.437,0.79,0.515,0.543,0.785,0.6,0.53,0.1414,0.0536,0.0292,0.0,0.0,0.2242,0.2242,0.02249,0.06071,0.08321,0,0,0,0,0,0,0,0,0,0,-0.08321,0.0,0.0,"{""max_temperature_c"": 33.51, ""mean_temperature_c"": 28.91, ""humidity_percent"": 67.9, ""wbgt_c"": 28.82, ""heat_index_c"": 38.05, ""heat_duration_hours"": 0, ""consecutive_heat_days"": 0}"
2026-01-19,Kerala,SYNTHETIC,35800000,17.0,45.0,38.0,0.28,50.0,31.84,25.67,28.75,72.8,3.05,23.38,36.98,98.56,28.43,CAUTION,0,26.24,False,0,-0.11,1.3,0,0,0.373,0.672,0.443,0.379,0.471,0.543,0.576,0.847,0.65,0.538,0.0825,0.0941,0.0947,0.1765,0.0661,0.2713,0.7272,0.01535,0.04491,0.06026,0,0,0,0,0,0,0,0,0,0,-0.06026,0.0,0.0,"{""max_temperature_c"": 31.84, ""mean_temperature_c"": 28.75, ""humidity_percent"": 72.8, ""wbgt_c"": 28.43, ""heat_index_c"": 36.98, ""heat_duration_hours"": 0, ""consecutive_heat_days"": 0}"
2026-01-19,Karnataka,SYNTHETIC,68000000,11.5,38.5,50.0,0.45,42.0,28.42,17.65,23.03,63.7,1.54,15.77,28.57,83.42,23.68,LOW,0,18.14,False,0,-2.21,2.1,0,0,0.0,0.0,0.695,0.327,0.707,0.551,0.48,0.67,0.55,0.489,0.0,0.0,0.0,0.0094,0.0,0.0,0.0094,0.02714,0.08195,0.10909,0,0,0,0,0,0,0,0,0,0,-0.10909,0.0,0.0,"{""max_temperature_c"": 28.42, ""mean_temperature_c"": 23.03, ""humidity_percent"": 63.7, ""wbgt_c"": 23.68, ""heat_index_c"": 28.57, ""heat_duration_hours"": 0, ""consecutive_heat_days"": 0}"
2026-01-20,Tamil Nadu,SYNTHETIC,77000000,13.0,40.0,47.0,0.36,55.0,32.62,23.98,28.3,72.6,2.11,22.91,37.48,99.47,28.7,CAUTION,0,24.64,False,0,1.08,1.4,0,0,0.107,0.613,0.605,0.441,0.786,0.514,0.564,0.786,0.6,0.524,0.1149,0.1414,0.0536,0.0292,0.0,0.3099,0.3391,0.02246,0.06104,0.0835,0,0,0,0,0,0,0,0,0,0,-0.0835,0.0,0.0,"{""max_temperature_c"": 32.62, ""mean_temperature_c"": 28.3, ""humidity_percent"": 72.6, ""wbgt_c"": 28.7, ""heat_index_c"": 37.48, ""heat_duration_hours"": 0, ""consecutive_heat_days"": 0}"
2026-01-20,Kerala,SYNTHETIC,35800000,17.0,45.0,38.0,0.28,50.0,30.4,25.03,27.72,73.3,2.02,22.51,34.24,93.63,27.29,LOW,0,25.59,False,0,-1.56,1.9,0,0,0.266,0.563,0.499,0.376,0.482,0.542,0.585,0.846,0.65,0.541,0.0322,0.0825,0.0941,0.0947,0.0726,0.2088,0.6868,0.01551,0.04427,0.05978,0,0,0,0,0,0,0,0,0,0,-0.05978,0.0,0.0,"{""max_temperature_c"": 30.4, ""mean_temperature_c"": 27.72, ""humidity_percent"": 73.3, ""wbgt_c"": 27.29, ""heat_index_c"": 34.24, ""heat_duration_hours"": 0, ""consecutive_heat_days"": 0}"
2026-01-20,Karnataka,SYNTHETIC,68000000,11.5,38.5,50.0,0.45,42.0,31.15,21.23,26.19,57.8,3.36,17.23,31.64,88.95,25.38,LOW,0,21.73,False,0,0.47,-3.5,0,0,0.0,0.0,0.767,0.331,0.721,0.546,0.487,0.669,0.55,0.489,0.0,0.0,0.0,0.0,0.0,0.0,0.0094,0.02894,0.08425,0.11319,0,0,0,0,0,0,0,0,0,0,-0.11319,0.0,0.0,"{""max_temperature_c"": 31.15, ""mean_temperature_c"": 26.19, ""humidity_percent"": 57.8, ""wbgt_c"": 25.38, ""heat_index_c"": 31.64, ""heat_duration_hours"": 0, ""consecutive_heat_days"": 0}"
2026-01-21,Tamil Nadu,SYNTHETIC,77000000,13.0,40.0,47.0,0.36,55.0,31.81,24.11,27.96,77.0,1.57,23.55,37.14,98.85,28.63,CAUTION,0,24.75,False,0,0.22,6.0,0,0,0.125,0.694,0.585,0.428,0.782,0.517,0.54,0.788,0.6,0.524,0.097,0.1149,0.1414,0.0536,0.0,0.3533,0.4361,0.0227,0.06241,0.08511,0,1,1,1,0,0,0,0,0,1,0.91489,0.001299,0.0,"{""max_temperature_c"": 31.81, ""mean_temperature_c"": 27.96, ""humidity_percent"": 77.0, ""wbgt_c"": 28.63, ""heat_index_c"": 37.14, ""heat_duration_hours"": 0, ""consecutive_heat_days"": 0}"
2026-01-21,Kerala,SYNTHETIC,35800000,17.0,45.0,38.0,0.28,50.0,30.96,25.71,28.34,79.9,0.76,24.54,37.12,98.81,28.6,CAUTION,0,26.25,False,0,-1.02,8.6,0,0,0.375,0.817,0.481,0.358,0.479,0.536,0.603,0.847,0.65,0.546,0.0951,0.0322,0.0825,0.0941,0.0732,0.2098,0.7087,0.01584,0.04589,0.06173,0,0,0,0,0,0,0,0,0,0,-0.06173,0.0,0.0,"{""max_temperature_c"": 30.96, ""mean_temperature_c"": 28.34, ""humidity_percent"": 79.9, ""wbgt_c"": 28.6, ""heat_index_c"": 37.12, ""heat_duration_hours"": 0, ""consecutive_heat_days"": 0}"
2026-01-21,Karnataka,SYNTHETIC,68000000,11.5,38.5,50.0,0.45,42.0,31.19,20.44,25.82,60.4,2.33,17.57,31.84,89.32,25.73,LOW,0,21.02,False,0,0.46,-0.7,0,0,0.0,0.0,0.784,0.383,0.724,0.547,0.524,0.668,0.55,0.49,0.0,0.0,0.0,0.0,0.0,0.0,0.0094,0.02945,0.08535,0.1148,0,0,0,0,0,0,0,0,0,0,-0.1148,0.0,0.0,"{""max_temperature_c"": 31.19, ""mean_temperature_c"": 25.82, ""humidity_percent"": 60.4, ""wbgt_c"": 25.73, ""heat_index_c"": 31.84, ""heat_duration_hours"": 0, ""consecutive_heat_days"": 0}"
2026-01-22,Tamil Nadu,SYNTHETIC,77000000,13.0,40.0,47.0,0.36,55.0,31.2,22.62,26.91,80.2,4.28,23.21,35.96,96.73,27.74,LOW,0,23.29,False,0,-0.44,9.3,0,0,0.0,0.651,0.619,0.442,0.789,0.521,0.529,0.786,0.6,0.518,0.0436,0.097,0.1149,0.1414,0.0,0.2556,0.4797,0.02309,0.0627,0.08579,0,0,0,0,0,0,0,0,0,0,-0.08579,0.0,0.0,"{""max_temperature_c"": 31.2, ""mean_temperature_c"": 26.91, ""humidity_percent"": 80.2, ""wbgt_c"": 27.74, ""heat_index_c"": 35.96, ""heat_duration_hours"": 0, ""consecutive_heat_days"": 0}"
2026-01-22,Kerala,SYNTHETIC,35800000,17.0,45.0,38.0,0.28,50.0,31.6,26.24,28.92,78.0,3.48,24.7,38.24,100.83,28.8,CAUTION,0,26.8,False,0,-0.4,6.8,0,0,0.466,0.838,0.472,0.368,0.477,0.54,0.588,0.848,0.65,0.542,0.1097,0.0951,0.0322,0.0825,0.1336,0.2371,0.6848,0.01647,0.04786,0.06433,0,0,0,0,0,0,0,0,0,0,-0.06433,0.0,0.0,"{""max_temperature_c"": 31.6, ""mean_temperature_c"": 28.92, ""humidity_percent"": 78.0, ""wbgt_c"": 28.8, ""heat_index_c"": 38.24, ""heat_duration_hours"": 0, ""consecutive_heat_days"": 0}"
2026-01-22,Karnataka,SYNTHETIC,68000000,11.5,38.5,50.0,0.45,42.0,30.28,20.39,25.34,61.9,8.7,17.49,30.88,87.59,24.66,LOW,0,20.89,False,0,-0.52,0.9,0,0,0.0,0.0,0.767,0.334,0.721,0.549,0.489,0.669,0.55,0.49,0.0,0.0,0.0,0.0,0.0,0.0,0.0094,0.02993,0.08724,0.11716,0,0,0,0,0,0,0,0,0,0,-0.11716,0.0,0.0,"{""max_temperature_c"": 30.28, ""mean_temperature_c"": 25.34, ""humidity_percent"": 61.9, ""wbgt_c"": 24.66, ""heat_index_c"": 30.88, ""heat_duration_hours"": 0, ""consecutive_heat_days"": 0}"
2026-01-23,Tamil Nadu,SYNTHETIC,77000000,13.0,40.0,47.0,0.36,55.0,30.07,21.03,25.55,74.9,4.76,20.78,32.48,90.47,26.14,LOW,0,21.7,False,0,-1.63,4.3,0,0,0.0,0.347,0.615,0.445,0.788,0.518,0.582,0.785,0.6,0.522,0.0035,0.0436,0.097,0.1149,0.0,0.1442,0.4833,0.02198,0.06067,0.08266,0,0,0,0,0,0,0,0,0,0,-0.08266,0.0,0.0,"{""max_temperature_c"": 30.07, ""mean_temperature_c"": 25.55, ""humidity_percent"": 74.9, ""wbgt_c"": 26.14, ""heat_index_c"": 32.48, ""heat_duration_hours"": 0, ""consecutive_heat_days"": 0}"
2026-01-23,Kerala,SYNTHETIC,35800000,17.0,45.0,38.0,0.28,50.0,31.96,26.56,29.26,75.1,2.28,24.4,38.35,101.03,29.06,CAUTION,0,27.16,False,0,-0.07,4.0,0,0,0.527,0.8,0.457,0.401,0.474,0.53,0.592,0.848,0.65,0.544,0.1297,0.1097,0.0951,0.0322,0.1765,0.3346,0.6381,0.01664,0.04854,0.06518,0,0,0,0,0,0,0,0,0,0,-0.06518,0.0,0.0,"{""max_temperature_c"": 31.96, ""mean_temperature_c"": 29.26, ""humidity_percent"": 75.1, ""wbgt_c"": 29.06, ""heat_index_c"": 38.35, ""heat_duration_hours"": 0, ""consecutive_heat_days"": 0}"
2026-01-23,Karnataka,SYNTHETIC,68000000,11.5,38.5,50.0,0.45,42.0,30.33,21.64,25.98,59.5,4.39,17.48,30.93,87.67,25.05,LOW,0,22.18,False,0,-0.52,-1.2,0,0,0.0,0.0,0.748,0.362,0.717,0.556,0.513,0.668,0.55,0.493,0.0,0.0,0.0,0.0,0.0094,0.0,0.0,0.02989,0.08836,0.11826,0,0,0,0,0,0,0,0,0,0,-0.11826,0.0,0.0,"{""max_temperature_c"": 30.33, ""mean_temperature_c"": 25.98, ""humidity_percent"": 59.5, ""wbgt_c"": 25.05, ""heat_index_c"": 30.93, ""heat_duration_hours"": 0, ""consecutive_heat_days"": 0}"
2026-01-24,Tamil Nadu,SYNTHETIC,77000000,13.0,40.0,47.0,0.36,55.0,31.29,23.62,27.45,71.6,5.09,21.85,34.78,94.61,27.27,LOW,0,24.28,False,0,-0.47,1.0,0,0,0.047,0.482,0.515,0.445,0.768,0.519,0.535,0.786,0.6,0.526,0.0319,0.0035,0.0436,0.097,0.0292,0.079,0.4859,0.02093,0.06055,0.08148,0,0,0,0,0,0,0,0,0,0,-0.08148,0.0,0.0,"{""max_temperature_c"": 31.29, ""mean_temperature_c"": 27.45, ""humidity_percent"": 71.6, ""wbgt_c"": 27.27, ""heat_index_c"": 34.78, ""heat_duration_hours"": 0, ""consecutive_heat_days"": 0}"
2026-01-24,Kerala,SYNTHETIC,35800000,17.0,45.0,38.0,0.28,50.0,33.57,26.09,29.83,72.5,0.67,24.36,40.48,104.87,30.02,DANGER,0,26.67,False,1,1.52,1.5,1,1,0.445,0.795,0.43,0.383,0.468,0.525,0.542,0.849,0.65,0.545,0.2351,0.1297,0.1097,0.0951,0.0947,0.4746,0.7785,0.01885,0.05558,0.07443,0,0,0,0,0,0,0,0,0,0,-0.07443,0.0,0.0,"{""max_temperature_c"": 33.57, ""mean_temperature_c"": 29.83, ""humidity_percent"": 72.5, ""wbgt_c"": 30.02, ""heat_index_c"": 40.48, ""heat_duration_hours"": 1, ""consecutive_heat_days"": 1}"
2026-01-24,Karnataka,SYNTHETIC,68000000,11.5,38.5,50.0,0.45,42.0,32.36,20.74,26.55,55.8,2.26,17.0,32.78,91.0,26.21,LOW,0,21.23,False,0,1.44,-4.7,0,0,0.0,0.0,0.7,0.324,0.707,0.559,0.498,0.668,0.55,0.494,0.0124,0.0,0.0,0.0,0.0,0.0124,0.0124,0.02959,0.08931,0.1189,0,1,1,1,0,0,0,0,0,1,0.8811,0.001471,0.0,"{""max_temperature_c"": 32.36, ""mean_temperature_c"": 26.55, ""humidity_percent"": 55.8, ""wbgt_c"": 26.21, ""heat_index_c"": 32.78, ""heat_duration_hours"": 0, ""consecutive_heat_days"": 0}"
2026-01-25,Tamil Nadu,SYNTHETIC,77000000,13.0,40.0,47.0,0.36,55.0,31.39,23.91,27.65,73.7,4.11,22.53,35.53,95.96,27.63,LOW,0,24.55,False,0,-0.42,3.3,0,0,0.091,0.566,0.48,0.422,0.761,0.52,0.532,0.787,0.6,0.533,0.0409,0.0319,0.0035,0.0436,0.0536,0.0763,0.4732,0.02076,0.06104,0.08179,0,0,0,0,0,0,0,0,0,0,-0.08179,0.0,0.0,"{""max_temperature_c"": 31.39, ""mean_temperature_c"": 27.65, ""humidity_percent"": 73.7, ""wbgt_c"": 27.63, ""heat_index_c"": 35.53, ""heat_duration_hours"": 0, ""consecutive_heat_days"": 0}"
2026-01-25,Kerala,SYNTHETIC,35800000,17.0,45.0,38.0,0.28,50.0,32.69,26.66,29.68,76.9,2.81,25.2,40.46,104.83,29.57,CAUTION,0,27.26,False,0,0.62,6.0,0,0,0.543,0.9,0.412,0.399,0.465,0.523,0.611,0.85,0.65,0.549,0.1819,0.2351,0.1297,0.1097,0.0941,0.5468,0.8664,0.01756,0.05192,0.06948,0,0,0,0,0,0,0,0,0,0,-0.06948,0.0,0.0,"{""max_temperature_c"": 32.69, ""mean_temperature_c"": 29.68, ""humidity_percent"": 76.9, ""wbgt_c"": 29.57, ""heat_index_c"": 40.46, ""heat_duration_hours"": 0, ""consecutive_heat_days"": 0}"
2026-01-25,Karnataka,SYNTHETIC,68000000,11.5,38.5,50.0,0.45,42.0,32.81,21.22,27.01,60.1,2.99,18.61,34.15,93.47,26.92,LOW,0,21.73,False,0,1.83,-0.2,0,0,0.0,0.077,0.56,0.342,0.68,0.556,0.519,0.67,0.55,0.496,0.0392,0.0124,0.0,0.0,0.0,0.0516,0.0516,0.0269,0.08662,0.11352,0,0,0,0,0,0,0,0,0,0,-0.11352,0.0,0.0,"{""max_temperature_c"": 32.81, ""mean_temperature_c"": 27.01, ""humidity_percent"": 60.1, ""wbgt_c"": 26.92, ""heat_index_c"": 34.15, ""heat_duration_hours"": 0, ""consecutive_heat_days"": 0}"
2026-01-26,Tamil Nadu,SYNTHETIC,77000000,13.0,40.0,47.0,0.36,55.0,31.03,22.72,26.88,73.0,1.4,21.63,34.28,93.7,27.35,LOW,0,23.44,False,0,-0.84,2.8,0,0,0.0,0.453,0.558,0.477,0.777,0.517,0.56,0.786,0.6,0.531,0.0338,0.0409,0.0319,0.0035,0.1414,0.1065,0.3656,0.02211,0.06262,0.08473,0,1,1,1,0,0,0,0,0,1,0.91527,0.001299,0.0,"{""max_temperature_c"": 31.03, ""mean_temperature_c"": 26.88, ""humidity_percent"": 73.0, ""wbgt_c"": 27.35, ""heat_index_c"": 34.28, ""heat_duration_hours"": 0, ""consecutive_heat_days"": 0}"
2026-01-26,Kerala,SYNTHETIC,35800000,17.0,45.0,38.0,0.28,50.0,34.39,27.78,31.09,74.6,3.24,26.05,44.16,111.49,30.87,DANGER,0,28.45,False,1,2.29,3.8,7,1,0.742,1.0,0.447,0.447,0.472,0.525,0.604,0.85,0.65,0.547,0.3994,0.1819,0.2351,0.1297,0.0825,0.8165,1.1833,0.02994,0.09608,0.12601,0,0,0,0,0,0,0,0,0,0,-0.12601,0.0,0.0,"{""max_temperature_c"": 34.39, ""mean_temperature_c"": 31.09, ""humidity_percent"": 74.6, ""wbgt_c"": 30.87, ""heat_index_c"": 44.16, ""heat_duration_hours"": 7, ""consecutive_heat_days"": 1}"
2026-01-26,Karnataka,SYNTHETIC,68000000,11.5,38.5,50.0,0.45,42.0,32.3,20.58,26.44,54.4,1.86,16.51,32.49,90.49,26.05,LOW,0,21.07,False,0,1.26,-5.7,0,0,0.0,0.0,0.753,0.33,0.718,0.557,0.481,0.667,0.55,0.496,0.0073,0.0392,0.0124,0.0,0.0,0.0589,0.0589,0.03217,0.09407,0.12624,0,0,0,0,0,0,0,0,0,0,-0.12624,0.0,0.0,"{""max_temperature_c"": 32.3, ""mean_temperature_c"": 26.44, ""humidity_percent"": 54.4, ""wbgt_c"": 26.05, ""heat_index_c"": 32.49, ""heat_duration_hours"": 0, ""consecutive_heat_days"": 0}"
2026-01-27,Tamil Nadu,SYNTHETIC,77000000,13.0,40.0,47.0,0.36,55.0,30.91,22.72,26.82,72.8,1.42,21.53,34.05,93.29,27.22,LOW,0,23.4,False,0,-1.03,2.8,0,0,0.0,0.441,0.573,0.455,0.78,0.518,0.572,0.785,0.6,0.527,0.0304,0.0338,0.0409,0.0319,0.1149,0.1051,0.2811,0.02264,0.06379,0.08642,0,0,0,0,0,0,0,0,0,0,-0.08642,0.0,0.0,"{""max_temperature_c"": 30.91, ""mean_temperature_c"": 26.82, ""humidity_percent"": 72.8, ""wbgt_c"": 27.22, ""heat_index_c"": 34.05, ""heat_duration_hours"": 0, ""consecutive_heat_days"": 0}"
2026-01-27,Kerala,SYNTHETIC,35800000,17.0,45.0,38.0,0.28,50.0,35.52,29.29,32.41,75.7,0.48,27.56,48.57,119.43,32.34,EXTREME,5,29.96,True,2,3.4,4.9,13,2,0.994,1.0,0.42,0.446,0.467,0.522,0.707,0.849,0.65,0.547,0.7618,0.3994,0.1819,0.2351,0.0322,1.3432,1.9129,0.05454,0.20014,0.25468,0,0,0,0,0,0,0,0,0,0,-0.25468,0.0,0.0,"{""max_temperature_c"": 35.52, ""mean_temperature_c"": 32.41, ""humidity_percent"": 75.7, ""wbgt_c"": 32.34, ""heat_index_c"": 48.57, ""heat_duration_hours"": 13, ""consecutive_heat_days"": 2}"
2026-01-27,Karnataka,SYNTHETIC,68000000,11.5,38.5,50.0,0.45,42.0,31.88,20.28,26.08,53.7,5.82,15.97,31.84,89.3,25.2,LOW,0,20.84,False,0,0.78,-6.2,0,0,0.0,0.0,0.726,0.376,0.713,0.558,0.482,0.668,0.55,0.496,0.0,0.0073,0.0392,0.0124,0.0,0.0465,0.0589,0.03187,0.0948,0.12667,0,0,0,0,0,0,0,0,0,0,-0.12667,0.0,0.0,"{""max_temperature_c"": 31.88, ""mean_temperature_c"": 26.08, ""humidity_percent"": 53.7, ""wbgt_c"": 25.2, ""heat_index_c"": 31.84, ""heat_duration_hours"": 0, ""consecutive_heat_days"": 0}"
2026-01-28,Tamil Nadu,SYNTHETIC,77000000,13.0,40.0,47.0,0.36,55.0,33.07,24.85,28.96,67.2,2.35,22.26,37.39,99.29,28.61,CAUTION,0,25.55,False,0,1.07,-2.6,0,0,0.259,0.533,0.61,0.469,0.787,0.515,0.529,0.785,0.6,0.527,0.1169,0.0304,0.0338,0.0409,0.097,0.1812,0.301,0.02525,0.06912,0.09438,0,0,0,0,0,0,0,0,0,0,-0.09438,0.0,0.0,"{""max_temperature_c"": 33.07, ""mean_temperature_c"": 28.96, ""humidity_percent"": 67.2, ""wbgt_c"": 28.61, ""heat_index_c"": 37.39, ""heat_duration_hours"": 0, ""consecutive_heat_days"": 0}"
2026-01-28,Kerala,SYNTHETIC,35800000,17.0,45.0,38.0,0.28,50.0,33.74,27.52,30.63,78.1,2.56,26.38,43.81,110.86,30.78,DANGER,0,28.11,False,3,1.59,7.5,7,3,0.684,1.0,0.482,0.394,0.479,0.53,0.751,0.849,0.65,0.548,0.3717,0.7618,0.3994,0.1819,0.0951,1.5329,2.1894,0.03372,0.10198,0.1357,0,0,0,0,0,0,0,0,0,0,-0.1357,0.0,0.0,"{""max_temperature_c"": 33.74, ""mean_temperature_c"": 30.63, ""humidity_percent"": 78.1, ""wbgt_c"": 30.78, ""heat_index_c"": 43.81, ""heat_duration_hours"": 7, ""consecutive_heat_days"": 3}"
2026-01-28,Karnataka,SYNTHETIC,68000000,11.5,38.5,50.0,0.45,42.0,30.97,20.15,25.56,52.4,2.45,15.1,30.64,87.14,24.7,LOW,0,20.64,False,0,-0.2,-7.3,0,0,0.0,0.0,0.755,0.326,0.719,0.556,0.523,0.668,0.55,0.498,0.0,0.0,0.0073,0.0392,0.0,0.0073,0.0589,0.03243,0.09559,0.12802,0,0,0,0,0,0,0,0,0,0,-0.12802,0.0,0.0,"{""max_temperature_c"": 30.97, ""mean_temperature_c"": 25.56, ""humidity_percent"": 52.4, ""wbgt_c"": 24.7, ""heat_index_c"": 30.64, ""heat_duration_hours"": 0, ""consecutive_heat_days"": 0}"
2026-01-29,Tamil Nadu,SYNTHETIC,77000000,13.0,40.0,47.0,0.36,55.0,30.83,23.4,27.11,71.4,2.33,21.51,33.93,93.08,27.19,LOW,0,24.04,False,0,-1.23,1.8,0,0,0.007,0.438,0.604,0.433,0.786,0.517,0.557,0.785,0.6,0.527,0.0298,0.1169,0.0304,0.0338,0.0436,0.1772,0.2872,0.02438,0.06701,0.09139,0,0,0,0,0,0,0,0,0,0,-0.09139,0.0,0.0,"{""max_temperature_c"": 30.83, ""mean_temperature_c"": 27.11, ""humidity_percent"": 71.4, ""wbgt_c"": 27.19, ""heat_index_c"": 33.93, ""heat_duration_hours"": 0, ""consecutive_heat_days"": 0}"
2026-01-29,Kerala,SYNTHETIC,35800000,17.0,45.0,38.0,0.28,50.0,33.17,27.28,30.23,74.7,2.37,25.25,41.2,106.15,30.02,DANGER,0,27.87,False,0,1.0,4.2,1,4,0.646,0.906,0.446,0.395,0.472,0.531,0.72,0.847,0.65,0.552,0.2271,0.3717,0.7618,0.3994,0.1097,1.3605,2.3067,0.02259,0.06565,0.08824,0,0,0,0,0,0,0,0,0,0,-0.08824,0.0,0.0,"{""max_temperature_c"": 33.17, ""mean_temperature_c"": 30.23, ""humidity_percent"": 74.7, ""wbgt_c"": 30.02, ""heat_index_c"": 41.2, ""heat_duration_hours"": 1, ""consecutive_heat_days"": 4}"
2026-01-29,Karnataka,SYNTHETIC,68000000,11.5,38.5,50.0,0.45,42.0,30.07,19.03,24.55,58.0,1.2,15.76,30.02,86.03,24.55,LOW,0,19.55,False,0,-1.16,-1.4,0,0,0.0,0.0,0.742,0.35,0.716,0.557,0.458,0.668,0.55,0.499,0.0,0.0,0.0,0.0073,0.0,0.0,0.0589,0.03326,0.09809,0.13135,0,1,1,1,0,0,0,0,0,1,0.86865,0.001471,0.0,"{""max_temperature_c"": 30.07, ""mean_temperature_c"": 24.55, ""humidity_percent"": 58.0, ""wbgt_c"": 24.55, ""heat_index_c"": 30.02, ""heat_duration_hours"": 0, ""consecutive_heat_days"": 0}"
2026-01-30,Tamil Nadu,SYNTHETIC,77000000,13.0,40.0,47.0,0.36,55.0,31.99,24.49,28.24,65.4,2.39,21.14,35.03,95.05,27.62,LOW,0,25.15,False,0,-0.14,-4.1,0,0,0.192,0.393,0.567,0.442,0.778,0.523,0.596,0.785,0.6,0.528,0.0405,0.0298,0.1169,0.0304,0.0035,0.1872,0.3242,0.02382,0.06736,0.09119,0,0,0,0,0,0,0,0,0,0,-0.09119,0.0,0.0,"{""max_temperature_c"": 31.99, ""mean_temperature_c"": 28.24, ""humidity_percent"": 65.4, ""wbgt_c"": 27.62, ""heat_index_c"": 35.03, ""heat_duration_hours"": 0, ""consecutive_heat_days"": 0}"
2026-01-30,Kerala,SYNTHETIC,35800000,17.0,45.0,38.0,0.28,50.0,33.47,26.23,29.85,76.0,2.74,25.16,41.47,106.64,30.11,DANGER,0,26.87,False,0,1.26,5.5,3,5,0.478,0.894,0.492,0.428,0.481,0.533,0.59,0.847,0.65,0.556,0.2488,0.2271,0.3717,0.7618,0.1297,0.8475,2.4258,0.0258,0.07476,0.10056,0,0,0,0,0,0,0,0,0,0,-0.10056,0.0,0.0,"{""max_temperature_c"": 33.47, ""mean_temperature_c"": 29.85, ""humidity_percent"": 76.0, ""wbgt_c"": 30.11, ""heat_index_c"": 41.47, ""heat_duration_hours"": 3, ""consecutive_heat_days"": 5}"
2026-01-30,Karnataka,SYNTHETIC,68000000,11.5,38.5,50.0,0.45,42.0,29.05,18.1,23.57,61.5,3.65,15.74,29.1,84.37,23.7,LOW,0,18.57,False,0,-2.26,2.2,0,0,0.0,0.0,0.746,0.315,0.717,0.559,0.469,0.667,0.55,0.498,0.0,0.0,0.0,0.0,0.0,0.0,0.0589,0.03383,0.09974,0.13357,0,0,0,0,0,0,0,0,0,0,-0.13357,0.0,0.0,"{""max_temperature_c"": 29.05, ""mean_temperature_c"": 23.57, ""humidity_percent"": 61.5, ""wbgt_c"": 23.7, ""heat_index_c"": 29.1, ""heat_duration_hours"": 0, ""consecutive_heat_days"": 0}"
2026-01-31,Tamil Nadu,SYNTHETIC,77000000,13.0,40.0,47.0,0.36,55.0,32.28,24.01,28.15,64.0,3.23,20.7,35.01,95.03,27.52,LOW,0,24.68,False,0,0.08,-5.3,0,0,0.113,0.337,0.531,0.446,0.771,0.53,0.546,0.785,0.6,0.531,0.0436,0.0405,0.0298,0.1169,0.0319,0.1139,0.3359,0.02405,0.069,0.09305,0,0,0,0,0,0,0,0,0,0,-0.09305,0.0,0.0,"{""max_temperature_c"": 32.28, ""mean_temperature_c"": 28.15, ""humidity_percent"": 64.0, ""wbgt_c"": 27.52, ""heat_index_c"": 35.01, ""heat_duration_hours"": 0, ""consecutive_heat_days"": 0}"
2026-01-31,Kerala,SYNTHETIC,35800000,17.0,45.0,38.0,0.28,50.0,33.55,27.24,30.39,71.9,2.22,24.76,41.01,105.82,29.96,CAUTION,0,27.91,False,1,1.32,1.5,0,0,0.651,0.845,0.366,0.447,0.456,0.533,0.611,0.846,0.65,0.556,0.2277,0.2488,0.2271,0.3717,0.2351,0.7036,2.4184,0.01983,0.06022,0.08005,0,0,0,0,0,0,0,0,0,0,-0.08005,0.0,0.0,"{""max_temperature_c"": 33.55, ""mean_temperature_c"": 30.39, ""humidity_percent"": 71.9, ""wbgt_c"": 29.96, ""heat_index_c"": 41.01, ""heat_duration_hours"": 0, ""consecutive_heat_days"": 0}"
2026-01-31,Karnataka,SYNTHETIC,68000000,11.5,38.5,50.0,0.45,42.0,31.08,21.06,26.07,65.6,3.1,19.14,32.57,90.63,26.24,LOW,0,21.6,False,0,-0.29,6.6,0,0,0.0,0.142,0.673,0.366,0.702,0.564,0.486,0.668,0.55,0.499,0.0061,0.0,0.0,0.0,0.0124,0.0061,0.0526,0.03245,0.09948,0.13193,0,0,0,0,0,0,0,0,0,0,-0.13193,0.0,0.0,"{""max_temperature_c"": 31.08, ""mean_temperature_c"": 26.07, ""humidity_percent"": 65.6, ""wbgt_c"": 26.24, ""heat_index_c"": 32.57, ""heat_duration_hours"": 0, ""consecutive_heat_days"": 0}"
2026-02-01,Tamil Nadu,SYNTHETIC,77000000,13.0,40.0,47.0,0.36,55.0,32.47,23.98,28.22,61.3,1.35,20.08,34.76,94.57,27.57,LOW,0,24.63,False,0,0.2,-7.8,0,0,0.106,0.26,0.44,0.436,0.753,0.539,0.551,0.785,0.6,0.529,0.0487,0.0436,0.0405,0.0298,0.0409,0.1328,0.3437,0.02287,0.06883,0.0917,0,0,0,0,0,0,0,0,0,0,-0.0917,0.0,0.0,"{""max_temperature_c"": 32.47, ""mean_temperature_c"": 28.22, ""humidity_percent"": 61.3, ""wbgt_c"": 27.57, ""heat_index_c"": 34.76, ""heat_duration_hours"": 0, ""consecutive_heat_days"": 0}"
2026-02-01,Kerala,SYNTHETIC,35800000,17.0,45.0,38.0,0.28,50.0,32.44,26.5,29.47,78.8,2.39,25.4,40.39,104.71,29.7,CAUTION,0,27.07,False,0,0.19,8.4,0,0,0.512,0.925,0.276,0.377,0.438,0.533,0.608,0.849,0.65,0.557,0.1867,0.2277,0.2488,0.2271,0.1819,0.6632,2.4232,0.01786,0.05653,0.07438,0,0,0,0,0,0,0,0,0,0,-0.07438,0.0,0.0,"{""max_temperature_c"": 32.44, ""mean_temperature_c"": 29.47, ""humidity_percent"": 78.8, ""wbgt_c"": 29.7, ""heat_index_c"": 40.39, ""heat_duration_hours"": 0, ""consecutive_heat_days"": 0}"
2026-02-01,Karnataka,SYNTHETIC,68000000,11.5,38.5,50.0,0.45,42.0,31.38,20.08,25.73,62.6,0.91,18.06,32.29,90.11,26.2,LOW,0,20.57,False,0,-0.07,3.7,0,0,0.0,0.007,0.627,0.326,0.693,0.569,0.483,0.668,0.55,0.5,0.0049,0.0061,0.0,0.0,0.0392,0.011,0.0182,0.032,0.10048,0.13248,0,0,0,0,0,0,0,0,0,0,-0.13248,0.0,0.0,"{""max_temperature_c"": 31.38, ""mean_temperature_c"": 25.73, ""humidity_percent"": 62.6, ""wbgt_c"": 26.2, ""heat_index_c"": 32.29, ""heat_duration_hours"": 0, ""consecutive_heat_days"": 0}"
2026-02-02,Tamil Nadu,SYNTHETIC,77000000,13.0,40.0,47.0,0.36,55.0,31.77,24.1,27.93,69.3,2.1,21.78,35.32,95.57,27.73,LOW,0,24.78,False,0,-0.57,0.3,0,0,0.13,0.473,0.576,0.456,0.78,0.532,0.539,0.784,0.6,0.535,0.0433,0.0487,0.0436,0.0405,0.0338,0.1356,0.3532,0.02582,0.07248,0.09831,0,0,0,0,0,0,0,0,0,0,-0.09831,0.0,0.0,"{""max_temperature_c"": 31.77, ""mean_temperature_c"": 27.93, ""humidity_percent"": 69.3, ""wbgt_c"": 27.73, ""heat_index_c"": 35.32, ""heat_duration_hours"": 0, ""consecutive_heat_days"": 0}"
2026-02-02,Kerala,SYNTHETIC,35800000,17.0,45.0,38.0,0.28,50.0,31.56,25.45,28.51,78.2,1.42,24.34,37.73,99.91,28.74,CAUTION,0,26.03,False,0,-0.73,8.0,0,0,0.338,0.793,0.44,0.386,0.471,0.535,0.603,0.848,0.65,0.553,0.1059,0.1867,0.2277,0.2488,0.3994,0.5203,2.1296,0.01916,0.05581,0.07498,0,0,0,0,0,0,0,0,0,0,-0.07498,0.0,0.0,"{""max_temperature_c"": 31.56, ""mean_temperature_c"": 28.51, ""humidity_percent"": 78.2, ""wbgt_c"": 28.74, ""heat_index_c"": 37.73, ""heat_duration_hours"": 0, ""consecutive_heat_days"": 0}"
2026-02-02,Karnataka,SYNTHETIC,68000000,11.5,38.5,50.0,0.45,42.0,31.81,21.94,26.88,67.3,5.15,20.31,34.17,93.51,26.82,LOW,0,22.43,False,0,0.29,8.7,0,0,0.0,0.289,0.764,0.332,0.72,0.567,0.521,0.668,0.55,0.502,0.0205,0.0049,0.0061,0.0,0.0073,0.0314,0.0314,0.03587,0.1052,0.14108,0,0,0,0,0,0,0,0,0,0,-0.14108,0.0,0.0,"{""max_temperature_c"": 31.81, ""mean_temperature_c"": 26.88, ""humidity_percent"": 67.3, ""wbgt_c"": 26.82, ""heat_index_c"": 34.17, ""heat_duration_hours"": 0, ""consecutive_heat_days"": 0}"
2026-02-03,Tamil Nadu,SYNTHETIC,77000000,13.0,40.0,47.0,0.36,55.0,33.32,24.46,28.89,68.5,5.27,22.52,37.96,100.34,28.55,CAUTION,0,25.19,False,0,0.91,-0.3,0,0,0.198,0.565,0.59,0.482,0.783,0.533,0.561,0.787,0.6,0.535,0.1178,0.0433,0.0487,0.0436,0.0304,0.2097,0.4406,0.02754,0.07653,0.10407,0,0,0,0,0,0,0,0,0,0,-0.10407,0.0,0.0,"{""max_temperature_c"": 33.32, ""mean_temperature_c"": 28.89, ""humidity_percent"": 68.5, ""wbgt_c"": 28.55, ""heat_index_c"": 37.96, ""heat_duration_hours"": 0, ""consecutive_heat_days"": 0}"
2026-02-03,Kerala,SYNTHETIC,35800000,17.0,45.0,38.0,0.28,50.0,31.04,26.3,28.67,77.2,2.97,24.29,36.92,98.46,28.32,CAUTION,0,26.87,False,0,-1.28,7.1,0,0,0.479,0.786,0.44,0.38,0.471,0.531,0.587,0.846,0.65,0.551,0.0743,0.1059,0.1867,0.2277,0.7618,0.3669,1.4421,0.01873,0.05525,0.07398,0,0,0,0,0,0,0,0,0,0,-0.07398,0.0,0.0,"{""max_temperature_c"": 31.04, ""mean_temperature_c"": 28.67, ""humidity_percent"": 77.2, ""wbgt_c"": 28.32, ""heat_index_c"": 36.92, ""heat_duration_hours"": 0, ""consecutive_heat_days"": 0}"
2026-02-03,Karnataka,SYNTHETIC,68000000,11.5,38.5,50.0,0.45,42.0,30.18,20.05,25.12,68.3,1.51,18.85,31.45,88.61,25.81,LOW,0,20.57,False,0,-1.41,9.8,0,0,0.0,0.107,0.721,0.348,0.712,0.564,0.491,0.67,0.55,0.501,0.0,0.0205,0.0049,0.0061,0.0,0.0253,0.0314,0.03524,0.10541,0.14066,0,1,1,0,1,0,0,0,0,1,0.85934,0.001471,0.0,"{""max_temperature_c"": 30.18, ""mean_temperature_c"": 25.12, ""humidity_percent"": 68.3, ""wbgt_c"": 25.81, ""heat_index_c"": 31.45, ""heat_duration_hours"": 0, ""consecutive_heat_days"": 0}"
2026-02-04,Tamil Nadu,SYNTHETIC,77000000,13.0,40.0,47.0,0.36,55.0,31.73,24.71,28.22,70.1,4.04,22.25,35.7,96.25,27.68,LOW,0,25.39,False,0,-0.76,1.5,0,0,0.231,0.532,0.669,0.453,0.799,0.532,0.544,0.787,0.6,0.539,0.042,0.1178,0.0433,0.0487,0.1169,0.203,0.3656,0.02908,0.07771,0.10679,0,0,0,0,0,0,0,0,0,0,-0.10679,0.0,0.0,"{""max_temperature_c"": 31.73, ""mean_temperature_c"": 28.22, ""humidity_percent"": 70.1, ""wbgt_c"": 27.68, ""heat_index_c"": 35.7, ""heat_duration_hours"": 0, ""consecutive_heat_days"": 0}"
2026-02-04,Kerala,SYNTHETIC,35800000,17.0,45.0,38.0,0.28,50.0,31.48,26.53,29.01,78.6,3.38,24.91,38.34,101.02,28.89,CAUTION,0,27.1,False,0,-0.86,8.5,0,0,0.516,0.864,0.451,0.376,0.473,0.532,0.647,0.846,0.65,0.552,0.1169,0.0743,0.1059,0.1867,0.3717,0.2971,1.1874,0.01892,0.05596,0.07488,0,0,0,0,0,0,0,0,0,0,-0.07488,0.0,0.0,"{""max_temperature_c"": 31.48, ""mean_temperature_c"": 29.01, ""humidity_percent"": 78.6, ""wbgt_c"": 28.89, ""heat_index_c"": 38.34, ""heat_duration_hours"": 0, ""consecutive_heat_days"": 0}"
2026-02-04,Karnataka,SYNTHETIC,68000000,11.5,38.5,50.0,0.45,42.0,30.22,18.17,24.2,59.2,3.84,15.74,30.15,86.26,24.42,LOW,0,18.7,False,0,-1.45,0.9,0,0,0.0,0.0,0.695,0.351,0.706,0.566,0.485,0.668,0.55,0.501,0.0,0.0,0.0205,0.0049,0.0,0.0205,0.0314,0.03514,0.10664,0.14178,0,0,0,0,0,0,0,0,0,0,-0.14178,0.0,0.0,"{""max_temperature_c"": 30.22, ""mean_temperature_c"": 24.2, ""humidity_percent"": 59.2, ""wbgt_c"": 24.42, ""heat_index_c"": 30.15, ""heat_duration_hours"": 0, ""consecutive_heat_days"": 0}"
2026-02-05,Tamil Nadu,SYNTHETIC,77000000,13.0,40.0,47.0,0.36,55.0,32.9,25.83,29.36,72.8,5.37,23.98,39.09,102.37,28.95,CAUTION,0,26.54,False,0,0.34,4.3,0,0,0.423,0.747,0.64,0.472,0.793,0.529,0.574,0.788,0.6,0.537,0.1392,0.042,0.1178,0.0433,0.0298,0.299,0.475,0.03036,0.08285,0.11321,0,1,1,0,1,0,0,0,0,1,0.88679,0.001299,0.0,"{""max_temperature_c"": 32.9, ""mean_temperature_c"": 29.36, ""humidity_percent"": 72.8, ""wbgt_c"": 28.95, ""heat_index_c"": 39.09, ""heat_duration_hours"": 0, ""consecutive_heat_days"": 0}"
2026-02-05,Kerala,SYNTHETIC,35800000,17.0,45.0,38.0,0.28,50.0,32.66,26.39,29.53,80.0,1.69,25.71,41.17,106.11,29.92,CAUTION,0,27.02,False,0,0.29,10.0,0,0,0.504,0.963,0.485,0.42,0.479,0.53,0.6,0.846,0.65,0.552,0.2071,0.1169,0.0743,0.1059,0.2271,0.3984,1.1674,0.02144,0.06204,0.08348,0,0,0,0,0,0,0,0,0,0,-0.08348,0.0,0.0,"{""max_temperature_c"": 32.66, ""mean_temperature_c"": 29.53, ""humidity_percent"": 80.0, ""wbgt_c"": 29.92, ""heat_index_c"": 41.17, ""heat_duration_hours"": 0, ""consecutive_heat_days"": 0}"
2026-02-05,Karnataka,SYNTHETIC,68000000,11.5,38.5,50.0,0.45,42.0,30.25,18.12,24.18,53.4,7.62,14.13,29.68,85.43,23.52,LOW,0,18.61,False,0,-1.49,-4.6,0,0,0.0,0.0,0.736,0.329,0.715,0.564,0.521,0.668,0.55,0.499,0.0,0.0,0.0,0.0205,0.0,0.0,0.0314,0.03628,0.10819,0.14447,0,0,0,0,0,0,0,0,0,0,-0.14447,0.0,0.0,"{""max_temperature_c"": 30.25, ""mean_temperature_c"": 24.18, ""humidity_percent"": 53.4, ""wbgt_c"": 23.52, ""heat_index_c"": 29.68, ""heat_duration_hours"": 0, ""consecutive_heat_days"": 0}"
2026-02-06,Tamil Nadu,SYNTHETIC,77000000,13.0,40.0,47.0,0.36,55.0,31.79,23.66,27.73,72.9,2.38,22.42,35.94,96.68,28.02,CAUTION,0,24.36,False,0,-0.84,4.6,0,0,0.06,0.553,0.602,0.469,0.785,0.525,0.524,0.786,0.6,0.536,0.0517,0.1392,0.042,0.1178,0.0405,0.2329,0.4862,0.02874,0.07862,0.10736,0,0,0,0,0,0,0,0,0,0,-0.10736,0.0,0.0,"{""max_temperature_c"": 31.79, ""mean_temperature_c"": 27.73, ""humidity_percent"": 72.9, ""wbgt_c"": 28.02, ""heat_index_c"": 35.94, ""heat_duration_hours"": 0, ""consecutive_heat_days"": 0}"
2026-02-06,Kerala,SYNTHETIC,35800000,17.0,45.0,38.0,0.28,50.0,32.67,26.59,29.63,69.9,1.52,23.54,38.27,100.88,28.92,CAUTION,0,27.25,False,0,0.27,-0.1,0,0,0.541,0.693,0.484,0.437,0.479,0.523,0.61,0.846,0.65,0.557,0.1325,0.2071,0.1169,0.0743,0.2488,0.4565,1.0511,0.02037,0.05807,0.07844,0,0,0,0,0,0,0,0,0,0,-0.07844,0.0,0.0,"{""max_temperature_c"": 32.67, ""mean_temperature_c"": 29.63, ""humidity_percent"": 69.9, ""wbgt_c"": 28.92, ""heat_index_c"": 38.27, ""heat_duration_hours"": 0, ""consecutive_heat_days"": 0}"
2026-02-06,Karnataka,SYNTHETIC,68000000,11.5,38.5,50.0,0.45,42.0,30.93,19.76,25.35,53.4,4.52,15.19,30.62,87.12,24.52,LOW,0,20.26,False,0,-0.88,-4.5,0,0,0.0,0.0,0.713,0.33,0.71,0.563,0.476,0.669,0.55,0.501,0.0,0.0,0.0,0.0,0.0,0.0,0.0314,0.03656,0.10979,0.14636,0,0,0,0,0,0,0,0,0,0,-0.14636,0.0,0.0,"{""max_temperature_c"": 30.93, ""mean_temperature_c"": 25.35, ""humidity_percent"": 53.4, ""wbgt_c"": 24.52, ""heat_index_c"": 30.62, ""heat_duration_hours"": 0, ""consecutive_heat_days"": 0}"
2026-02-07,Tamil Nadu,SYNTHETIC,77000000,13.0,40.0,47.0,0.36,55.0,30.34,23.03,26.69,70.2,1.28,20.8,32.81,91.06,26.6,LOW,0,23.73,False,0,-2.37,2.1,0,0,0.0,0.35,0.547,0.465,0.774,0.52,0.541,0.787,0.6,0.542,0.015,0.0517,0.1392,0.042,0.0436,0.2059,0.4576,0.02666,0.07565,0.1023,0,0,0,0,0,0,0,0,0,0,-0.1023,0.0,0.0,"{""max_temperature_c"": 30.34, ""mean_temperature_c"": 26.69, ""humidity_percent"": 70.2, ""wbgt_c"": 26.6, ""heat_index_c"": 32.81, ""heat_duration_hours"": 0, ""consecutive_heat_days"": 0}"
2026-02-07,Kerala,SYNTHETIC,35800000,17.0,45.0,38.0,0.28,50.0,32.68,27.16,29.92,71.4,1.69,24.18,39.06,102.3,29.25,CAUTION,0,27.75,False,0,0.25,1.5,0,0,0.626,0.772,0.421,0.395,0.467,0.525,0.629,0.844,0.65,0.556,0.1572,0.1325,0.2071,0.1169,0.2277,0.4969,0.9806,0.01998,0.05936,0.07934,0,0,0,0,0,0,0,0,0,0,-0.07934,0.0,0.0,"{""max_temperature_c"": 32.68, ""mean_temperature_c"": 29.92, ""humidity_percent"": 71.4, ""wbgt_c"": 29.25, ""heat_index_c"": 39.06, ""heat_duration_hours"": 0, ""consecutive_heat_days"": 0}"
2026-02-07,Karnataka,SYNTHETIC,68000000,11.5,38.5,50.0,0.45,42.0,30.64,19.44,25.04,61.2,4.11,17.06,31.05,87.89,25.07,LOW,0,19.95,False,0,-1.26,3.5,0,0,0.0,0.0,0.67,0.344,0.702,0.561,0.473,0.668,0.55,0.505,0.0,0.0,0.0,0.0,0.0061,0.0,0.0253,0.03579,0.10975,0.14554,0,0,0,0,0,0,0,0,0,0,-0.14554,0.0,0.0,"{""max_temperature_c"": 30.64, ""mean_temperature_c"": 25.04, ""humidity_percent"": 61.2, ""wbgt_c"": 25.07, ""heat_index_c"": 31.05, ""heat_duration_hours"": 0, ""consecutive_heat_days"": 0}"
2026-02-08,Tamil Nadu,SYNTHETIC,77000000,13.0,40.0,47.0,0.36,55.0,31.91,24.49,28.2,72.3,3.34,22.75,36.42,97.55,28.19,CAUTION,0,25.18,False,0,-0.87,4.4,0,0,0.196,0.594,0.446,0.459,0.754,0.52,0.569,0.788,0.6,0.543,0.064,0.015,0.0517,0.1392,0.0487,0.1306,0.4729,0.02523,0.07566,0.10089,0,0,0,0,0,0,0,0,0,0,-0.10089,0.0,0.0,"{""max_temperature_c"": 31.91, ""mean_temperature_c"": 28.2, ""humidity_percent"": 72.3, ""wbgt_c"": 28.19, ""heat_index_c"": 36.42, ""heat_duration_hours"": 0, ""consecutive_heat_days"": 0}"
2026-02-08,Kerala,SYNTHETIC,35800000,17.0,45.0,38.0,0.28,50.0,32.65,27.33,29.99,66.1,2.32,22.96,37.58,99.64,28.77,CAUTION,0,27.88,False,0,0.19,-3.7,0,0,0.646,0.62,0.368,0.366,0.456,0.531,0.594,0.843,0.65,0.558,0.1204,0.1572,0.1325,0.2071,0.1867,0.4101,0.9143,0.0191,0.0579,0.07699,0,0,0,0,0,0,0,0,0,0,-0.07699,0.0,0.0,"{""max_temperature_c"": 32.65, ""mean_temperature_c"": 29.99, ""humidity_percent"": 66.1, ""wbgt_c"": 28.77, ""heat_index_c"": 37.58, ""heat_duration_hours"": 0, ""consecutive_heat_days"": 0}"
2026-02-08,Karnataka,SYNTHETIC,68000000,11.5,38.5,50.0,0.45,42.0,32.29,22.2,27.24,57.6,3.37,18.15,33.3,91.94,26.43,LOW,0,22.71,False,0,0.32,0.1,0,0,0.0,0.018,0.605,0.337,0.689,0.562,0.515,0.667,0.55,0.506,0.0163,0.0,0.0,0.0,0.0049,0.0163,0.0368,0.03417,0.10829,0.14246,0,0,0,0,0,0,0,0,0,0,-0.14246,0.0,0.0,"{""max_temperature_c"": 32.29, ""mean_temperature_c"": 27.24, ""humidity_percent"": 57.6, ""wbgt_c"": 26.43, ""heat_index_c"": 33.3, ""heat_duration_hours"": 0, ""consecutive_heat_days"": 0}"
2026-02-09,Tamil Nadu,SYNTHETIC,77000000,13.0,40.0,47.0,0.36,55.0,32.61,24.47,28.54,70.3,3.77,22.61,37.16,98.89,28.41,CAUTION,0,25.14,False,0,-0.26,2.6,0,0,0.19,0.577,0.549,0.451,0.775,0.518,0.581,0.787,0.6,0.541,0.0926,0.064,0.015,0.0517,0.0433,0.1715,0.5222,0.02809,0.07961,0.1077,0,0,0,0,0,0,0,0,0,0,-0.1077,0.0,0.0,"{""max_temperature_c"": 32.61, ""mean_temperature_c"": 28.54, ""humidity_percent"": 70.3, ""wbgt_c"": 28.41, ""heat_index_c"": 37.16, ""heat_duration_hours"": 0, ""consecutive_heat_days"": 0}"
2026-02-09,Kerala,SYNTHETIC,35800000,17.0,45.0,38.0,0.28,50.0,32.85,27.04,29.95,64.7,2.67,22.59,37.44,99.39,28.57,CAUTION,0,27.67,False,0,0.36,-5.0,0,0,0.612,0.573,0.484,0.419,0.479,0.527,0.576,0.842,0.65,0.558,0.1097,0.1204,0.1572,0.1325,0.1059,0.3873,0.9181,0.02078,0.05928,0.08006,0,0,0,0,0,0,0,0,0,0,-0.08006,0.0,0.0,"{""max_temperature_c"": 32.85, ""mean_temperature_c"": 29.95, ""humidity_percent"": 64.7, ""wbgt_c"": 28.57, ""heat_index_c"": 37.44, ""heat_duration_hours"": 0, ""consecutive_heat_days"": 0}"
2026-02-09,Karnataka,SYNTHETIC,68000000,11.5,38.5,50.0,0.45,42.0,31.82,21.49,26.65,56.1,1.51,17.19,32.31,90.16,26.09,LOW,0,22.04,False,0,-0.23,-1.2,0,0,0.0,0.0,0.77,0.367,0.722,0.566,0.5,0.671,0.55,0.505,0.0022,0.0163,0.0,0.0,0.0205,0.0186,0.0186,0.0399,0.11665,0.15655,0,0,0,0,0,0,0,0,0,0,-0.15655,0.0,0.0,"{""max_temperature_c"": 31.82, ""mean_temperature_c"": 26.65, ""humidity_percent"": 56.1, ""wbgt_c"": 26.09, ""heat_index_c"": 32.31, ""heat_duration_hours"": 0, ""consecutive_heat_days"": 0}"
2026-02-10,Tamil Nadu,SYNTHETIC,77000000,13.0,40.0,47.0,0.36,55.0,33.02,24.44,28.73,65.0,2.1,21.51,36.59,97.86,28.18,CAUTION,0,25.06,False,0,0.07,-2.6,0,0,0.176,0.438,0.63,0.41,0.791,0.519,0.565,0.785,0.6,0.537,0.0838,0.0926,0.064,0.015,0.1178,0.2403,0.4882,0.03072,0.08318,0.1139,0,0,0,0,0,0,0,0,0,0,-0.1139,0.0,0.0,"{""max_temperature_c"": 33.02, ""mean_temperature_c"": 28.73, ""humidity_percent"": 65.0, ""wbgt_c"": 28.18, ""heat_index_c"": 36.59, ""heat_duration_hours"": 0, ""consecutive_heat_days"": 0}"
2026-02-10,Kerala,SYNTHETIC,35800000,17.0,45.0,38.0,0.28,50.0,33.39,25.83,29.61,64.4,1.14,22.19,37.71,99.88,28.81,CAUTION,0,26.48,False,0,0.87,-5.2,0,0,0.414,0.524,0.538,0.435,0.49,0.523,0.596,0.841,0.65,0.552,0.1389,0.1097,0.1204,0.1572,0.0743,0.3689,0.9827,0.0218,0.06025,0.08205,0,0,0,0,0,0,0,0,0,0,-0.08205,0.0,0.0,"{""max_temperature_c"": 33.39, ""mean_temperature_c"": 29.61, ""humidity_percent"": 64.4, ""wbgt_c"": 28.81, ""heat_index_c"": 37.71, ""heat_duration_hours"": 0, ""consecutive_heat_days"": 0}"
2026-02-10,Karnataka,SYNTHETIC,68000000,11.5,38.5,50.0,0.45,42.0,31.48,20.2,25.84,55.8,1.92,16.35,31.59,88.86,25.41,LOW,0,20.71,False,0,-0.65,-1.3,0,0,0.0,0.0,0.767,0.34,0.721,0.569,0.467,0.672,0.55,0.503,0.0,0.0022,0.0163,0.0,0.0,0.0186,0.0186,0.04092,0.11963,0.16055,0,0,0,0,0,0,0,0,0,0,-0.16055,0.0,0.0,"{""max_temperature_c"": 31.48, ""mean_temperature_c"": 25.84, ""humidity_percent"": 55.8, ""wbgt_c"": 25.41, ""heat_index_c"": 31.59, ""heat_duration_hours"": 0, ""consecutive_heat_days"": 0}"
2026-02-11,Tamil Nadu,SYNTHETIC,77000000,13.0,40.0,47.0,0.36,55.0,32.76,23.83,28.29,63.6,2.99,20.74,35.61,96.1,27.71,LOW,0,24.48,False,0,-0.27,-3.8,0,0,0.08,0.342,0.626,0.435,0.79,0.515,0.58,0.784,0.6,0.535,0.0578,0.0838,0.0926,0.064,0.042,0.2342,0.504,0.0304,0.08251,0.11291,0,0,0,0,0,0,0,0,0,0,-0.11291,0.0,0.0,"{""max_temperature_c"": 32.76, ""mean_temperature_c"": 28.29, ""humidity_percent"": 63.6, ""wbgt_c"": 27.71, ""heat_index_c"": 35.61, ""heat_duration_hours"": 0, ""consecutive_heat_days"": 0}"
2026-02-11,Kerala,SYNTHETIC,35800000,17.0,45.0,38.0,0.28,50.0,33.41,26.68,30.05,60.7,1.62,21.61,37.17,98.91,28.59,CAUTION,0,27.32,False,0,0.87,-8.9,0,0,0.553,0.452,0.445,0.422,0.472,0.525,0.58,0.84,0.65,0.555,0.1225,0.1389,0.1097,0.1204,0.1169,0.371,0.9883,0.02051,0.05941,0.07992,0,0,0,0,0,0,0,0,0,0,-0.07992,0.0,0.0,"{""max_temperature_c"": 33.41, ""mean_temperature_c"": 30.05, ""humidity_percent"": 60.7, ""wbgt_c"": 28.59, ""heat_index_c"": 37.17, ""heat_duration_hours"": 0, ""consecutive_heat_days"": 0}"
2026-02-11,Karnataka,SYNTHETIC,68000000,11.5,38.5,50.0,0.45,42.0,33.59,22.27,27.93,54.3,3.48,17.84,34.56,94.21,27.03,LOW,0,22.83,False,0,1.38,-2.7,0,0,0.0,0.0,0.757,0.372,0.719,0.566,0.503,0.672,0.55,0.5,0.0575,0.0,0.0022,0.0163,0.0,0.0597,0.0761,0.04132,0.12026,0.16158,0,0,0,0,0,0,0,0,0,0,-0.16158,0.0,0.0,"{""max_temperature_c"": 33.59, ""mean_temperature_c"": 27.93, ""humidity_percent"": 54.3, ""wbgt_c"": 27.03, ""heat_index_c"": 34.56, ""heat_duration_hours"": 0, ""consecutive_heat_days"": 0}"
2026-02-12,Tamil Nadu,SYNTHETIC,77000000,13.0,40.0,47.0,0.36,55.0,33.37,25.42,29.4,61.6,1.75,21.25,36.79,98.22,28.42,CAUTION,0,26.07,False,0,0.27,-5.7,0,0,0.345,0.406,0.601,0.433,0.785,0.513,0.569,0.786,0.6,0.537,0.1091,0.0578,0.0838,0.0926,0.1392,0.2507,0.4739,0.03123,0.08589,0.11712,0,0,0,0,0,0,0,0,0,0,-0.11712,0.0,0.0,"{""max_temperature_c"": 33.37, ""mean_temperature_c"": 29.4, ""humidity_percent"": 61.6, ""wbgt_c"": 28.42, ""heat_index_c"": 36.79, ""heat_duration_hours"": 0, ""consecutive_heat_days"": 0}"
2026-02-12,Kerala,SYNTHETIC,35800000,17.0,45.0,38.0,0.28,50.0,33.23,26.53,29.88,61.3,1.23,21.62,36.95,98.51,28.63,CAUTION,0,27.19,False,0,0.65,-8.2,0,0,0.532,0.452,0.453,0.444,0.473,0.527,0.595,0.841,0.65,0.552,0.1218,0.1225,0.1389,0.1097,0.2071,0.3832,0.903,0.02079,0.0602,0.08099,0,0,0,0,0,0,0,0,0,0,-0.08099,0.0,0.0,"{""max_temperature_c"": 33.23, ""mean_temperature_c"": 29.88, ""humidity_percent"": 61.3, ""wbgt_c"": 28.63, ""heat_index_c"": 36.95, ""heat_duration_hours"": 0, ""consecutive_heat_days"": 0}"
2026-02-12,Karnataka,SYNTHETIC,68000000,11.5,38.5,50.0,0.45,42.0,33.6,23.58,28.59,57.2,1.71,19.29,35.5,95.9,27.75,LOW,0,24.16,False,0,1.32,0.4,0,0,0.026,0.161,0.701,0.386,0.708,0.566,0.46,0.672,0.55,0.501,0.0759,0.0575,0.0,0.0022,0.0,0.1334,0.152,0.0415,0.12298,0.16449,0,1,1,0,1,0,0,0,0,1,0.83551,0.001471,0.0,"{""max_temperature_c"": 33.6, ""mean_temperature_c"": 28.59, ""humidity_percent"": 57.2, ""wbgt_c"": 27.75, ""heat_index_c"": 35.5, ""heat_duration_hours"": 0, ""consecutive_heat_days"": 0}"
2026-02-13,Tamil Nadu,SYNTHETIC,77000000,13.0,40.0,47.0,0.36,55.0,33.63,24.93,29.28,59.1,2.75,20.47,36.43,97.58,28.01,CAUTION,0,25.64,False,0,0.45,-8.0,0,0,0.273,0.309,0.551,0.474,0.775,0.507,0.568,0.787,0.6,0.534,0.0831,0.1091,0.0578,0.0838,0.0517,0.25,0.5053,0.02987,0.0837,0.11357,0,0,0,0,0,0,0,0,0,0,-0.11357,0.0,0.0,"{""max_temperature_c"": 33.63, ""mean_temperature_c"": 29.28, ""humidity_percent"": 59.1, ""wbgt_c"": 28.01, ""heat_index_c"": 36.43, ""heat_duration_hours"": 0, ""consecutive_heat_days"": 0}"
2026-02-13,Kerala,SYNTHETIC,35800000,17.0,45.0,38.0,0.28,50.0,32.86,25.69,29.28,68.5,1.7,22.87,37.75,99.95,28.74,CAUTION,0,26.32,False,0,0.25,-1.0,0,0,0.387,0.609,0.471,0.418,0.477,0.527,0.631,0.842,0.65,0.551,0.1223,0.1218,0.1225,0.1389,0.1325,0.3666,0.8928,0.02107,0.06062,0.0817,0,0,0,0,0,0,0,0,0,0,-0.0817,0.0,0.0,"{""max_temperature_c"": 32.86, ""mean_temperature_c"": 29.28, ""humidity_percent"": 68.5, ""wbgt_c"": 28.74, ""heat_index_c"": 37.75, ""heat_duration_hours"": 0, ""consecutive_heat_days"": 0}"
2026-02-13,Karnataka,SYNTHETIC,68000000,11.5,38.5,50.0,0.45,42.0,33.73,22.01,27.87,53.3,3.62,17.51,34.54,94.17,26.89,LOW,0,22.54,False,0,1.38,-3.2,0,0,0.0,0.0,0.705,0.354,0.709,0.568,0.517,0.669,0.55,0.502,0.0569,0.0759,0.0575,0.0,0.0,0.1904,0.2089,0.04146,0.12325,0.16471,0,0,0,0,0,0,0,0,0,0,-0.16471,0.0,0.0,"{""max_temperature_c"": 33.73, ""mean_temperature_c"": 27.87, ""humidity_percent"": 53.3, ""wbgt_c"": 26.89, ""heat_index_c"": 34.54, ""heat_duration_hours"": 0, ""consecutive_heat_days"": 0}"
2026-02-14,Tamil Nadu,SYNTHETIC,77000000,13.0,40.0,47.0,0.36,55.0,33.34,25.78,29.56,61.7,3.66,21.42,36.9,98.42,28.31,CAUTION,0,26.41,False,0,0.07,-5.3,0,0,0.402,0.428,0.531,0.422,0.771,0.517,0.559,0.786,0.6,0.535,0.1003,0.0831,0.1091,0.0578,0.015,0.2925,0.5907,0.03073,0.0874,0.11813,0,0,0,0,0,0,0,0,0,0,-0.11813,0.0,0.0,"{""max_temperature_c"": 33.34, ""mean_temperature_c"": 29.56, ""humidity_percent"": 61.7, ""wbgt_c"": 28.31, ""heat_index_c"": 36.9, ""heat_duration_hours"": 0, ""consecutive_heat_days"": 0}"
2026-02-14,Kerala,SYNTHETIC,35800000,17.0,45.0,38.0,0.28,50.0,32.4,26.3,29.35,74.6,5.75,24.36,38.91,102.05,28.85,CAUTION,0,26.87,False,0,-0.24,5.2,0,0,0.478,0.795,0.442,0.378,0.471,0.522,0.632,0.843,0.65,0.545,0.122,0.1223,0.1218,0.1225,0.1572,0.3661,0.8575,0.0209,0.06128,0.08219,0,0,0,0,0,0,0,0,0,0,-0.08219,0.0,0.0,"{""max_temperature_c"": 32.4, ""mean_temperature_c"": 29.35, ""humidity_percent"": 74.6, ""wbgt_c"": 28.85, ""heat_index_c"": 38.91, ""heat_duration_hours"": 0, ""consecutive_heat_days"": 0}"
2026-02-14,Karnataka,SYNTHETIC,68000000,11.5,38.5,50.0,0.45,42.0,33.5,22.65,28.07,49.7,3.86,16.59,33.81,92.85,26.46,LOW,0,23.18,False,0,1.06,-6.7,0,0,0.0,0.0,0.745,0.354,0.717,0.564,0.516,0.669,0.55,0.504,0.0414,0.0569,0.0759,0.0575,0.0,0.1742,0.2503,0.04309,0.12587,0.16895,0,0,0,0,0,0,0,0,0,0,-0.16895,0.0,0.0,"{""max_temperature_c"": 33.5, ""mean_temperature_c"": 28.07, ""humidity_percent"": 49.7, ""wbgt_c"": 26.46, ""heat_index_c"": 33.81, ""heat_duration_hours"": 0, ""consecutive_heat_days"": 0}"
2026-02-15,Tamil Nadu,SYNTHETIC,77000000,13.0,40.0,47.0,0.36,55.0,33.56,25.39,29.48,58.0,3.25,20.35,36.25,97.25,28.07,CAUTION,0,26.1,False,0,0.22,-8.8,0,0,0.35,0.293,0.492,0.473,0.763,0.514,0.532,0.786,0.6,0.536,0.0863,0.1003,0.0831,0.1091,0.064,0.2697,0.613,0.03017,0.08702,0.11719,0,0,0,0,0,0,0,0,0,0,-0.11719,0.0,0.0,"{""max_temperature_c"": 33.56, ""mean_temperature_c"": 29.48, ""humidity_percent"": 58.0, ""wbgt_c"": 28.07, ""heat_index_c"": 36.25, ""heat_duration_hours"": 0, ""consecutive_heat_days"": 0}"
2026-02-15,Kerala,SYNTHETIC,35800000,17.0,45.0,38.0,0.28,50.0,31.88,24.56,28.22,73.9,1.66,23.12,36.76,98.17,28.48,CAUTION,0,25.17,False,0,-0.79,4.6,0,0,0.194,0.64,0.407,0.402,0.464,0.52,0.621,0.843,0.65,0.548,0.0863,0.122,0.1223,0.1218,0.1204,0.3306,0.8234,0.01976,0.05843,0.07819,0,0,0,0,0,0,0,0,0,0,-0.07819,0.0,0.0,"{""max_temperature_c"": 31.88, ""mean_temperature_c"": 28.22, ""humidity_percent"": 73.9, ""wbgt_c"": 28.48, ""heat_index_c"": 36.76, ""heat_duration_hours"": 0, ""consecutive_heat_days"": 0}"
2026-02-15,Karnataka,SYNTHETIC,68000000,11.5,38.5,50.0,0.45,42.0,32.69,22.83,27.76,55.4,1.13,18.01,33.67,92.6,26.91,LOW,0,23.39,False,0,0.18,-0.8,0,0,0.0,0.001,0.583,0.378,0.684,0.559,0.496,0.667,0.55,0.507,0.0366,0.0414,0.0569,0.0759,0.0163,0.1349,0.2706,0.03814,0.12074,0.15888,0,0,0,0,0,0,0,0,0,0,-0.15888,0.0,0.0,"{""max_temperature_c"": 32.69, ""mean_temperature_c"": 27.76, ""humidity_percent"": 55.4, ""wbgt_c"": 26.91, ""heat_index_c"": 33.67, ""heat_duration_hours"": 0, ""consecutive_heat_days"": 0}"
2026-02-16,Tamil Nadu,SYNTHETIC,77000000,13.0,40.0,47.0,0.36,55.0,32.23,23.77,28.0,61.1,1.35,19.8,34.28,93.7,27.16,LOW,0,24.43,False,0,-1.2,-5.5,0,0,0.071,0.225,0.562,0.435,0.777,0.509,0.579,0.786,0.6,0.534,0.0336,0.0863,0.1003,0.0831,0.0926,0.2202,0.554,0.03067,0.08607,0.11674,0,0,0,0,0,0,0,0,0,0,-0.11674,0.0,0.0,"{""max_temperature_c"": 32.23, ""mean_temperature_c"": 28.0, ""humidity_percent"": 61.1, ""wbgt_c"": 27.16, ""heat_index_c"": 34.28, ""heat_duration_hours"": 0, ""consecutive_heat_days"": 0}"
2026-02-16,Kerala,SYNTHETIC,35800000,17.0,45.0,38.0,0.28,50.0,32.09,25.88,28.99,69.7,2.61,22.89,36.78,98.21,28.34,CAUTION,0,26.5,False,0,-0.61,0.5,0,0,0.416,0.611,0.461,0.409,0.475,0.524,0.61,0.842,0.65,0.546,0.0771,0.0863,0.122,0.1223,0.1097,0.2853,0.7908,0.02084,0.06038,0.08122,0,0,0,0,0,0,0,0,0,0,-0.08122,0.0,0.0,"{""max_temperature_c"": 32.09, ""mean_temperature_c"": 28.99, ""humidity_percent"": 69.7, ""wbgt_c"": 28.34, ""heat_index_c"": 36.78, ""heat_duration_hours"": 0, ""consecutive_heat_days"": 0}"
2026-02-16,Karnataka,SYNTHETIC,68000000,11.5,38.5,50.0,0.45,42.0,33.25,22.7,27.97,50.1,1.62,16.63,33.55,92.4,26.5,LOW,0,23.22,False,0,0.65,-5.9,0,0,0.0,0.0,0.778,0.343,0.723,0.56,0.554,0.666,0.55,0.505,0.0374,0.0366,0.0414,0.0569,0.0022,0.1154,0.3057,0.04418,0.12769,0.17187,0,0,0,0,0,0,0,0,0,0,-0.17187,0.0,0.0,"{""max_temperature_c"": 33.25, ""mean_temperature_c"": 27.97, ""humidity_percent"": 50.1, ""wbgt_c"": 26.5, ""heat_index_c"": 33.55, ""heat_duration_hours"": 0, ""consecutive_heat_days"": 0}"
2026-02-17,Tamil Nadu,SYNTHETIC,77000000,13.0,40.0,47.0,0.36,55.0,33.27,24.8,29.03,63.9,5.16,21.51,36.89,98.41,28.17,CAUTION,0,25.51,False,0,-0.24,-2.5,0,0,0.252,0.438,0.605,0.473,0.786,0.508,0.566,0.785,0.6,0.535,0.0882,0.0336,0.0863,0.1003,0.0838,0.2081,0.5584,0.0331,0.09084,0.12394,0,0,0,0,0,0,0,0,0,0,-0.12394,0.0,0.0,"{""max_temperature_c"": 33.27, ""mean_temperature_c"": 29.03, ""humidity_percent"": 63.9, ""wbgt_c"": 28.17, ""heat_index_c"": 36.89, ""heat_duration_hours"": 0, ""consecutive_heat_days"": 0}"
2026-02-17,Kerala,SYNTHETIC,35800000,17.0,45.0,38.0,0.28,50.0,31.41,24.9,28.16,71.8,3.1,22.59,35.62,96.11,27.8,LOW,0,25.51,False,0,-1.31,2.6,0,0,0.251,0.573,0.451,0.403,0.473,0.524,0.605,0.842,0.65,0.542,0.0451,0.0771,0.0863,0.122,0.1389,0.2084,0.697,0.02033,0.05925,0.07958,0,0,0,0,0,0,0,0,0,0,-0.07958,0.0,0.0,"{""max_temperature_c"": 31.41, ""mean_temperature_c"": 28.16, ""humidity_percent"": 71.8, ""wbgt_c"": 27.8, ""heat_index_c"": 35.62, ""heat_duration_hours"": 0, ""consecutive_heat_days"": 0}"
2026-02-17,Karnataka,SYNTHETIC,68000000,11.5,38.5,50.0,0.45,42.0,31.35,21.74,26.54,59.1,3.23,17.9,32.16,89.89,25.83,LOW,0,22.2,False,0,-1.33,3.2,0,0,0.0,0.0,0.716,0.306,0.711,0.56,0.501,0.666,0.55,0.509,0.0,0.0374,0.0366,0.0414,0.0,0.074,0.3057,0.04276,0.12793,0.17068,0,0,0,0,0,0,0,0,0,0,-0.17068,0.0,0.0,"{""max_temperature_c"": 31.35, ""mean_temperature_c"": 26.54, ""humidity_percent"": 59.1, ""wbgt_c"": 25.83, ""heat_index_c"": 32.16, ""heat_duration_hours"": 0, ""consecutive_heat_days"": 0}"
2026-02-18,Tamil Nadu,SYNTHETIC,77000000,13.0,40.0,47.0,0.36,55.0,33.85,25.67,29.76,60.5,3.61,21.31,37.42,99.36,28.46,CAUTION,0,26.35,False,0,0.26,-5.7,0,0,0.392,0.414,0.566,0.458,0.778,0.509,0.534,0.785,0.6,0.529,0.1211,0.0882,0.0336,0.0863,0.0578,0.2429,0.6217,0.03385,0.09413,0.12798,0,0,0,0,0,0,0,0,0,0,-0.12798,0.0,0.0,"{""max_temperature_c"": 33.85, ""mean_temperature_c"": 29.76, ""humidity_percent"": 60.5, ""wbgt_c"": 28.46, ""heat_index_c"": 37.42, ""heat_duration_hours"": 0, ""consecutive_heat_days"": 0}"
2026-02-18,Kerala,SYNTHETIC,35800000,17.0,45.0,38.0,0.28,50.0,32.74,25.99,29.37,67.2,2.22,22.66,37.37,99.27,28.65,CAUTION,0,26.61,False,0,-0.02,-1.9,0,0,0.435,0.582,0.478,0.413,0.478,0.519,0.622,0.843,0.65,0.536,0.1136,0.0451,0.0771,0.0863,0.1225,0.2357,0.6881,0.02152,0.06201,0.08352,0,0,0,0,0,0,0,0,0,0,-0.08352,0.0,0.0,"{""max_temperature_c"": 32.74, ""mean_temperature_c"": 29.37, ""humidity_percent"": 67.2, ""wbgt_c"": 28.65, ""heat_index_c"": 37.37, ""heat_duration_hours"": 0, ""consecutive_heat_days"": 0}"
2026-02-18,Karnataka,SYNTHETIC,68000000,11.5,38.5,50.0,0.45,42.0,30.93,20.85,25.89,54.6,2.83,16.05,30.93,87.67,25.05,LOW,0,21.36,False,0,-1.82,-1.0,0,0,0.0,0.0,0.734,0.344,0.714,0.553,0.515,0.668,0.55,0.51,0.0,0.0,0.0374,0.0366,0.0575,0.0374,0.2482,0.04308,0.12808,0.17116,0,0,0,0,0,0,0,0,0,0,-0.17116,0.0,0.0,"{""max_temperature_c"": 30.93, ""mean_temperature_c"": 25.89, ""humidity_percent"": 54.6, ""wbgt_c"": 25.05, ""heat_index_c"": 30.93, ""heat_duration_hours"": 0, ""consecutive_heat_days"": 0}"
2026-02-19,Tamil Nadu,SYNTHETIC,77000000,13.0,40.0,47.0,0.36,55.0,33.1,24.14,28.62,62.7,1.73,20.82,36.08,96.94,28.08,CAUTION,0,24.85,False,0,-0.57,-3.3,0,0,0.142,0.352,0.621,0.473,0.789,0.508,0.544,0.787,0.6,0.528,0.0783,0.1211,0.0882,0.0336,0.1091,0.2876,0.591,0.03503,0.09444,0.12947,0,0,0,0,0,0,0,0,0,0,-0.12947,0.0,0.0,"{""max_temperature_c"": 33.1, ""mean_temperature_c"": 28.62, ""humidity_percent"": 62.7, ""wbgt_c"": 28.08, ""heat_index_c"": 36.08, ""heat_duration_hours"": 0, ""consecutive_heat_days"": 0}"
2026-02-19,Kerala,SYNTHETIC,35800000,17.0,45.0,38.0,0.28,50.0,31.24,25.93,28.58,70.4,1.53,22.67,35.47,95.85,28.0,LOW,0,26.52,False,0,-1.55,1.4,0,0,0.42,0.584,0.439,0.398,0.47,0.526,0.581,0.841,0.65,0.534,0.0499,0.1136,0.0451,0.0771,0.1218,0.2086,0.6162,0.02088,0.06108,0.08196,0,0,0,0,0,0,0,0,0,0,-0.08196,0.0,0.0,"{""max_temperature_c"": 31.24, ""mean_temperature_c"": 28.58, ""humidity_percent"": 70.4, ""wbgt_c"": 28.0, ""heat_index_c"": 35.47, ""heat_duration_hours"": 0, ""consecutive_heat_days"": 0}"
2026-02-19,Karnataka,SYNTHETIC,68000000,11.5,38.5,50.0,0.45,42.0,31.44,18.21,24.83,52.7,1.93,14.51,30.89,87.61,24.8,LOW,0,18.68,False,0,-1.38,-2.8,0,0,0.0,0.0,0.793,0.31,0.726,0.553,0.499,0.67,0.55,0.513,0.0,0.0,0.0,0.0374,0.0759,0.0,0.1723,0.04577,0.13202,0.17779,0,0,0,0,0,0,0,0,0,0,-0.17779,0.0,0.0,"{""max_temperature_c"": 31.44, ""mean_temperature_c"": 24.83, ""humidity_percent"": 52.7, ""wbgt_c"": 24.8, ""heat_index_c"": 30.89, ""heat_duration_hours"": 0, ""consecutive_heat_days"": 0}"
2026-02-20,Tamil Nadu,SYNTHETIC,77000000,13.0,40.0,47.0,0.36,55.0,34.51,25.73,30.12,61.6,4.2,21.95,38.86,101.95,29.11,CAUTION,0,26.45,False,0,0.76,-4.3,0,0,0.408,0.493,0.599,0.476,0.785,0.513,0.548,0.786,0.6,0.527,0.1832,0.0783,0.1211,0.0882,0.0831,0.3827,0.6911,0.03771,0.10312,0.14083,0,1,1,0,1,0,0,0,0,1,0.85917,0.001299,0.0,"{""max_temperature_c"": 34.51, ""mean_temperature_c"": 30.12, ""humidity_percent"": 61.6, ""wbgt_c"": 29.11, ""heat_index_c"": 38.86, ""heat_duration_hours"": 0, ""consecutive_heat_days"": 0}"
2026-02-20,Kerala,SYNTHETIC,35800000,17.0,45.0,38.0,0.28,50.0,31.65,26.31,28.98,76.5,2.75,24.43,37.95,100.31,28.7,CAUTION,0,26.92,False,0,-1.17,7.5,0,0,0.487,0.803,0.409,0.408,0.464,0.518,0.578,0.841,0.65,0.531,0.1025,0.0499,0.1136,0.0451,0.1223,0.266,0.5964,0.02117,0.06308,0.08425,0,0,0,0,0,0,0,0,0,0,-0.08425,0.0,0.0,"{""max_temperature_c"": 31.65, ""mean_temperature_c"": 28.98, ""humidity_percent"": 76.5, ""wbgt_c"": 28.7, ""heat_index_c"": 37.95, ""heat_duration_hours"": 0, ""consecutive_heat_days"": 0}"
2026-02-20,Karnataka,SYNTHETIC,68000000,11.5,38.5,50.0,0.45,42.0,32.09,23.07,27.58,55.0,3.09,17.74,32.87,91.17,26.15,LOW,0,23.63,False,0,-0.81,-0.3,0,0,0.0,0.0,0.752,0.373,0.718,0.554,0.504,0.669,0.55,0.509,0.0057,0.0,0.0,0.0,0.0569,0.0057,0.1211,0.04485,0.13203,0.17689,0,0,0,0,0,0,0,0,0,0,-0.17689,0.0,0.0,"{""max_temperature_c"": 32.09, ""mean_temperature_c"": 27.58, ""humidity_percent"": 55.0, ""wbgt_c"": 26.15, ""heat_index_c"": 32.87, ""heat_duration_hours"": 0, ""consecutive_heat_days"": 0}"
2026-02-21,Tamil Nadu,SYNTHETIC,77000000,13.0,40.0,47.0,0.36,55.0,32.63,23.96,28.29,63.8,1.35,20.79,35.5,95.9,27.81,LOW,0,24.65,False,0,-1.2,-1.9,0,0,0.108,0.349,0.538,0.461,0.773,0.507,0.535,0.786,0.6,0.523,0.058,0.1832,0.0783,0.1211,0.1003,0.3195,0.6487,0.0341,0.0954,0.1295,0,0,0,0,0,0,0,0,0,0,-0.1295,0.0,0.0,"{""max_temperature_c"": 32.63, ""mean_temperature_c"": 28.29, ""humidity_percent"": 63.8, ""wbgt_c"": 27.81, ""heat_index_c"": 35.5, ""heat_duration_hours"": 0, ""consecutive_heat_days"": 0}"
2026-02-21,Kerala,SYNTHETIC,35800000,17.0,45.0,38.0,0.28,50.0,32.35,26.66,29.5,75.3,4.26,24.66,39.24,102.63,29.11,CAUTION,0,27.27,False,0,-0.49,6.3,0,0,0.545,0.833,0.493,0.409,0.481,0.523,0.587,0.84,0.65,0.53,0.1402,0.1025,0.0499,0.1136,0.122,0.2926,0.6146,0.0238,0.0681,0.0919,0,0,0,0,0,0,0,0,0,0,-0.0919,0.0,0.0,"{""max_temperature_c"": 32.35, ""mean_temperature_c"": 29.5, ""humidity_percent"": 75.3, ""wbgt_c"": 29.11, ""heat_index_c"": 39.24, ""heat_duration_hours"": 0, ""consecutive_heat_days"": 0}"
2026-02-21,Karnataka,SYNTHETIC,68000000,11.5,38.5,50.0,0.45,42.0,33.93,23.92,28.92,54.8,3.29,18.92,35.63,96.13,27.63,LOW,0,24.46,False,0,0.96,-0.4,0,0,0.076,0.115,0.676,0.362,0.703,0.554,0.482,0.67,0.55,0.511,0.0795,0.0057,0.0,0.0,0.0414,0.0852,0.1592,0.04438,0.13358,0.17796,0,0,0,0,0,0,0,0,0,0,-0.17796,0.0,0.0,"{""max_temperature_c"": 33.93, ""mean_temperature_c"": 28.92, ""humidity_percent"": 54.8, ""wbgt_c"": 27.63, ""heat_index_c"": 35.63, ""heat_duration_hours"": 0, ""consecutive_heat_days"": 0}"
2026-02-22,Tamil Nadu,SYNTHETIC,77000000,13.0,40.0,47.0,0.36,55.0,32.82,23.67,28.25,61.7,1.14,20.19,35.25,95.45,27.61,LOW,0,24.37,False,0,-1.09,-3.9,0,0,0.062,0.274,0.417,0.468,0.748,0.505,0.53,0.783,0.6,0.516,0.0567,0.058,0.1832,0.0783,0.0863,0.2978,0.6191,0.03091,0.09234,0.12325,0,0,0,0,0,0,0,0,0,0,-0.12325,0.0,0.0,"{""max_temperature_c"": 32.82, ""mean_temperature_c"": 28.25, ""humidity_percent"": 61.7, ""wbgt_c"": 27.61, ""heat_index_c"": 35.25, ""heat_duration_hours"": 0, ""consecutive_heat_days"": 0}"
2026-02-22,Kerala,SYNTHETIC,35800000,17.0,45.0,38.0,0.28,50.0,32.98,25.37,29.18,63.2,1.31,21.46,36.5,97.7,28.31,CAUTION,0,26.03,False,0,0.11,-5.7,0,0,0.339,0.432,0.366,0.441,0.456,0.521,0.615,0.84,0.65,0.528,0.0929,0.1402,0.1025,0.0499,0.0863,0.3356,0.6212,0.02048,0.0617,0.08218,0,0,0,0,0,0,0,0,0,0,-0.08218,0.0,0.0,"{""max_temperature_c"": 32.98, ""mean_temperature_c"": 29.18, ""humidity_percent"": 63.2, ""wbgt_c"": 28.31, ""heat_index_c"": 36.5, ""heat_duration_hours"": 0, ""consecutive_heat_days"": 0}"
2026-02-22,Karnataka,SYNTHETIC,68000000,11.5,38.5,50.0,0.45,42.0,33.67,22.54,28.1,52.7,1.92,17.55,34.49,94.08,26.98,LOW,0,23.06,False,0,0.61,-2.2,0,0,0.0,0.0,0.579,0.349,0.683,0.555,0.479,0.67,0.55,0.508,0.0577,0.0795,0.0057,0.0,0.0366,0.1429,0.1803,0.04187,0.13168,0.17355,0,0,0,0,0,0,0,0,0,0,-0.17355,0.0,0.0,"{""max_temperature_c"": 33.67, ""mean_temperature_c"": 28.1, ""humidity_percent"": 52.7, ""wbgt_c"": 26.98, ""heat_index_c"": 34.49, ""heat_duration_hours"": 0, ""consecutive_heat_days"": 0}"
2026-02-23,Tamil Nadu,SYNTHETIC,77000000,13.0,40.0,47.0,0.36,55.0,33.28,26.06,29.67,69.8,1.35,23.57,39.1,102.38,29.31,CAUTION,0,26.76,False,0,-0.71,4.4,0,0,0.46,0.696,0.568,0.461,0.779,0.501,0.566,0.784,0.6,0.518,0.1741,0.0567,0.058,0.1832,0.0336,0.2887,0.7595,0.03789,0.10608,0.14397,0,0,0,0,0,0,0,0,0,0,-0.14397,0.0,0.0,"{""max_temperature_c"": 33.28, ""mean_temperature_c"": 29.67, ""humidity_percent"": 69.8, ""wbgt_c"": 29.31, ""heat_index_c"": 39.1, ""heat_duration_hours"": 0, ""consecutive_heat_days"": 0}"
2026-02-23,Kerala,SYNTHETIC,35800000,17.0,45.0,38.0,0.28,50.0,33.17,24.91,29.04,63.6,5.96,21.43,36.7,98.07,27.96,LOW,0,25.52,False,0,0.27,-5.2,0,0,0.253,0.429,0.483,0.407,0.479,0.517,0.607,0.839,0.65,0.528,0.0723,0.0929,0.1402,0.1025,0.0771,0.3054,0.6165,0.02229,0.06338,0.08568,0,0,0,0,0,0,0,0,0,0,-0.08568,0.0,0.0,"{""max_temperature_c"": 33.17, ""mean_temperature_c"": 29.04, ""humidity_percent"": 63.6, ""wbgt_c"": 27.96, ""heat_index_c"": 36.7, ""heat_duration_hours"": 0, ""consecutive_heat_days"": 0}"
2026-02-23,Karnataka,SYNTHETIC,68000000,11.5,38.5,50.0,0.45,42.0,34.18,22.39,28.28,54.8,0.59,18.32,35.52,95.93,27.84,LOW,0,23.0,False,0,1.05,-0.0,0,0,0.0,0.04,0.744,0.406,0.716,0.557,0.5,0.67,0.55,0.504,0.0896,0.0577,0.0795,0.0057,0.0374,0.2268,0.2325,0.04902,0.14144,0.19046,0,0,0,0,0,0,0,0,0,0,-0.19046,0.0,0.0,"{""max_temperature_c"": 34.18, ""mean_temperature_c"": 28.28, ""humidity_percent"": 54.8, ""wbgt_c"": 27.84, ""heat_index_c"": 35.52, ""heat_duration_hours"": 0, ""consecutive_heat_days"": 0}"
2026-02-24,Tamil Nadu,SYNTHETIC,77000000,13.0,40.0,47.0,0.36,55.0,32.43,23.64,28.04,73.5,3.24,22.87,37.19,98.95,28.5,CAUTION,0,24.28,False,0,-1.65,8.3,0,0,0.046,0.608,0.606,0.422,0.786,0.505,0.558,0.785,0.6,0.522,0.0962,0.1741,0.0567,0.058,0.0882,0.327,0.7676,0.03798,0.10271,0.14069,0,0,0,0,0,0,0,0,0,0,-0.14069,0.0,0.0,"{""max_temperature_c"": 32.43, ""mean_temperature_c"": 28.04, ""humidity_percent"": 73.5, ""wbgt_c"": 28.5, ""heat_index_c"": 37.19, ""heat_duration_hours"": 0, ""consecutive_heat_days"": 0}"
2026-02-24,Kerala,SYNTHETIC,35800000,17.0,45.0,38.0,0.28,50.0,33.36,25.91,29.64,59.3,4.96,20.87,36.44,97.59,27.94,LOW,0,26.59,False,0,0.43,-9.4,0,0,0.432,0.358,0.427,0.452,0.468,0.522,0.572,0.84,0.65,0.529,0.0756,0.0723,0.0929,0.1402,0.0451,0.2408,0.647,0.02178,0.0638,0.08557,0,0,0,0,0,0,0,0,0,0,-0.08557,0.0,0.0,"{""max_temperature_c"": 33.36, ""mean_temperature_c"": 29.64, ""humidity_percent"": 59.3, ""wbgt_c"": 27.94, ""heat_index_c"": 36.44, ""heat_duration_hours"": 0, ""consecutive_heat_days"": 0}"
2026-02-24,Karnataka,SYNTHETIC,68000000,11.5,38.5,50.0,0.45,42.0,34.22,24.99,29.6,54.3,3.51,19.41,36.3,97.35,27.88,LOW,0,25.54,False,0,1.02,-0.3,0,0,0.256,0.176,0.724,0.366,0.712,0.553,0.507,0.671,0.55,0.509,0.0915,0.0896,0.0577,0.0795,0.0,0.2388,0.324,0.04935,0.14418,0.19353,0,0,0,0,0,0,0,0,0,0,-0.19353,0.0,0.0,"{""max_temperature_c"": 34.22, ""mean_temperature_c"": 29.6, ""humidity_percent"": 54.3, ""wbgt_c"": 27.88, ""heat_index_c"": 36.3, ""heat_duration_hours"": 0, ""consecutive_heat_days"": 0}"
2026-02-25,Tamil Nadu,SYNTHETIC,77000000,13.0,40.0,47.0,0.36,55.0,31.35,22.75,27.05,72.2,2.21,21.62,34.66,94.39,27.38,LOW,0,23.38,False,0,-2.8,7.2,0,0,0.0,0.453,0.573,0.418,0.78,0.51,0.596,0.786,0.6,0.526,0.0344,0.0962,0.1741,0.0567,0.1211,0.3047,0.6809,0.03579,0.09991,0.1357,0,2,2,2,0,0,0,0,1,1,1.8643,0.002597,0.0,"{""max_temperature_c"": 31.35, ""mean_temperature_c"": 27.05, ""humidity_percent"": 72.2, ""wbgt_c"": 27.38, ""heat_index_c"": 34.66, ""heat_duration_hours"": 0, ""consecutive_heat_days"": 0}"
2026-02-25,Kerala,SYNTHETIC,35800000,17.0,45.0,38.0,0.28,50.0,33.99,28.67,31.33,61.1,1.83,22.92,39.25,102.65,29.43,CAUTION,0,29.27,False,1,1.04,-7.7,0,0,0.878,0.615,0.429,0.403,0.468,0.524,0.614,0.84,0.65,0.531,0.197,0.0756,0.0723,0.0929,0.1136,0.3449,0.7304,0.02409,0.0721,0.0962,0,0,0,0,0,0,0,0,0,0,-0.0962,0.0,0.0,"{""max_temperature_c"": 33.99, ""mean_temperature_c"": 31.33, ""humidity_percent"": 61.1, ""wbgt_c"": 29.43, ""heat_index_c"": 39.25, ""heat_duration_hours"": 0, ""consecutive_heat_days"": 0}"
2026-02-25,Karnataka,SYNTHETIC,68000000,11.5,38.5,50.0,0.45,42.0,33.96,21.69,27.82,58.6,1.94,18.97,35.69,96.24,27.7,LOW,0,22.21,False,0,0.68,4.1,0,0,0.0,0.121,0.841,0.342,0.736,0.549,0.489,0.672,0.55,0.507,0.0816,0.0915,0.0896,0.0577,0.0,0.2626,0.4056,0.05447,0.14907,0.20354,0,0,0,0,0,0,0,0,0,0,-0.20354,0.0,0.0,"{""max_temperature_c"": 33.96, ""mean_temperature_c"": 27.82, ""humidity_percent"": 58.6, ""wbgt_c"": 27.7, ""heat_index_c"": 35.69, ""heat_duration_hours"": 0, ""consecutive_heat_days"": 0}"
2026-02-26,Tamil Nadu,SYNTHETIC,77000000,13.0,40.0,47.0,0.36,55.0,31.94,22.95,27.44,75.3,3.15,22.69,36.39,97.5,28.13,CAUTION,0,23.59,False,0,-2.29,10.4,0,0,0.0,0.586,0.643,0.424,0.794,0.506,0.561,0.787,0.6,0.528,0.06,0.0344,0.0962,0.1741,0.0783,0.1907,0.6626,0.0387,0.10414,0.14283,0,0,0,0,0,0,0,0,0,0,-0.14283,0.0,0.0,"{""max_temperature_c"": 31.94, ""mean_temperature_c"": 27.44, ""humidity_percent"": 75.3, ""wbgt_c"": 28.13, ""heat_index_c"": 36.39, ""heat_duration_hours"": 0, ""consecutive_heat_days"": 0}"
2026-02-26,Kerala,SYNTHETIC,35800000,17.0,45.0,38.0,0.28,50.0,32.84,26.04,29.44,67.7,1.0,22.84,37.69,99.84,28.79,CAUTION,0,26.67,False,0,-0.14,-1.0,0,0,0.445,0.605,0.49,0.42,0.48,0.518,0.57,0.841,0.65,0.529,0.1256,0.197,0.0756,0.0723,0.0499,0.3982,0.8061,0.02452,0.06894,0.09346,0,0,0,0,0,0,0,0,0,0,-0.09346,0.0,0.0,"{""max_temperature_c"": 32.84, ""mean_temperature_c"": 29.44, ""humidity_percent"": 67.7, ""wbgt_c"": 28.79, ""heat_index_c"": 37.69, ""heat_duration_hours"": 0, ""consecutive_heat_days"": 0}"
2026-02-26,Karnataka,SYNTHETIC,68000000,11.5,38.5,50.0,0.45,42.0,34.66,23.84,29.25,54.2,0.94,19.06,36.58,97.85,28.33,CAUTION,0,24.44,False,0,1.32,-0.1,0,0,0.073,0.133,0.717,0.394,0.711,0.553,0.528,0.674,0.55,0.509,0.1277,0.0816,0.0915,0.0896,0.0,0.3007,0.5332,0.05048,0.1468,0.19727,0,1,1,1,0,0,0,0,0,1,0.80273,0.001471,0.0,"{""max_temperature_c"": 34.66, ""mean_temperature_c"": 29.25, ""humidity_percent"": 54.2, ""wbgt_c"": 28.33, ""heat_index_c"": 36.58, ""heat_duration_hours"": 0, ""consecutive_heat_days"": 0}"
2026-02-27,Tamil Nadu,SYNTHETIC,77000000,13.0,40.0,47.0,0.36,55.0,33.69,24.58,29.13,68.9,2.61,22.84,38.77,101.78,29.14,CAUTION,0,25.3,False,0,-0.62,4.1,0,0,0.217,0.604,0.546,0.481,0.774,0.507,0.55,0.786,0.6,0.531,0.1694,0.06,0.0344,0.0962,0.1832,0.2638,0.6488,0.0389,0.1093,0.1482,0,0,0,0,0,0,0,0,0,0,-0.1482,0.0,0.0,"{""max_temperature_c"": 33.69, ""mean_temperature_c"": 29.13, ""humidity_percent"": 68.9, ""wbgt_c"": 29.14, ""heat_index_c"": 38.77, ""heat_duration_hours"": 0, ""consecutive_heat_days"": 0}"
2026-02-27,Kerala,SYNTHETIC,35800000,17.0,45.0,38.0,0.28,50.0,33.0,26.87,29.93,69.9,2.09,23.85,39.07,102.33,29.26,CAUTION,0,27.46,False,0,-0.0,1.3,0,0,0.576,0.731,0.518,0.392,0.486,0.516,0.607,0.84,0.65,0.537,0.1642,0.1256,0.197,0.0756,0.1025,0.4868,0.8678,0.0258,0.07245,0.09825,0,0,0,0,0,0,0,0,0,0,-0.09825,0.0,0.0,"{""max_temperature_c"": 33.0, ""mean_temperature_c"": 29.93, ""humidity_percent"": 69.9, ""wbgt_c"": 29.26, ""heat_index_c"": 39.07, ""heat_duration_hours"": 0, ""consecutive_heat_days"": 0}"
2026-02-27,Karnataka,SYNTHETIC,68000000,11.5,38.5,50.0,0.45,42.0,35.2,24.26,29.73,55.1,3.79,19.75,37.73,99.92,28.58,CAUTION,3,24.86,False,0,1.79,0.9,0,0,0.143,0.219,0.731,0.397,0.714,0.546,0.483,0.67,0.55,0.512,0.1655,0.1277,0.0816,0.0915,0.0057,0.3748,0.693,0.05362,0.15288,0.2065,0,0,0,0,0,0,0,0,0,0,-0.2065,0.0,0.0,"{""max_temperature_c"": 35.2, ""mean_temperature_c"": 29.73, ""humidity_percent"": 55.1, ""wbgt_c"": 28.58, ""heat_index_c"": 37.73, ""heat_duration_hours"": 0, ""consecutive_heat_days"": 0}"
2026-02-28,Tamil Nadu,SYNTHETIC,77000000,13.0,40.0,47.0,0.36,55.0,34.55,26.35,30.45,66.6,2.53,23.52,40.68,105.23,29.82,CAUTION,0,27.02,False,0,0.16,2.0,0,0,0.504,0.69,0.562,0.449,0.777,0.503,0.555,0.788,0.6,0.531,0.2371,0.1694,0.06,0.0344,0.058,0.4665,0.8279,0.04317,0.1203,0.16347,0,0,0,0,0,0,0,0,0,0,-0.16347,0.0,0.0,"{""max_temperature_c"": 34.55, ""mean_temperature_c"": 30.45, ""humidity_percent"": 66.6, ""wbgt_c"": 29.82, ""heat_index_c"": 40.68, ""heat_duration_hours"": 0, ""consecutive_heat_days"": 0}"
2026-02-28,Kerala,SYNTHETIC,35800000,17.0,45.0,38.0,0.28,50.0,33.83,28.64,31.24,73.0,2.45,25.82,43.0,109.41,30.58,DANGER,0,29.28,False,1,0.8,4.4,6,1,0.88,0.977,0.411,0.422,0.465,0.514,0.619,0.84,0.65,0.538,0.3373,0.1642,0.1256,0.197,0.1402,0.6271,1.0649,0.03644,0.11854,0.15498,2,0,2,2,0,2,0,0,1,1,1.84502,0.005587,0.005587,"{""max_temperature_c"": 33.83, ""mean_temperature_c"": 31.24, ""humidity_percent"": 73.0, ""wbgt_c"": 30.58, ""heat_index_c"": 43.0, ""heat_duration_hours"": 6, ""consecutive_heat_days"": 1}"
2026-02-28,Karnataka,SYNTHETIC,68000000,11.5,38.5,50.0,0.45,42.0,33.68,23.54,28.61,54.6,1.39,18.57,35.1,95.18,27.39,LOW,0,24.07,False,0,0.19,0.6,0,0,0.012,0.071,0.725,0.353,0.713,0.546,0.467,0.672,0.55,0.516,0.0684,0.1655,0.1277,0.0816,0.0795,0.3615,0.6819,0.05236,0.15077,0.20312,0,0,0,0,0,0,0,0,0,0,-0.20312,0.0,0.0,"{""max_temperature_c"": 33.68, ""mean_temperature_c"": 28.61, ""humidity_percent"": 54.6, ""wbgt_c"": 27.39, ""heat_index_c"": 35.1, ""heat_duration_hours"": 0, ""consecutive_heat_days"": 0}"
2026-03-01,Tamil Nadu,SYNTHETIC,77000000,13.0,40.0,47.0,0.36,55.0,33.02,23.6,28.31,67.3,1.31,21.67,36.74,98.14,28.44,CAUTION,0,24.29,False,0,-1.44,2.9,0,0,0.048,0.459,0.497,0.455,0.764,0.503,0.547,0.786,0.6,0.532,0.1035,0.2371,0.1694,0.06,0.0567,0.51,0.8748,0.0383,0.10797,0.14627,0,0,0,0,0,0,0,0,0,0,-0.14627,0.0,0.0,"{""max_temperature_c"": 33.02, ""mean_temperature_c"": 28.31, ""humidity_percent"": 67.3, ""wbgt_c"": 28.44, ""heat_index_c"": 36.74, ""heat_duration_hours"": 0, ""consecutive_heat_days"": 0}"
2026-03-01,Kerala,SYNTHETIC,35800000,17.0,45.0,38.0,0.28,50.0,33.14,27.79,30.47,79.7,0.78,26.57,43.27,109.89,30.74,DANGER,0,28.37,False,0,0.09,11.2,6,2,0.729,1.0,0.321,0.391,0.447,0.517,0.599,0.84,0.65,0.537,0.3516,0.3373,0.1642,0.1256,0.0929,0.8531,1.3236,0.03576,0.11884,0.1546,0,0,0,0,0,0,0,0,0,0,-0.1546,0.0,0.0,"{""max_temperature_c"": 33.14, ""mean_temperature_c"": 30.47, ""humidity_percent"": 79.7, ""wbgt_c"": 30.74, ""heat_index_c"": 43.27, ""heat_duration_hours"": 6, ""consecutive_heat_days"": 2}"
2026-03-01,Karnataka,SYNTHETIC,68000000,11.5,38.5,50.0,0.45,42.0,34.39,23.27,28.83,53.1,1.81,18.32,35.76,96.37,27.85,LOW,0,23.83,False,0,0.84,-0.8,0,0,0.0,0.041,0.585,0.375,0.685,0.545,0.495,0.672,0.55,0.516,0.0941,0.0684,0.1655,0.1277,0.0577,0.328,0.7183,0.04662,0.14435,0.19098,0,0,0,0,0,0,0,0,0,0,-0.19098,0.0,0.0,"{""max_temperature_c"": 34.39, ""mean_temperature_c"": 28.83, ""humidity_percent"": 53.1, ""wbgt_c"": 27.85, ""heat_index_c"": 35.76, ""heat_duration_hours"": 0, ""consecutive_heat_days"": 0}"
2026-03-02,Tamil Nadu,SYNTHETIC,77000000,13.0,40.0,47.0,0.36,55.0,34.28,26.16,30.22,59.0,1.06,21.33,37.97,100.35,28.93,CAUTION,0,26.88,False,0,-0.25,-5.2,0,0,0.481,0.416,0.627,0.483,0.79,0.506,0.518,0.784,0.6,0.533,0.1652,0.1035,0.2371,0.1694,0.1741,0.5058,0.8658,0.04536,0.12132,0.16668,0,0,0,0,0,0,0,0,0,0,-0.16668,0.0,0.0,"{""max_temperature_c"": 34.28, ""mean_temperature_c"": 30.22, ""humidity_percent"": 59.0, ""wbgt_c"": 28.93, ""heat_index_c"": 37.97, ""heat_duration_hours"": 0, ""consecutive_heat_days"": 0}"
2026-03-02,Kerala,SYNTHETIC,35800000,17.0,45.0,38.0,0.28,50.0,32.72,27.39,30.05,70.2,2.14,24.04,38.93,102.07,29.13,CAUTION,0,28.02,False,0,-0.36,1.7,0,0,0.67,0.755,0.418,0.424,0.466,0.523,0.582,0.842,0.65,0.536,0.1491,0.3516,0.3373,0.1642,0.0723,0.838,1.4004,0.02628,0.07602,0.1023,0,0,0,0,0,0,0,0,0,0,-0.1023,0.0,0.0,"{""max_temperature_c"": 32.72, ""mean_temperature_c"": 30.05, ""humidity_percent"": 70.2, ""wbgt_c"": 29.13, ""heat_index_c"": 38.93, ""heat_duration_hours"": 0, ""consecutive_heat_days"": 0}"
2026-03-02,Karnataka,SYNTHETIC,68000000,11.5,38.5,50.0,0.45,42.0,31.87,20.44,26.15,56.8,3.0,16.92,32.23,90.02,25.74,LOW,0,20.98,False,0,-1.75,3.1,0,0,0.0,0.0,0.807,0.358,0.729,0.549,0.494,0.673,0.55,0.516,0.0,0.0941,0.0684,0.1655,0.0896,0.1625,0.6288,0.05461,0.1546,0.20921,1,0,1,0,1,0,1,0,0,1,0.79079,0.001471,0.001471,"{""max_temperature_c"": 31.87, ""mean_temperature_c"": 26.15, ""humidity_percent"": 56.8, ""wbgt_c"": 25.74, ""heat_index_c"": 32.23, ""heat_duration_hours"": 0, ""consecutive_heat_days"": 0}"
2026-03-03,Tamil Nadu,SYNTHETIC,77000000,13.0,40.0,47.0,0.36,55.0,35.96,24.74,30.35,57.2,1.37,20.93,39.67,103.4,29.71,CAUTION,5,25.47,False,0,1.35,-6.9,0,0,0.245,0.366,0.612,0.485,0.787,0.5,0.51,0.785,0.6,0.536,0.2957,0.1652,0.1035,0.2371,0.0962,0.5644,1.0654,0.0478,0.12518,0.17297,0,0,0,0,0,0,0,0,0,0,-0.17297,0.0,0.0,"{""max_temperature_c"": 35.96, ""mean_temperature_c"": 30.35, ""humidity_percent"": 57.2, ""wbgt_c"": 29.71, ""heat_index_c"": 39.67, ""heat_duration_hours"": 0, ""consecutive_heat_days"": 0}"
2026-03-03,Kerala,SYNTHETIC,35800000,17.0,45.0,38.0,0.28,50.0,33.25,27.27,30.26,70.6,3.06,24.32,40.01,104.01,29.5,CAUTION,0,27.88,False,0,0.15,2.1,0,0,0.647,0.79,0.447,0.41,0.472,0.522,0.607,0.842,0.65,0.534,0.1876,0.1491,0.3516,0.3373,0.0756,0.6883,1.5124,0.0269,0.07812,0.10503,0,0,0,0,0,0,0,0,0,0,-0.10503,0.0,0.0,"{""max_temperature_c"": 33.25, ""mean_temperature_c"": 30.26, ""humidity_percent"": 70.6, ""wbgt_c"": 29.5, ""heat_index_c"": 40.01, ""heat_duration_hours"": 0, ""consecutive_heat_days"": 0}"
2026-03-03,Karnataka,SYNTHETIC,68000000,11.5,38.5,50.0,0.45,42.0,33.1,22.14,27.62,54.6,2.26,17.65,33.92,93.05,26.87,LOW,0,22.69,False,0,-0.58,1.0,0,0,0.0,0.0,0.779,0.368,0.723,0.547,0.502,0.673,0.55,0.521,0.0438,0.0,0.0941,0.0684,0.0915,0.1379,0.5811,0.05326,0.15268,0.20595,0,0,0,0,0,0,0,0,0,0,-0.20595,0.0,0.0,"{""max_temperature_c"": 33.1, ""mean_temperature_c"": 27.62, ""humidity_percent"": 54.6, ""wbgt_c"": 26.87, ""heat_index_c"": 33.92, ""heat_duration_hours"": 0, ""consecutive_heat_days"": 0}"
2026-03-04,Tamil Nadu,SYNTHETIC,77000000,13.0,40.0,47.0,0.36,55.0,36.33,25.67,31.0,55.3,1.8,21.0,40.21,104.37,29.85,CAUTION,5,26.41,False,0,1.65,-8.6,0,0,0.402,0.374,0.545,0.494,0.774,0.506,0.574,0.787,0.6,0.536,0.3288,0.2957,0.1652,0.1035,0.0344,0.7897,1.3597,0.04778,0.12979,0.17757,0,1,1,1,0,0,0,0,0,1,0.82243,0.001299,0.0,"{""max_temperature_c"": 36.33, ""mean_temperature_c"": 31.0, ""humidity_percent"": 55.3, ""wbgt_c"": 29.85, ""heat_index_c"": 40.21, ""heat_duration_hours"": 0, ""consecutive_heat_days"": 0}"
2026-03-04,Kerala,SYNTHETIC,35800000,17.0,45.0,38.0,0.28,50.0,34.02,28.45,31.24,64.9,1.39,23.85,40.42,104.76,29.79,CAUTION,0,29.12,False,1,0.9,-3.5,0,0,0.854,0.732,0.454,0.446,0.473,0.519,0.577,0.842,0.65,0.532,0.2249,0.1876,0.1491,0.3516,0.197,0.5616,1.5403,0.02805,0.08185,0.1099,0,0,0,0,0,0,0,0,0,0,-0.1099,0.0,0.0,"{""max_temperature_c"": 34.02, ""mean_temperature_c"": 31.24, ""humidity_percent"": 64.9, ""wbgt_c"": 29.79, ""heat_index_c"": 40.42, ""heat_duration_hours"": 0, ""consecutive_heat_days"": 0}"
2026-03-04,Karnataka,SYNTHETIC,68000000,11.5,38.5,50.0,0.45,42.0,32.6,21.54,27.07,52.6,2.62,16.55,32.83,91.09,26.09,LOW,0,22.08,False,0,-1.15,-0.9,0,0,0.0,0.0,0.738,0.361,0.715,0.553,0.485,0.672,0.55,0.523,0.0144,0.0438,0.0,0.0941,0.0816,0.0582,0.5139,0.05217,0.15347,0.20564,0,0,0,0,0,0,0,0,0,0,-0.20564,0.0,0.0,"{""max_temperature_c"": 32.6, ""mean_temperature_c"": 27.07, ""humidity_percent"": 52.6, ""wbgt_c"": 26.09, ""heat_index_c"": 32.83, ""heat_duration_hours"": 0, ""consecutive_heat_days"": 0}"
2026-03-05,Tamil Nadu,SYNTHETIC,77000000,13.0,40.0,47.0,0.36,55.0,36.65,28.27,32.46,64.6,4.91,24.93,45.42,113.76,31.39,DANGER,7,28.97,False,1,1.9,0.8,8,1,0.828,0.866,0.596,0.464,0.784,0.506,0.585,0.786,0.6,0.54,0.6019,0.3288,0.2957,0.1652,0.06,1.2264,1.9016,0.09809,0.30164,0.39973,0,3,3,1,2,0,0,0,1,2,2.60027,0.003896,0.0,"{""max_temperature_c"": 36.65, ""mean_temperature_c"": 32.46, ""humidity_percent"": 64.6, ""wbgt_c"": 31.39, ""heat_index_c"": 45.42, ""heat_duration_hours"": 8, ""consecutive_heat_days"": 1}"
2026-03-05,Kerala,SYNTHETIC,35800000,17.0,45.0,38.0,0.28,50.0,32.95,26.16,29.55,61.8,1.3,21.46,36.46,97.63,28.24,CAUTION,0,26.78,False,0,-0.19,-6.6,0,0,0.464,0.433,0.456,0.415,0.474,0.524,0.579,0.839,0.65,0.536,0.087,0.2249,0.1876,0.1491,0.1256,0.4995,1.5017,0.02488,0.071,0.09588,0,1,1,1,0,0,0,0,1,0,0.90412,0.002793,0.0,"{""max_temperature_c"": 32.95, ""mean_temperature_c"": 29.55, ""humidity_percent"": 61.8, ""wbgt_c"": 28.24, ""heat_index_c"": 36.46, ""heat_duration_hours"": 0, ""consecutive_heat_days"": 0}"
2026-03-05,Karnataka,SYNTHETIC,68000000,11.5,38.5,50.0,0.45,42.0,31.57,20.53,26.05,52.5,2.87,15.58,31.38,88.49,25.08,LOW,0,21.08,False,0,-2.24,-0.8,0,0,0.0,0.0,0.748,0.369,0.717,0.552,0.479,0.672,0.55,0.524,0.0,0.0144,0.0438,0.0,0.1277,0.0582,0.3862,0.05259,0.15463,0.20722,0,0,0,0,0,0,0,0,0,0,-0.20722,0.0,0.0,"{""max_temperature_c"": 31.57, ""mean_temperature_c"": 26.05, ""humidity_percent"": 52.5, ""wbgt_c"": 25.08, ""heat_index_c"": 31.38, ""heat_duration_hours"": 0, ""consecutive_heat_days"": 0}"
2026-03-06,Tamil Nadu,SYNTHETIC,77000000,13.0,40.0,47.0,0.36,55.0,35.02,25.84,30.43,68.6,3.8,24.0,41.92,107.46,30.22,DANGER,1,26.55,False,0,0.2,5.0,3,2,0.424,0.75,0.558,0.472,0.777,0.51,0.527,0.786,0.6,0.541,0.2996,0.6019,0.3288,0.2957,0.1694,1.2303,2.0318,0.06445,0.17722,0.24166,0,0,0,0,0,0,0,0,0,0,-0.24166,0.0,0.0,"{""max_temperature_c"": 35.02, ""mean_temperature_c"": 30.43, ""humidity_percent"": 68.6, ""wbgt_c"": 30.22, ""heat_index_c"": 41.92, ""heat_duration_hours"": 3, ""consecutive_heat_days"": 2}"
2026-03-06,Kerala,SYNTHETIC,35800000,17.0,45.0,38.0,0.28,50.0,32.66,26.37,29.52,66.5,5.3,22.62,37.24,99.03,28.16,CAUTION,0,27.0,False,0,-0.5,-1.8,0,0,0.499,0.578,0.491,0.417,0.481,0.525,0.605,0.84,0.65,0.536,0.0756,0.087,0.2249,0.1876,0.1642,0.3876,1.4132,0.02495,0.07111,0.09606,0,0,0,0,0,0,0,0,0,0,-0.09606,0.0,0.0,"{""max_temperature_c"": 32.66, ""mean_temperature_c"": 29.52, ""humidity_percent"": 66.5, ""wbgt_c"": 28.16, ""heat_index_c"": 37.24, ""heat_duration_hours"": 0, ""consecutive_heat_days"": 0}"
2026-03-06,Karnataka,SYNTHETIC,68000000,11.5,38.5,50.0,0.45,42.0,31.32,20.14,25.73,57.6,3.71,16.73,31.59,88.86,25.33,LOW,0,20.62,False,0,-2.56,4.4,0,0,0.0,0.0,0.779,0.316,0.723,0.544,0.494,0.671,0.55,0.524,0.0,0.0,0.0144,0.0438,0.1655,0.0144,0.2208,0.05356,0.15523,0.20878,0,0,0,0,0,0,0,0,0,0,-0.20878,0.0,0.0,"{""max_temperature_c"": 31.32, ""mean_temperature_c"": 25.73, ""humidity_percent"": 57.6, ""wbgt_c"": 25.33, ""heat_index_c"": 31.59, ""heat_duration_hours"": 0, ""consecutive_heat_days"": 0}"
2026-03-07,Tamil Nadu,SYNTHETIC,77000000,13.0,40.0,47.0,0.36,55.0,33.82,25.35,29.58,66.0,4.16,22.55,38.63,101.54,28.86,CAUTION,0,26.07,False,0,-1.07,2.5,0,0,0.345,0.569,0.503,0.481,0.766,0.504,0.581,0.785,0.6,0.543,0.1511,0.2996,0.6019,0.3288,0.2371,1.0526,1.9458,0.04679,0.13055,0.17734,0,0,0,0,0,0,0,0,0,0,-0.17734,0.0,0.0,"{""max_temperature_c"": 33.82, ""mean_temperature_c"": 29.58, ""humidity_percent"": 66.0, ""wbgt_c"": 28.86, ""heat_index_c"": 38.63, ""heat_duration_hours"": 0, ""consecutive_heat_days"": 0}"
2026-03-07,Kerala,SYNTHETIC,35800000,17.0,45.0,38.0,0.28,50.0,32.94,25.33,29.13,67.2,1.17,22.42,37.37,99.27,28.63,CAUTION,0,25.96,False,0,-0.25,-1.2,0,0,0.326,0.552,0.411,0.419,0.465,0.536,0.62,0.84,0.65,0.535,0.1158,0.0756,0.087,0.2249,0.3373,0.2784,1.1917,0.02391,0.07132,0.09523,0,0,0,0,0,0,0,0,0,0,-0.09523,0.0,0.0,"{""max_temperature_c"": 32.94, ""mean_temperature_c"": 29.13, ""humidity_percent"": 67.2, ""wbgt_c"": 28.63, ""heat_index_c"": 37.37, ""heat_duration_hours"": 0, ""consecutive_heat_days"": 0}"
2026-03-07,Karnataka,SYNTHETIC,68000000,11.5,38.5,50.0,0.45,42.0,33.19,22.43,27.81,56.1,3.13,18.25,34.36,93.85,27.0,LOW,0,23.0,False,0,-0.74,3.1,0,0,0.0,0.032,0.694,0.382,0.706,0.544,0.533,0.673,0.55,0.529,0.0489,0.0,0.0,0.0144,0.0684,0.0489,0.2013,0.05033,0.15118,0.20152,0,0,0,0,0,0,0,0,0,0,-0.20152,0.0,0.0,"{""max_temperature_c"": 33.19, ""mean_temperature_c"": 27.81, ""humidity_percent"": 56.1, ""wbgt_c"": 27.0, ""heat_index_c"": 34.36, ""heat_duration_hours"": 0, ""consecutive_heat_days"": 0}"
2026-03-08,Tamil Nadu,SYNTHETIC,77000000,13.0,40.0,47.0,0.36,55.0,33.74,25.78,29.76,67.3,0.49,23.05,39.08,102.34,29.56,CAUTION,0,26.48,False,0,-1.23,4.0,0,0,0.414,0.631,0.457,0.471,0.756,0.505,0.56,0.787,0.6,0.543,0.2015,0.1511,0.2996,0.6019,0.1035,0.6522,2.0438,0.04569,0.13259,0.17828,0,1,1,0,1,0,0,0,0,1,0.82172,0.001299,0.0,"{""max_temperature_c"": 33.74, ""mean_temperature_c"": 29.76, ""humidity_percent"": 67.3, ""wbgt_c"": 29.56, ""heat_index_c"": 39.08, ""heat_duration_hours"": 0, ""consecutive_heat_days"": 0}"
2026-03-08,Kerala,SYNTHETIC,35800000,17.0,45.0,38.0,0.28,50.0,33.94,26.83,30.38,66.3,4.53,23.4,39.75,103.55,29.31,CAUTION,0,27.45,False,1,0.74,-2.0,0,0,0.575,0.675,0.339,0.415,0.45,0.536,0.598,0.839,0.65,0.533,0.1874,0.1158,0.0756,0.087,0.3516,0.3788,1.0274,0.02429,0.0754,0.09968,0,0,0,0,0,0,0,0,0,0,-0.09968,0.0,0.0,"{""max_temperature_c"": 33.94, ""mean_temperature_c"": 30.38, ""humidity_percent"": 66.3, ""wbgt_c"": 29.31, ""heat_index_c"": 39.75, ""heat_duration_hours"": 0, ""consecutive_heat_days"": 0}"
2026-03-08,Karnataka,SYNTHETIC,68000000,11.5,38.5,50.0,0.45,42.0,33.66,22.36,28.01,57.2,5.65,18.76,35.21,95.37,27.15,LOW,0,22.88,False,0,-0.33,4.3,0,0,0.0,0.095,0.537,0.346,0.675,0.544,0.482,0.673,0.55,0.53,0.0619,0.0489,0.0,0.0,0.0941,0.1108,0.169,0.04637,0.14906,0.19543,0,0,0,0,0,0,0,0,0,0,-0.19543,0.0,0.0,"{""max_temperature_c"": 33.66, ""mean_temperature_c"": 28.01, ""humidity_percent"": 57.2, ""wbgt_c"": 27.15, ""heat_index_c"": 35.21, ""heat_duration_hours"": 0, ""consecutive_heat_days"": 0}"
2026-03-09,Tamil Nadu,SYNTHETIC,77000000,13.0,40.0,47.0,0.36,55.0,34.3,26.37,30.34,68.7,2.75,23.93,40.88,105.59,29.8,CAUTION,0,27.09,False,0,-0.73,5.5,0,0,0.515,0.741,0.58,0.478,0.781,0.508,0.562,0.786,0.6,0.54,0.2311,0.2015,0.1511,0.2996,0.1652,0.5837,2.1097,0.05167,0.14256,0.19422,0,1,1,1,0,0,0,0,0,1,0.80578,0.001299,0.0,"{""max_temperature_c"": 34.3, ""mean_temperature_c"": 30.34, ""humidity_percent"": 68.7, ""wbgt_c"": 29.8, ""heat_index_c"": 40.88, ""heat_duration_hours"": 0, ""consecutive_heat_days"": 0}"
2026-03-09,Kerala,SYNTHETIC,35800000,17.0,45.0,38.0,0.28,50.0,33.05,24.98,29.01,66.5,1.89,22.15,37.24,99.03,28.65,CAUTION,0,25.54,False,0,-0.18,-1.7,0,0,0.257,0.519,0.506,0.378,0.484,0.533,0.581,0.842,0.65,0.536,0.1196,0.1874,0.1158,0.0756,0.1491,0.4228,0.998,0.02661,0.07426,0.10087,0,0,0,0,0,0,0,0,0,0,-0.10087,0.0,0.0,"{""max_temperature_c"": 33.05, ""mean_temperature_c"": 29.01, ""humidity_percent"": 66.5, ""wbgt_c"": 28.65, ""heat_index_c"": 37.24, ""heat_duration_hours"": 0, ""consecutive_heat_days"": 0}"
2026-03-09,Karnataka,SYNTHETIC,68000000,11.5,38.5,50.0,0.45,42.0,34.37,23.51,28.94,55.3,2.2,19.09,36.25,97.25,27.94,LOW,0,24.04,False,0,0.32,2.6,0,0,0.007,0.136,0.732,0.354,0.714,0.541,0.493,0.674,0.55,0.527,0.0959,0.0619,0.0489,0.0,0.0,0.2067,0.265,0.05554,0.16041,0.21595,1,0,1,1,0,1,0,1,0,0,0.78405,0.001471,0.001471,"{""max_temperature_c"": 34.37, ""mean_temperature_c"": 28.94, ""humidity_percent"": 55.3, ""wbgt_c"": 27.94, ""heat_index_c"": 36.25, ""heat_duration_hours"": 0, ""consecutive_heat_days"": 0}"
2026-03-10,Tamil Nadu,SYNTHETIC,77000000,13.0,40.0,47.0,0.36,55.0,35.09,26.49,30.79,64.1,2.19,23.22,41.02,105.83,29.99,CAUTION,1,27.19,False,0,-0.01,1.1,0,0,0.532,0.652,0.555,0.468,0.776,0.509,0.55,0.785,0.6,0.538,0.2644,0.2311,0.2015,0.1511,0.2957,0.697,2.0784,0.05277,0.14673,0.1995,0,0,0,0,0,0,0,0,0,0,-0.1995,0.0,0.0,"{""max_temperature_c"": 35.09, ""mean_temperature_c"": 30.79, ""humidity_percent"": 64.1, ""wbgt_c"": 29.99, ""heat_index_c"": 41.02, ""heat_duration_hours"": 0, ""consecutive_heat_days"": 0}"
2026-03-10,Kerala,SYNTHETIC,35800000,17.0,45.0,38.0,0.28,50.0,33.04,26.5,29.77,60.0,0.69,21.17,36.31,97.36,28.24,CAUTION,0,27.15,False,0,-0.2,-8.2,0,0,0.524,0.396,0.505,0.43,0.484,0.537,0.598,0.844,0.65,0.538,0.0889,0.1196,0.1874,0.1158,0.1876,0.396,0.8993,0.0262,0.0741,0.10029,0,0,0,0,0,0,0,0,0,0,-0.10029,0.0,0.0,"{""max_temperature_c"": 33.04, ""mean_temperature_c"": 29.77, ""humidity_percent"": 60.0, ""wbgt_c"": 28.24, ""heat_index_c"": 36.31, ""heat_duration_hours"": 0, ""consecutive_heat_days"": 0}"
2026-03-10,Karnataka,SYNTHETIC,68000000,11.5,38.5,50.0,0.45,42.0,35.94,25.15,30.55,54.6,3.28,20.37,39.15,102.47,29.24,CAUTION,5,25.76,False,1,1.83,2.0,0,0,0.293,0.297,0.726,0.401,0.713,0.544,0.486,0.674,0.55,0.523,0.2593,0.0959,0.0619,0.0489,0.0438,0.4171,0.4804,0.06259,0.17894,0.24153,0,0,0,0,0,0,0,0,0,0,-0.24153,0.0,0.0,"{""max_temperature_c"": 35.94, ""mean_temperature_c"": 30.55, ""humidity_percent"": 54.6, ""wbgt_c"": 29.24, ""heat_index_c"": 39.15, ""heat_duration_hours"": 0, ""consecutive_heat_days"": 0}"
2026-03-11,Tamil Nadu,SYNTHETIC,77000000,13.0,40.0,47.0,0.36,55.0,34.04,24.29,29.16,61.3,3.44,20.96,37.34,99.21,28.52,CAUTION,0,25.05,False,0,-1.13,-1.5,0,0,0.174,0.37,0.523,0.504,0.77,0.511,0.568,0.785,0.6,0.543,0.1296,0.2644,0.2311,0.2015,0.3288,0.6251,1.8793,0.0467,0.13016,0.17686,0,0,0,0,0,0,0,0,0,0,-0.17686,0.0,0.0,"{""max_temperature_c"": 34.04, ""mean_temperature_c"": 29.16, ""humidity_percent"": 61.3, ""wbgt_c"": 28.52, ""heat_index_c"": 37.34, ""heat_duration_hours"": 0, ""consecutive_heat_days"": 0}"
2026-03-11,Kerala,SYNTHETIC,35800000,17.0,45.0,38.0,0.28,50.0,33.01,26.52,29.77,65.1,1.0,22.5,37.55,99.6,28.87,CAUTION,0,27.09,False,0,-0.24,-3.1,0,0,0.515,0.563,0.466,0.382,0.476,0.54,0.598,0.844,0.65,0.533,0.1352,0.0889,0.1196,0.1874,0.2249,0.3437,0.8096,0.02629,0.07629,0.10258,0,0,0,0,0,0,0,0,0,0,-0.10258,0.0,0.0,"{""max_temperature_c"": 33.01, ""mean_temperature_c"": 29.77, ""humidity_percent"": 65.1, ""wbgt_c"": 28.87, ""heat_index_c"": 37.55, ""heat_duration_hours"": 0, ""consecutive_heat_days"": 0}"
2026-03-11,Karnataka,SYNTHETIC,68000000,11.5,38.5,50.0,0.45,42.0,35.19,24.78,29.98,53.7,2.44,19.56,37.58,99.64,28.62,CAUTION,3,25.31,False,0,1.03,1.2,0,0,0.218,0.195,0.726,0.357,0.713,0.541,0.495,0.675,0.55,0.524,0.1677,0.2593,0.0959,0.0619,0.0144,0.523,0.6338,0.06163,0.17455,0.23618,0,0,0,0,0,0,0,0,0,0,-0.23618,0.0,0.0,"{""max_temperature_c"": 35.19, ""mean_temperature_c"": 29.98, ""humidity_percent"": 53.7, ""wbgt_c"": 28.62, ""heat_index_c"": 37.58, ""heat_duration_hours"": 0, ""consecutive_heat_days"": 0}"
2026-03-12,Tamil Nadu,SYNTHETIC,77000000,13.0,40.0,47.0,0.36,55.0,33.43,24.7,29.07,62.3,3.42,21.14,36.76,98.16,28.16,CAUTION,0,25.42,False,0,-1.8,-0.4,0,0,0.236,0.392,0.588,0.475,0.783,0.506,0.532,0.785,0.6,0.545,0.0907,0.1296,0.2644,0.2311,0.6019,0.4847,1.368,0.04843,0.13254,0.18097,0,0,0,0,0,0,0,0,0,0,-0.18097,0.0,0.0,"{""max_temperature_c"": 33.43, ""mean_temperature_c"": 29.07, ""humidity_percent"": 62.3, ""wbgt_c"": 28.16, ""heat_index_c"": 36.76, ""heat_duration_hours"": 0, ""consecutive_heat_days"": 0}"
2026-03-12,Kerala,SYNTHETIC,35800000,17.0,45.0,38.0,0.28,50.0,34.39,28.17,31.28,64.5,4.65,23.79,40.82,105.48,29.71,CAUTION,0,28.87,False,1,1.12,-3.7,0,0,0.811,0.724,0.523,0.463,0.487,0.541,0.595,0.842,0.65,0.536,0.2262,0.1352,0.0889,0.1196,0.087,0.4504,0.9488,0.03022,0.08627,0.1165,0,0,0,0,0,0,0,0,0,0,-0.1165,0.0,0.0,"{""max_temperature_c"": 34.39, ""mean_temperature_c"": 31.28, ""humidity_percent"": 64.5, ""wbgt_c"": 29.71, ""heat_index_c"": 40.82, ""heat_duration_hours"": 0, ""consecutive_heat_days"": 0}"
2026-03-12,Karnataka,SYNTHETIC,68000000,11.5,38.5,50.0,0.45,42.0,35.75,23.86,29.8,54.4,2.37,19.61,38.29,100.92,28.95,CAUTION,3,24.45,False,1,1.53,2.0,0,0,0.075,0.201,0.793,0.396,0.726,0.537,0.536,0.676,0.55,0.525,0.226,0.1677,0.2593,0.0959,0.0,0.6531,0.8598,0.06577,0.17847,0.24424,0,1,1,1,0,0,0,0,0,1,0.75576,0.001471,0.0,"{""max_temperature_c"": 35.75, ""mean_temperature_c"": 29.8, ""humidity_percent"": 54.4, ""wbgt_c"": 28.95, ""heat_index_c"": 38.29, ""heat_duration_hours"": 0, ""consecutive_heat_days"": 0}"
2026-03-13,Tamil Nadu,SYNTHETIC,77000000,13.0,40.0,47.0,0.36,55.0,33.21,24.77,28.99,63.2,4.23,21.29,36.63,97.93,28.16,CAUTION,0,25.44,False,0,-2.08,0.6,0,0,0.24,0.412,0.548,0.443,0.775,0.496,0.578,0.785,0.6,0.546,0.0861,0.0907,0.1296,0.2644,0.2996,0.3064,1.1545,0.04495,0.12609,0.17104,0,0,0,0,0,0,0,0,0,0,-0.17104,0.0,0.0,"{""max_temperature_c"": 33.21, ""mean_temperature_c"": 28.99, ""humidity_percent"": 63.2, ""wbgt_c"": 28.16, ""heat_index_c"": 36.63, ""heat_duration_hours"": 0, ""consecutive_heat_days"": 0}"
2026-03-13,Kerala,SYNTHETIC,35800000,17.0,45.0,38.0,0.28,50.0,34.53,27.94,31.23,64.4,3.13,23.72,40.91,105.65,29.9,CAUTION,0,28.6,False,2,1.24,-3.7,0,0,0.767,0.715,0.443,0.44,0.471,0.541,0.58,0.844,0.65,0.533,0.2433,0.2262,0.1352,0.0889,0.0756,0.6047,1.1164,0.02956,0.08679,0.11635,0,0,0,0,0,0,0,0,0,0,-0.11635,0.0,0.0,"{""max_temperature_c"": 34.53, ""mean_temperature_c"": 31.23, ""humidity_percent"": 64.4, ""wbgt_c"": 29.9, ""heat_index_c"": 40.91, ""heat_duration_hours"": 0, ""consecutive_heat_days"": 0}"
2026-03-13,Karnataka,SYNTHETIC,68000000,11.5,38.5,50.0,0.45,42.0,35.76,24.03,29.89,51.0,2.14,18.67,37.59,99.67,28.63,CAUTION,3,24.65,False,2,1.48,-1.2,0,0,0.108,0.083,0.69,0.414,0.705,0.534,0.52,0.677,0.55,0.525,0.2025,0.226,0.1677,0.2593,0.0,0.5963,1.0623,0.06095,0.17352,0.23447,0,0,0,0,0,0,0,0,0,0,-0.23447,0.0,0.0,"{""max_temperature_c"": 35.76, ""mean_temperature_c"": 29.89, ""humidity_percent"": 51.0, ""wbgt_c"": 28.63, ""heat_index_c"": 37.59, ""heat_duration_hours"": 0, ""consecutive_heat_days"": 0}"
2026-03-14,Tamil Nadu,SYNTHETIC,77000000,13.0,40.0,47.0,0.36,55.0,34.3,27.08,30.69,67.9,3.26,24.09,41.1,105.98,29.93,CAUTION,0,27.82,False,0,-1.05,5.5,0,0,0.637,0.761,0.538,0.497,0.773,0.497,0.591,0.786,0.6,0.543,0.241,0.0861,0.0907,0.1296,0.1511,0.4178,1.2444,0.05078,0.1457,0.19648,0,0,0,0,0,0,0,0,0,0,-0.19648,0.0,0.0,"{""max_temperature_c"": 34.3, ""mean_temperature_c"": 30.69, ""humidity_percent"": 67.9, ""wbgt_c"": 29.93, ""heat_index_c"": 41.1, ""heat_duration_hours"": 0, ""consecutive_heat_days"": 0}"
2026-03-14,Kerala,SYNTHETIC,35800000,17.0,45.0,38.0,0.28,50.0,33.87,28.0,30.93,63.2,0.68,23.12,39.32,102.78,29.55,CAUTION,0,28.63,False,3,0.57,-5.0,0,0,0.771,0.639,0.459,0.419,0.474,0.538,0.596,0.843,0.65,0.538,0.204,0.2433,0.2262,0.1352,0.1158,0.6735,1.2046,0.02921,0.0845,0.11371,0,0,0,0,0,0,0,0,0,0,-0.11371,0.0,0.0,"{""max_temperature_c"": 33.87, ""mean_temperature_c"": 30.93, ""humidity_percent"": 63.2, ""wbgt_c"": 29.55, ""heat_index_c"": 39.32, ""heat_duration_hours"": 0, ""consecutive_heat_days"": 0}"
2026-03-14,Karnataka,SYNTHETIC,68000000,11.5,38.5,50.0,0.45,42.0,33.1,21.37,27.24,51.1,1.41,16.27,33.23,91.81,26.4,LOW,0,21.94,False,0,-1.22,-1.0,0,0,0.0,0.0,0.628,0.376,0.693,0.534,0.512,0.678,0.55,0.522,0.032,0.2025,0.226,0.1677,0.0489,0.4605,1.0453,0.05466,0.16539,0.22005,0,0,0,0,0,0,0,0,0,0,-0.22005,0.0,0.0,"{""max_temperature_c"": 33.1, ""mean_temperature_c"": 27.24, ""humidity_percent"": 51.1, ""wbgt_c"": 26.4, ""heat_index_c"": 33.23, ""heat_duration_hours"": 0, ""consecutive_heat_days"": 0}"
2026-03-15,Tamil Nadu,SYNTHETIC,77000000,13.0,40.0,47.0,0.36,55.0,36.12,27.75,31.93,60.4,2.43,23.32,42.48,108.46,30.5,DANGER,5,28.47,False,0,0.7,-1.9,5,1,0.745,0.665,0.478,0.485,0.761,0.5,0.539,0.786,0.6,0.546,0.4146,0.241,0.0861,0.0907,0.2015,0.7417,1.4575,0.07162,0.2208,0.29242,0,0,0,0,0,0,0,0,0,0,-0.29242,0.0,0.0,"{""max_temperature_c"": 36.12, ""mean_temperature_c"": 31.93, ""humidity_percent"": 60.4, ""wbgt_c"": 30.5, ""heat_index_c"": 42.48, ""heat_duration_hours"": 5, ""consecutive_heat_days"": 1}"
2026-03-15,Kerala,SYNTHETIC,35800000,17.0,45.0,38.0,0.28,50.0,33.68,27.72,30.7,70.1,2.86,24.63,41.01,105.82,29.9,CAUTION,0,28.3,False,4,0.37,2.0,0,0,0.717,0.829,0.411,0.391,0.465,0.533,0.564,0.843,0.65,0.539,0.2264,0.204,0.2433,0.2262,0.1874,0.6737,1.2436,0.02918,0.08673,0.11591,0,0,0,0,0,0,0,0,0,0,-0.11591,0.0,0.0,"{""max_temperature_c"": 33.68, ""mean_temperature_c"": 30.7, ""humidity_percent"": 70.1, ""wbgt_c"": 29.9, ""heat_index_c"": 41.01, ""heat_duration_hours"": 0, ""consecutive_heat_days"": 0}"
2026-03-15,Karnataka,SYNTHETIC,68000000,11.5,38.5,50.0,0.45,42.0,32.02,21.41,26.72,50.6,1.97,15.61,31.83,89.3,25.49,LOW,0,21.94,False,0,-2.35,-1.4,0,0,0.0,0.0,0.594,0.352,0.686,0.535,0.485,0.676,0.55,0.523,0.0003,0.032,0.2025,0.226,0.0619,0.2348,0.9838,0.05193,0.1628,0.21473,0,0,0,0,0,0,0,0,0,0,-0.21473,0.0,0.0,"{""max_temperature_c"": 32.02, ""mean_temperature_c"": 26.72, ""humidity_percent"": 50.6, ""wbgt_c"": 25.49, ""heat_index_c"": 31.83, ""heat_duration_hours"": 0, ""consecutive_heat_days"": 0}"
2026-03-16,Tamil Nadu,SYNTHETIC,77000000,13.0,40.0,47.0,0.36,55.0,37.49,28.1,32.8,57.5,1.21,23.29,44.23,111.61,31.36,DANGER,9,28.87,False,1,2.02,-4.7,7,2,0.812,0.661,0.609,0.515,0.787,0.503,0.539,0.788,0.6,0.545,0.6478,0.4146,0.241,0.0861,0.2311,1.3035,1.8743,0.11127,0.32774,0.43901,0,0,0,0,0,0,0,0,0,0,-0.43901,0.0,0.0,"{""max_temperature_c"": 37.49, ""mean_temperature_c"": 32.8, ""humidity_percent"": 57.5, ""wbgt_c"": 31.36, ""heat_index_c"": 44.23, ""heat_duration_hours"": 7, ""consecutive_heat_days"": 2}"
2026-03-16,Kerala,SYNTHETIC,35800000,17.0,45.0,38.0,0.28,50.0,32.78,27.58,30.18,69.8,2.45,24.06,39.04,102.27,29.22,CAUTION,0,28.18,False,0,-0.55,1.7,0,0,0.696,0.758,0.48,0.398,0.478,0.537,0.593,0.842,0.65,0.541,0.1571,0.2264,0.204,0.2433,0.1196,0.5875,1.2811,0.02891,0.08271,0.11162,0,0,0,0,0,0,0,0,0,0,-0.11162,0.0,0.0,"{""max_temperature_c"": 32.78, ""mean_temperature_c"": 30.18, ""humidity_percent"": 69.8, ""wbgt_c"": 29.22, ""heat_index_c"": 39.04, ""heat_duration_hours"": 0, ""consecutive_heat_days"": 0}"
2026-03-16,Karnataka,SYNTHETIC,68000000,11.5,38.5,50.0,0.45,42.0,33.84,24.91,29.37,54.6,2.14,19.27,35.75,96.35,27.79,LOW,0,25.45,False,0,-0.58,2.7,0,0,0.242,0.158,0.77,0.357,0.722,0.534,0.522,0.678,0.55,0.528,0.0815,0.0003,0.032,0.2025,0.0959,0.1138,0.9694,0.0599,0.17198,0.23189,0,0,0,0,0,0,0,0,0,0,-0.23189,0.0,0.0,"{""max_temperature_c"": 33.84, ""mean_temperature_c"": 29.37, ""humidity_percent"": 54.6, ""wbgt_c"": 27.79, ""heat_index_c"": 35.75, ""heat_duration_hours"": 0, ""consecutive_heat_days"": 0}"
2026-03-17,Tamil Nadu,SYNTHETIC,77000000,13.0,40.0,47.0,0.36,55.0,40.37,31.01,35.69,54.8,4.57,25.2,50.8,123.44,33.4,EXTREME,13,31.86,True,2,4.84,-7.2,14,3,1.0,0.9,0.584,0.566,0.782,0.5,0.689,0.785,0.6,0.541,1.6813,0.6478,0.4146,0.241,0.2644,2.7438,3.2912,0.28043,0.8397,1.12013,0,2,2,2,0,0,0,0,1,1,0.87987,0.002597,0.0,"{""max_temperature_c"": 40.37, ""mean_temperature_c"": 35.69, ""humidity_percent"": 54.8, ""wbgt_c"": 33.4, ""heat_index_c"": 50.8, ""heat_duration_hours"": 14, ""consecutive_heat_days"": 3}"
2026-03-17,Kerala,SYNTHETIC,35800000,17.0,45.0,38.0,0.28,50.0,33.28,27.95,30.62,70.3,0.92,24.59,40.41,104.74,29.84,CAUTION,0,28.56,False,0,-0.07,2.2,0,0,0.761,0.824,0.487,0.407,0.48,0.539,0.58,0.841,0.65,0.541,0.2134,0.1571,0.2264,0.204,0.0889,0.5969,1.4056,0.03052,0.08798,0.1185,0,0,0,0,0,0,0,0,0,0,-0.1185,0.0,0.0,"{""max_temperature_c"": 33.28, ""mean_temperature_c"": 30.62, ""humidity_percent"": 70.3, ""wbgt_c"": 29.84, ""heat_index_c"": 40.41, ""heat_duration_hours"": 0, ""consecutive_heat_days"": 0}"
2026-03-17,Karnataka,SYNTHETIC,68000000,11.5,38.5,50.0,0.45,42.0,34.95,23.06,29.01,49.9,4.03,17.51,35.91,96.64,27.52,LOW,0,23.67,False,0,0.49,-1.9,0,0,0.0,0.0,0.801,0.405,0.728,0.537,0.505,0.682,0.55,0.528,0.097,0.0815,0.0003,0.032,0.2593,0.1788,0.8071,0.06251,0.17455,0.23706,0,0,0,0,0,0,0,0,0,0,-0.23706,0.0,0.0,"{""max_temperature_c"": 34.95, ""mean_temperature_c"": 29.01, ""humidity_percent"": 49.9, ""wbgt_c"": 27.52, ""heat_index_c"": 35.91, ""heat_duration_hours"": 0, ""consecutive_heat_days"": 0}"
2026-03-18,Tamil Nadu,SYNTHETIC,77000000,13.0,40.0,47.0,0.36,55.0,39.28,30.31,34.8,54.9,1.98,24.4,48.12,118.61,32.57,EXTREME,11,31.11,True,3,3.69,-7.0,12,4,1.0,0.8,0.6,0.532,0.785,0.494,0.664,0.786,0.6,0.541,1.1825,1.6813,0.6478,0.4146,0.1296,3.5116,4.344,0.27759,0.80427,1.08187,0,0,0,0,0,0,0,0,0,0,-1.08187,0.0,0.0,"{""max_temperature_c"": 39.28, ""mean_temperature_c"": 34.8, ""humidity_percent"": 54.9, ""wbgt_c"": 32.57, ""heat_index_c"": 48.12, ""heat_duration_hours"": 12, ""consecutive_heat_days"": 4}"
2026-03-18,Kerala,SYNTHETIC,35800000,17.0,45.0,38.0,0.28,50.0,33.1,27.7,30.4,66.0,3.18,23.34,38.58,101.45,28.95,CAUTION,0,28.3,False,0,-0.26,-2.1,0,0,0.717,0.667,0.426,0.401,0.468,0.546,0.567,0.842,0.65,0.545,0.1435,0.2134,0.1571,0.2264,0.1352,0.514,1.4139,0.02771,0.0815,0.10921,0,0,0,0,0,0,0,0,0,0,-0.10921,0.0,0.0,"{""max_temperature_c"": 33.1, ""mean_temperature_c"": 30.4, ""humidity_percent"": 66.0, ""wbgt_c"": 28.95, ""heat_index_c"": 38.58, ""heat_duration_hours"": 0, ""consecutive_heat_days"": 0}"
2026-03-18,Karnataka,SYNTHETIC,68000000,11.5,38.5,50.0,0.45,42.0,35.31,22.78,29.04,48.6,2.07,17.11,36.1,96.97,27.69,LOW,3,23.38,False,0,0.8,-3.1,0,0,0.0,0.0,0.747,0.403,0.717,0.542,0.504,0.68,0.55,0.527,0.1208,0.097,0.0815,0.0003,0.1677,0.2992,0.7601,0.06178,0.1758,0.23759,0,0,0,0,0,0,0,0,0,0,-0.23759,0.0,0.0,"{""max_temperature_c"": 35.31, ""mean_temperature_c"": 29.04, ""humidity_percent"": 48.6, ""wbgt_c"": 27.69, ""heat_index_c"": 36.1, ""heat_duration_hours"": 0, ""consecutive_heat_days"": 0}"
2026-03-19,Tamil Nadu,SYNTHETIC,77000000,13.0,40.0,47.0,0.36,55.0,35.4,27.29,31.35,64.8,2.44,23.93,42.33,108.19,30.55,DANGER,3,28.07,False,0,-0.24,3.1,5,5,0.678,0.741,0.574,0.519,0.78,0.496,0.703,0.784,0.6,0.541,0.3809,1.1825,1.6813,0.6478,0.0907,3.2447,4.6342,0.11293,0.29728,0.41021,0,0,0,0,0,0,0,0,0,0,-0.41021,0.0,0.0,"{""max_temperature_c"": 35.4, ""mean_temperature_c"": 31.35, ""humidity_percent"": 64.8, ""wbgt_c"": 30.55, ""heat_index_c"": 42.33, ""heat_duration_hours"": 5, ""consecutive_heat_days"": 5}"
2026-03-19,Kerala,SYNTHETIC,35800000,17.0,45.0,38.0,0.28,50.0,33.81,26.75,30.28,68.2,3.66,23.76,40.02,104.04,29.43,CAUTION,0,27.4,False,1,0.44,0.1,0,0,0.567,0.72,0.46,0.431,0.474,0.546,0.573,0.843,0.65,0.548,0.1934,0.1435,0.2134,0.1571,0.2262,0.5503,1.3811,0.0291,0.08449,0.11359,0,0,0,0,0,0,0,0,0,0,-0.11359,0.0,0.0,"{""max_temperature_c"": 33.81, ""mean_temperature_c"": 30.28, ""humidity_percent"": 68.2, ""wbgt_c"": 29.43, ""heat_index_c"": 40.02, ""heat_duration_hours"": 0, ""consecutive_heat_days"": 0}"
2026-03-19,Karnataka,SYNTHETIC,68000000,11.5,38.5,50.0,0.45,42.0,34.14,22.32,28.23,45.3,3.04,15.29,33.92,93.06,26.31,LOW,0,22.84,False,0,-0.41,-6.2,0,0,0.0,0.0,0.724,0.35,0.712,0.543,0.525,0.681,0.55,0.526,0.0507,0.1208,0.097,0.0815,0.226,0.2684,0.5847,0.06013,0.1757,0.23582,0,0,0,0,0,0,0,0,0,0,-0.23582,0.0,0.0,"{""max_temperature_c"": 34.14, ""mean_temperature_c"": 28.23, ""humidity_percent"": 45.3, ""wbgt_c"": 26.31, ""heat_index_c"": 33.92, ""heat_duration_hours"": 0, ""consecutive_heat_days"": 0}"
2026-03-20,Tamil Nadu,SYNTHETIC,77000000,13.0,40.0,47.0,0.36,55.0,35.5,27.33,31.41,63.9,2.42,23.76,42.23,108.01,30.48,DANGER,3,28.08,False,0,-0.2,2.3,5,6,0.68,0.719,0.587,0.501,0.782,0.492,0.716,0.784,0.6,0.536,0.3743,0.3809,1.1825,1.6813,0.0861,1.9377,4.9225,0.09784,0.27436,0.37219,0,0,0,0,0,0,0,0,0,0,-0.37219,0.0,0.0,"{""max_temperature_c"": 35.5, ""mean_temperature_c"": 31.41, ""humidity_percent"": 63.9, ""wbgt_c"": 30.48, ""heat_index_c"": 42.23, ""heat_duration_hours"": 5, ""consecutive_heat_days"": 6}"
2026-03-20,Kerala,SYNTHETIC,35800000,17.0,45.0,38.0,0.28,50.0,33.95,28.55,31.25,68.9,2.64,24.86,41.69,107.04,30.22,DANGER,0,29.18,False,2,0.57,0.8,4,1,0.864,0.857,0.476,0.422,0.478,0.547,0.597,0.842,0.65,0.551,0.278,0.1934,0.1435,0.2134,0.2433,0.6148,1.4158,0.03804,0.1167,0.15474,1,0,1,1,0,1,0,0,0,1,0.84526,0.002793,0.002793,"{""max_temperature_c"": 33.95, ""mean_temperature_c"": 31.25, ""humidity_percent"": 68.9, ""wbgt_c"": 30.22, ""heat_index_c"": 41.69, ""heat_duration_hours"": 4, ""consecutive_heat_days"": 1}"
2026-03-20,Karnataka,SYNTHETIC,68000000,11.5,38.5,50.0,0.45,42.0,34.14,23.05,28.6,52.7,0.67,17.99,35.28,95.5,27.68,LOW,0,23.64,False,0,-0.45,1.2,0,0,0.0,0.0,0.778,0.395,0.723,0.542,0.503,0.681,0.55,0.53,0.085,0.0507,0.1208,0.097,0.2025,0.2564,0.4672,0.06365,0.18013,0.24379,0,0,0,0,0,0,0,0,0,0,-0.24379,0.0,0.0,"{""max_temperature_c"": 34.14, ""mean_temperature_c"": 28.6, ""humidity_percent"": 52.7, ""wbgt_c"": 27.68, ""heat_index_c"": 35.28, ""heat_duration_hours"": 0, ""consecutive_heat_days"": 0}"
2026-03-21,Tamil Nadu,SYNTHETIC,77000000,13.0,40.0,47.0,0.36,55.0,35.74,28.23,31.99,64.7,3.67,24.5,43.57,110.42,30.8,DANGER,5,28.96,False,0,-0.01,3.2,6,7,0.827,0.812,0.565,0.488,0.778,0.485,0.553,0.787,0.6,0.538,0.4454,0.3743,0.3809,1.1825,0.241,1.2007,5.1269,0.10192,0.3008,0.40272,0,0,0,0,0,0,0,0,0,0,-0.40272,0.0,0.0,"{""max_temperature_c"": 35.74, ""mean_temperature_c"": 31.99, ""humidity_percent"": 64.7, ""wbgt_c"": 30.8, ""heat_index_c"": 43.57, ""heat_duration_hours"": 6, ""consecutive_heat_days"": 7}"
2026-03-21,Kerala,SYNTHETIC,35800000,17.0,45.0,38.0,0.28,50.0,33.55,27.8,30.68,69.7,2.69,24.5,40.65,105.17,29.76,CAUTION,0,28.45,False,3,0.16,1.6,0,0,0.742,0.812,0.449,0.432,0.472,0.545,0.56,0.841,0.65,0.551,0.2129,0.278,0.1934,0.1435,0.204,0.6842,1.4246,0.03064,0.08929,0.11993,0,0,0,0,0,0,0,0,0,0,-0.11993,0.0,0.0,"{""max_temperature_c"": 33.55, ""mean_temperature_c"": 30.68, ""humidity_percent"": 69.7, ""wbgt_c"": 29.76, ""heat_index_c"": 40.65, ""heat_duration_hours"": 0, ""consecutive_heat_days"": 0}"
2026-03-21,Karnataka,SYNTHETIC,68000000,11.5,38.5,50.0,0.45,42.0,36.08,24.8,30.44,49.6,3.83,18.72,38.02,100.43,28.58,CAUTION,5,25.37,False,1,1.45,-1.8,0,0,0.229,0.09,0.641,0.383,0.696,0.543,0.503,0.68,0.55,0.527,0.218,0.085,0.0507,0.1208,0.032,0.3537,0.6533,0.06121,0.18212,0.24333,0,0,0,0,0,0,0,0,0,0,-0.24333,0.0,0.0,"{""max_temperature_c"": 36.08, ""mean_temperature_c"": 30.44, ""humidity_percent"": 49.6, ""wbgt_c"": 28.58, ""heat_index_c"": 38.02, ""heat_duration_hours"": 0, ""consecutive_heat_days"": 0}"
2026-03-22,Tamil Nadu,SYNTHETIC,77000000,13.0,40.0,47.0,0.36,55.0,35.71,27.03,31.37,64.2,1.62,23.79,42.55,108.58,30.77,DANGER,5,27.77,False,0,-0.1,2.8,5,8,0.629,0.724,0.451,0.492,0.755,0.488,0.554,0.787,0.6,0.538,0.4374,0.4454,0.3743,0.3809,0.4146,1.2571,5.1497,0.08383,0.25397,0.33779,0,0,0,0,0,0,0,0,0,0,-0.33779,0.0,0.0,"{""max_temperature_c"": 35.71, ""mean_temperature_c"": 31.37, ""humidity_percent"": 64.2, ""wbgt_c"": 30.77, ""heat_index_c"": 42.55, ""heat_duration_hours"": 5, ""consecutive_heat_days"": 8}"
2026-03-22,Kerala,SYNTHETIC,35800000,17.0,45.0,38.0,0.28,50.0,33.29,26.82,30.05,72.4,0.98,24.54,40.36,104.64,29.86,CAUTION,0,27.48,False,0,-0.1,4.4,0,0,0.58,0.818,0.289,0.441,0.44,0.544,0.616,0.841,0.65,0.553,0.215,0.2129,0.278,0.1934,0.2264,0.7058,1.4132,0.02624,0.08298,0.10921,0,0,0,0,0,0,0,0,0,0,-0.10921,0.0,0.0,"{""max_temperature_c"": 33.29, ""mean_temperature_c"": 30.05, ""humidity_percent"": 72.4, ""wbgt_c"": 29.86, ""heat_index_c"": 40.36, ""heat_duration_hours"": 0, ""consecutive_heat_days"": 0}"
2026-03-22,Karnataka,SYNTHETIC,68000000,11.5,38.5,50.0,0.45,42.0,39.12,27.68,33.4,43.2,1.91,19.19,42.09,107.76,30.52,DANGER,9,28.35,True,2,4.46,-8.1,4,1,0.725,0.148,0.62,0.449,0.692,0.537,0.625,0.681,0.55,0.528,0.7001,0.218,0.085,0.0507,0.0003,1.0031,1.3531,0.09424,0.29465,0.38889,0,0,0,0,0,0,0,0,0,0,-0.38889,0.0,0.0,"{""max_temperature_c"": 39.12, ""mean_temperature_c"": 33.4, ""humidity_percent"": 43.2, ""wbgt_c"": 30.52, ""heat_index_c"": 42.09, ""heat_duration_hours"": 4, ""consecutive_heat_days"": 1}"
2026-03-23,Tamil Nadu,SYNTHETIC,77000000,13.0,40.0,47.0,0.36,55.0,33.72,27.33,30.53,72.7,4.11,25.07,41.69,107.05,30.05,DANGER,0,28.02,False,0,-2.13,11.5,1,9,0.67,0.884,0.553,0.459,0.776,0.481,0.521,0.787,0.6,0.541,0.2425,0.4374,0.4454,0.3743,0.6478,1.1253,4.7443,0.06979,0.19321,0.263,0,0,0,0,0,0,0,0,0,0,-0.263,0.0,0.0,"{""max_temperature_c"": 33.72, ""mean_temperature_c"": 30.53, ""humidity_percent"": 72.7, ""wbgt_c"": 30.05, ""heat_index_c"": 41.69, ""heat_duration_hours"": 1, ""consecutive_heat_days"": 9}"
2026-03-23,Kerala,SYNTHETIC,35800000,17.0,45.0,38.0,0.28,50.0,33.27,25.79,29.53,71.7,1.19,23.89,39.48,103.07,29.61,CAUTION,0,26.39,False,0,-0.13,3.7,0,0,0.399,0.736,0.434,0.402,0.469,0.543,0.634,0.841,0.65,0.555,0.1962,0.215,0.2129,0.278,0.1571,0.624,1.4523,0.02837,0.08275,0.11112,0,0,0,0,0,0,0,0,0,0,-0.11112,0.0,0.0,"{""max_temperature_c"": 33.27, ""mean_temperature_c"": 29.53, ""humidity_percent"": 71.7, ""wbgt_c"": 29.61, ""heat_index_c"": 39.48, ""heat_duration_hours"": 0, ""consecutive_heat_days"": 0}"
2026-03-23,Karnataka,SYNTHETIC,68000000,11.5,38.5,50.0,0.45,42.0,37.45,25.68,31.57,48.3,1.58,19.34,40.15,104.26,29.75,CAUTION,7,26.28,True,3,2.75,-2.9,0,0,0.38,0.167,0.725,0.397,0.712,0.533,0.647,0.683,0.55,0.53,0.3884,0.7001,0.218,0.085,0.0815,1.3066,1.6599,0.07913,0.21433,0.29346,0,0,0,0,0,0,0,0,0,0,-0.29346,0.0,0.0,"{""max_temperature_c"": 37.45, ""mean_temperature_c"": 31.57, ""humidity_percent"": 48.3, ""wbgt_c"": 29.75, ""heat_index_c"": 40.15, ""heat_duration_hours"": 0, ""consecutive_heat_days"": 0}"
2026-03-24,Tamil Nadu,SYNTHETIC,77000000,13.0,40.0,47.0,0.36,55.0,34.79,27.55,31.17,70.6,1.09,25.18,43.31,109.96,30.93,DANGER,0,28.25,False,0,-1.12,9.5,7,10,0.708,0.898,0.592,0.464,0.783,0.483,0.515,0.787,0.6,0.543,0.4191,0.2425,0.4374,0.4454,1.6813,1.0989,3.4821,0.10595,0.31868,0.42463,0,0,0,0,0,0,0,0,0,0,-0.42463,0.0,0.0,"{""max_temperature_c"": 34.79, ""mean_temperature_c"": 31.17, ""humidity_percent"": 70.6, ""wbgt_c"": 30.93, ""heat_index_c"": 43.31, ""heat_duration_hours"": 7, ""consecutive_heat_days"": 10}"
2026-03-24,Kerala,SYNTHETIC,35800000,17.0,45.0,38.0,0.28,50.0,31.86,25.19,28.52,68.7,2.02,22.22,35.83,96.49,27.97,LOW,0,25.73,False,0,-1.55,0.7,0,0,0.288,0.527,0.47,0.359,0.476,0.542,0.606,0.841,0.65,0.554,0.0493,0.1962,0.215,0.2129,0.2134,0.4605,1.2882,0.02629,0.07535,0.10164,0,0,0,0,0,0,0,0,0,0,-0.10164,0.0,0.0,"{""max_temperature_c"": 31.86, ""mean_temperature_c"": 28.52, ""humidity_percent"": 68.7, ""wbgt_c"": 27.97, ""heat_index_c"": 35.83, ""heat_duration_hours"": 0, ""consecutive_heat_days"": 0}"
2026-03-24,Karnataka,SYNTHETIC,68000000,11.5,38.5,50.0,0.45,42.0,37.5,26.35,31.92,51.7,2.5,20.76,41.44,106.6,30.28,DANGER,7,27.03,True,4,2.76,0.6,3,1,0.505,0.346,0.738,0.452,0.715,0.532,0.656,0.682,0.55,0.533,0.4591,0.3884,0.7001,0.218,0.097,1.5476,2.0221,0.09779,0.27868,0.37647,0,0,0,0,0,0,0,0,0,0,-0.37647,0.0,0.0,"{""max_temperature_c"": 37.5, ""mean_temperature_c"": 31.92, ""humidity_percent"": 51.7, ""wbgt_c"": 30.28, ""heat_index_c"": 41.44, ""heat_duration_hours"": 3, ""consecutive_heat_days"": 1}"
2026-03-25,Tamil Nadu,SYNTHETIC,77000000,13.0,40.0,47.0,0.36,55.0,34.83,28.09,31.46,66.0,2.32,24.35,42.14,107.86,30.46,DANGER,0,28.84,False,0,-1.12,5.0,5,11,0.806,0.793,0.588,0.5,0.783,0.483,0.564,0.787,0.6,0.544,0.3374,0.4191,0.2425,0.4374,1.1825,0.9989,2.6369,0.09047,0.26343,0.3539,0,0,0,0,0,0,0,0,0,0,-0.3539,0.0,0.0,"{""max_temperature_c"": 34.83, ""mean_temperature_c"": 31.46, ""humidity_percent"": 66.0, ""wbgt_c"": 30.46, ""heat_index_c"": 42.14, ""heat_duration_hours"": 5, ""consecutive_heat_days"": 11}"
2026-03-25,Kerala,SYNTHETIC,35800000,17.0,45.0,38.0,0.28,50.0,31.58,26.24,28.91,76.1,0.82,24.26,37.66,99.78,28.84,CAUTION,0,26.82,False,0,-1.84,8.0,0,0,0.47,0.783,0.442,0.385,0.471,0.537,0.601,0.841,0.65,0.56,0.1131,0.0493,0.1962,0.215,0.1435,0.3587,1.2578,0.0261,0.07685,0.10294,0,0,0,0,0,0,0,0,0,0,-0.10294,0.0,0.0,"{""max_temperature_c"": 31.58, ""mean_temperature_c"": 28.91, ""humidity_percent"": 76.1, ""wbgt_c"": 28.84, ""heat_index_c"": 37.66, ""heat_duration_hours"": 0, ""consecutive_heat_days"": 0}"
2026-03-25,Karnataka,SYNTHETIC,68000000,11.5,38.5,50.0,0.45,42.0,37.66,25.8,31.73,47.1,4.34,19.08,40.2,104.36,29.49,CAUTION,7,26.42,True,5,2.89,-3.9,0,0,0.404,0.135,0.774,0.418,0.722,0.534,0.653,0.68,0.55,0.538,0.3814,0.4591,0.3884,0.7001,0.1208,1.2289,2.2827,0.08375,0.22419,0.30794,0,2,2,1,1,0,0,0,0,2,1.69206,0.002941,0.0,"{""max_temperature_c"": 37.66, ""mean_temperature_c"": 31.73, ""humidity_percent"": 47.1, ""wbgt_c"": 29.49, ""heat_index_c"": 40.2, ""heat_duration_hours"": 0, ""consecutive_heat_days"": 0}"
2026-03-26,Tamil Nadu,SYNTHETIC,77000000,13.0,40.0,47.0,0.36,55.0,34.94,24.3,29.62,58.4,1.41,20.58,38.1,100.57,29.05,CAUTION,0,25.02,False,0,-1.07,-2.5,0,0,0.17,0.323,0.582,0.483,0.781,0.484,0.551,0.787,0.6,0.543,0.1878,0.3374,0.4191,0.2425,0.3809,0.9442,2.4438,0.06116,0.16068,0.22184,0,0,0,0,0,0,0,0,0,0,-0.22184,0.0,0.0,"{""max_temperature_c"": 34.94, ""mean_temperature_c"": 29.62, ""humidity_percent"": 58.4, ""wbgt_c"": 29.05, ""heat_index_c"": 38.1, ""heat_duration_hours"": 0, ""consecutive_heat_days"": 0}"
2026-03-26,Kerala,SYNTHETIC,35800000,17.0,45.0,38.0,0.28,50.0,32.19,26.12,29.16,72.8,1.91,23.77,37.89,100.2,28.71,CAUTION,0,26.73,False,0,-1.23,4.7,0,0,0.456,0.721,0.537,0.407,0.49,0.532,0.618,0.841,0.65,0.56,0.1072,0.1131,0.0493,0.1962,0.1934,0.2696,1.1716,0.02748,0.07704,0.10453,0,0,0,0,0,0,0,0,0,0,-0.10453,0.0,0.0,"{""max_temperature_c"": 32.19, ""mean_temperature_c"": 29.16, ""humidity_percent"": 72.8, ""wbgt_c"": 28.71, ""heat_index_c"": 37.89, ""heat_duration_hours"": 0, ""consecutive_heat_days"": 0}"
2026-03-26,Karnataka,SYNTHETIC,68000000,11.5,38.5,50.0,0.45,42.0,36.33,25.31,30.82,49.5,1.31,19.03,38.54,101.37,29.12,CAUTION,5,25.91,False,6,1.52,-1.5,0,0,0.318,0.128,0.738,0.397,0.715,0.527,0.621,0.68,0.55,0.536,0.2734,0.3814,0.4591,0.3884,0.0507,1.114,2.5055,0.07522,0.20646,0.28168,0,0,0,0,0,0,0,0,0,0,-0.28168,0.0,0.0,"{""max_temperature_c"": 36.33, ""mean_temperature_c"": 30.82, ""humidity_percent"": 49.5, ""wbgt_c"": 29.12, ""heat_index_c"": 38.54, ""heat_duration_hours"": 0, ""consecutive_heat_days"": 0}"
2026-03-27,Tamil Nadu,SYNTHETIC,77000000,13.0,40.0,47.0,0.36,55.0,34.74,25.65,30.2,61.6,1.85,22.01,39.21,102.57,29.44,CAUTION,0,26.38,False,0,-1.31,0.9,0,0,0.397,0.501,0.594,0.487,0.784,0.481,0.547,0.786,0.6,0.539,0.2128,0.1878,0.3374,0.4191,0.3743,0.7379,2.2822,0.06293,0.1683,0.23123,0,0,0,0,0,0,0,0,0,0,-0.23123,0.0,0.0,"{""max_temperature_c"": 34.74, ""mean_temperature_c"": 30.2, ""humidity_percent"": 61.6, ""wbgt_c"": 29.44, ""heat_index_c"": 39.21, ""heat_duration_hours"": 0, ""consecutive_heat_days"": 0}"
2026-03-27,Kerala,SYNTHETIC,35800000,17.0,45.0,38.0,0.28,50.0,32.65,25.96,29.3,68.8,4.71,22.98,37.61,99.69,28.46,CAUTION,0,26.53,False,0,-0.77,0.8,0,0,0.421,0.623,0.494,0.378,0.481,0.533,0.551,0.84,0.65,0.56,0.0977,0.1072,0.1131,0.0493,0.278,0.318,0.9913,0.02689,0.07644,0.10333,0,0,0,0,0,0,0,0,0,0,-0.10333,0.0,0.0,"{""max_temperature_c"": 32.65, ""mean_temperature_c"": 29.3, ""humidity_percent"": 68.8, ""wbgt_c"": 28.46, ""heat_index_c"": 37.61, ""heat_duration_hours"": 0, ""consecutive_heat_days"": 0}"
2026-03-27,Karnataka,SYNTHETIC,68000000,11.5,38.5,50.0,0.45,42.0,32.3,22.01,27.16,62.1,4.4,19.29,34.02,93.23,26.84,LOW,0,22.48,False,0,-2.53,11.3,0,0,0.0,0.161,0.768,0.31,0.721,0.52,0.661,0.681,0.55,0.541,0.0272,0.2734,0.3814,0.4591,0.085,0.6821,2.4477,0.06582,0.1859,0.25172,0,0,0,0,0,0,0,0,0,0,-0.25172,0.0,0.0,"{""max_temperature_c"": 32.3, ""mean_temperature_c"": 27.16, ""humidity_percent"": 62.1, ""wbgt_c"": 26.84, ""heat_index_c"": 34.02, ""heat_duration_hours"": 0, ""consecutive_heat_days"": 0}"
2026-03-28,Tamil Nadu,SYNTHETIC,77000000,13.0,40.0,47.0,0.36,55.0,35.78,26.62,31.2,55.4,1.98,21.2,39.71,103.47,29.61,CAUTION,5,27.34,False,0,-0.31,-5.2,0,0,0.556,0.4,0.565,0.48,0.778,0.477,0.533,0.784,0.6,0.54,0.2774,0.2128,0.1878,0.3374,0.4454,0.6779,2.1142,0.06365,0.17301,0.23666,0,1,1,1,0,0,0,0,0,1,0.76334,0.001299,0.0,"{""max_temperature_c"": 35.78, ""mean_temperature_c"": 31.2, ""humidity_percent"": 55.4, ""wbgt_c"": 29.61, ""heat_index_c"": 39.71, ""heat_duration_hours"": 0, ""consecutive_heat_days"": 0}"
2026-03-28,Kerala,SYNTHETIC,35800000,17.0,45.0,38.0,0.28,50.0,33.04,26.43,29.74,67.9,1.15,23.18,38.33,100.99,29.17,CAUTION,0,27.07,False,0,-0.38,-0.1,0,0,0.511,0.647,0.451,0.425,0.473,0.537,0.605,0.84,0.65,0.554,0.1584,0.0977,0.1072,0.1131,0.2129,0.3632,0.9368,0.02683,0.07852,0.10535,0,0,0,0,0,0,0,0,0,0,-0.10535,0.0,0.0,"{""max_temperature_c"": 33.04, ""mean_temperature_c"": 29.74, ""humidity_percent"": 67.9, ""wbgt_c"": 29.17, ""heat_index_c"": 38.33, ""heat_duration_hours"": 0, ""consecutive_heat_days"": 0}"
2026-03-28,Karnataka,SYNTHETIC,68000000,11.5,38.5,50.0,0.45,42.0,32.76,22.11,27.44,57.8,2.4,18.39,33.97,93.14,26.76,LOW,0,22.67,False,0,-2.1,7.0,0,0,0.0,0.049,0.692,0.371,0.706,0.521,0.504,0.683,0.55,0.541,0.0343,0.0272,0.2734,0.3814,0.218,0.335,2.264,0.06177,0.18263,0.2444,0,0,0,0,0,0,0,0,0,0,-0.2444,0.0,0.0,"{""max_temperature_c"": 32.76, ""mean_temperature_c"": 27.44, ""humidity_percent"": 57.8, ""wbgt_c"": 26.76, ""heat_index_c"": 33.97, ""heat_duration_hours"": 0, ""consecutive_heat_days"": 0}"
2026-03-29,Tamil Nadu,SYNTHETIC,77000000,13.0,40.0,47.0,0.36,55.0,35.61,26.89,31.25,64.4,2.51,23.74,42.36,108.24,30.57,DANGER,5,27.65,False,0,-0.52,3.9,5,1,0.608,0.718,0.46,0.503,0.757,0.474,0.531,0.784,0.6,0.533,0.3963,0.2774,0.2128,0.1878,0.4374,0.8865,2.0732,0.08204,0.25001,0.33205,0,0,0,0,0,0,0,0,0,0,-0.33205,0.0,0.0,"{""max_temperature_c"": 35.61, ""mean_temperature_c"": 31.25, ""humidity_percent"": 64.4, ""wbgt_c"": 30.57, ""heat_index_c"": 42.36, ""heat_duration_hours"": 5, ""consecutive_heat_days"": 1}"
2026-03-29,Kerala,SYNTHETIC,35800000,17.0,45.0,38.0,0.28,50.0,33.41,27.64,30.53,68.6,0.44,24.09,39.92,103.86,29.69,CAUTION,0,28.28,False,0,-0.02,0.6,0,0,0.713,0.762,0.4,0.424,0.462,0.537,0.598,0.842,0.65,0.561,0.2049,0.1584,0.0977,0.1072,0.215,0.4609,0.9267,0.02739,0.08269,0.11008,0,0,0,0,0,0,0,0,0,0,-0.11008,0.0,0.0,"{""max_temperature_c"": 33.41, ""mean_temperature_c"": 30.53, ""humidity_percent"": 68.6, ""wbgt_c"": 29.69, ""heat_index_c"": 39.92, ""heat_duration_hours"": 0, ""consecutive_heat_days"": 0}"
2026-03-29,Karnataka,SYNTHETIC,68000000,11.5,38.5,50.0,0.45,42.0,32.75,21.49,27.12,61.0,1.69,18.94,34.3,93.73,27.15,LOW,0,22.0,False,0,-2.14,10.2,0,0,0.0,0.118,0.568,0.339,0.681,0.522,0.519,0.685,0.55,0.54,0.0439,0.0343,0.0272,0.2734,0.7001,0.1054,1.6078,0.05479,0.17468,0.22946,0,0,0,0,0,0,0,0,0,0,-0.22946,0.0,0.0,"{""max_temperature_c"": 32.75, ""mean_temperature_c"": 27.12, ""humidity_percent"": 61.0, ""wbgt_c"": 27.15, ""heat_index_c"": 34.3, ""heat_duration_hours"": 0, ""consecutive_heat_days"": 0}"
2026-03-30,Tamil Nadu,SYNTHETIC,77000000,13.0,40.0,47.0,0.36,55.0,35.32,27.37,31.35,67.2,5.75,24.53,43.06,109.51,30.42,DANGER,3,28.07,False,0,-0.85,6.8,4,2,0.679,0.817,0.61,0.467,0.787,0.476,0.557,0.785,0.6,0.535,0.3521,0.3963,0.2774,0.2128,0.2425,1.0259,2.1828,0.09052,0.25299,0.34351,0,0,0,0,0,0,0,0,0,0,-0.34351,0.0,0.0,"{""max_temperature_c"": 35.32, ""mean_temperature_c"": 31.35, ""humidity_percent"": 67.2, ""wbgt_c"": 30.42, ""heat_index_c"": 43.06, ""heat_duration_hours"": 4, ""consecutive_heat_days"": 2}"
2026-03-30,Kerala,SYNTHETIC,35800000,17.0,45.0,38.0,0.28,50.0,34.07,27.5,30.79,69.5,2.83,24.56,41.43,106.58,30.09,DANGER,0,28.12,False,1,0.64,1.4,2,1,0.687,0.82,0.458,0.412,0.474,0.532,0.609,0.842,0.65,0.565,0.2572,0.2049,0.1584,0.0977,0.1962,0.6204,0.9877,0.0326,0.09726,0.12986,0,0,0,0,0,0,0,0,0,0,-0.12986,0.0,0.0,"{""max_temperature_c"": 34.07, ""mean_temperature_c"": 30.79, ""humidity_percent"": 69.5, ""wbgt_c"": 30.09, ""heat_index_c"": 41.43, ""heat_duration_hours"": 2, ""consecutive_heat_days"": 1}"
2026-03-30,Karnataka,SYNTHETIC,68000000,11.5,38.5,50.0,0.45,42.0,34.31,24.42,29.37,63.6,2.18,21.73,38.4,101.12,29.02,CAUTION,0,24.95,False,0,-0.61,12.9,0,0,0.158,0.467,0.704,0.353,0.708,0.519,0.512,0.686,0.55,0.54,0.1725,0.0439,0.0343,0.0272,0.3884,0.2507,1.3919,0.06497,0.19048,0.25545,2,0,2,1,1,1,1,0,1,1,1.74455,0.002941,0.002941,"{""max_temperature_c"": 34.31, ""mean_temperature_c"": 29.37, ""humidity_percent"": 63.6, ""wbgt_c"": 29.02, ""heat_index_c"": 38.4, ""heat_duration_hours"": 0, ""consecutive_heat_days"": 0}"
2026-03-31,Tamil Nadu,SYNTHETIC,77000000,13.0,40.0,47.0,0.36,55.0,36.51,27.64,32.07,63.5,0.91,24.28,44.27,111.69,31.43,DANGER,7,28.37,False,1,0.3,3.2,7,3,0.729,0.785,0.618,0.492,0.789,0.473,0.525,0.786,0.6,0.533,0.6006,0.3521,0.3963,0.2774,0.4191,1.3491,2.3644,0.12897,0.37457,0.50354,1,1,2,1,1,0,1,0,2,0,1.49646,0.002597,0.001299,"{""max_temperature_c"": 36.51, ""mean_temperature_c"": 32.07, ""humidity_percent"": 63.5, ""wbgt_c"": 31.43, ""heat_index_c"": 44.27, ""heat_duration_hours"": 7, ""consecutive_heat_days"": 3}"
2026-03-31,Kerala,SYNTHETIC,35800000,17.0,45.0,38.0,0.28,50.0,33.83,26.79,30.31,69.8,3.95,24.17,40.59,105.05,29.73,CAUTION,0,27.42,False,2,0.4,1.7,0,0,0.57,0.772,0.455,0.42,0.473,0.531,0.609,0.841,0.65,0.562,0.2167,0.2572,0.2049,0.1584,0.0493,0.6787,1.1551,0.02923,0.0842,0.11343,0,0,0,0,0,0,0,0,0,0,-0.11343,0.0,0.0,"{""max_temperature_c"": 33.83, ""mean_temperature_c"": 30.31, ""humidity_percent"": 69.8, ""wbgt_c"": 29.73, ""heat_index_c"": 40.59, ""heat_duration_hours"": 0, ""consecutive_heat_days"": 0}"
2026-03-31,Karnataka,SYNTHETIC,68000000,11.5,38.5,50.0,0.45,42.0,34.84,23.71,29.27,63.9,2.2,21.72,39.05,102.28,29.26,CAUTION,0,24.29,False,0,-0.1,13.2,0,0,0.048,0.465,0.786,0.388,0.725,0.524,0.488,0.685,0.55,0.539,0.2011,0.1725,0.0439,0.0343,0.4591,0.4175,1.1339,0.07345,0.20296,0.27641,0,0,0,0,0,0,0,0,0,0,-0.27641,0.0,0.0,"{""max_temperature_c"": 34.84, ""mean_temperature_c"": 29.27, ""humidity_percent"": 63.9, ""wbgt_c"": 29.26, ""heat_index_c"": 39.05, ""heat_duration_hours"": 0, ""consecutive_heat_days"": 0}"
2026-04-01,Tamil Nadu,SYNTHETIC,77000000,13.0,40.0,47.0,0.36,55.0,38.3,28.36,33.33,59.6,1.3,24.41,46.84,116.31,32.34,EXTREME,9,29.14,True,2,2.05,-0.5,10,4,0.856,0.801,0.595,0.521,0.784,0.472,0.695,0.785,0.6,0.534,0.9555,0.6006,0.3521,0.3963,0.3374,1.9083,2.9826,0.19594,0.61741,0.81336,0,0,0,0,0,0,0,0,0,0,-0.81336,0.0,0.0,"{""max_temperature_c"": 38.3, ""mean_temperature_c"": 33.33, ""humidity_percent"": 59.6, ""wbgt_c"": 32.34, ""heat_index_c"": 46.84, ""heat_duration_hours"": 10, ""consecutive_heat_days"": 4}"
2026-04-01,Kerala,SYNTHETIC,35800000,17.0,45.0,38.0,0.28,50.0,33.09,27.51,30.3,73.7,1.75,25.08,40.85,105.52,29.87,CAUTION,0,28.14,False,0,-0.34,5.6,0,0,0.69,0.885,0.469,0.419,0.476,0.533,0.583,0.841,0.65,0.564,0.2123,0.2167,0.2572,0.2049,0.1131,0.6861,1.2542,0.03025,0.08731,0.11755,0,0,0,0,0,0,0,0,0,0,-0.11755,0.0,0.0,"{""max_temperature_c"": 33.09, ""mean_temperature_c"": 30.3, ""humidity_percent"": 73.7, ""wbgt_c"": 29.87, ""heat_index_c"": 40.85, ""heat_duration_hours"": 0, ""consecutive_heat_days"": 0}"
2026-04-01,Karnataka,SYNTHETIC,68000000,11.5,38.5,50.0,0.45,42.0,32.93,20.58,26.76,60.6,5.72,18.51,34.22,93.6,26.67,LOW,0,21.14,False,0,-2.03,10.0,0,0,0.0,0.063,0.784,0.375,0.724,0.517,0.504,0.683,0.55,0.543,0.0354,0.2011,0.1725,0.0439,0.3814,0.409,0.7879,0.0677,0.18965,0.25736,0,0,0,0,0,0,0,0,0,0,-0.25736,0.0,0.0,"{""max_temperature_c"": 32.93, ""mean_temperature_c"": 26.76, ""humidity_percent"": 60.6, ""wbgt_c"": 26.67, ""heat_index_c"": 34.22, ""heat_duration_hours"": 0, ""consecutive_heat_days"": 0}"
2026-04-02,Tamil Nadu,SYNTHETIC,77000000,13.0,40.0,47.0,0.36,55.0,36.41,27.58,32.0,62.4,2.78,23.91,43.64,110.55,31.03,DANGER,7,28.34,False,0,0.12,2.3,7,5,0.724,0.739,0.638,0.507,0.793,0.472,0.728,0.786,0.6,0.533,0.5249,0.9555,0.6006,0.3521,0.1878,2.0811,3.3197,0.13423,0.36876,0.50299,0,1,1,0,1,0,0,0,1,0,0.49701,0.001299,0.0,"{""max_temperature_c"": 36.41, ""mean_temperature_c"": 32.0, ""humidity_percent"": 62.4, ""wbgt_c"": 31.03, ""heat_index_c"": 43.64, ""heat_duration_hours"": 7, ""consecutive_heat_days"": 5}"
2026-04-02,Kerala,SYNTHETIC,35800000,17.0,45.0,38.0,0.28,50.0,33.33,25.98,29.66,65.9,2.41,22.61,38.08,100.54,28.89,CAUTION,0,26.64,False,0,-0.1,-2.2,0,0,0.44,0.576,0.446,0.441,0.472,0.536,0.601,0.839,0.65,0.565,0.1435,0.2123,0.2167,0.2572,0.1072,0.5725,1.2906,0.02723,0.07842,0.10565,0,0,0,0,0,0,0,0,0,0,-0.10565,0.0,0.0,"{""max_temperature_c"": 33.33, ""mean_temperature_c"": 29.66, ""humidity_percent"": 65.9, ""wbgt_c"": 28.89, ""heat_index_c"": 38.08, ""heat_duration_hours"": 0, ""consecutive_heat_days"": 0}"
2026-04-02,Karnataka,SYNTHETIC,68000000,11.5,38.5,50.0,0.45,42.0,32.76,22.55,27.65,56.9,2.04,18.35,33.93,93.08,26.82,LOW,0,23.05,False,0,-2.23,6.4,0,0,0.0,0.043,0.709,0.333,0.709,0.516,0.503,0.681,0.55,0.539,0.0355,0.0354,0.2011,0.1725,0.2734,0.272,0.5499,0.06252,0.18361,0.24613,0,0,0,0,0,0,0,0,0,0,-0.24613,0.0,0.0,"{""max_temperature_c"": 32.76, ""mean_temperature_c"": 27.65, ""humidity_percent"": 56.9, ""wbgt_c"": 26.82, ""heat_index_c"": 33.93, ""heat_duration_hours"": 0, ""consecutive_heat_days"": 0}"
2026-04-03,Tamil Nadu,SYNTHETIC,77000000,13.0,40.0,47.0,0.36,55.0,35.72,26.89,31.3,65.0,2.85,23.94,42.76,108.96,30.59,DANGER,5,27.57,False,0,-0.61,5.0,5,6,0.595,0.742,0.582,0.455,0.781,0.469,0.732,0.784,0.6,0.536,0.4063,0.5249,0.9555,0.6006,0.2128,1.8868,3.5133,0.10413,0.29087,0.395,0,0,0,0,0,0,0,0,0,0,-0.395,0.0,0.0,"{""max_temperature_c"": 35.72, ""mean_temperature_c"": 31.3, ""humidity_percent"": 65.0, ""wbgt_c"": 30.59, ""heat_index_c"": 42.76, ""heat_duration_hours"": 5, ""consecutive_heat_days"": 6}"
2026-04-03,Kerala,SYNTHETIC,35800000,17.0,45.0,38.0,0.28,50.0,33.0,26.17,29.58,60.2,1.45,21.06,36.17,97.11,28.13,CAUTION,0,26.73,False,0,-0.43,-7.9,0,0,0.455,0.383,0.518,0.375,0.486,0.531,0.581,0.842,0.65,0.566,0.0797,0.1435,0.2123,0.2167,0.0977,0.4355,1.2726,0.02702,0.07524,0.10227,0,0,0,0,0,0,0,0,0,0,-0.10227,0.0,0.0,"{""max_temperature_c"": 33.0, ""mean_temperature_c"": 29.58, ""humidity_percent"": 60.2, ""wbgt_c"": 28.13, ""heat_index_c"": 36.17, ""heat_duration_hours"": 0, ""consecutive_heat_days"": 0}"
2026-04-03,Karnataka,SYNTHETIC,68000000,11.5,38.5,50.0,0.45,42.0,34.99,23.27,29.13,47.7,1.21,16.91,35.63,96.13,27.64,LOW,0,23.86,False,0,-0.01,-2.8,0,0,0.0,0.0,0.754,0.394,0.718,0.52,0.48,0.681,0.55,0.546,0.1008,0.0355,0.0354,0.2011,0.0272,0.1718,0.6236,0.06583,0.18633,0.25215,0,0,0,0,0,0,0,0,0,0,-0.25215,0.0,0.0,"{""max_temperature_c"": 34.99, ""mean_temperature_c"": 29.13, ""humidity_percent"": 47.7, ""wbgt_c"": 27.64, ""heat_index_c"": 35.63, ""heat_duration_hours"": 0, ""consecutive_heat_days"": 0}"
2026-04-04,Tamil Nadu,SYNTHETIC,77000000,13.0,40.0,47.0,0.36,55.0,35.53,26.17,30.85,57.6,4.3,21.51,39.7,103.45,29.45,CAUTION,3,26.94,False,0,-0.84,-2.3,0,0,0.489,0.438,0.569,0.513,0.779,0.472,0.515,0.782,0.6,0.533,0.2508,0.4063,0.5249,0.9555,0.2774,1.1821,3.4867,0.07574,0.19837,0.27411,1,0,1,1,0,1,0,0,0,1,0.72589,0.001299,0.001299,"{""max_temperature_c"": 35.53, ""mean_temperature_c"": 30.85, ""humidity_percent"": 57.6, ""wbgt_c"": 29.45, ""heat_index_c"": 39.7, ""heat_duration_hours"": 0, ""consecutive_heat_days"": 0}"
2026-04-04,Kerala,SYNTHETIC,35800000,17.0,45.0,38.0,0.28,50.0,32.3,26.07,29.18,61.1,1.16,20.91,35.21,95.37,27.63,LOW,0,26.65,False,0,-1.13,-7.1,0,0,0.442,0.363,0.502,0.391,0.483,0.534,0.639,0.842,0.65,0.563,0.0467,0.0797,0.1435,0.2123,0.1584,0.27,1.1609,0.02517,0.07182,0.097,0,0,0,0,0,0,0,0,0,0,-0.097,0.0,0.0,"{""max_temperature_c"": 32.3, ""mean_temperature_c"": 29.18, ""humidity_percent"": 61.1, ""wbgt_c"": 27.63, ""heat_index_c"": 35.21, ""heat_duration_hours"": 0, ""consecutive_heat_days"": 0}"
2026-04-04,Karnataka,SYNTHETIC,68000000,11.5,38.5,50.0,0.45,42.0,35.63,23.24,29.43,50.8,5.69,18.18,37.11,98.81,28.02,CAUTION,3,23.81,False,1,0.6,0.4,0,0,0.0,0.022,0.677,0.384,0.703,0.515,0.51,0.681,0.55,0.542,0.1493,0.1008,0.0355,0.0354,0.0343,0.2856,0.7385,0.06238,0.18123,0.24361,0,0,0,0,0,0,0,0,0,0,-0.24361,0.0,0.0,"{""max_temperature_c"": 35.63, ""mean_temperature_c"": 29.43, ""humidity_percent"": 50.8, ""wbgt_c"": 28.02, ""heat_index_c"": 37.11, ""heat_duration_hours"": 0, ""consecutive_heat_days"": 0}"
2026-04-05,Tamil Nadu,SYNTHETIC,77000000,13.0,40.0,47.0,0.36,55.0,36.48,27.74,32.11,57.9,1.62,22.78,42.29,108.12,30.6,DANGER,7,28.44,False,0,0.08,-1.9,5,1,0.741,0.598,0.482,0.473,0.761,0.471,0.567,0.783,0.6,0.532,0.4541,0.2508,0.4063,0.5249,0.3963,1.1113,3.5445,0.09493,0.28662,0.38154,2,0,2,2,0,2,0,0,1,1,1.61846,0.002597,0.002597,"{""max_temperature_c"": 36.48, ""mean_temperature_c"": 32.11, ""humidity_percent"": 57.9, ""wbgt_c"": 30.6, ""heat_index_c"": 42.29, ""heat_duration_hours"": 5, ""consecutive_heat_days"": 1}"
2026-04-05,Kerala,SYNTHETIC,35800000,17.0,45.0,38.0,0.28,50.0,32.54,25.83,29.19,68.2,1.34,22.72,37.19,98.95,28.72,CAUTION,0,26.48,False,0,-0.89,0.0,0,0,0.413,0.59,0.383,0.431,0.459,0.539,0.624,0.842,0.65,0.56,0.1148,0.0467,0.0797,0.1435,0.2049,0.2413,1.0709,0.0238,0.07239,0.09618,0,0,0,0,0,0,0,0,0,0,-0.09618,0.0,0.0,"{""max_temperature_c"": 32.54, ""mean_temperature_c"": 29.19, ""humidity_percent"": 68.2, ""wbgt_c"": 28.72, ""heat_index_c"": 37.19, ""heat_duration_hours"": 0, ""consecutive_heat_days"": 0}"
2026-04-05,Karnataka,SYNTHETIC,68000000,11.5,38.5,50.0,0.45,42.0,35.91,24.85,30.38,53.2,4.72,19.8,38.62,101.52,28.88,CAUTION,5,25.47,False,2,0.87,2.8,0,0,0.245,0.225,0.629,0.414,0.693,0.518,0.493,0.682,0.55,0.543,0.2306,0.1493,0.1008,0.0355,0.0439,0.4807,0.9253,0.06559,0.19412,0.25972,0,0,0,0,0,0,0,0,0,0,-0.25972,0.0,0.0,"{""max_temperature_c"": 35.91, ""mean_temperature_c"": 30.38, ""humidity_percent"": 53.2, ""wbgt_c"": 28.88, ""heat_index_c"": 38.62, ""heat_duration_hours"": 0, ""consecutive_heat_days"": 0}"
2026-04-06,Tamil Nadu,SYNTHETIC,77000000,13.0,40.0,47.0,0.36,55.0,36.85,28.27,32.56,58.1,1.7,23.25,43.34,110.01,31.02,DANGER,7,29.04,False,1,0.41,-1.6,7,2,0.84,0.656,0.578,0.513,0.781,0.468,0.547,0.782,0.6,0.534,0.5485,0.4541,0.2508,0.4063,0.3521,1.2534,3.7408,0.12505,0.36819,0.49324,0,1,1,0,1,0,0,0,1,0,0.50676,0.001299,0.0,"{""max_temperature_c"": 36.85, ""mean_temperature_c"": 32.56, ""humidity_percent"": 58.1, ""wbgt_c"": 31.02, ""heat_index_c"": 43.34, ""heat_duration_hours"": 7, ""consecutive_heat_days"": 2}"
2026-04-06,Kerala,SYNTHETIC,35800000,17.0,45.0,38.0,0.28,50.0,33.12,25.58,29.35,65.7,1.65,22.25,37.44,99.38,28.67,CAUTION,0,26.26,False,0,-0.31,-2.5,0,0,0.377,0.532,0.448,0.453,0.472,0.533,0.61,0.843,0.65,0.56,0.1224,0.1148,0.0467,0.0797,0.2572,0.2839,0.9361,0.02514,0.07335,0.09849,0,0,0,0,0,0,0,0,0,0,-0.09849,0.0,0.0,"{""max_temperature_c"": 33.12, ""mean_temperature_c"": 29.35, ""humidity_percent"": 65.7, ""wbgt_c"": 28.67, ""heat_index_c"": 37.44, ""heat_duration_hours"": 0, ""consecutive_heat_days"": 0}"
2026-04-06,Karnataka,SYNTHETIC,68000000,11.5,38.5,50.0,0.45,42.0,35.54,23.1,29.32,46.2,4.24,16.57,36.07,96.93,27.51,LOW,3,23.7,False,3,0.49,-4.2,0,0,0.0,0.0,0.796,0.399,0.727,0.523,0.469,0.684,0.55,0.544,0.1302,0.2306,0.1493,0.1008,0.1725,0.5101,0.883,0.07355,0.1993,0.27285,0,0,0,0,0,0,0,0,0,0,-0.27285,0.0,0.0,"{""max_temperature_c"": 35.54, ""mean_temperature_c"": 29.32, ""humidity_percent"": 46.2, ""wbgt_c"": 27.51, ""heat_index_c"": 36.07, ""heat_duration_hours"": 0, ""consecutive_heat_days"": 0}"
2026-04-07,Tamil Nadu,SYNTHETIC,77000000,13.0,40.0,47.0,0.36,55.0,35.92,26.92,31.42,56.6,2.49,21.75,40.43,104.77,29.89,CAUTION,5,27.63,False,0,-0.55,-3.0,0,0,0.605,0.469,0.611,0.472,0.787,0.463,0.508,0.783,0.6,0.532,0.3064,0.5485,0.4541,0.2508,0.6006,1.309,3.4466,0.08172,0.21,0.29172,0,0,0,0,0,0,0,0,0,0,-0.29172,0.0,0.0,"{""max_temperature_c"": 35.92, ""mean_temperature_c"": 31.42, ""humidity_percent"": 56.6, ""wbgt_c"": 29.89, ""heat_index_c"": 40.43, ""heat_duration_hours"": 0, ""consecutive_heat_days"": 0}"
2026-04-07,Kerala,SYNTHETIC,35800000,17.0,45.0,38.0,0.28,50.0,32.55,26.02,29.28,66.7,3.12,22.45,36.92,98.46,28.35,CAUTION,0,26.64,False,0,-0.88,-1.5,0,0,0.439,0.557,0.477,0.41,0.478,0.532,0.594,0.844,0.65,0.565,0.0873,0.1224,0.1148,0.0467,0.2167,0.3245,0.8068,0.0254,0.07296,0.09836,0,0,0,0,0,0,0,0,0,0,-0.09836,0.0,0.0,"{""max_temperature_c"": 32.55, ""mean_temperature_c"": 29.28, ""humidity_percent"": 66.7, ""wbgt_c"": 28.35, ""heat_index_c"": 36.92, ""heat_duration_hours"": 0, ""consecutive_heat_days"": 0}"
2026-04-07,Karnataka,SYNTHETIC,68000000,11.5,38.5,50.0,0.45,42.0,35.72,24.12,29.92,45.7,4.17,16.95,36.49,97.68,27.8,LOW,3,24.73,False,4,0.65,-4.6,0,0,0.122,0.0,0.732,0.41,0.714,0.527,0.487,0.681,0.55,0.545,0.1486,0.1302,0.2306,0.1493,0.2011,0.5094,0.8305,0.07014,0.19788,0.26802,0,0,0,0,0,0,0,0,0,0,-0.26802,0.0,0.0,"{""max_temperature_c"": 35.72, ""mean_temperature_c"": 29.92, ""humidity_percent"": 45.7, ""wbgt_c"": 27.8, ""heat_index_c"": 36.49, ""heat_duration_hours"": 0, ""consecutive_heat_days"": 0}"
2026-04-08,Tamil Nadu,SYNTHETIC,77000000,13.0,40.0,47.0,0.36,55.0,35.68,27.13,31.41,61.4,1.69,23.1,41.64,106.95,30.35,DANGER,5,27.9,False,0,-0.82,1.9,3,1,0.65,0.638,0.558,0.509,0.777,0.459,0.544,0.781,0.6,0.535,0.3616,0.3064,0.5485,0.4541,0.9555,1.2165,2.8527,0.09132,0.25685,0.34817,0,0,0,0,0,0,0,0,0,0,-0.34817,0.0,0.0,"{""max_temperature_c"": 35.68, ""mean_temperature_c"": 31.41, ""humidity_percent"": 61.4, ""wbgt_c"": 30.35, ""heat_index_c"": 41.64, ""heat_duration_hours"": 3, ""consecutive_heat_days"": 1}"
2026-04-08,Kerala,SYNTHETIC,35800000,17.0,45.0,38.0,0.28,50.0,33.33,26.92,30.12,67.6,0.52,23.46,39.03,102.25,29.39,CAUTION,0,27.58,False,0,-0.09,-0.7,0,0,0.597,0.682,0.452,0.445,0.473,0.533,0.61,0.844,0.65,0.565,0.181,0.0873,0.1224,0.1148,0.2123,0.3907,0.7755,0.02657,0.07797,0.10454,0,0,0,0,0,0,0,0,0,0,-0.10454,0.0,0.0,"{""max_temperature_c"": 33.33, ""mean_temperature_c"": 30.12, ""humidity_percent"": 67.6, ""wbgt_c"": 29.39, ""heat_index_c"": 39.03, ""heat_duration_hours"": 0, ""consecutive_heat_days"": 0}"
2026-04-08,Karnataka,SYNTHETIC,68000000,11.5,38.5,50.0,0.45,42.0,36.44,25.59,31.02,43.5,1.93,17.15,37.44,99.38,28.49,CAUTION,5,26.24,False,5,1.36,-6.8,0,0,0.373,0.0,0.742,0.433,0.716,0.523,0.514,0.681,0.55,0.545,0.2336,0.1486,0.1302,0.2306,0.0354,0.5124,1.0287,0.07279,0.20345,0.27624,0,1,1,1,0,0,0,0,0,1,0.72376,0.001471,0.0,"{""max_temperature_c"": 36.44, ""mean_temperature_c"": 31.02, ""humidity_percent"": 43.5, ""wbgt_c"": 28.49, ""heat_index_c"": 37.44, ""heat_duration_hours"": 0, ""consecutive_heat_days"": 0}"
2026-04-09,Tamil Nadu,SYNTHETIC,77000000,13.0,40.0,47.0,0.36,55.0,35.89,26.58,31.24,57.9,2.91,21.96,40.62,105.11,29.97,CAUTION,5,27.3,False,0,-0.64,-1.5,0,0,0.55,0.495,0.651,0.481,0.795,0.462,0.561,0.782,0.6,0.531,0.3112,0.3616,0.3064,0.5485,0.5249,0.9792,2.6389,0.08114,0.20821,0.28935,0,0,0,0,0,0,0,0,0,0,-0.28935,0.0,0.0,"{""max_temperature_c"": 35.89, ""mean_temperature_c"": 31.24, ""humidity_percent"": 57.9, ""wbgt_c"": 29.97, ""heat_index_c"": 40.62, ""heat_duration_hours"": 0, ""consecutive_heat_days"": 0}"
2026-04-09,Kerala,SYNTHETIC,35800000,17.0,45.0,38.0,0.28,50.0,34.0,26.71,30.35,66.3,2.39,23.35,39.77,103.58,29.51,CAUTION,0,27.35,False,1,0.58,-2.0,0,0,0.558,0.669,0.472,0.427,0.477,0.543,0.561,0.843,0.65,0.562,0.203,0.181,0.0873,0.1224,0.1435,0.4713,0.835,0.02849,0.08184,0.11033,0,0,0,0,0,0,0,0,0,0,-0.11033,0.0,0.0,"{""max_temperature_c"": 34.0, ""mean_temperature_c"": 30.35, ""humidity_percent"": 66.3, ""wbgt_c"": 29.51, ""heat_index_c"": 39.77, ""heat_duration_hours"": 0, ""consecutive_heat_days"": 0}"
2026-04-09,Karnataka,SYNTHETIC,68000000,11.5,38.5,50.0,0.45,42.0,35.88,23.72,29.8,45.8,4.07,16.88,36.62,97.92,27.81,LOW,5,24.33,False,6,0.78,-4.4,0,0,0.055,0.0,0.762,0.407,0.72,0.525,0.511,0.683,0.55,0.544,0.1579,0.2336,0.1486,0.1302,0.0355,0.5401,1.151,0.07203,0.19817,0.2702,0,0,0,0,0,0,0,0,0,0,-0.2702,0.0,0.0,"{""max_temperature_c"": 35.88, ""mean_temperature_c"": 29.8, ""humidity_percent"": 45.8, ""wbgt_c"": 27.81, ""heat_index_c"": 36.62, ""heat_duration_hours"": 0, ""consecutive_heat_days"": 0}"
2026-04-10,Tamil Nadu,SYNTHETIC,77000000,13.0,40.0,47.0,0.36,55.0,35.71,26.35,31.03,56.0,5.11,21.23,39.65,103.36,29.3,CAUTION,5,27.12,False,0,-0.85,-3.3,0,0,0.52,0.403,0.625,0.512,0.79,0.464,0.553,0.78,0.6,0.527,0.2501,0.3112,0.3616,0.3064,0.4063,0.9228,2.4827,0.07508,0.19508,0.27017,0,0,0,0,0,0,0,0,0,0,-0.27017,0.0,0.0,"{""max_temperature_c"": 35.71, ""mean_temperature_c"": 31.03, ""humidity_percent"": 56.0, ""wbgt_c"": 29.3, ""heat_index_c"": 39.65, ""heat_duration_hours"": 0, ""consecutive_heat_days"": 0}"
2026-04-10,Kerala,SYNTHETIC,35800000,17.0,45.0,38.0,0.28,50.0,32.75,26.13,29.44,70.5,2.49,23.51,38.34,101.0,29.05,CAUTION,0,26.71,False,0,-0.66,2.2,0,0,0.452,0.689,0.414,0.389,0.465,0.539,0.615,0.845,0.65,0.562,0.1435,0.203,0.181,0.0873,0.0797,0.5276,0.8988,0.02561,0.07549,0.1011,0,0,0,0,0,0,0,0,0,0,-0.1011,0.0,0.0,"{""max_temperature_c"": 32.75, ""mean_temperature_c"": 29.44, ""humidity_percent"": 70.5, ""wbgt_c"": 29.05, ""heat_index_c"": 38.34, ""heat_duration_hours"": 0, ""consecutive_heat_days"": 0}"
2026-04-10,Karnataka,SYNTHETIC,68000000,11.5,38.5,50.0,0.45,42.0,35.32,23.76,29.54,51.3,3.69,18.43,36.92,98.45,28.16,CAUTION,3,24.33,False,0,0.21,1.0,0,0,0.054,0.054,0.753,0.376,0.718,0.527,0.501,0.684,0.55,0.545,0.1407,0.1579,0.2336,0.1486,0.1008,0.5322,1.1909,0.07166,0.19975,0.27141,0,0,0,0,0,0,0,0,0,0,-0.27141,0.0,0.0,"{""max_temperature_c"": 35.32, ""mean_temperature_c"": 29.54, ""humidity_percent"": 51.3, ""wbgt_c"": 28.16, ""heat_index_c"": 36.92, ""heat_duration_hours"": 0, ""consecutive_heat_days"": 0}"
2026-04-11,Tamil Nadu,SYNTHETIC,77000000,13.0,40.0,47.0,0.36,55.0,36.45,26.93,31.69,54.9,1.05,21.53,40.88,105.59,30.28,DANGER,7,27.64,False,0,-0.13,-4.3,3,1,0.607,0.441,0.547,0.471,0.774,0.463,0.533,0.781,0.6,0.529,0.3961,0.2501,0.3112,0.3616,0.2508,0.9573,2.6279,0.08772,0.24501,0.33273,0,0,0,0,0,0,0,0,0,0,-0.33273,0.0,0.0,"{""max_temperature_c"": 36.45, ""mean_temperature_c"": 31.69, ""humidity_percent"": 54.9, ""wbgt_c"": 30.28, ""heat_index_c"": 40.88, ""heat_duration_hours"": 3, ""consecutive_heat_days"": 1}"
2026-04-11,Kerala,SYNTHETIC,35800000,17.0,45.0,38.0,0.28,50.0,33.4,25.61,29.51,67.6,2.17,22.87,38.44,101.2,29.08,CAUTION,0,26.29,False,0,-0.0,-0.8,0,0,0.382,0.609,0.427,0.453,0.468,0.538,0.616,0.845,0.65,0.562,0.1586,0.1435,0.203,0.181,0.0467,0.5052,1.0107,0.02571,0.07518,0.10089,0,0,0,0,0,0,0,0,0,0,-0.10089,0.0,0.0,"{""max_temperature_c"": 33.4, ""mean_temperature_c"": 29.51, ""humidity_percent"": 67.6, ""wbgt_c"": 29.08, ""heat_index_c"": 38.44, ""heat_duration_hours"": 0, ""consecutive_heat_days"": 0}"
2026-04-11,Karnataka,SYNTHETIC,68000000,11.5,38.5,50.0,0.45,42.0,35.65,23.93,29.79,50.9,1.84,18.54,37.38,99.29,28.51,CAUTION,3,24.47,False,1,0.54,0.7,0,0,0.079,0.068,0.695,0.363,0.706,0.527,0.459,0.684,0.55,0.551,0.1873,0.1407,0.1579,0.2336,0.1493,0.4859,1.2289,0.0704,0.20038,0.27078,0,0,0,0,0,0,0,0,0,0,-0.27078,0.0,0.0,"{""max_temperature_c"": 35.65, ""mean_temperature_c"": 29.79, ""humidity_percent"": 50.9, ""wbgt_c"": 28.51, ""heat_index_c"": 37.38, ""heat_duration_hours"": 0, ""consecutive_heat_days"": 0}"
2026-04-12,Tamil Nadu,SYNTHETIC,77000000,13.0,40.0,47.0,0.36,55.0,37.05,27.49,32.27,54.6,4.35,21.97,42.11,107.79,30.33,DANGER,7,28.27,False,1,0.44,-4.5,4,2,0.712,0.497,0.479,0.522,0.761,0.465,0.541,0.781,0.6,0.532,0.4403,0.3961,0.2501,0.3112,0.4541,1.0864,2.6141,0.09336,0.27423,0.36759,0,0,0,0,0,0,0,0,0,0,-0.36759,0.0,0.0,"{""max_temperature_c"": 37.05, ""mean_temperature_c"": 32.27, ""humidity_percent"": 54.6, ""wbgt_c"": 30.33, ""heat_index_c"": 42.11, ""heat_duration_hours"": 4, ""consecutive_heat_days"": 2}"
2026-04-12,Kerala,SYNTHETIC,35800000,17.0,45.0,38.0,0.28,50.0,33.24,27.89,30.57,66.3,2.37,23.57,39.05,102.29,29.27,CAUTION,0,28.56,False,0,-0.16,-2.0,0,0,0.76,0.697,0.352,0.446,0.453,0.54,0.608,0.843,0.65,0.561,0.1703,0.1586,0.1435,0.203,0.1148,0.4725,1.0662,0.02493,0.0769,0.10183,0,0,0,0,0,0,0,0,0,0,-0.10183,0.0,0.0,"{""max_temperature_c"": 33.24, ""mean_temperature_c"": 30.57, ""humidity_percent"": 66.3, ""wbgt_c"": 29.27, ""heat_index_c"": 39.05, ""heat_duration_hours"": 0, ""consecutive_heat_days"": 0}"
2026-04-12,Karnataka,SYNTHETIC,68000000,11.5,38.5,50.0,0.45,42.0,36.17,24.6,30.38,44.7,2.38,17.0,37.03,98.65,28.21,CAUTION,5,25.2,False,2,1.05,-5.6,0,0,0.2,0.0,0.608,0.398,0.689,0.524,0.485,0.683,0.55,0.547,0.1961,0.1873,0.1407,0.1579,0.2306,0.5241,1.1944,0.06557,0.19507,0.26064,0,0,0,0,0,0,0,0,0,0,-0.26064,0.0,0.0,"{""max_temperature_c"": 36.17, ""mean_temperature_c"": 30.38, ""humidity_percent"": 44.7, ""wbgt_c"": 28.21, ""heat_index_c"": 37.03, ""heat_duration_hours"": 0, ""consecutive_heat_days"": 0}"
2026-04-13,Tamil Nadu,SYNTHETIC,77000000,13.0,40.0,47.0,0.36,55.0,37.89,27.89,32.89,55.2,4.24,22.72,44.04,111.27,31.16,DANGER,9,28.7,False,2,1.25,-3.9,7,3,0.783,0.59,0.591,0.537,0.783,0.462,0.549,0.781,0.6,0.532,0.6366,0.4403,0.3961,0.2501,0.5485,1.473,2.7022,0.13937,0.40377,0.54314,0,0,0,0,0,0,0,0,0,0,-0.54314,0.0,0.0,"{""max_temperature_c"": 37.89, ""mean_temperature_c"": 32.89, ""humidity_percent"": 55.2, ""wbgt_c"": 31.16, ""heat_index_c"": 44.04, ""heat_duration_hours"": 7, ""consecutive_heat_days"": 3}"
2026-04-13,Kerala,SYNTHETIC,35800000,17.0,45.0,38.0,0.28,50.0,34.47,28.96,31.71,67.8,2.34,25.04,42.66,108.78,30.45,DANGER,0,29.58,False,1,1.08,-0.6,5,1,0.93,0.88,0.463,0.414,0.475,0.545,0.602,0.844,0.65,0.562,0.329,0.1703,0.1586,0.1435,0.1224,0.6579,1.2728,0.03903,0.12297,0.16199,0,0,0,0,0,0,0,0,0,0,-0.16199,0.0,0.0,"{""max_temperature_c"": 34.47, ""mean_temperature_c"": 31.71, ""humidity_percent"": 67.8, ""wbgt_c"": 30.45, ""heat_index_c"": 42.66, ""heat_duration_hours"": 5, ""consecutive_heat_days"": 1}"
2026-04-13,Karnataka,SYNTHETIC,68000000,11.5,38.5,50.0,0.45,42.0,35.86,23.92,29.89,49.2,1.41,18.09,37.34,99.21,28.55,CAUTION,5,24.53,False,3,0.74,-1.0,0,0,0.089,0.012,0.787,0.407,0.725,0.522,0.474,0.683,0.55,0.548,0.2028,0.1961,0.1873,0.1407,0.1302,0.5862,1.2669,0.07599,0.20469,0.28068,0,0,0,0,0,0,0,0,0,0,-0.28068,0.0,0.0,"{""max_temperature_c"": 35.86, ""mean_temperature_c"": 29.89, ""humidity_percent"": 49.2, ""wbgt_c"": 28.55, ""heat_index_c"": 37.34, ""heat_duration_hours"": 0, ""consecutive_heat_days"": 0}"
2026-04-14,Tamil Nadu,SYNTHETIC,77000000,13.0,40.0,47.0,0.36,55.0,37.68,27.59,32.64,57.6,5.56,23.19,44.35,111.83,30.99,DANGER,9,28.42,False,3,1.02,-1.4,6,4,0.737,0.648,0.631,0.557,0.791,0.467,0.508,0.784,0.6,0.533,0.5942,0.6366,0.4403,0.3961,0.3064,1.6711,2.9901,0.14562,0.39922,0.54484,0,0,0,0,0,0,0,0,0,0,-0.54484,0.0,0.0,"{""max_temperature_c"": 37.68, ""mean_temperature_c"": 32.64, ""humidity_percent"": 57.6, ""wbgt_c"": 30.99, ""heat_index_c"": 44.35, ""heat_duration_hours"": 6, ""consecutive_heat_days"": 4}"
2026-04-14,Kerala,SYNTHETIC,35800000,17.0,45.0,38.0,0.28,50.0,33.53,28.28,30.9,69.2,0.9,24.59,40.75,105.34,30.07,DANGER,0,28.9,False,2,0.15,0.7,2,2,0.816,0.824,0.487,0.414,0.48,0.547,0.586,0.844,0.65,0.562,0.2433,0.329,0.1703,0.1586,0.0873,0.7426,1.4288,0.03359,0.09837,0.13196,0,0,0,0,0,0,0,0,0,0,-0.13196,0.0,0.0,"{""max_temperature_c"": 33.53, ""mean_temperature_c"": 30.9, ""humidity_percent"": 69.2, ""wbgt_c"": 30.07, ""heat_index_c"": 40.75, ""heat_duration_hours"": 2, ""consecutive_heat_days"": 2}"
2026-04-14,Karnataka,SYNTHETIC,68000000,11.5,38.5,50.0,0.45,42.0,37.8,27.89,32.85,48.4,1.56,20.52,41.6,106.89,30.5,DANGER,9,28.52,True,4,2.67,-1.8,4,1,0.753,0.315,0.716,0.421,0.711,0.521,0.626,0.684,0.55,0.553,0.5158,0.2028,0.1961,0.1873,0.1486,0.9147,1.6342,0.1034,0.31408,0.41749,0,0,0,0,0,0,0,0,0,0,-0.41749,0.0,0.0,"{""max_temperature_c"": 37.8, ""mean_temperature_c"": 32.85, ""humidity_percent"": 48.4, ""wbgt_c"": 30.5, ""heat_index_c"": 41.6, ""heat_duration_hours"": 4, ""consecutive_heat_days"": 1}"
2026-04-15,Tamil Nadu,SYNTHETIC,77000000,13.0,40.0,47.0,0.36,55.0,38.07,27.89,32.98,53.4,2.36,22.27,43.75,110.76,31.2,DANGER,9,28.69,False,4,1.38,-5.5,7,5,0.781,0.534,0.543,0.53,0.774,0.469,0.535,0.785,0.6,0.532,0.6616,0.5942,0.6366,0.4403,0.3616,1.8924,3.29,0.14843,0.42868,0.57711,0,0,0,0,0,0,0,0,0,0,-0.57711,0.0,0.0,"{""max_temperature_c"": 38.07, ""mean_temperature_c"": 32.98, ""humidity_percent"": 53.4, ""wbgt_c"": 31.2, ""heat_index_c"": 43.75, ""heat_duration_hours"": 7, ""consecutive_heat_days"": 5}"
2026-04-15,Kerala,SYNTHETIC,35800000,17.0,45.0,38.0,0.28,50.0,33.18,27.16,30.17,72.9,1.47,24.77,40.52,104.93,29.8,CAUTION,0,27.76,False,0,-0.19,4.4,0,0,0.626,0.846,0.445,0.398,0.471,0.55,0.588,0.842,0.65,0.56,0.2084,0.2433,0.329,0.1703,0.181,0.7807,1.4561,0.02895,0.08444,0.11338,0,0,0,0,0,0,0,0,0,0,-0.11338,0.0,0.0,"{""max_temperature_c"": 33.18, ""mean_temperature_c"": 30.17, ""humidity_percent"": 72.9, ""wbgt_c"": 29.8, ""heat_index_c"": 40.52, ""heat_duration_hours"": 0, ""consecutive_heat_days"": 0}"
2026-04-15,Karnataka,SYNTHETIC,68000000,11.5,38.5,50.0,0.45,42.0,38.38,27.45,32.92,49.5,3.01,20.95,42.75,108.95,30.72,DANGER,9,28.1,True,5,3.25,-0.7,5,2,0.683,0.369,0.752,0.431,0.718,0.527,0.638,0.684,0.55,0.555,0.6243,0.5158,0.2028,0.1961,0.2336,1.3429,2.0248,0.12734,0.37366,0.501,1,2,3,1,2,1,0,0,1,2,2.499,0.004412,0.001471,"{""max_temperature_c"": 38.38, ""mean_temperature_c"": 32.92, ""humidity_percent"": 49.5, ""wbgt_c"": 30.72, ""heat_index_c"": 42.75, ""heat_duration_hours"": 5, ""consecutive_heat_days"": 2}"
2026-04-16,Tamil Nadu,SYNTHETIC,77000000,13.0,40.0,47.0,0.36,55.0,35.7,26.25,30.97,60.6,1.07,22.46,40.92,105.66,30.13,DANGER,5,26.99,False,0,-1.01,1.7,2,6,0.498,0.558,0.675,0.497,0.8,0.468,0.565,0.783,0.6,0.532,0.3252,0.6616,0.5942,0.6366,0.3112,1.581,3.3041,0.10559,0.26412,0.3697,0,2,2,1,1,0,0,1,0,1,1.6303,0.002597,0.0,"{""max_temperature_c"": 35.7, ""mean_temperature_c"": 30.97, ""humidity_percent"": 60.6, ""wbgt_c"": 30.13, ""heat_index_c"": 40.92, ""heat_duration_hours"": 2, ""consecutive_heat_days"": 6}"
2026-04-16,Kerala,SYNTHETIC,35800000,17.0,45.0,38.0,0.28,50.0,34.06,28.61,31.33,76.9,2.46,26.8,45.01,113.02,31.05,DANGER,0,29.28,False,1,0.7,8.4,8,1,0.879,1.0,0.416,0.447,0.466,0.548,0.647,0.845,0.65,0.553,0.4252,0.2084,0.2433,0.329,0.203,0.8769,1.6784,0.04702,0.15831,0.20532,0,0,0,0,0,0,0,0,0,0,-0.20532,0.0,0.0,"{""max_temperature_c"": 34.06, ""mean_temperature_c"": 31.33, ""humidity_percent"": 76.9, ""wbgt_c"": 31.05, ""heat_index_c"": 45.01, ""heat_duration_hours"": 8, ""consecutive_heat_days"": 1}"
2026-04-16,Karnataka,SYNTHETIC,68000000,11.5,38.5,50.0,0.45,42.0,36.95,26.07,31.51,52.5,3.73,20.63,40.64,105.15,29.86,CAUTION,7,26.62,False,6,1.82,2.3,0,0,0.437,0.328,0.753,0.365,0.718,0.531,0.629,0.681,0.55,0.553,0.3666,0.6243,0.5158,0.2028,0.1579,1.5067,2.2335,0.092,0.2485,0.3405,0,0,0,0,0,0,0,0,0,0,-0.3405,0.0,0.0,"{""max_temperature_c"": 36.95, ""mean_temperature_c"": 31.51, ""humidity_percent"": 52.5, ""wbgt_c"": 29.86, ""heat_index_c"": 40.64, ""heat_duration_hours"": 0, ""consecutive_heat_days"": 0}"
2026-04-17,Tamil Nadu,SYNTHETIC,77000000,13.0,40.0,47.0,0.36,55.0,37.38,28.14,32.76,56.3,3.27,22.93,43.64,110.55,31.07,DANGER,9,28.9,False,1,0.65,-2.5,7,7,0.816,0.617,0.544,0.507,0.774,0.473,0.567,0.784,0.6,0.533,0.5895,0.3252,0.6616,0.5942,0.2501,1.5763,3.6435,0.13891,0.41443,0.55334,0,0,0,0,0,0,0,0,0,0,-0.55334,0.0,0.0,"{""max_temperature_c"": 37.38, ""mean_temperature_c"": 32.76, ""humidity_percent"": 56.3, ""wbgt_c"": 31.07, ""heat_index_c"": 43.64, ""heat_duration_hours"": 7, ""consecutive_heat_days"": 7}"
2026-04-17,Kerala,SYNTHETIC,35800000,17.0,45.0,38.0,0.28,50.0,34.84,28.8,31.82,69.9,4.07,25.64,44.09,111.36,30.77,DANGER,0,29.45,False,2,1.49,1.3,7,2,0.908,0.955,0.495,0.429,0.482,0.547,0.589,0.847,0.65,0.554,0.3916,0.4252,0.2084,0.2433,0.1435,1.0253,1.9265,0.04876,0.15211,0.20086,1,0,1,1,0,1,0,0,1,0,0.79914,0.002793,0.002793,"{""max_temperature_c"": 34.84, ""mean_temperature_c"": 31.82, ""humidity_percent"": 69.9, ""wbgt_c"": 30.77, ""heat_index_c"": 44.09, ""heat_duration_hours"": 7, ""consecutive_heat_days"": 2}"
2026-04-17,Karnataka,SYNTHETIC,68000000,11.5,38.5,50.0,0.45,42.0,35.6,25.01,30.3,53.0,1.71,19.66,38.14,100.65,28.82,CAUTION,3,25.63,False,7,0.47,2.7,0,0,0.272,0.207,0.774,0.417,0.722,0.537,0.636,0.682,0.55,0.558,0.2076,0.3666,0.6243,0.5158,0.1407,1.1985,2.3005,0.08297,0.2262,0.30917,0,0,0,0,0,0,0,0,0,0,-0.30917,0.0,0.0,"{""max_temperature_c"": 35.6, ""mean_temperature_c"": 30.3, ""humidity_percent"": 53.0, ""wbgt_c"": 28.82, ""heat_index_c"": 38.14, ""heat_duration_hours"": 0, ""consecutive_heat_days"": 0}"
2026-04-18,Tamil Nadu,SYNTHETIC,77000000,13.0,40.0,47.0,0.36,55.0,36.78,27.96,32.37,60.8,2.8,23.83,44.01,111.21,31.15,DANGER,7,28.75,False,2,0.02,2.1,7,8,0.791,0.729,0.55,0.524,0.775,0.469,0.589,0.784,0.6,0.526,0.5672,0.5895,0.3252,0.6616,0.3961,1.4819,3.8146,0.14208,0.42096,0.56304,0,0,0,0,0,0,0,0,0,0,-0.56304,0.0,0.0,"{""max_temperature_c"": 36.78, ""mean_temperature_c"": 32.37, ""humidity_percent"": 60.8, ""wbgt_c"": 31.15, ""heat_index_c"": 44.01, ""heat_duration_hours"": 7, ""consecutive_heat_days"": 8}"
2026-04-18,Kerala,SYNTHETIC,35800000,17.0,45.0,38.0,0.28,50.0,35.06,29.52,32.29,66.1,3.1,25.15,43.63,110.53,30.76,DANGER,1,30.23,False,3,1.73,-2.6,7,3,1.0,0.894,0.38,0.471,0.458,0.549,0.61,0.848,0.65,0.552,0.3967,0.3916,0.4252,0.2084,0.1586,1.2135,2.1645,0.04492,0.14908,0.194,0,0,0,0,0,0,0,0,0,0,-0.194,0.0,0.0,"{""max_temperature_c"": 35.06, ""mean_temperature_c"": 32.29, ""humidity_percent"": 66.1, ""wbgt_c"": 30.76, ""heat_index_c"": 43.63, ""heat_duration_hours"": 7, ""consecutive_heat_days"": 3}"
2026-04-18,Karnataka,SYNTHETIC,68000000,11.5,38.5,50.0,0.45,42.0,34.64,25.05,29.85,51.4,3.95,18.75,36.33,97.4,27.91,LOW,0,25.58,False,0,-0.49,1.1,0,0,0.263,0.093,0.674,0.35,0.702,0.552,0.513,0.683,0.55,0.552,0.1005,0.2076,0.3666,0.6243,0.1873,0.6747,2.2137,0.0731,0.21445,0.28755,0,4,4,1,3,0,0,2,1,1,3.71245,0.005882,0.0,"{""max_temperature_c"": 34.64, ""mean_temperature_c"": 29.85, ""humidity_percent"": 51.4, ""wbgt_c"": 27.91, ""heat_index_c"": 36.33, ""heat_duration_hours"": 0, ""consecutive_heat_days"": 0}"
2026-04-19,Tamil Nadu,SYNTHETIC,77000000,13.0,40.0,47.0,0.36,55.0,37.06,29.32,33.19,61.4,1.94,24.78,45.74,114.33,31.7,DANGER,9,30.05,False,3,0.29,2.8,9,9,1.0,0.848,0.503,0.489,0.766,0.474,0.583,0.786,0.6,0.527,0.6811,0.5672,0.5895,0.3252,0.4403,1.8378,4.0554,0.17617,0.57013,0.74631,0,0,0,0,0,0,0,0,0,0,-0.74631,0.0,0.0,"{""max_temperature_c"": 37.06, ""mean_temperature_c"": 33.19, ""humidity_percent"": 61.4, ""wbgt_c"": 31.7, ""heat_index_c"": 45.74, ""heat_duration_hours"": 9, ""consecutive_heat_days"": 9}"
2026-04-19,Kerala,SYNTHETIC,35800000,17.0,45.0,38.0,0.28,50.0,33.71,26.41,30.06,69.3,2.35,23.83,39.99,103.98,29.56,CAUTION,0,27.03,False,4,0.39,0.6,0,0,0.505,0.729,0.342,0.409,0.451,0.548,0.572,0.847,0.65,0.547,0.2015,0.3967,0.3916,0.4252,0.1703,0.9898,2.1957,0.0272,0.08133,0.10853,0,0,0,0,0,0,0,0,0,0,-0.10853,0.0,0.0,"{""max_temperature_c"": 33.71, ""mean_temperature_c"": 30.06, ""humidity_percent"": 69.3, ""wbgt_c"": 29.56, ""heat_index_c"": 39.99, ""heat_duration_hours"": 0, ""consecutive_heat_days"": 0}"
2026-04-19,Karnataka,SYNTHETIC,68000000,11.5,38.5,50.0,0.45,42.0,33.46,22.21,27.83,56.0,1.3,18.26,34.66,94.39,27.27,LOW,0,22.79,False,0,-1.67,5.7,0,0,0.0,0.032,0.597,0.382,0.687,0.544,0.509,0.682,0.55,0.554,0.0609,0.1005,0.2076,0.3666,0.1961,0.3691,2.0785,0.06291,0.1946,0.25751,0,0,0,0,0,0,0,0,0,0,-0.25751,0.0,0.0,"{""max_temperature_c"": 33.46, ""mean_temperature_c"": 27.83, ""humidity_percent"": 56.0, ""wbgt_c"": 27.27, ""heat_index_c"": 34.66, ""heat_duration_hours"": 0, ""consecutive_heat_days"": 0}"
2026-04-20,Tamil Nadu,SYNTHETIC,77000000,13.0,40.0,47.0,0.36,55.0,37.22,28.1,32.66,61.9,3.48,24.4,45.39,113.7,31.57,DANGER,7,28.84,False,4,0.43,3.2,8,10,0.807,0.8,0.604,0.492,0.786,0.474,0.581,0.785,0.6,0.528,0.6674,0.6811,0.5672,0.5895,0.6366,1.9157,4.0862,0.18187,0.53256,0.71443,0,2,2,2,0,0,0,1,1,0,1.28557,0.002597,0.0,"{""max_temperature_c"": 37.22, ""mean_temperature_c"": 32.66, ""humidity_percent"": 61.9, ""wbgt_c"": 31.57, ""heat_index_c"": 45.39, ""heat_duration_hours"": 8, ""consecutive_heat_days"": 10}"
2026-04-20,Kerala,SYNTHETIC,35800000,17.0,45.0,38.0,0.28,50.0,33.44,27.84,30.64,68.6,3.45,24.2,40.11,104.2,29.57,CAUTION,0,28.47,False,0,0.13,-0.2,0,0,0.746,0.775,0.45,0.42,0.472,0.54,0.608,0.845,0.65,0.548,0.1963,0.2015,0.3967,0.3916,0.329,0.7945,2.0631,0.02803,0.08183,0.10986,0,0,0,0,0,0,0,0,0,0,-0.10986,0.0,0.0,"{""max_temperature_c"": 33.44, ""mean_temperature_c"": 30.64, ""humidity_percent"": 68.6, ""wbgt_c"": 29.57, ""heat_index_c"": 40.11, ""heat_duration_hours"": 0, ""consecutive_heat_days"": 0}"
2026-04-20,Karnataka,SYNTHETIC,68000000,11.5,38.5,50.0,0.45,42.0,33.61,21.46,27.54,51.7,3.67,16.71,33.99,93.18,26.62,LOW,0,21.99,False,0,-1.51,1.3,0,0,0.0,0.0,0.739,0.356,0.715,0.546,0.533,0.679,0.55,0.556,0.0477,0.0609,0.1005,0.2076,0.2028,0.2092,1.9235,0.06745,0.19682,0.26427,0,0,0,0,0,0,0,0,0,0,-0.26427,0.0,0.0,"{""max_temperature_c"": 33.61, ""mean_temperature_c"": 27.54, ""humidity_percent"": 51.7, ""wbgt_c"": 26.62, ""heat_index_c"": 33.99, ""heat_duration_hours"": 0, ""consecutive_heat_days"": 0}"
2026-04-21,Tamil Nadu,SYNTHETIC,77000000,13.0,40.0,47.0,0.36,55.0,37.72,29.67,33.7,65.2,2.9,26.26,49.07,120.33,32.67,EXTREME,9,30.5,False,5,0.91,6.6,12,11,1.0,1.0,0.636,0.552,0.792,0.478,0.559,0.787,0.6,0.528,1.0078,0.6674,0.6811,0.5672,0.5942,2.3563,4.4998,0.33268,1.08691,1.4196,0,1,1,1,0,0,0,0,0,1,-0.4196,0.001299,0.0,"{""max_temperature_c"": 37.72, ""mean_temperature_c"": 33.7, ""humidity_percent"": 65.2, ""wbgt_c"": 32.67, ""heat_index_c"": 49.07, ""heat_duration_hours"": 12, ""consecutive_heat_days"": 11}"
2026-04-21,Kerala,SYNTHETIC,35800000,17.0,45.0,38.0,0.28,50.0,33.86,27.22,30.54,70.0,1.0,24.44,40.99,105.78,30.13,DANGER,0,27.85,False,1,0.57,1.1,2,1,0.642,0.805,0.464,0.42,0.475,0.551,0.601,0.845,0.65,0.546,0.2598,0.1963,0.2015,0.3967,0.2433,0.6577,2.0796,0.03167,0.09423,0.1259,0,0,0,0,0,0,0,0,0,0,-0.1259,0.0,0.0,"{""max_temperature_c"": 33.86, ""mean_temperature_c"": 30.54, ""humidity_percent"": 70.0, ""wbgt_c"": 30.13, ""heat_index_c"": 40.99, ""heat_duration_hours"": 2, ""consecutive_heat_days"": 1}"
2026-04-21,Karnataka,SYNTHETIC,68000000,11.5,38.5,50.0,0.45,42.0,36.61,22.61,29.61,36.7,3.52,13.26,35.83,96.5,26.92,LOW,5,23.21,False,1,1.49,-13.7,0,0,0.0,0.0,0.734,0.403,0.714,0.544,0.503,0.679,0.55,0.559,0.1795,0.0477,0.0609,0.1005,0.5158,0.2882,1.5872,0.07005,0.19992,0.26998,0,0,0,0,0,0,0,0,0,0,-0.26998,0.0,0.0,"{""max_temperature_c"": 36.61, ""mean_temperature_c"": 29.61, ""humidity_percent"": 36.7, ""wbgt_c"": 26.92, ""heat_index_c"": 35.83, ""heat_duration_hours"": 0, ""consecutive_heat_days"": 0}"
2026-04-22,Tamil Nadu,SYNTHETIC,77000000,13.0,40.0,47.0,0.36,55.0,39.04,31.36,35.2,56.9,2.31,25.36,49.29,120.73,33.07,EXTREME,13,32.15,True,6,2.21,-1.7,14,12,1.0,0.92,0.571,0.528,0.779,0.474,0.701,0.786,0.6,0.533,1.3193,1.0078,0.6674,0.6811,0.6616,2.9945,5.1575,0.37842,1.18815,1.56657,0,1,1,1,0,0,0,0,0,1,-0.56657,0.001299,0.0,"{""max_temperature_c"": 39.04, ""mean_temperature_c"": 35.2, ""humidity_percent"": 56.9, ""wbgt_c"": 33.07, ""heat_index_c"": 49.29, ""heat_duration_hours"": 14, ""consecutive_heat_days"": 12}"
2026-04-22,Kerala,SYNTHETIC,35800000,17.0,45.0,38.0,0.28,50.0,33.96,27.78,30.87,66.4,3.48,23.87,40.36,104.65,29.64,CAUTION,0,28.44,False,2,0.67,-2.5,0,0,0.74,0.734,0.424,0.441,0.467,0.552,0.581,0.845,0.65,0.546,0.2118,0.2598,0.1963,0.2015,0.2084,0.668,2.0831,0.02728,0.08075,0.10803,0,0,0,0,0,0,0,0,0,0,-0.10803,0.0,0.0,"{""max_temperature_c"": 33.96, ""mean_temperature_c"": 30.87, ""humidity_percent"": 66.4, ""wbgt_c"": 29.64, ""heat_index_c"": 40.36, ""heat_duration_hours"": 0, ""consecutive_heat_days"": 0}"
2026-04-22,Karnataka,SYNTHETIC,68000000,11.5,38.5,50.0,0.45,42.0,34.95,21.55,28.25,43.3,1.77,14.6,34.52,94.14,26.8,LOW,0,22.1,False,0,-0.16,-7.1,0,0,0.0,0.0,0.715,0.368,0.711,0.539,0.51,0.678,0.55,0.556,0.079,0.1795,0.0477,0.0609,0.6243,0.3062,1.0418,0.06779,0.19765,0.26545,0,0,0,0,0,0,0,0,0,0,-0.26545,0.0,0.0,"{""max_temperature_c"": 34.95, ""mean_temperature_c"": 28.25, ""humidity_percent"": 43.3, ""wbgt_c"": 26.8, ""heat_index_c"": 34.52, ""heat_duration_hours"": 0, ""consecutive_heat_days"": 0}"
2026-04-23,Tamil Nadu,SYNTHETIC,77000000,13.0,40.0,47.0,0.36,55.0,39.34,30.29,34.81,55.1,4.35,24.47,48.29,118.93,32.62,EXTREME,11,31.09,True,7,2.5,-3.4,12,13,1.0,0.809,0.644,0.534,0.794,0.472,0.699,0.786,0.6,0.534,1.2069,1.3193,1.0078,0.6674,0.3252,3.5339,6.0391,0.37868,1.08834,1.46702,0,0,0,0,0,0,0,0,0,0,-1.46702,0.0,0.0,"{""max_temperature_c"": 39.34, ""mean_temperature_c"": 34.81, ""humidity_percent"": 55.1, ""wbgt_c"": 32.62, ""heat_index_c"": 48.29, ""heat_duration_hours"": 12, ""consecutive_heat_days"": 13}"
2026-04-23,Kerala,SYNTHETIC,35800000,17.0,45.0,38.0,0.28,50.0,33.17,25.92,29.54,66.5,2.45,22.65,37.91,100.23,28.78,CAUTION,0,26.63,False,0,-0.1,-2.4,0,0,0.439,0.581,0.484,0.477,0.479,0.548,0.593,0.844,0.65,0.548,0.1318,0.2118,0.2598,0.1963,0.4252,0.6035,1.7897,0.02605,0.07411,0.10015,0,0,0,0,0,0,0,0,0,0,-0.10015,0.0,0.0,"{""max_temperature_c"": 33.17, ""mean_temperature_c"": 29.54, ""humidity_percent"": 66.5, ""wbgt_c"": 28.78, ""heat_index_c"": 37.91, ""heat_duration_hours"": 0, ""consecutive_heat_days"": 0}"
2026-04-23,Karnataka,SYNTHETIC,68000000,11.5,38.5,50.0,0.45,42.0,33.83,22.89,28.36,50.1,1.22,16.98,34.36,93.86,26.99,LOW,0,23.46,False,0,-1.27,-0.4,0,0,0.0,0.0,0.784,0.376,0.724,0.537,0.484,0.682,0.55,0.557,0.0614,0.079,0.1795,0.0477,0.3666,0.3198,0.7366,0.07087,0.19996,0.27082,0,0,0,0,0,0,0,0,0,0,-0.27082,0.0,0.0,"{""max_temperature_c"": 33.83, ""mean_temperature_c"": 28.36, ""humidity_percent"": 50.1, ""wbgt_c"": 26.99, ""heat_index_c"": 34.36, ""heat_duration_hours"": 0, ""consecutive_heat_days"": 0}"
2026-04-24,Tamil Nadu,SYNTHETIC,77000000,13.0,40.0,47.0,0.36,55.0,37.92,28.89,33.4,56.7,0.73,23.63,45.23,113.42,31.9,DANGER,9,29.69,False,8,1.06,-1.8,9,14,0.948,0.704,0.6,0.535,0.785,0.47,0.683,0.785,0.6,0.534,0.767,1.2069,1.3193,1.0078,0.5895,3.2931,6.2166,0.24985,0.71152,0.96137,0,0,0,0,0,0,0,0,0,0,-0.96137,0.0,0.0,"{""max_temperature_c"": 37.92, ""mean_temperature_c"": 33.4, ""humidity_percent"": 56.7, ""wbgt_c"": 31.9, ""heat_index_c"": 45.23, ""heat_duration_hours"": 9, ""consecutive_heat_days"": 14}"
2026-04-24,Kerala,SYNTHETIC,35800000,17.0,45.0,38.0,0.28,50.0,33.33,27.3,30.31,66.0,3.23,23.24,38.78,101.8,29.16,CAUTION,0,27.91,False,0,0.08,-3.1,0,0,0.651,0.655,0.431,0.407,0.469,0.549,0.63,0.84,0.65,0.544,0.1637,0.1318,0.2118,0.2598,0.3916,0.5074,1.5617,0.02489,0.07404,0.09893,0,0,0,0,0,0,0,0,0,0,-0.09893,0.0,0.0,"{""max_temperature_c"": 33.33, ""mean_temperature_c"": 30.31, ""humidity_percent"": 66.0, ""wbgt_c"": 29.16, ""heat_index_c"": 38.78, ""heat_duration_hours"": 0, ""consecutive_heat_days"": 0}"
2026-04-24,Karnataka,SYNTHETIC,68000000,11.5,38.5,50.0,0.45,42.0,32.84,23.49,28.16,56.6,2.11,18.73,34.26,93.67,27.12,LOW,0,23.97,False,0,-2.25,6.1,0,0,0.0,0.092,0.774,0.32,0.722,0.535,0.452,0.683,0.55,0.559,0.0448,0.0614,0.079,0.1795,0.2076,0.1852,0.5739,0.06986,0.19838,0.26824,0,0,0,0,0,0,0,0,0,0,-0.26824,0.0,0.0,"{""max_temperature_c"": 32.84, ""mean_temperature_c"": 28.16, ""humidity_percent"": 56.6, ""wbgt_c"": 27.12, ""heat_index_c"": 34.26, ""heat_duration_hours"": 0, ""consecutive_heat_days"": 0}"
2026-04-25,Tamil Nadu,SYNTHETIC,77000000,13.0,40.0,47.0,0.36,55.0,36.84,26.86,31.85,59.0,3.59,22.85,42.83,109.09,30.63,DANGER,7,27.6,False,9,-0.03,0.6,5,15,0.6,0.606,0.526,0.491,0.77,0.469,0.713,0.784,0.6,0.535,0.4798,0.767,1.2069,1.3193,0.5672,2.4536,6.1292,0.13692,0.37924,0.51617,0,0,0,0,0,0,0,0,0,0,-0.51617,0.0,0.0,"{""max_temperature_c"": 36.84, ""mean_temperature_c"": 31.85, ""humidity_percent"": 59.0, ""wbgt_c"": 30.63, ""heat_index_c"": 42.83, ""heat_duration_hours"": 5, ""consecutive_heat_days"": 15}"
2026-04-25,Kerala,SYNTHETIC,35800000,17.0,45.0,38.0,0.28,50.0,34.28,27.42,30.85,60.5,2.86,22.33,38.98,102.16,29.21,CAUTION,0,28.11,False,1,1.05,-8.6,0,0,0.684,0.542,0.439,0.457,0.47,0.552,0.615,0.84,0.65,0.543,0.1864,0.1637,0.1318,0.2118,0.3967,0.482,1.3515,0.0252,0.0745,0.0997,0,0,0,0,0,0,0,0,0,0,-0.0997,0.0,0.0,"{""max_temperature_c"": 34.28, ""mean_temperature_c"": 30.85, ""humidity_percent"": 60.5, ""wbgt_c"": 29.21, ""heat_index_c"": 38.98, ""heat_duration_hours"": 0, ""consecutive_heat_days"": 0}"
2026-04-25,Karnataka,SYNTHETIC,68000000,11.5,38.5,50.0,0.45,42.0,33.97,24.93,29.45,56.6,0.9,19.94,36.41,97.54,28.25,CAUTION,0,25.48,False,0,-1.1,6.0,0,0,0.247,0.242,0.714,0.369,0.71,0.539,0.508,0.685,0.55,0.559,0.1081,0.0448,0.0614,0.079,0.1005,0.2144,0.5815,0.06694,0.1965,0.26344,0,1,1,1,0,0,0,0,0,1,0.73656,0.001471,0.0,"{""max_temperature_c"": 33.97, ""mean_temperature_c"": 29.45, ""humidity_percent"": 56.6, ""wbgt_c"": 28.25, ""heat_index_c"": 36.41, ""heat_duration_hours"": 0, ""consecutive_heat_days"": 0}"
2026-04-26,Tamil Nadu,SYNTHETIC,77000000,13.0,40.0,47.0,0.36,55.0,36.79,28.0,32.39,63.5,4.07,24.57,45.06,113.11,31.4,DANGER,7,28.8,False,10,-0.09,5.1,8,16,0.8,0.821,0.426,0.532,0.75,0.473,0.512,0.785,0.6,0.534,0.6126,0.4798,0.767,1.2069,0.6811,1.8594,6.0607,0.16289,0.5199,0.68279,0,3,3,3,0,0,0,0,1,2,2.31721,0.003896,0.0,"{""max_temperature_c"": 36.79, ""mean_temperature_c"": 32.39, ""humidity_percent"": 63.5, ""wbgt_c"": 31.4, ""heat_index_c"": 45.06, ""heat_duration_hours"": 8, ""consecutive_heat_days"": 16}"
2026-04-26,Kerala,SYNTHETIC,35800000,17.0,45.0,38.0,0.28,50.0,33.7,26.61,30.16,69.7,2.34,24.0,40.19,104.34,29.76,CAUTION,0,27.23,False,2,0.49,0.5,0,0,0.538,0.75,0.348,0.411,0.452,0.543,0.606,0.839,0.65,0.548,0.2164,0.1864,0.1637,0.1318,0.2015,0.5665,1.3664,0.0237,0.07277,0.09647,0,0,0,0,0,0,0,0,0,0,-0.09647,0.0,0.0,"{""max_temperature_c"": 33.7, ""mean_temperature_c"": 30.16, ""humidity_percent"": 69.7, ""wbgt_c"": 29.76, ""heat_index_c"": 40.19, ""heat_duration_hours"": 0, ""consecutive_heat_days"": 0}"
2026-04-26,Karnataka,SYNTHETIC,68000000,11.5,38.5,50.0,0.45,42.0,34.6,23.04,28.82,49.6,3.79,17.23,35.35,95.64,27.32,LOW,0,23.55,False,0,-0.46,-1.1,0,0,0.0,0.0,0.582,0.341,0.684,0.532,0.508,0.685,0.55,0.556,0.085,0.1081,0.0448,0.0614,0.0609,0.238,0.6055,0.05878,0.18223,0.24101,0,0,0,0,0,0,0,0,0,0,-0.24101,0.0,0.0,"{""max_temperature_c"": 34.6, ""mean_temperature_c"": 28.82, ""humidity_percent"": 49.6, ""wbgt_c"": 27.32, ""heat_index_c"": 35.35, ""heat_duration_hours"": 0, ""consecutive_heat_days"": 0}"
2026-04-27,Tamil Nadu,SYNTHETIC,77000000,13.0,40.0,47.0,0.36,55.0,38.96,29.93,34.44,63.4,1.39,26.49,51.17,124.1,33.33,EXTREME,11,30.79,True,11,2.07,5.1,14,17,1.0,1.0,0.553,0.574,0.776,0.474,0.664,0.786,0.6,0.536,1.4005,0.6126,0.4798,0.767,0.6674,2.4929,6.7938,0.3701,1.20475,1.57485,0,0,0,0,0,0,0,0,0,0,-1.57485,0.0,0.0,"{""max_temperature_c"": 38.96, ""mean_temperature_c"": 34.44, ""humidity_percent"": 63.4, ""wbgt_c"": 33.33, ""heat_index_c"": 51.17, ""heat_duration_hours"": 14, ""consecutive_heat_days"": 17}"
2026-04-27,Kerala,SYNTHETIC,35800000,17.0,45.0,38.0,0.28,50.0,33.58,28.21,30.89,78.4,2.31,26.69,44.13,111.43,30.86,DANGER,0,28.86,False,3,0.39,9.1,7,1,0.811,1.0,0.443,0.44,0.471,0.549,0.591,0.839,0.65,0.55,0.3823,0.2164,0.1864,0.1637,0.1963,0.7851,1.5523,0.04119,0.13369,0.17487,0,0,0,0,0,0,0,0,0,0,-0.17487,0.0,0.0,"{""max_temperature_c"": 33.58, ""mean_temperature_c"": 30.89, ""humidity_percent"": 78.4, ""wbgt_c"": 30.86, ""heat_index_c"": 44.13, ""heat_duration_hours"": 7, ""consecutive_heat_days"": 1}"
2026-04-27,Karnataka,SYNTHETIC,68000000,11.5,38.5,50.0,0.45,42.0,35.72,24.08,29.9,46.4,0.83,17.17,36.61,97.9,28.18,CAUTION,3,24.71,False,1,0.67,-4.4,0,0,0.118,0.0,0.736,0.419,0.715,0.532,0.552,0.681,0.55,0.562,0.1673,0.085,0.1081,0.0448,0.0477,0.3604,0.7251,0.06745,0.19186,0.25931,0,0,0,0,0,0,0,0,0,0,-0.25931,0.0,0.0,"{""max_temperature_c"": 35.72, ""mean_temperature_c"": 29.9, ""humidity_percent"": 46.4, ""wbgt_c"": 28.18, ""heat_index_c"": 36.61, ""heat_duration_hours"": 0, ""consecutive_heat_days"": 0}"
2026-04-28,Tamil Nadu,SYNTHETIC,77000000,13.0,40.0,47.0,0.36,55.0,37.44,29.07,33.26,61.7,1.7,24.91,46.45,115.61,32.13,EXTREME,9,29.88,False,12,0.55,3.4,10,18,0.981,0.864,0.558,0.544,0.777,0.474,0.71,0.783,0.6,0.536,0.803,1.4005,0.6126,0.4798,1.0078,2.8161,6.589,0.25585,0.78535,1.0412,0,0,0,0,0,0,0,0,0,0,-1.0412,0.0,0.0,"{""max_temperature_c"": 37.44, ""mean_temperature_c"": 33.26, ""humidity_percent"": 61.7, ""wbgt_c"": 32.13, ""heat_index_c"": 46.45, ""heat_duration_hours"": 10, ""consecutive_heat_days"": 18}"
2026-04-28,Kerala,SYNTHETIC,35800000,17.0,45.0,38.0,0.28,50.0,33.97,28.5,31.24,80.4,0.89,27.45,46.13,115.03,31.43,DANGER,0,29.15,False,4,0.8,11.0,9,2,0.858,1.0,0.484,0.434,0.479,0.547,0.592,0.84,0.65,0.545,0.4891,0.3823,0.2164,0.1864,0.2598,1.0878,1.7816,0.05251,0.17054,0.22305,0,1,1,0,1,0,0,1,0,0,0.77695,0.002793,0.0,"{""max_temperature_c"": 33.97, ""mean_temperature_c"": 31.24, ""humidity_percent"": 80.4, ""wbgt_c"": 31.43, ""heat_index_c"": 46.13, ""heat_duration_hours"": 9, ""consecutive_heat_days"": 2}"
2026-04-28,Karnataka,SYNTHETIC,68000000,11.5,38.5,50.0,0.45,42.0,35.25,23.66,29.46,45.5,2.47,16.46,35.69,96.24,27.46,LOW,3,24.23,False,0,0.22,-5.3,0,0,0.038,0.0,0.785,0.379,0.725,0.536,0.492,0.68,0.55,0.56,0.1115,0.1673,0.085,0.1081,0.1795,0.3639,0.6572,0.07173,0.19897,0.2707,0,2,2,2,0,0,0,0,0,2,1.7293,0.002941,0.0,"{""max_temperature_c"": 35.25, ""mean_temperature_c"": 29.46, ""humidity_percent"": 45.5, ""wbgt_c"": 27.46, ""heat_index_c"": 35.69, ""heat_duration_hours"": 0, ""consecutive_heat_days"": 0}"
2026-04-29,Tamil Nadu,SYNTHETIC,77000000,13.0,40.0,47.0,0.36,55.0,37.84,28.83,33.33,62.4,3.68,25.16,47.36,117.25,32.23,EXTREME,9,29.65,False,13,0.93,4.1,10,19,0.942,0.895,0.58,0.549,0.781,0.472,0.702,0.78,0.6,0.535,0.8593,0.803,1.4005,0.6126,1.3193,3.0628,6.1291,0.27131,0.85068,1.12199,1,1,2,2,0,1,0,0,0,2,0.87801,0.002597,0.001299,"{""max_temperature_c"": 37.84, ""mean_temperature_c"": 33.33, ""humidity_percent"": 62.4, ""wbgt_c"": 32.23, ""heat_index_c"": 47.36, ""heat_duration_hours"": 10, ""consecutive_heat_days"": 19}"
2026-04-29,Kerala,SYNTHETIC,35800000,17.0,45.0,38.0,0.28,50.0,32.69,26.75,29.72,76.5,5.3,25.14,40.37,104.67,29.41,CAUTION,0,27.36,False,0,-0.46,7.0,0,0,0.56,0.893,0.494,0.404,0.481,0.547,0.614,0.838,0.65,0.545,0.1695,0.4891,0.3823,0.2164,0.2118,1.0409,1.7392,0.02788,0.07765,0.10553,0,0,0,0,0,0,0,0,0,0,-0.10553,0.0,0.0,"{""max_temperature_c"": 32.69, ""mean_temperature_c"": 29.72, ""humidity_percent"": 76.5, ""wbgt_c"": 29.41, ""heat_index_c"": 40.37, ""heat_duration_hours"": 0, ""consecutive_heat_days"": 0}"
2026-04-29,Karnataka,SYNTHETIC,68000000,11.5,38.5,50.0,0.45,42.0,34.95,22.0,28.48,43.3,3.82,14.8,34.6,94.29,26.53,LOW,0,22.55,False,0,-0.06,-7.6,0,0,0.0,0.0,0.758,0.37,0.719,0.543,0.526,0.682,0.55,0.557,0.0724,0.1115,0.1673,0.085,0.079,0.3512,0.6506,0.06847,0.19517,0.26363,1,0,1,1,0,1,0,0,1,0,0.73637,0.001471,0.001471,"{""max_temperature_c"": 34.95, ""mean_temperature_c"": 28.48, ""humidity_percent"": 43.3, ""wbgt_c"": 26.53, ""heat_index_c"": 34.6, ""heat_duration_hours"": 0, ""consecutive_heat_days"": 0}"
2026-04-30,Tamil Nadu,SYNTHETIC,77000000,13.0,40.0,47.0,0.36,55.0,39.96,31.16,35.56,58.2,1.97,26.09,51.79,125.22,33.88,EXTREME,13,32.03,True,14,3.05,-0.0,15,20,1.0,1.0,0.685,0.582,0.802,0.479,0.726,0.778,0.6,0.537,1.7409,0.8593,0.803,1.4005,1.2069,3.4032,6.6631,0.54781,1.53973,2.08754,1,2,3,2,1,1,0,1,1,1,0.91246,0.003896,0.001299,"{""max_temperature_c"": 39.96, ""mean_temperature_c"": 35.56, ""humidity_percent"": 58.2, ""wbgt_c"": 33.88, ""heat_index_c"": 51.79, ""heat_duration_hours"": 15, ""consecutive_heat_days"": 20}"
2026-04-30,Kerala,SYNTHETIC,35800000,17.0,45.0,38.0,0.28,50.0,33.02,25.82,29.42,70.0,2.03,23.38,38.53,101.35,29.07,CAUTION,0,26.46,False,0,-0.11,0.4,0,0,0.41,0.672,0.431,0.426,0.469,0.542,0.611,0.835,0.65,0.545,0.1505,0.1695,0.4891,0.3823,0.1318,0.8091,1.7579,0.02429,0.07045,0.09474,0,0,0,0,0,0,0,0,0,0,-0.09474,0.0,0.0,"{""max_temperature_c"": 33.02, ""mean_temperature_c"": 29.42, ""humidity_percent"": 70.0, ""wbgt_c"": 29.07, ""heat_index_c"": 38.53, ""heat_duration_hours"": 0, ""consecutive_heat_days"": 0}"
2026-04-30,Karnataka,SYNTHETIC,68000000,11.5,38.5,50.0,0.45,42.0,35.45,23.62,29.53,47.8,3.84,17.31,36.37,97.47,27.73,LOW,3,24.22,False,0,0.45,-3.2,0,0,0.036,0.0,0.762,0.399,0.72,0.541,0.484,0.682,0.55,0.555,0.1301,0.0724,0.1115,0.1673,0.0614,0.314,0.7193,0.07015,0.19711,0.26726,0,1,1,1,0,0,0,0,1,0,0.73274,0.001471,0.0,"{""max_temperature_c"": 35.45, ""mean_temperature_c"": 29.53, ""humidity_percent"": 47.8, ""wbgt_c"": 27.73, ""heat_index_c"": 36.37, ""heat_duration_hours"": 0, ""consecutive_heat_days"": 0}"
2026-05-01,Tamil Nadu,SYNTHETIC,77000000,13.0,40.0,47.0,0.36,55.0,40.04,32.8,36.42,58.1,2.98,26.85,53.3,127.93,33.92,EXTREME,15,33.69,True,15,3.12,-0.2,19,21,1.0,1.0,0.621,0.59,0.789,0.479,0.661,0.778,0.6,0.534,1.7713,1.7409,0.8593,0.803,0.767,4.3715,7.6674,0.72594,2.00885,2.73478,0,1,1,1,0,0,0,0,0,1,-1.73478,0.001299,0.0,"{""max_temperature_c"": 40.04, ""mean_temperature_c"": 36.42, ""humidity_percent"": 58.1, ""wbgt_c"": 33.92, ""heat_index_c"": 53.3, ""heat_duration_hours"": 19, ""consecutive_heat_days"": 21}"
2026-05-01,Kerala,SYNTHETIC,35800000,17.0,45.0,38.0,0.28,50.0,33.1,26.61,29.86,76.1,2.32,25.19,41.02,105.84,29.73,CAUTION,0,27.2,False,0,-0.0,6.4,0,0,0.534,0.899,0.427,0.395,0.468,0.545,0.611,0.836,0.65,0.546,0.2019,0.1505,0.1695,0.4891,0.1637,0.5219,1.7961,0.02464,0.0731,0.09775,0,0,0,0,0,0,0,0,0,0,-0.09775,0.0,0.0,"{""max_temperature_c"": 33.1, ""mean_temperature_c"": 29.86, ""humidity_percent"": 76.1, ""wbgt_c"": 29.73, ""heat_index_c"": 41.02, ""heat_duration_hours"": 0, ""consecutive_heat_days"": 0}"
2026-05-01,Karnataka,SYNTHETIC,68000000,11.5,38.5,50.0,0.45,42.0,34.67,21.68,28.17,47.0,2.52,15.8,34.72,94.5,26.91,LOW,0,22.27,False,0,-0.3,-4.1,0,0,0.0,0.0,0.751,0.396,0.718,0.544,0.535,0.682,0.55,0.559,0.0762,0.1301,0.0724,0.1115,0.0448,0.2787,0.7507,0.06718,0.19239,0.25957,0,0,0,0,0,0,0,0,0,0,-0.25957,0.0,0.0,"{""max_temperature_c"": 34.67, ""mean_temperature_c"": 28.17, ""humidity_percent"": 47.0, ""wbgt_c"": 26.91, ""heat_index_c"": 34.72, ""heat_duration_hours"": 0, ""consecutive_heat_days"": 0}"
2026-05-02,Tamil Nadu,SYNTHETIC,77000000,13.0,40.0,47.0,0.36,55.0,38.9,29.78,34.34,61.8,3.12,25.95,50.11,122.2,33.09,EXTREME,11,30.61,False,16,1.97,3.6,13,22,1.0,0.994,0.552,0.554,0.775,0.478,0.698,0.778,0.6,0.533,1.3042,1.7713,1.7409,0.8593,0.4798,4.8163,8.4918,0.5082,1.47391,1.98211,0,2,2,0,2,0,0,0,0,2,0.01789,0.002597,0.0,"{""max_temperature_c"": 38.9, ""mean_temperature_c"": 34.34, ""humidity_percent"": 61.8, ""wbgt_c"": 33.09, ""heat_index_c"": 50.11, ""heat_duration_hours"": 13, ""consecutive_heat_days"": 22}"
2026-05-02,Kerala,SYNTHETIC,35800000,17.0,45.0,38.0,0.28,50.0,31.76,26.66,29.21,74.4,3.89,24.18,37.8,100.04,28.52,CAUTION,0,27.17,False,0,-1.32,4.6,0,0,0.528,0.772,0.463,0.342,0.475,0.536,0.557,0.834,0.65,0.548,0.0892,0.2019,0.1505,0.1695,0.1864,0.4416,1.6988,0.02282,0.06556,0.08838,0,0,0,0,0,0,0,0,0,0,-0.08838,0.0,0.0,"{""max_temperature_c"": 31.76, ""mean_temperature_c"": 29.21, ""humidity_percent"": 74.4, ""wbgt_c"": 28.52, ""heat_index_c"": 37.8, ""heat_duration_hours"": 0, ""consecutive_heat_days"": 0}"
2026-05-02,Karnataka,SYNTHETIC,68000000,11.5,38.5,50.0,0.45,42.0,34.29,23.06,28.67,48.0,3.19,16.57,34.66,94.39,26.94,LOW,0,23.65,False,0,-0.66,-3.3,0,0,0.0,0.0,0.667,0.394,0.701,0.539,0.517,0.682,0.55,0.561,0.0692,0.0762,0.1301,0.0724,0.1081,0.2755,0.7118,0.06203,0.18558,0.2476,0,0,0,0,0,0,0,0,0,0,-0.2476,0.0,0.0,"{""max_temperature_c"": 34.29, ""mean_temperature_c"": 28.67, ""humidity_percent"": 48.0, ""wbgt_c"": 26.94, ""heat_index_c"": 34.66, ""heat_duration_hours"": 0, ""consecutive_heat_days"": 0}"
2026-05-03,Tamil Nadu,SYNTHETIC,77000000,13.0,40.0,47.0,0.36,55.0,36.83,27.23,32.03,60.2,4.84,23.34,43.43,110.17,30.8,DANGER,7,28.01,False,17,-0.1,1.9,6,23,0.669,0.667,0.486,0.523,0.762,0.478,0.735,0.777,0.6,0.533,0.5091,1.3042,1.7713,1.7409,0.6126,3.5846,8.3883,0.18089,0.49391,0.6748,0,0,0,0,0,0,0,0,0,0,-0.6748,0.0,0.0,"{""max_temperature_c"": 36.83, ""mean_temperature_c"": 32.03, ""humidity_percent"": 60.2, ""wbgt_c"": 30.8, ""heat_index_c"": 43.43, ""heat_duration_hours"": 6, ""consecutive_heat_days"": 23}"
2026-05-03,Kerala,SYNTHETIC,35800000,17.0,45.0,38.0,0.28,50.0,33.75,27.84,30.79,75.5,4.26,25.96,43.12,109.61,30.4,DANGER,0,28.49,False,1,0.69,5.6,5,1,0.748,0.995,0.385,0.435,0.46,0.535,0.57,0.833,0.65,0.545,0.305,0.0892,0.2019,0.1505,0.2164,0.5961,1.7875,0.03094,0.10056,0.1315,0,0,0,0,0,0,0,0,0,0,-0.1315,0.0,0.0,"{""max_temperature_c"": 33.75, ""mean_temperature_c"": 30.79, ""humidity_percent"": 75.5, ""wbgt_c"": 30.4, ""heat_index_c"": 43.12, ""heat_duration_hours"": 5, ""consecutive_heat_days"": 1}"
2026-05-03,Karnataka,SYNTHETIC,68000000,11.5,38.5,50.0,0.45,42.0,35.24,23.17,29.21,53.9,3.31,18.91,37.16,98.88,28.35,CAUTION,3,23.73,False,0,0.32,2.5,0,0,0.0,0.114,0.577,0.376,0.683,0.55,0.528,0.682,0.55,0.561,0.1509,0.0692,0.0762,0.1301,0.085,0.2964,0.7777,0.05983,0.18555,0.24538,0,0,0,0,0,0,0,0,0,0,-0.24538,0.0,0.0,"{""max_temperature_c"": 35.24, ""mean_temperature_c"": 29.21, ""humidity_percent"": 53.9, ""wbgt_c"": 28.35, ""heat_index_c"": 37.16, ""heat_duration_hours"": 0, ""consecutive_heat_days"": 0}"
2026-05-04,Tamil Nadu,SYNTHETIC,77000000,13.0,40.0,47.0,0.36,55.0,37.38,29.56,33.47,66.9,2.35,26.48,49.02,120.23,32.64,EXTREME,9,30.35,False,18,0.45,8.7,12,24,1.0,1.0,0.578,0.527,0.781,0.476,0.569,0.778,0.6,0.529,0.9766,0.5091,1.3042,1.7713,1.4005,2.7899,7.9644,0.36822,1.23588,1.6041,1,2,3,2,1,1,0,0,2,1,1.3959,0.003896,0.001299,"{""max_temperature_c"": 37.38, ""mean_temperature_c"": 33.47, ""humidity_percent"": 66.9, ""wbgt_c"": 32.64, ""heat_index_c"": 49.02, ""heat_duration_hours"": 12, ""consecutive_heat_days"": 24}"
2026-05-04,Kerala,SYNTHETIC,35800000,17.0,45.0,38.0,0.28,50.0,33.72,26.75,30.24,71.0,2.1,24.39,40.73,105.31,29.87,CAUTION,0,27.4,False,2,0.7,1.0,0,0,0.567,0.798,0.475,0.434,0.477,0.532,0.61,0.833,0.65,0.547,0.2243,0.305,0.0892,0.2019,0.3823,0.6185,1.6295,0.02496,0.07155,0.09651,0,0,0,0,0,0,0,0,0,0,-0.09651,0.0,0.0,"{""max_temperature_c"": 33.72, ""mean_temperature_c"": 30.24, ""humidity_percent"": 71.0, ""wbgt_c"": 29.87, ""heat_index_c"": 40.73, ""heat_duration_hours"": 0, ""consecutive_heat_days"": 0}"
2026-05-04,Karnataka,SYNTHETIC,68000000,11.5,38.5,50.0,0.45,42.0,35.02,25.31,30.16,56.4,3.98,20.54,38.16,100.69,28.65,CAUTION,1,25.88,False,0,0.12,4.9,0,0,0.314,0.317,0.755,0.381,0.719,0.546,0.491,0.681,0.55,0.565,0.1597,0.1509,0.0692,0.0762,0.1673,0.3799,0.7701,0.07204,0.20508,0.27711,0,0,0,0,0,0,0,0,0,0,-0.27711,0.0,0.0,"{""max_temperature_c"": 35.02, ""mean_temperature_c"": 30.16, ""humidity_percent"": 56.4, ""wbgt_c"": 28.65, ""heat_index_c"": 38.16, ""heat_duration_hours"": 0, ""consecutive_heat_days"": 0}"
2026-05-05,Tamil Nadu,SYNTHETIC,77000000,13.0,40.0,47.0,0.36,55.0,36.52,28.8,32.66,60.3,1.68,23.96,43.84,110.91,31.26,DANGER,7,29.51,False,19,-0.42,2.1,7,25,0.919,0.746,0.578,0.477,0.781,0.475,0.541,0.778,0.6,0.534,0.5717,0.9766,0.5091,1.3042,0.803,2.0574,7.7331,0.18775,0.53665,0.7244,1,1,2,0,2,0,1,0,0,2,1.2756,0.002597,0.001299,"{""max_temperature_c"": 36.52, ""mean_temperature_c"": 32.66, ""humidity_percent"": 60.3, ""wbgt_c"": 31.26, ""heat_index_c"": 43.84, ""heat_duration_hours"": 7, ""consecutive_heat_days"": 25}"
2026-05-05,Kerala,SYNTHETIC,35800000,17.0,45.0,38.0,0.28,50.0,34.56,29.55,32.05,68.6,2.15,25.55,43.57,110.43,30.75,DANGER,0,30.26,False,3,1.56,-1.6,7,1,1.0,0.944,0.495,0.473,0.481,0.528,0.605,0.833,0.65,0.549,0.3823,0.2243,0.305,0.0892,0.4891,0.9116,1.5226,0.03981,0.12678,0.16658,0,0,0,0,0,0,0,0,0,0,-0.16658,0.0,0.0,"{""max_temperature_c"": 34.56, ""mean_temperature_c"": 32.05, ""humidity_percent"": 68.6, ""wbgt_c"": 30.75, ""heat_index_c"": 43.57, ""heat_duration_hours"": 7, ""consecutive_heat_days"": 1}"
2026-05-05,Karnataka,SYNTHETIC,68000000,11.5,38.5,50.0,0.45,42.0,35.21,22.62,28.91,49.3,1.99,17.24,36.05,96.89,27.62,LOW,1,23.18,False,0,0.34,-2.3,0,0,0.0,0.0,0.741,0.376,0.716,0.548,0.534,0.682,0.55,0.56,0.1128,0.1597,0.1509,0.0692,0.1115,0.4235,0.7714,0.06767,0.19275,0.26042,0,0,0,0,0,0,0,0,0,0,-0.26042,0.0,0.0,"{""max_temperature_c"": 35.21, ""mean_temperature_c"": 28.91, ""humidity_percent"": 49.3, ""wbgt_c"": 27.62, ""heat_index_c"": 36.05, ""heat_duration_hours"": 0, ""consecutive_heat_days"": 0}"
2026-05-06,Tamil Nadu,SYNTHETIC,77000000,13.0,40.0,47.0,0.36,55.0,37.35,27.48,32.42,63.3,1.59,24.54,45.77,114.39,31.93,DANGER,7,28.26,False,20,0.42,5.1,9,26,0.711,0.818,0.55,0.523,0.775,0.475,0.567,0.777,0.6,0.534,0.7381,0.5717,0.9766,0.5091,0.8593,2.2864,7.6119,0.20535,0.61926,0.82461,0,1,1,0,1,0,0,0,1,0,0.17539,0.001299,0.0,"{""max_temperature_c"": 37.35, ""mean_temperature_c"": 32.42, ""humidity_percent"": 63.3, ""wbgt_c"": 31.93, ""heat_index_c"": 45.77, ""heat_duration_hours"": 9, ""consecutive_heat_days"": 26}"
2026-05-06,Kerala,SYNTHETIC,35800000,17.0,45.0,38.0,0.28,50.0,35.74,30.71,33.22,68.4,2.44,26.62,47.03,116.65,31.85,DANGER,7,31.37,True,4,2.77,-1.9,12,2,1.0,1.0,0.417,0.441,0.466,0.528,0.753,0.832,0.65,0.552,0.6287,0.3823,0.2243,0.305,0.1695,1.2352,1.9818,0.05616,0.20248,0.25864,0,0,0,0,0,0,0,0,0,0,-0.25864,0.0,0.0,"{""max_temperature_c"": 35.74, ""mean_temperature_c"": 33.22, ""humidity_percent"": 68.4, ""wbgt_c"": 31.85, ""heat_index_c"": 47.03, ""heat_duration_hours"": 12, ""consecutive_heat_days"": 2}"
2026-05-06,Karnataka,SYNTHETIC,68000000,11.5,38.5,50.0,0.45,42.0,35.43,24.61,30.02,46.1,1.94,17.18,36.28,97.3,27.79,LOW,3,25.17,False,0,0.59,-5.7,0,0,0.195,0.0,0.736,0.373,0.715,0.542,0.504,0.682,0.55,0.556,0.1306,0.1128,0.1597,0.1509,0.0724,0.4032,0.8296,0.06793,0.19376,0.26169,0,0,0,0,0,0,0,0,0,0,-0.26169,0.0,0.0,"{""max_temperature_c"": 35.43, ""mean_temperature_c"": 30.02, ""humidity_percent"": 46.1, ""wbgt_c"": 27.79, ""heat_index_c"": 36.28, ""heat_duration_hours"": 0, ""consecutive_heat_days"": 0}"
2026-05-07,Tamil Nadu,SYNTHETIC,77000000,13.0,40.0,47.0,0.36,55.0,36.71,28.7,32.71,67.2,3.5,25.83,46.96,116.53,31.95,DANGER,7,29.46,False,21,-0.22,9.0,10,27,0.909,0.979,0.579,0.503,0.781,0.478,0.541,0.776,0.6,0.536,0.7041,0.7381,0.5717,0.9766,1.7409,2.0139,6.5751,0.23966,0.7547,0.99435,1,0,1,1,0,1,0,0,1,0,0.00565,0.001299,0.001299,"{""max_temperature_c"": 36.71, ""mean_temperature_c"": 32.71, ""humidity_percent"": 67.2, ""wbgt_c"": 31.95, ""heat_index_c"": 46.96, ""heat_duration_hours"": 10, ""consecutive_heat_days"": 27}"
2026-05-07,Kerala,SYNTHETIC,35800000,17.0,45.0,38.0,0.28,50.0,34.36,28.3,31.33,74.8,2.62,26.32,44.59,112.26,30.91,DANGER,0,28.91,False,5,1.43,4.4,7,3,0.818,1.0,0.453,0.403,0.473,0.528,0.729,0.829,0.65,0.552,0.4066,0.6287,0.3823,0.2243,0.1505,1.4176,2.238,0.0401,0.12584,0.16594,0,0,0,0,0,0,0,0,0,0,-0.16594,0.0,0.0,"{""max_temperature_c"": 34.36, ""mean_temperature_c"": 31.33, ""humidity_percent"": 74.8, ""wbgt_c"": 30.91, ""heat_index_c"": 44.59, ""heat_duration_hours"": 7, ""consecutive_heat_days"": 3}"
2026-05-07,Karnataka,SYNTHETIC,68000000,11.5,38.5,50.0,0.45,42.0,36.19,25.7,30.95,48.0,2.84,18.67,38.11,100.61,28.71,CAUTION,5,26.33,False,1,1.38,-3.9,0,0,0.388,0.084,0.722,0.418,0.712,0.54,0.453,0.684,0.55,0.553,0.2347,0.1306,0.1128,0.1597,0.1301,0.4781,0.9342,0.07198,0.2045,0.27647,0,0,0,0,0,0,0,0,0,0,-0.27647,0.0,0.0,"{""max_temperature_c"": 36.19, ""mean_temperature_c"": 30.95, ""humidity_percent"": 48.0, ""wbgt_c"": 28.71, ""heat_index_c"": 38.11, ""heat_duration_hours"": 0, ""consecutive_heat_days"": 0}"
2026-05-08,Tamil Nadu,SYNTHETIC,77000000,13.0,40.0,47.0,0.36,55.0,36.86,30.04,33.45,73.6,1.53,28.07,51.52,124.73,33.28,EXTREME,9,30.81,False,22,-0.07,15.3,16,28,1.0,1.0,0.618,0.516,0.789,0.47,0.542,0.776,0.6,0.528,1.1703,0.7041,0.7381,0.5717,1.7713,2.6125,5.9741,0.43906,1.46579,1.90485,0,0,0,0,0,0,0,0,0,0,-1.90485,0.0,0.0,"{""max_temperature_c"": 36.86, ""mean_temperature_c"": 33.45, ""humidity_percent"": 73.6, ""wbgt_c"": 33.28, ""heat_index_c"": 51.52, ""heat_duration_hours"": 16, ""consecutive_heat_days"": 28}"
2026-05-08,Kerala,SYNTHETIC,35800000,17.0,45.0,38.0,0.28,50.0,33.91,29.4,31.66,68.1,2.82,25.05,41.92,107.46,30.2,DANGER,0,30.08,False,6,1.01,-2.4,4,4,1.0,0.881,0.444,0.451,0.471,0.521,0.739,0.83,0.65,0.552,0.2727,0.4066,0.6287,0.3823,0.2019,1.308,2.3088,0.03057,0.09366,0.12423,0,0,0,0,0,0,0,0,0,0,-0.12423,0.0,0.0,"{""max_temperature_c"": 33.91, ""mean_temperature_c"": 31.66, ""humidity_percent"": 68.1, ""wbgt_c"": 30.2, ""heat_index_c"": 41.92, ""heat_duration_hours"": 4, ""consecutive_heat_days"": 4}"
2026-05-08,Karnataka,SYNTHETIC,68000000,11.5,38.5,50.0,0.45,42.0,34.24,22.61,28.43,51.8,4.44,17.56,35.13,95.24,27.21,LOW,0,23.13,False,0,-0.53,-0.3,0,0,0.0,0.0,0.663,0.342,0.7,0.541,0.515,0.685,0.55,0.552,0.075,0.2347,0.1306,0.1128,0.0762,0.4403,0.933,0.06276,0.18549,0.24825,0,1,1,1,0,0,0,0,1,0,0.75175,0.001471,0.0,"{""max_temperature_c"": 34.24, ""mean_temperature_c"": 28.43, ""humidity_percent"": 51.8, ""wbgt_c"": 27.21, ""heat_index_c"": 35.13, ""heat_duration_hours"": 0, ""consecutive_heat_days"": 0}"
2026-05-09,Tamil Nadu,SYNTHETIC,77000000,13.0,40.0,47.0,0.36,55.0,37.08,28.95,33.01,65.3,1.93,25.63,47.11,116.79,32.11,EXTREME,9,29.73,False,23,0.15,7.0,10,29,0.955,0.953,0.492,0.52,0.763,0.464,0.544,0.776,0.6,0.524,0.7738,1.1703,0.7041,0.7381,1.3042,2.6482,5.4437,0.25498,0.81037,1.06535,2,0,2,1,1,1,1,0,0,2,0.93465,0.002597,0.002597,"{""max_temperature_c"": 37.08, ""mean_temperature_c"": 33.01, ""humidity_percent"": 65.3, ""wbgt_c"": 32.11, ""heat_index_c"": 47.11, ""heat_duration_hours"": 10, ""consecutive_heat_days"": 29}"
2026-05-09,Kerala,SYNTHETIC,35800000,17.0,45.0,38.0,0.28,50.0,33.13,25.85,29.49,69.0,2.83,23.2,38.46,101.24,29.01,CAUTION,0,26.48,False,0,0.26,-1.7,0,0,0.413,0.65,0.44,0.417,0.47,0.524,0.59,0.83,0.65,0.554,0.148,0.2727,0.4066,0.6287,0.0892,0.8273,2.3676,0.02259,0.06415,0.08674,0,0,0,0,0,0,0,0,0,0,-0.08674,0.0,0.0,"{""max_temperature_c"": 33.13, ""mean_temperature_c"": 29.49, ""humidity_percent"": 69.0, ""wbgt_c"": 29.01, ""heat_index_c"": 38.46, ""heat_duration_hours"": 0, ""consecutive_heat_days"": 0}"
2026-05-09,Karnataka,SYNTHETIC,68000000,11.5,38.5,50.0,0.45,42.0,33.77,22.22,28.0,48.0,1.89,15.98,33.82,92.88,26.6,LOW,0,22.74,False,0,-0.96,-4.3,0,0,0.0,0.0,0.671,0.349,0.702,0.543,0.473,0.685,0.55,0.554,0.0504,0.075,0.2347,0.1306,0.0692,0.3602,0.9142,0.06219,0.18518,0.24737,0,0,0,0,0,0,0,0,0,0,-0.24737,0.0,0.0,"{""max_temperature_c"": 33.77, ""mean_temperature_c"": 28.0, ""humidity_percent"": 48.0, ""wbgt_c"": 26.6, ""heat_index_c"": 33.82, ""heat_duration_hours"": 0, ""consecutive_heat_days"": 0}"
2026-05-10,Tamil Nadu,SYNTHETIC,77000000,13.0,40.0,47.0,0.36,55.0,36.46,29.45,32.95,62.5,3.92,24.84,45.03,113.06,31.29,DANGER,7,30.22,False,0,-0.47,4.2,9,30,1.0,0.855,0.455,0.513,0.756,0.468,0.527,0.776,0.6,0.526,0.5733,0.7738,1.1703,0.7041,0.5091,2.5174,5.508,0.18993,0.59741,0.78733,0,0,0,0,0,0,0,0,0,0,-0.78733,0.0,0.0,"{""max_temperature_c"": 36.46, ""mean_temperature_c"": 32.95, ""humidity_percent"": 62.5, ""wbgt_c"": 31.29, ""heat_index_c"": 45.03, ""heat_duration_hours"": 9, ""consecutive_heat_days"": 30}"
2026-05-10,Kerala,SYNTHETIC,35800000,17.0,45.0,38.0,0.28,50.0,32.64,26.66,29.65,68.3,2.36,23.18,37.82,100.07,28.84,CAUTION,0,27.29,False,0,-0.2,-2.5,0,0,0.549,0.648,0.38,0.421,0.458,0.521,0.588,0.83,0.65,0.551,0.1258,0.148,0.2727,0.4066,0.305,0.5465,2.1884,0.01995,0.05963,0.07959,0,0,0,0,0,0,0,0,0,0,-0.07959,0.0,0.0,"{""max_temperature_c"": 32.64, ""mean_temperature_c"": 29.65, ""humidity_percent"": 68.3, ""wbgt_c"": 28.84, ""heat_index_c"": 37.82, ""heat_duration_hours"": 0, ""consecutive_heat_days"": 0}"
2026-05-10,Karnataka,SYNTHETIC,68000000,11.5,38.5,50.0,0.45,42.0,35.18,24.21,29.7,49.4,2.77,17.96,36.45,97.62,27.89,LOW,1,24.81,False,0,0.48,-3.1,0,0,0.135,0.0,0.624,0.4,0.692,0.541,0.494,0.685,0.55,0.553,0.1181,0.0504,0.075,0.2347,0.1509,0.2436,0.8814,0.05962,0.18122,0.24084,0,0,0,0,0,0,0,0,0,0,-0.24084,0.0,0.0,"{""max_temperature_c"": 35.18, ""mean_temperature_c"": 29.7, ""humidity_percent"": 49.4, ""wbgt_c"": 27.89, ""heat_index_c"": 36.45, ""heat_duration_hours"": 0, ""consecutive_heat_days"": 0}"
2026-05-11,Tamil Nadu,SYNTHETIC,77000000,13.0,40.0,47.0,0.36,55.0,36.17,26.78,31.48,60.2,2.37,22.82,41.93,107.48,30.52,DANGER,5,27.54,False,0,-0.75,1.9,5,31,0.59,0.602,0.596,0.506,0.784,0.475,0.536,0.777,0.6,0.528,0.4208,0.5733,0.7738,1.1703,0.9766,1.7679,4.9521,0.13991,0.38047,0.52038,0,0,0,0,0,0,0,0,0,0,-0.52038,0.0,0.0,"{""max_temperature_c"": 36.17, ""mean_temperature_c"": 31.48, ""humidity_percent"": 60.2, ""wbgt_c"": 30.52, ""heat_index_c"": 41.93, ""heat_duration_hours"": 5, ""consecutive_heat_days"": 31}"
2026-05-11,Kerala,SYNTHETIC,35800000,17.0,45.0,38.0,0.28,50.0,32.18,26.52,29.35,70.2,3.09,23.35,37.41,99.34,28.51,CAUTION,0,27.12,False,0,-0.62,-0.8,0,0,0.52,0.669,0.456,0.396,0.474,0.528,0.598,0.832,0.65,0.553,0.0916,0.1258,0.148,0.2727,0.2243,0.3653,2.0557,0.01999,0.058,0.07799,0,0,0,0,0,0,0,0,0,0,-0.07799,0.0,0.0,"{""max_temperature_c"": 32.18, ""mean_temperature_c"": 29.35, ""humidity_percent"": 70.2, ""wbgt_c"": 28.51, ""heat_index_c"": 37.41, ""heat_duration_hours"": 0, ""consecutive_heat_days"": 0}"
2026-05-11,Karnataka,SYNTHETIC,68000000,11.5,38.5,50.0,0.45,42.0,32.4,21.96,27.18,58.2,2.48,18.25,33.48,92.27,26.58,LOW,0,22.49,False,0,-2.26,5.5,0,0,0.0,0.031,0.732,0.356,0.714,0.537,0.503,0.685,0.55,0.553,0.0225,0.1181,0.0504,0.075,0.1597,0.191,0.7442,0.06197,0.18086,0.24283,0,0,0,0,0,0,0,0,0,0,-0.24283,0.0,0.0,"{""max_temperature_c"": 32.4, ""mean_temperature_c"": 27.18, ""humidity_percent"": 58.2, ""wbgt_c"": 26.58, ""heat_index_c"": 33.48, ""heat_duration_hours"": 0, ""consecutive_heat_days"": 0}"
2026-05-12,Tamil Nadu,SYNTHETIC,77000000,13.0,40.0,47.0,0.36,55.0,36.2,27.97,32.08,53.9,2.67,21.59,40.62,105.11,29.95,CAUTION,5,28.7,False,0,-0.71,-4.4,0,0,0.783,0.449,0.568,0.484,0.779,0.476,0.511,0.777,0.6,0.531,0.3278,0.4208,0.5733,0.7738,0.5717,1.3219,4.7082,0.09688,0.25887,0.35576,0,0,0,0,0,0,0,0,0,0,-0.35576,0.0,0.0,"{""max_temperature_c"": 36.2, ""mean_temperature_c"": 32.08, ""humidity_percent"": 53.9, ""wbgt_c"": 29.95, ""heat_index_c"": 40.62, ""heat_duration_hours"": 0, ""consecutive_heat_days"": 0}"
2026-05-12,Kerala,SYNTHETIC,35800000,17.0,45.0,38.0,0.28,50.0,32.04,24.65,28.34,74.5,2.97,23.37,37.24,99.04,28.45,CAUTION,0,25.19,False,0,-0.72,3.4,0,0,0.199,0.671,0.445,0.364,0.471,0.527,0.604,0.832,0.65,0.553,0.0845,0.0916,0.1258,0.148,0.3823,0.3018,1.7579,0.019,0.05549,0.07449,0,0,0,0,0,0,0,0,0,0,-0.07449,0.0,0.0,"{""max_temperature_c"": 32.04, ""mean_temperature_c"": 28.34, ""humidity_percent"": 74.5, ""wbgt_c"": 28.45, ""heat_index_c"": 37.24, ""heat_duration_hours"": 0, ""consecutive_heat_days"": 0}"
2026-05-12,Karnataka,SYNTHETIC,68000000,11.5,38.5,50.0,0.45,42.0,33.16,22.3,27.73,52.4,3.61,17.11,33.69,92.65,26.49,LOW,0,22.86,False,0,-1.46,-0.5,0,0,0.0,0.0,0.75,0.374,0.718,0.535,0.457,0.685,0.55,0.553,0.0355,0.0225,0.1181,0.0504,0.1128,0.1761,0.6669,0.06271,0.18089,0.2436,1,1,2,1,1,0,1,0,0,2,1.7564,0.002941,0.001471,"{""max_temperature_c"": 33.16, ""mean_temperature_c"": 27.73, ""humidity_percent"": 52.4, ""wbgt_c"": 26.49, ""heat_index_c"": 33.69, ""heat_duration_hours"": 0, ""consecutive_heat_days"": 0}"
2026-05-13,Tamil Nadu,SYNTHETIC,77000000,13.0,40.0,47.0,0.36,55.0,37.61,28.26,32.93,58.2,2.28,23.65,44.85,112.73,31.54,DANGER,9,29.09,False,1,0.7,-0.1,8,1,0.848,0.706,0.566,0.555,0.778,0.484,0.522,0.776,0.6,0.532,0.6859,0.3278,0.4208,0.5733,0.7381,1.4345,4.6561,0.17546,0.53844,0.7139,0,0,0,0,0,0,0,0,0,0,-0.7139,0.0,0.0,"{""max_temperature_c"": 37.61, ""mean_temperature_c"": 32.93, ""humidity_percent"": 58.2, ""wbgt_c"": 31.54, ""heat_index_c"": 44.85, ""heat_duration_hours"": 8, ""consecutive_heat_days"": 1}"
2026-05-13,Kerala,SYNTHETIC,35800000,17.0,45.0,38.0,0.28,50.0,32.72,26.88,29.8,67.9,2.46,23.24,37.98,100.37,28.77,CAUTION,0,27.48,False,0,-0.0,-3.3,0,0,0.58,0.655,0.41,0.401,0.464,0.53,0.607,0.834,0.65,0.559,0.1225,0.0845,0.0916,0.1258,0.6287,0.2986,1.2517,0.01889,0.05683,0.07571,0,0,0,0,0,0,0,0,0,0,-0.07571,0.0,0.0,"{""max_temperature_c"": 32.72, ""mean_temperature_c"": 29.8, ""humidity_percent"": 67.9, ""wbgt_c"": 28.77, ""heat_index_c"": 37.98, ""heat_duration_hours"": 0, ""consecutive_heat_days"": 0}"
2026-05-13,Karnataka,SYNTHETIC,68000000,11.5,38.5,50.0,0.45,42.0,32.24,20.18,26.21,51.0,3.77,15.29,31.93,89.48,25.21,LOW,0,20.6,False,0,-2.33,-2.1,0,0,0.0,0.0,0.689,0.281,0.705,0.535,0.472,0.684,0.55,0.557,0.0048,0.0355,0.0225,0.1181,0.1306,0.0627,0.541,0.05812,0.17446,0.23258,0,0,0,0,0,0,0,0,0,0,-0.23258,0.0,0.0,"{""max_temperature_c"": 32.24, ""mean_temperature_c"": 26.21, ""humidity_percent"": 51.0, ""wbgt_c"": 25.21, ""heat_index_c"": 31.93, ""heat_duration_hours"": 0, ""consecutive_heat_days"": 0}"
2026-05-14,Tamil Nadu,SYNTHETIC,77000000,13.0,40.0,47.0,0.36,55.0,36.25,28.05,32.15,54.6,4.14,21.85,40.95,105.71,29.89,CAUTION,7,28.85,False,0,-0.64,-3.8,0,0,0.808,0.481,0.579,0.527,0.781,0.473,0.55,0.775,0.6,0.533,0.327,0.6859,0.3278,0.4208,0.7041,1.3408,4.279,0.0966,0.25549,0.35209,0,0,0,0,0,0,0,0,0,0,-0.35209,0.0,0.0,"{""max_temperature_c"": 36.25, ""mean_temperature_c"": 32.15, ""humidity_percent"": 54.6, ""wbgt_c"": 29.89, ""heat_index_c"": 40.95, ""heat_duration_hours"": 0, ""consecutive_heat_days"": 0}"
2026-05-14,Kerala,SYNTHETIC,35800000,17.0,45.0,38.0,0.28,50.0,33.3,28.86,31.08,67.4,3.55,24.34,40.1,104.19,29.56,CAUTION,0,29.45,False,0,0.62,-4.0,0,0,0.909,0.792,0.453,0.394,0.473,0.521,0.626,0.833,0.65,0.558,0.1934,0.1225,0.0845,0.0916,0.4066,0.4004,1.0385,0.02048,0.06093,0.08142,0,0,0,0,0,0,0,0,0,0,-0.08142,0.0,0.0,"{""max_temperature_c"": 33.3, ""mean_temperature_c"": 31.08, ""humidity_percent"": 67.4, ""wbgt_c"": 29.56, ""heat_index_c"": 40.1, ""heat_duration_hours"": 0, ""consecutive_heat_days"": 0}"
2026-05-14,Karnataka,SYNTHETIC,68000000,11.5,38.5,50.0,0.45,42.0,32.72,21.65,27.18,53.0,1.38,16.78,33.06,91.51,26.41,LOW,0,22.14,False,0,-1.8,-0.3,0,0,0.0,0.0,0.77,0.329,0.721,0.541,0.505,0.684,0.55,0.555,0.0246,0.0048,0.0355,0.0225,0.2347,0.0649,0.331,0.06121,0.17738,0.23859,1,0,1,1,0,1,0,0,1,0,0.76141,0.001471,0.001471,"{""max_temperature_c"": 32.72, ""mean_temperature_c"": 27.18, ""humidity_percent"": 53.0, ""wbgt_c"": 26.41, ""heat_index_c"": 33.06, ""heat_duration_hours"": 0, ""consecutive_heat_days"": 0}"
2026-05-15,Tamil Nadu,SYNTHETIC,77000000,13.0,40.0,47.0,0.36,55.0,36.57,26.8,31.69,55.5,3.39,21.68,41.18,106.13,30.11,DANGER,7,27.54,False,1,-0.31,-3.0,2,1,0.59,0.46,0.56,0.492,0.777,0.474,0.555,0.773,0.6,0.533,0.3727,0.327,0.6859,0.3278,1.1703,1.3857,3.4814,0.10085,0.27761,0.37846,0,1,1,1,0,0,0,0,0,1,0.62154,0.001299,0.0,"{""max_temperature_c"": 36.57, ""mean_temperature_c"": 31.69, ""humidity_percent"": 55.5, ""wbgt_c"": 30.11, ""heat_index_c"": 41.18, ""heat_duration_hours"": 2, ""consecutive_heat_days"": 1}"
2026-05-15,Kerala,SYNTHETIC,35800000,17.0,45.0,38.0,0.28,50.0,32.97,27.91,30.44,68.8,2.92,24.06,39.29,102.72,29.34,CAUTION,0,28.52,False,0,0.33,-2.8,0,0,0.754,0.757,0.466,0.408,0.476,0.52,0.617,0.834,0.65,0.559,0.1695,0.1934,0.1225,0.0845,0.2727,0.4855,0.9353,0.02023,0.05874,0.07898,0,0,0,0,0,0,0,0,0,0,-0.07898,0.0,0.0,"{""max_temperature_c"": 32.97, ""mean_temperature_c"": 30.44, ""humidity_percent"": 68.8, ""wbgt_c"": 29.34, ""heat_index_c"": 39.29, ""heat_duration_hours"": 0, ""consecutive_heat_days"": 0}"
2026-05-15,Karnataka,SYNTHETIC,68000000,11.5,38.5,50.0,0.45,42.0,33.61,21.06,27.33,52.9,3.15,16.9,34.08,93.34,26.62,LOW,0,21.67,False,0,-0.87,-0.6,0,0,0.0,0.0,0.692,0.403,0.706,0.537,0.511,0.684,0.55,0.554,0.0477,0.0246,0.0048,0.0355,0.075,0.0771,0.3036,0.0571,0.1705,0.2276,0,0,0,0,0,0,0,0,0,0,-0.2276,0.0,0.0,"{""max_temperature_c"": 33.61, ""mean_temperature_c"": 27.33, ""humidity_percent"": 52.9, ""wbgt_c"": 26.62, ""heat_index_c"": 34.08, ""heat_duration_hours"": 0, ""consecutive_heat_days"": 0}"
2026-05-16,Tamil Nadu,SYNTHETIC,77000000,13.0,40.0,47.0,0.36,55.0,35.52,27.1,31.31,61.0,2.8,22.88,41.16,106.1,30.1,DANGER,3,27.82,False,0,-1.36,2.5,2,2,0.637,0.61,0.524,0.481,0.77,0.473,0.538,0.774,0.6,0.536,0.3077,0.3727,0.327,0.6859,0.7738,1.0074,3.0153,0.09469,0.26756,0.36225,0,0,0,0,0,0,0,0,0,0,-0.36225,0.0,0.0,"{""max_temperature_c"": 35.52, ""mean_temperature_c"": 31.31, ""humidity_percent"": 61.0, ""wbgt_c"": 30.1, ""heat_index_c"": 41.16, ""heat_duration_hours"": 2, ""consecutive_heat_days"": 2}"
2026-05-16,Kerala,SYNTHETIC,35800000,17.0,45.0,38.0,0.28,50.0,33.49,27.11,30.3,71.8,1.84,24.63,40.75,105.36,29.88,CAUTION,0,27.73,False,0,0.9,-0.0,0,0,0.622,0.829,0.423,0.417,0.467,0.528,0.589,0.832,0.65,0.559,0.2207,0.1695,0.1934,0.1225,0.148,0.5836,1.008,0.02058,0.06086,0.08144,0,0,0,0,0,0,0,0,0,0,-0.08144,0.0,0.0,"{""max_temperature_c"": 33.49, ""mean_temperature_c"": 30.3, ""humidity_percent"": 71.8, ""wbgt_c"": 29.88, ""heat_index_c"": 40.75, ""heat_duration_hours"": 0, ""consecutive_heat_days"": 0}"
2026-05-16,Karnataka,SYNTHETIC,68000000,11.5,38.5,50.0,0.45,42.0,32.54,23.07,27.8,57.0,1.07,18.5,33.79,92.82,26.99,LOW,0,23.63,False,0,-1.89,3.2,0,0,0.0,0.063,0.655,0.379,0.698,0.534,0.496,0.683,0.55,0.553,0.0356,0.0477,0.0246,0.0048,0.0504,0.1079,0.2888,0.05522,0.16774,0.22296,0,0,0,0,0,0,0,0,0,0,-0.22296,0.0,0.0,"{""max_temperature_c"": 32.54, ""mean_temperature_c"": 27.8, ""humidity_percent"": 57.0, ""wbgt_c"": 26.99, ""heat_index_c"": 33.79, ""heat_duration_hours"": 0, ""consecutive_heat_days"": 0}"
2026-05-17,Tamil Nadu,SYNTHETIC,77000000,13.0,40.0,47.0,0.36,55.0,36.2,28.73,32.47,59.4,2.73,23.54,42.87,109.17,30.55,DANGER,7,29.46,False,0,-0.66,0.9,5,3,0.91,0.693,0.447,0.485,0.754,0.476,0.576,0.778,0.6,0.534,0.4279,0.3077,0.3727,0.327,0.5733,1.1083,2.8698,0.10878,0.34172,0.4505,0,0,0,0,0,0,0,0,0,0,-0.4505,0.0,0.0,"{""max_temperature_c"": 36.2, ""mean_temperature_c"": 32.47, ""humidity_percent"": 59.4, ""wbgt_c"": 30.55, ""heat_index_c"": 42.87, ""heat_duration_hours"": 5, ""consecutive_heat_days"": 3}"
2026-05-17,Kerala,SYNTHETIC,35800000,17.0,45.0,38.0,0.28,50.0,33.3,26.89,30.1,69.1,2.29,23.8,39.41,102.93,29.38,CAUTION,0,27.53,False,0,0.75,-2.9,0,0,0.589,0.725,0.319,0.428,0.446,0.523,0.623,0.833,0.65,0.557,0.1796,0.2207,0.1695,0.1934,0.1258,0.5698,1.0618,0.01787,0.05524,0.07311,0,1,1,0,1,0,0,0,0,1,0.92689,0.002793,0.0,"{""max_temperature_c"": 33.3, ""mean_temperature_c"": 30.1, ""humidity_percent"": 69.1, ""wbgt_c"": 29.38, ""heat_index_c"": 39.41, ""heat_duration_hours"": 0, ""consecutive_heat_days"": 0}"
2026-05-17,Karnataka,SYNTHETIC,68000000,11.5,38.5,50.0,0.45,42.0,32.36,22.8,27.58,64.4,3.13,20.27,34.77,94.59,27.31,LOW,0,23.25,False,0,-2.02,10.4,0,0,0.0,0.283,0.522,0.299,0.672,0.536,0.511,0.683,0.55,0.555,0.0399,0.0356,0.0477,0.0246,0.1181,0.1232,0.2106,0.04945,0.16109,0.21053,0,0,0,0,0,0,0,0,0,0,-0.21053,0.0,0.0,"{""max_temperature_c"": 32.36, ""mean_temperature_c"": 27.58, ""humidity_percent"": 64.4, ""wbgt_c"": 27.31, ""heat_index_c"": 34.77, ""heat_duration_hours"": 0, ""consecutive_heat_days"": 0}"
2026-05-18,Tamil Nadu,SYNTHETIC,77000000,13.0,40.0,47.0,0.36,55.0,37.29,29.77,33.53,56.7,5.62,23.76,44.57,112.23,31.1,DANGER,9,30.55,False,1,0.44,-1.8,8,4,1.0,0.72,0.611,0.521,0.787,0.468,0.537,0.777,0.6,0.538,0.5894,0.4279,0.3077,0.3727,0.4208,1.3249,3.0384,0.16523,0.49662,0.66185,0,0,0,0,0,0,0,0,0,0,-0.66185,0.0,0.0,"{""max_temperature_c"": 37.29, ""mean_temperature_c"": 33.53, ""humidity_percent"": 56.7, ""wbgt_c"": 31.1, ""heat_index_c"": 44.57, ""heat_duration_hours"": 8, ""consecutive_heat_days"": 4}"
2026-05-18,Kerala,SYNTHETIC,35800000,17.0,45.0,38.0,0.28,50.0,33.04,27.59,30.32,68.3,2.86,23.81,39.09,102.36,29.21,CAUTION,0,28.23,False,0,0.54,-3.9,0,0,0.705,0.727,0.48,0.426,0.478,0.524,0.627,0.829,0.65,0.554,0.1617,0.1796,0.2207,0.1695,0.0916,0.562,1.1319,0.01984,0.05693,0.07677,0,0,0,0,0,0,0,0,0,0,-0.07677,0.0,0.0,"{""max_temperature_c"": 33.04, ""mean_temperature_c"": 30.32, ""humidity_percent"": 68.3, ""wbgt_c"": 29.21, ""heat_index_c"": 39.09, ""heat_duration_hours"": 0, ""consecutive_heat_days"": 0}"
2026-05-18,Karnataka,SYNTHETIC,68000000,11.5,38.5,50.0,0.45,42.0,32.15,22.56,27.35,60.8,4.5,19.13,33.74,92.73,26.64,LOW,0,23.07,False,0,-2.18,6.5,0,0,0.0,0.141,0.677,0.343,0.703,0.532,0.52,0.684,0.55,0.557,0.019,0.0399,0.0356,0.0477,0.0225,0.0945,0.2071,0.05459,0.16478,0.21937,0,2,2,2,0,0,0,0,2,0,1.78063,0.002941,0.0,"{""max_temperature_c"": 32.15, ""mean_temperature_c"": 27.35, ""humidity_percent"": 60.8, ""wbgt_c"": 26.64, ""heat_index_c"": 33.74, ""heat_duration_hours"": 0, ""consecutive_heat_days"": 0}"
2026-05-19,Tamil Nadu,SYNTHETIC,77000000,13.0,40.0,47.0,0.36,55.0,37.34,27.93,32.64,52.4,1.01,21.62,42.1,107.77,30.66,DANGER,7,28.72,False,2,0.51,-6.2,5,5,0.786,0.452,0.527,0.522,0.77,0.473,0.536,0.775,0.6,0.54,0.5165,0.5894,0.4279,0.3077,0.3278,1.5338,3.2271,0.1249,0.35595,0.48085,0,0,0,0,0,0,0,0,0,0,-0.48085,0.0,0.0,"{""max_temperature_c"": 37.34, ""mean_temperature_c"": 32.64, ""humidity_percent"": 52.4, ""wbgt_c"": 30.66, ""heat_index_c"": 42.1, ""heat_duration_hours"": 5, ""consecutive_heat_days"": 5}"
2026-05-19,Kerala,SYNTHETIC,35800000,17.0,45.0,38.0,0.28,50.0,32.54,26.27,29.41,72.6,1.86,23.98,38.62,101.52,29.13,CAUTION,0,26.89,False,0,0.09,0.3,0,0,0.481,0.747,0.42,0.414,0.466,0.527,0.623,0.829,0.65,0.552,0.1459,0.1617,0.1796,0.2207,0.0845,0.4872,1.1933,0.01833,0.05398,0.0723,0,0,0,0,0,0,0,0,0,0,-0.0723,0.0,0.0,"{""max_temperature_c"": 32.54, ""mean_temperature_c"": 29.41, ""humidity_percent"": 72.6, ""wbgt_c"": 29.13, ""heat_index_c"": 38.62, ""heat_duration_hours"": 0, ""consecutive_heat_days"": 0}"
2026-05-19,Karnataka,SYNTHETIC,68000000,11.5,38.5,50.0,0.45,42.0,35.15,25.71,30.43,60.1,2.09,21.83,39.54,103.17,29.55,CAUTION,1,26.25,False,0,0.88,5.6,0,0,0.376,0.479,0.652,0.365,0.698,0.533,0.517,0.685,0.55,0.555,0.2349,0.019,0.0399,0.0356,0.0355,0.2938,0.4064,0.06054,0.18314,0.24368,0,0,0,0,0,0,0,0,0,0,-0.24368,0.0,0.0,"{""max_temperature_c"": 35.15, ""mean_temperature_c"": 30.43, ""humidity_percent"": 60.1, ""wbgt_c"": 29.55, ""heat_index_c"": 39.54, ""heat_duration_hours"": 0, ""consecutive_heat_days"": 0}"
2026-05-20,Tamil Nadu,SYNTHETIC,77000000,13.0,40.0,47.0,0.36,55.0,38.96,30.05,34.5,54.9,1.18,24.11,47.27,117.08,32.45,EXTREME,11,30.88,True,3,2.14,-3.8,11,6,1.0,0.764,0.588,0.552,0.783,0.477,0.707,0.778,0.6,0.533,1.092,0.5165,0.5894,0.4279,0.6859,2.1978,3.6331,0.27191,0.88104,1.15295,1,1,2,1,1,1,0,0,1,1,0.84705,0.002597,0.001299,"{""max_temperature_c"": 38.96, ""mean_temperature_c"": 34.5, ""humidity_percent"": 54.9, ""wbgt_c"": 32.45, ""heat_index_c"": 47.27, ""heat_duration_hours"": 11, ""consecutive_heat_days"": 6}"
2026-05-20,Kerala,SYNTHETIC,35800000,17.0,45.0,38.0,0.28,50.0,33.09,25.91,29.5,74.7,2.22,24.54,40.08,104.15,29.46,CAUTION,0,26.54,False,0,0.68,2.2,0,0,0.423,0.818,0.432,0.42,0.469,0.525,0.6,0.829,0.65,0.552,0.1815,0.1459,0.1617,0.1796,0.1225,0.4891,1.2523,0.01875,0.05483,0.07357,0,0,0,0,0,0,0,0,0,0,-0.07357,0.0,0.0,"{""max_temperature_c"": 33.09, ""mean_temperature_c"": 29.5, ""humidity_percent"": 74.7, ""wbgt_c"": 29.46, ""heat_index_c"": 40.08, ""heat_duration_hours"": 0, ""consecutive_heat_days"": 0}"
2026-05-20,Karnataka,SYNTHETIC,68000000,11.5,38.5,50.0,0.45,42.0,33.19,21.98,27.58,62.1,1.66,19.66,35.28,95.51,27.6,LOW,0,22.56,False,0,-1.02,7.2,0,0,0.0,0.208,0.685,0.384,0.705,0.531,0.531,0.685,0.55,0.561,0.0637,0.2349,0.019,0.0399,0.0048,0.3176,0.4654,0.05677,0.16686,0.22363,0,0,0,0,0,0,0,0,0,0,-0.22363,0.0,0.0,"{""max_temperature_c"": 33.19, ""mean_temperature_c"": 27.58, ""humidity_percent"": 62.1, ""wbgt_c"": 27.6, ""heat_index_c"": 35.28, ""heat_duration_hours"": 0, ""consecutive_heat_days"": 0}"
2026-05-21,Tamil Nadu,SYNTHETIC,77000000,13.0,40.0,47.0,0.36,55.0,36.73,29.16,32.94,57.4,0.52,23.42,43.39,110.11,31.03,DANGER,7,29.91,False,4,-0.07,-1.3,7,7,0.985,0.677,0.554,0.5,0.776,0.478,0.724,0.778,0.6,0.53,0.5445,1.092,0.5165,0.5894,0.327,2.153,3.8506,0.16171,0.47136,0.63307,0,0,0,0,0,0,0,0,0,0,-0.63307,0.0,0.0,"{""max_temperature_c"": 36.73, ""mean_temperature_c"": 32.94, ""humidity_percent"": 57.4, ""wbgt_c"": 31.03, ""heat_index_c"": 43.39, ""heat_duration_hours"": 7, ""consecutive_heat_days"": 7}"
2026-05-21,Kerala,SYNTHETIC,35800000,17.0,45.0,38.0,0.28,50.0,32.58,27.82,30.2,74.5,2.03,25.15,40.23,104.41,29.51,CAUTION,0,28.42,False,0,0.22,1.7,0,0,0.737,0.894,0.421,0.398,0.467,0.532,0.596,0.831,0.65,0.557,0.1745,0.1815,0.1459,0.1617,0.1934,0.5019,1.2334,0.01883,0.05613,0.07496,0,0,0,0,0,0,0,0,0,0,-0.07496,0.0,0.0,"{""max_temperature_c"": 32.58, ""mean_temperature_c"": 30.2, ""humidity_percent"": 74.5, ""wbgt_c"": 29.51, ""heat_index_c"": 40.23, ""heat_duration_hours"": 0, ""consecutive_heat_days"": 0}"
2026-05-21,Karnataka,SYNTHETIC,68000000,11.5,38.5,50.0,0.45,42.0,31.75,20.39,26.07,66.4,1.32,19.31,33.41,92.14,26.73,LOW,0,20.86,False,0,-2.4,11.2,0,0,0.0,0.164,0.744,0.315,0.716,0.529,0.487,0.684,0.55,0.564,0.0183,0.0637,0.2349,0.019,0.0246,0.3169,0.4591,0.05803,0.16749,0.22552,0,0,0,0,0,0,0,0,0,0,-0.22552,0.0,0.0,"{""max_temperature_c"": 31.75, ""mean_temperature_c"": 26.07, ""humidity_percent"": 66.4, ""wbgt_c"": 26.73, ""heat_index_c"": 33.41, ""heat_duration_hours"": 0, ""consecutive_heat_days"": 0}"
2026-05-22,Tamil Nadu,SYNTHETIC,77000000,13.0,40.0,47.0,0.36,55.0,38.08,29.95,34.02,59.2,2.3,24.92,47.31,117.15,32.28,EXTREME,11,30.77,False,5,1.29,0.4,11,8,1.0,0.865,0.59,0.542,0.783,0.47,0.685,0.777,0.6,0.528,0.9004,0.5445,1.092,0.5165,0.3727,2.5369,4.3784,0.26627,0.86099,1.12725,0,5,5,3,2,0,0,0,2,3,3.87275,0.006494,0.0,"{""max_temperature_c"": 38.08, ""mean_temperature_c"": 34.02, ""humidity_percent"": 59.2, ""wbgt_c"": 32.28, ""heat_index_c"": 47.31, ""heat_duration_hours"": 11, ""consecutive_heat_days"": 8}"
2026-05-22,Kerala,SYNTHETIC,35800000,17.0,45.0,38.0,0.28,50.0,32.62,25.43,29.03,72.3,0.47,23.53,38.19,100.75,28.88,CAUTION,0,26.04,False,0,0.32,-0.7,0,0,0.341,0.692,0.438,0.409,0.47,0.526,0.638,0.832,0.65,0.565,0.1281,0.1745,0.1815,0.1459,0.1695,0.4841,1.1919,0.01736,0.05054,0.0679,0,0,0,0,0,0,0,0,0,0,-0.0679,0.0,0.0,"{""max_temperature_c"": 32.62, ""mean_temperature_c"": 29.03, ""humidity_percent"": 72.3, ""wbgt_c"": 28.88, ""heat_index_c"": 38.19, ""heat_duration_hours"": 0, ""consecutive_heat_days"": 0}"
2026-05-22,Karnataka,SYNTHETIC,68000000,11.5,38.5,50.0,0.45,42.0,33.82,22.01,27.91,58.4,1.75,19.0,35.54,95.98,27.62,LOW,0,22.57,False,0,-0.27,2.9,0,0,0.0,0.125,0.68,0.376,0.704,0.528,0.551,0.683,0.55,0.565,0.0769,0.0183,0.0637,0.2349,0.0477,0.1589,0.4883,0.05375,0.16046,0.21421,0,0,0,0,0,0,0,0,0,0,-0.21421,0.0,0.0,"{""max_temperature_c"": 33.82, ""mean_temperature_c"": 27.91, ""humidity_percent"": 58.4, ""wbgt_c"": 27.62, ""heat_index_c"": 35.54, ""heat_duration_hours"": 0, ""consecutive_heat_days"": 0}"
2026-05-23,Tamil Nadu,SYNTHETIC,77000000,13.0,40.0,47.0,0.36,55.0,37.22,28.55,32.89,56.0,3.08,22.95,43.45,110.2,30.87,DANGER,9,29.29,False,6,0.46,-2.9,6,9,0.882,0.618,0.591,0.491,0.783,0.473,0.566,0.779,0.6,0.528,0.5457,0.9004,0.5445,1.092,0.3077,1.9906,4.6164,0.16299,0.45165,0.61464,0,1,1,0,1,0,0,0,1,0,0.38536,0.001299,0.0,"{""max_temperature_c"": 37.22, ""mean_temperature_c"": 32.89, ""humidity_percent"": 56.0, ""wbgt_c"": 30.87, ""heat_index_c"": 43.45, ""heat_duration_hours"": 6, ""consecutive_heat_days"": 9}"
2026-05-23,Kerala,SYNTHETIC,35800000,17.0,45.0,38.0,0.28,50.0,32.06,26.75,29.41,67.9,2.84,22.86,36.72,98.09,28.2,CAUTION,0,27.36,False,0,-0.19,-5.3,0,0,0.559,0.608,0.436,0.403,0.47,0.531,0.636,0.833,0.65,0.567,0.0664,0.1281,0.1745,0.1815,0.2207,0.369,1.0377,0.01643,0.04836,0.06479,0,0,0,0,0,0,0,0,0,0,-0.06479,0.0,0.0,"{""max_temperature_c"": 32.06, ""mean_temperature_c"": 29.41, ""humidity_percent"": 67.9, ""wbgt_c"": 28.2, ""heat_index_c"": 36.72, ""heat_duration_hours"": 0, ""consecutive_heat_days"": 0}"
2026-05-23,Karnataka,SYNTHETIC,68000000,11.5,38.5,50.0,0.45,42.0,34.29,23.13,28.71,57.1,1.78,19.37,36.36,97.46,28.03,CAUTION,0,23.66,False,0,0.27,1.3,0,0,0.0,0.172,0.676,0.352,0.703,0.534,0.489,0.682,0.55,0.57,0.098,0.0769,0.0183,0.0637,0.0356,0.1932,0.5507,0.05487,0.16252,0.21738,0,0,0,0,0,0,0,0,0,0,-0.21738,0.0,0.0,"{""max_temperature_c"": 34.29, ""mean_temperature_c"": 28.71, ""humidity_percent"": 57.1, ""wbgt_c"": 28.03, ""heat_index_c"": 36.36, ""heat_duration_hours"": 0, ""consecutive_heat_days"": 0}"
2026-05-24,Tamil Nadu,SYNTHETIC,77000000,13.0,40.0,47.0,0.36,55.0,36.05,26.19,31.12,55.9,2.1,21.29,40.13,104.23,29.72,CAUTION,5,26.88,False,0,-0.69,-3.0,0,0,0.481,0.411,0.419,0.459,0.749,0.47,0.535,0.78,0.6,0.526,0.3016,0.5457,0.9004,0.5445,0.4279,1.7477,4.49,0.08271,0.22911,0.31182,0,0,0,0,0,0,0,0,0,0,-0.31182,0.0,0.0,"{""max_temperature_c"": 36.05, ""mean_temperature_c"": 31.12, ""humidity_percent"": 55.9, ""wbgt_c"": 29.72, ""heat_index_c"": 40.13, ""heat_duration_hours"": 0, ""consecutive_heat_days"": 0}"
2026-05-24,Kerala,SYNTHETIC,35800000,17.0,45.0,38.0,0.28,50.0,32.7,25.92,29.31,70.3,0.95,23.34,38.07,100.52,28.96,CAUTION,0,26.52,False,0,0.5,-3.1,0,0,0.42,0.668,0.397,0.4,0.462,0.536,0.606,0.834,0.65,0.569,0.1361,0.0664,0.1281,0.1745,0.1796,0.3306,0.9941,0.01642,0.04932,0.06574,0,0,0,0,0,0,0,0,0,0,-0.06574,0.0,0.0,"{""max_temperature_c"": 32.7, ""mean_temperature_c"": 29.31, ""humidity_percent"": 70.3, ""wbgt_c"": 28.96, ""heat_index_c"": 38.07, ""heat_duration_hours"": 0, ""consecutive_heat_days"": 0}"
2026-05-24,Karnataka,SYNTHETIC,68000000,11.5,38.5,50.0,0.45,42.0,34.69,23.79,29.24,55.7,1.61,19.48,36.91,98.44,28.32,CAUTION,0,24.3,False,0,0.73,-0.4,0,0,0.051,0.185,0.539,0.343,0.675,0.541,0.516,0.68,0.55,0.567,0.1278,0.098,0.0769,0.0183,0.0399,0.3027,0.6385,0.04977,0.15751,0.20729,0,0,0,0,0,0,0,0,0,0,-0.20729,0.0,0.0,"{""max_temperature_c"": 34.69, ""mean_temperature_c"": 29.24, ""humidity_percent"": 55.7, ""wbgt_c"": 28.32, ""heat_index_c"": 36.91, ""heat_duration_hours"": 0, ""consecutive_heat_days"": 0}"
2026-05-25,Tamil Nadu,SYNTHETIC,77000000,13.0,40.0,47.0,0.36,55.0,36.26,26.57,31.42,57.7,4.92,22.07,41.21,106.17,29.88,CAUTION,5,27.33,False,0,-0.45,-1.3,0,0,0.556,0.509,0.593,0.511,0.784,0.459,0.556,0.782,0.6,0.523,0.3265,0.3016,0.5457,0.9004,0.5894,1.1738,4.2272,0.0899,0.23649,0.32639,0,0,0,0,0,0,0,0,0,0,-0.32639,0.0,0.0,"{""max_temperature_c"": 36.26, ""mean_temperature_c"": 31.42, ""humidity_percent"": 57.7, ""wbgt_c"": 29.88, ""heat_index_c"": 41.21, ""heat_duration_hours"": 0, ""consecutive_heat_days"": 0}"
2026-05-25,Kerala,SYNTHETIC,35800000,17.0,45.0,38.0,0.28,50.0,33.1,27.14,30.12,71.6,1.18,24.42,39.94,103.89,29.51,CAUTION,0,27.72,False,0,0.96,-2.1,0,0,0.621,0.803,0.419,0.388,0.466,0.536,0.579,0.834,0.65,0.568,0.185,0.1361,0.0664,0.1281,0.1617,0.3875,1.0174,0.01758,0.05238,0.06996,0,0,0,0,0,0,0,0,0,0,-0.06996,0.0,0.0,"{""max_temperature_c"": 33.1, ""mean_temperature_c"": 30.12, ""humidity_percent"": 71.6, ""wbgt_c"": 29.51, ""heat_index_c"": 39.94, ""heat_duration_hours"": 0, ""consecutive_heat_days"": 0}"
2026-05-25,Karnataka,SYNTHETIC,68000000,11.5,38.5,50.0,0.45,42.0,35.63,26.41,31.02,62.3,3.95,22.96,41.4,106.53,30.03,DANGER,5,26.99,False,1,1.74,5.8,1,1,0.498,0.62,0.68,0.387,0.704,0.544,0.449,0.684,0.55,0.574,0.3038,0.1278,0.098,0.0769,0.019,0.5296,0.9233,0.06952,0.20837,0.2779,0,0,0,0,0,0,0,0,0,0,-0.2779,0.0,0.0,"{""max_temperature_c"": 35.63, ""mean_temperature_c"": 31.02, ""humidity_percent"": 62.3, ""wbgt_c"": 30.03, ""heat_index_c"": 41.4, ""heat_duration_hours"": 1, ""consecutive_heat_days"": 1}"
2026-05-26,Tamil Nadu,SYNTHETIC,77000000,13.0,40.0,47.0,0.36,55.0,37.32,28.55,32.93,59.2,2.75,23.93,44.85,112.73,31.39,DANGER,9,29.32,False,1,0.63,0.1,8,1,0.887,0.741,0.561,0.516,0.777,0.466,0.53,0.781,0.6,0.517,0.6422,0.3265,0.3016,0.5457,0.5165,1.2703,4.3529,0.1594,0.49123,0.65063,0,0,0,0,0,0,0,0,0,0,-0.65063,0.0,0.0,"{""max_temperature_c"": 37.32, ""mean_temperature_c"": 32.93, ""humidity_percent"": 59.2, ""wbgt_c"": 31.39, ""heat_index_c"": 44.85, ""heat_duration_hours"": 8, ""consecutive_heat_days"": 1}"
2026-05-26,Kerala,SYNTHETIC,35800000,17.0,45.0,38.0,0.28,50.0,33.3,27.86,30.58,73.2,2.0,25.23,41.35,106.43,29.8,CAUTION,0,28.52,False,0,1.22,-0.7,0,0,0.754,0.904,0.457,0.441,0.474,0.534,0.603,0.835,0.65,0.567,0.2109,0.185,0.1361,0.0664,0.1459,0.532,1.0825,0.01856,0.05458,0.07314,0,0,0,0,0,0,0,0,0,0,-0.07314,0.0,0.0,"{""max_temperature_c"": 33.3, ""mean_temperature_c"": 30.58, ""humidity_percent"": 73.2, ""wbgt_c"": 29.8, ""heat_index_c"": 41.35, ""heat_duration_hours"": 0, ""consecutive_heat_days"": 0}"
2026-05-26,Karnataka,SYNTHETIC,68000000,11.5,38.5,50.0,0.45,42.0,34.67,24.5,29.59,58.4,5.31,20.57,37.77,99.98,28.41,CAUTION,0,25.0,False,0,0.85,1.6,0,0,0.166,0.322,0.707,0.328,0.709,0.54,0.493,0.684,0.55,0.573,0.1341,0.3038,0.1278,0.098,0.2349,0.5656,0.8225,0.06025,0.17287,0.23311,0,0,0,0,0,0,0,0,0,0,-0.23311,0.0,0.0,"{""max_temperature_c"": 34.67, ""mean_temperature_c"": 29.59, ""humidity_percent"": 58.4, ""wbgt_c"": 28.41, ""heat_index_c"": 37.77, ""heat_duration_hours"": 0, ""consecutive_heat_days"": 0}"
2026-05-27,Tamil Nadu,SYNTHETIC,77000000,13.0,40.0,47.0,0.36,55.0,36.32,29.69,33.01,60.2,1.35,24.25,43.99,111.17,31.14,DANGER,7,30.51,False,0,-0.35,1.0,7,2,1.0,0.782,0.588,0.546,0.783,0.467,0.539,0.78,0.6,0.514,0.5395,0.6422,0.3265,0.3016,1.092,1.5083,3.8005,0.1554,0.46416,0.61956,0,2,2,1,1,0,0,0,0,2,1.38044,0.002597,0.0,"{""max_temperature_c"": 36.32, ""mean_temperature_c"": 33.01, ""humidity_percent"": 60.2, ""wbgt_c"": 31.14, ""heat_index_c"": 43.99, ""heat_duration_hours"": 7, ""consecutive_heat_days"": 2}"
2026-05-27,Kerala,SYNTHETIC,35800000,17.0,45.0,38.0,0.28,50.0,33.56,29.09,31.32,73.0,4.94,25.91,42.77,108.99,30.15,DANGER,0,29.72,False,1,1.54,-1.1,3,1,0.954,0.989,0.499,0.423,0.482,0.532,0.598,0.834,0.65,0.569,0.2576,0.2109,0.185,0.1361,0.1815,0.6535,1.1586,0.02302,0.06916,0.09218,0,0,0,0,0,0,0,0,0,0,-0.09218,0.0,0.0,"{""max_temperature_c"": 33.56, ""mean_temperature_c"": 31.32, ""humidity_percent"": 73.0, ""wbgt_c"": 30.15, ""heat_index_c"": 42.77, ""heat_duration_hours"": 3, ""consecutive_heat_days"": 1}"
2026-05-27,Karnataka,SYNTHETIC,68000000,11.5,38.5,50.0,0.45,42.0,32.84,22.41,27.62,55.0,1.57,17.78,33.7,92.66,26.66,LOW,0,22.99,False,0,-0.91,-2.1,0,0,0.0,0.0,0.741,0.387,0.716,0.549,0.522,0.684,0.55,0.569,0.0332,0.1341,0.3038,0.1278,0.0637,0.471,0.792,0.05731,0.16541,0.22272,0,0,0,0,0,0,0,0,0,0,-0.22272,0.0,0.0,"{""max_temperature_c"": 32.84, ""mean_temperature_c"": 27.62, ""humidity_percent"": 55.0, ""wbgt_c"": 26.66, ""heat_index_c"": 33.7, ""heat_duration_hours"": 0, ""consecutive_heat_days"": 0}"
2026-05-28,Tamil Nadu,SYNTHETIC,77000000,13.0,40.0,47.0,0.36,55.0,36.42,27.05,31.74,60.8,2.29,23.24,42.77,108.98,30.77,DANGER,7,27.8,False,0,-0.22,1.5,5,3,0.633,0.655,0.558,0.498,0.777,0.478,0.545,0.78,0.6,0.513,0.4803,0.5395,0.6422,0.3265,0.5445,1.6621,3.7363,0.12655,0.35625,0.48279,0,0,0,0,0,0,0,0,0,0,-0.48279,0.0,0.0,"{""max_temperature_c"": 36.42, ""mean_temperature_c"": 31.74, ""humidity_percent"": 60.8, ""wbgt_c"": 30.77, ""heat_index_c"": 42.77, ""heat_duration_hours"": 5, ""consecutive_heat_days"": 3}"
2026-05-28,Kerala,SYNTHETIC,35800000,17.0,45.0,38.0,0.28,50.0,33.48,26.75,30.12,65.9,3.05,23.04,38.73,101.71,28.94,CAUTION,0,27.4,False,0,1.52,-8.5,0,0,0.566,0.629,0.434,0.427,0.469,0.526,0.596,0.834,0.65,0.572,0.1499,0.2576,0.2109,0.185,0.1745,0.6184,1.134,0.01689,0.04888,0.06577,0,0,0,0,0,0,0,0,0,0,-0.06577,0.0,0.0,"{""max_temperature_c"": 33.48, ""mean_temperature_c"": 30.12, ""humidity_percent"": 65.9, ""wbgt_c"": 28.94, ""heat_index_c"": 38.73, ""heat_duration_hours"": 0, ""consecutive_heat_days"": 0}"
2026-05-28,Karnataka,SYNTHETIC,68000000,11.5,38.5,50.0,0.45,42.0,33.94,24.44,29.19,53.2,2.14,18.7,35.49,95.88,27.62,LOW,0,25.02,False,0,0.27,-4.3,0,0,0.171,0.088,0.691,0.389,0.706,0.551,0.494,0.683,0.55,0.568,0.0791,0.0332,0.1341,0.3038,0.0183,0.2464,0.8528,0.05478,0.16255,0.21733,0,0,0,0,0,0,0,0,0,0,-0.21733,0.0,0.0,"{""max_temperature_c"": 33.94, ""mean_temperature_c"": 29.19, ""humidity_percent"": 53.2, ""wbgt_c"": 27.62, ""heat_index_c"": 35.49, ""heat_duration_hours"": 0, ""consecutive_heat_days"": 0}"
2026-05-29,Tamil Nadu,SYNTHETIC,77000000,13.0,40.0,47.0,0.36,55.0,36.38,29.14,32.76,63.1,3.47,24.82,44.89,112.81,31.23,DANGER,7,29.88,False,0,-0.23,3.7,8,4,0.98,0.852,0.512,0.498,0.767,0.485,0.507,0.78,0.6,0.513,0.5585,0.4803,0.5395,0.6422,0.9004,1.5783,3.3943,0.16198,0.51296,0.67494,1,0,1,1,0,1,0,0,0,1,0.32506,0.001299,0.001299,"{""max_temperature_c"": 36.38, ""mean_temperature_c"": 32.76, ""humidity_percent"": 63.1, ""wbgt_c"": 31.23, ""heat_index_c"": 44.89, ""heat_duration_hours"": 8, ""consecutive_heat_days"": 4}"
2026-05-29,Kerala,SYNTHETIC,35800000,17.0,45.0,38.0,0.28,50.0,32.44,27.26,29.85,69.7,3.85,23.72,38.16,100.69,28.65,CAUTION,0,27.88,False,0,0.55,-4.9,0,0,0.647,0.714,0.404,0.415,0.463,0.523,0.611,0.835,0.65,0.574,0.1072,0.1499,0.2576,0.2109,0.1281,0.5147,1.1131,0.01548,0.04598,0.06146,0,1,1,1,0,0,0,0,0,1,0.93854,0.002793,0.0,"{""max_temperature_c"": 32.44, ""mean_temperature_c"": 29.85, ""humidity_percent"": 69.7, ""wbgt_c"": 28.65, ""heat_index_c"": 38.16, ""heat_duration_hours"": 0, ""consecutive_heat_days"": 0}"
2026-05-29,Karnataka,SYNTHETIC,68000000,11.5,38.5,50.0,0.45,42.0,31.15,20.89,26.02,59.0,3.94,17.39,31.72,89.09,25.3,LOW,0,21.36,False,0,-2.44,1.1,0,0,0.0,0.0,0.668,0.31,0.701,0.547,0.488,0.683,0.55,0.567,0.0,0.0791,0.0332,0.1341,0.0769,0.1123,0.776,0.05082,0.15441,0.20524,0,0,0,0,0,0,0,0,0,0,-0.20524,0.0,0.0,"{""max_temperature_c"": 31.15, ""mean_temperature_c"": 26.02, ""humidity_percent"": 59.0, ""wbgt_c"": 25.3, ""heat_index_c"": 31.72, ""heat_duration_hours"": 0, ""consecutive_heat_days"": 0}"
2026-05-30,Tamil Nadu,SYNTHETIC,77000000,13.0,40.0,47.0,0.36,55.0,35.99,27.42,31.7,64.8,0.78,24.25,43.55,110.38,30.98,DANGER,5,28.14,False,0,-0.6,5.3,7,5,0.691,0.782,0.547,0.485,0.774,0.48,0.554,0.779,0.6,0.51,0.4902,0.5585,0.4803,0.5395,0.5457,1.529,3.3389,0.1394,0.40988,0.54928,0,1,1,0,1,0,0,0,1,0,0.45072,0.001299,0.0,"{""max_temperature_c"": 35.99, ""mean_temperature_c"": 31.7, ""humidity_percent"": 64.8, ""wbgt_c"": 30.98, ""heat_index_c"": 43.55, ""heat_duration_hours"": 7, ""consecutive_heat_days"": 5}"
2026-05-30,Kerala,SYNTHETIC,35800000,17.0,45.0,38.0,0.28,50.0,31.45,26.46,28.96,76.0,1.18,24.29,37.51,99.52,28.66,CAUTION,0,27.09,False,0,-0.37,1.1,0,0,0.515,0.786,0.4,0.418,0.462,0.533,0.583,0.834,0.65,0.568,0.0992,0.1072,0.1499,0.2576,0.0664,0.3562,1.1458,0.01517,0.04529,0.06046,1,0,1,0,1,0,1,0,0,1,0.93954,0.002793,0.002793,"{""max_temperature_c"": 31.45, ""mean_temperature_c"": 28.96, ""humidity_percent"": 76.0, ""wbgt_c"": 28.66, ""heat_index_c"": 37.51, ""heat_duration_hours"": 0, ""consecutive_heat_days"": 0}"
2026-05-30,Karnataka,SYNTHETIC,68000000,11.5,38.5,50.0,0.45,42.0,31.0,20.63,25.81,61.3,4.75,17.81,31.76,89.17,25.37,LOW,0,21.08,False,0,-2.52,3.0,0,0,0.0,0.0,0.675,0.302,0.703,0.545,0.553,0.684,0.55,0.56,0.0,0.0,0.0791,0.0332,0.098,0.0791,0.6779,0.04863,0.14901,0.19764,0,0,0,0,0,0,0,0,0,0,-0.19764,0.0,0.0,"{""max_temperature_c"": 31.0, ""mean_temperature_c"": 25.81, ""humidity_percent"": 61.3, ""wbgt_c"": 25.37, ""heat_index_c"": 31.76, ""heat_duration_hours"": 0, ""consecutive_heat_days"": 0}"
2026-05-31,Tamil Nadu,SYNTHETIC,77000000,13.0,40.0,47.0,0.36,55.0,36.05,26.81,31.43,63.3,2.89,23.62,42.77,108.98,30.54,DANGER,5,27.51,False,0,-0.51,3.7,5,6,0.585,0.702,0.394,0.468,0.744,0.487,0.578,0.777,0.6,0.506,0.4171,0.4902,0.5585,0.4803,0.3016,1.4658,3.4544,0.10344,0.31806,0.42151,1,0,1,0,1,0,1,0,1,0,0.57849,0.001299,0.001299,"{""max_temperature_c"": 36.05, ""mean_temperature_c"": 31.43, ""humidity_percent"": 63.3, ""wbgt_c"": 30.54, ""heat_index_c"": 42.77, ""heat_duration_hours"": 5, ""consecutive_heat_days"": 6}"
2026-05-31,Kerala,SYNTHETIC,35800000,17.0,45.0,38.0,0.28,50.0,31.83,26.4,29.12,72.3,4.1,23.62,37.24,99.02,28.25,CAUTION,0,27.0,False,0,0.07,-2.9,0,0,0.5,0.702,0.357,0.395,0.454,0.531,0.606,0.834,0.65,0.566,0.0688,0.0992,0.1072,0.1499,0.1361,0.2751,1.0785,0.0138,0.04227,0.05607,0,0,0,0,0,0,0,0,0,0,-0.05607,0.0,0.0,"{""max_temperature_c"": 31.83, ""mean_temperature_c"": 29.12, ""humidity_percent"": 72.3, ""wbgt_c"": 28.25, ""heat_index_c"": 37.24, ""heat_duration_hours"": 0, ""consecutive_heat_days"": 0}"
2026-05-31,Karnataka,SYNTHETIC,68000000,11.5,38.5,50.0,0.45,42.0,32.36,22.57,27.47,55.4,4.18,17.75,33.17,91.7,26.07,LOW,0,23.02,False,0,-1.07,-3.3,0,0,0.0,0.0,0.482,0.301,0.664,0.549,0.522,0.687,0.55,0.558,0.0091,0.0,0.0,0.0791,0.1278,0.0091,0.5592,0.04176,0.1407,0.18246,0,0,0,0,0,0,0,0,0,0,-0.18246,0.0,0.0,"{""max_temperature_c"": 32.36, ""mean_temperature_c"": 27.47, ""humidity_percent"": 55.4, ""wbgt_c"": 26.07, ""heat_index_c"": 33.17, ""heat_duration_hours"": 0, ""consecutive_heat_days"": 0}"
2026-06-01,Tamil Nadu,SYNTHETIC,77000000,13.0,40.0,47.0,0.36,55.0,36.78,28.07,32.42,60.9,0.84,23.91,44.11,111.39,31.32,DANGER,7,28.83,False,1,0.25,1.2,7,7,0.805,0.738,0.553,0.506,0.776,0.493,0.517,0.779,0.6,0.503,0.5974,0.4171,0.4902,0.5585,0.3265,1.5047,3.7253,0.15209,0.45578,0.60787,0,0,0,0,0,0,0,0,0,0,-0.60787,0.0,0.0,"{""max_temperature_c"": 36.78, ""mean_temperature_c"": 32.42, ""humidity_percent"": 60.9, ""wbgt_c"": 31.32, ""heat_index_c"": 44.11, ""heat_duration_hours"": 7, ""consecutive_heat_days"": 7}"
2026-06-01,Kerala,SYNTHETIC,35800000,17.0,45.0,38.0,0.28,50.0,32.52,26.7,29.61,70.7,2.29,23.71,38.27,100.88,28.8,CAUTION,0,27.32,False,0,0.83,-4.8,0,0,0.553,0.714,0.419,0.413,0.466,0.526,0.607,0.836,0.65,0.563,0.1205,0.0688,0.0992,0.1072,0.185,0.2884,1.014,0.01464,0.04362,0.05825,0,0,0,0,0,0,0,0,0,0,-0.05825,0.0,0.0,"{""max_temperature_c"": 32.52, ""mean_temperature_c"": 29.61, ""humidity_percent"": 70.7, ""wbgt_c"": 28.8, ""heat_index_c"": 38.27, ""heat_duration_hours"": 0, ""consecutive_heat_days"": 0}"
2026-06-01,Karnataka,SYNTHETIC,68000000,11.5,38.5,50.0,0.45,42.0,32.46,22.34,27.4,52.1,2.97,16.72,32.76,90.96,25.91,LOW,0,22.81,False,0,-0.89,-7.0,0,0,0.0,0.0,0.634,0.312,0.694,0.548,0.487,0.689,0.55,0.554,0.0092,0.0091,0.0,0.0,0.3038,0.0183,0.2646,0.04721,0.14719,0.1944,0,0,0,0,0,0,0,0,0,0,-0.1944,0.0,0.0,"{""max_temperature_c"": 32.46, ""mean_temperature_c"": 27.4, ""humidity_percent"": 52.1, ""wbgt_c"": 25.91, ""heat_index_c"": 32.76, ""heat_duration_hours"": 0, ""consecutive_heat_days"": 0}"
2026-06-02,Tamil Nadu,SYNTHETIC,77000000,13.0,40.0,47.0,0.36,55.0,37.04,29.3,33.17,60.1,1.72,24.38,45.12,113.22,31.57,DANGER,9,30.06,False,2,0.54,0.3,9,8,1.0,0.798,0.561,0.51,0.777,0.497,0.541,0.782,0.6,0.506,0.6573,0.5974,0.4171,0.4902,0.6422,1.6718,3.7403,0.18539,0.58231,0.76771,0,0,0,0,0,0,0,0,0,0,-0.76771,0.0,0.0,"{""max_temperature_c"": 37.04, ""mean_temperature_c"": 33.17, ""humidity_percent"": 60.1, ""wbgt_c"": 31.57, ""heat_index_c"": 45.12, ""heat_duration_hours"": 9, ""consecutive_heat_days"": 8}"
2026-06-02,Kerala,SYNTHETIC,35800000,17.0,45.0,38.0,0.28,50.0,32.39,24.42,28.4,67.0,0.83,21.67,35.97,96.75,27.95,LOW,0,24.94,False,0,0.77,-8.8,0,0,0.157,0.459,0.378,0.351,0.458,0.526,0.59,0.836,0.65,0.565,0.0564,0.1205,0.0688,0.0992,0.2109,0.2456,0.8594,0.01336,0.04016,0.05352,0,0,0,0,0,0,0,0,0,0,-0.05352,0.0,0.0,"{""max_temperature_c"": 32.39, ""mean_temperature_c"": 28.4, ""humidity_percent"": 67.0, ""wbgt_c"": 27.95, ""heat_index_c"": 35.97, ""heat_duration_hours"": 0, ""consecutive_heat_days"": 0}"
2026-06-02,Karnataka,SYNTHETIC,68000000,11.5,38.5,50.0,0.45,42.0,33.94,24.26,29.1,50.0,1.73,17.63,34.83,94.7,27.24,LOW,0,24.89,False,0,0.67,-9.5,0,0,0.149,0.0,0.69,0.423,0.706,0.549,0.512,0.689,0.55,0.553,0.0698,0.0092,0.0091,0.0,0.1341,0.088,0.2003,0.04958,0.14869,0.19827,0,1,1,1,0,0,0,0,1,0,0.80173,0.001471,0.0,"{""max_temperature_c"": 33.94, ""mean_temperature_c"": 29.1, ""humidity_percent"": 50.0, ""wbgt_c"": 27.24, ""heat_index_c"": 34.83, ""heat_duration_hours"": 0, ""consecutive_heat_days"": 0}"
2026-06-03,Tamil Nadu,SYNTHETIC,77000000,13.0,40.0,47.0,0.36,55.0,36.75,29.1,32.92,59.2,2.82,23.9,44.05,111.3,31.06,DANGER,7,29.87,False,3,0.29,-0.8,7,9,0.978,0.737,0.571,0.511,0.779,0.492,0.555,0.783,0.6,0.502,0.5501,0.6573,0.5974,0.4171,0.5395,1.8048,3.7509,0.15652,0.46572,0.62224,0,2,2,1,1,0,0,0,0,2,1.37776,0.002597,0.0,"{""max_temperature_c"": 36.75, ""mean_temperature_c"": 32.92, ""humidity_percent"": 59.2, ""wbgt_c"": 31.06, ""heat_index_c"": 44.05, ""heat_duration_hours"": 7, ""consecutive_heat_days"": 9}"
2026-06-03,Kerala,SYNTHETIC,35800000,17.0,45.0,38.0,0.28,50.0,31.86,25.68,28.77,68.6,2.55,22.43,36.02,96.84,27.83,LOW,0,26.28,False,0,0.31,-7.4,0,0,0.381,0.553,0.388,0.402,0.46,0.523,0.645,0.835,0.65,0.563,0.0457,0.0564,0.1205,0.0688,0.2576,0.2225,0.6476,0.01284,0.03893,0.05177,0,0,0,0,0,0,0,0,0,0,-0.05177,0.0,0.0,"{""max_temperature_c"": 31.86, ""mean_temperature_c"": 28.77, ""humidity_percent"": 68.6, ""wbgt_c"": 27.83, ""heat_index_c"": 36.02, ""heat_duration_hours"": 0, ""consecutive_heat_days"": 0}"
2026-06-03,Karnataka,SYNTHETIC,68000000,11.5,38.5,50.0,0.45,42.0,33.67,22.47,28.07,48.3,2.25,16.14,33.78,92.8,26.44,LOW,0,23.0,False,0,0.48,-11.6,0,0,0.0,0.0,0.649,0.348,0.697,0.556,0.486,0.688,0.55,0.552,0.0443,0.0698,0.0092,0.0091,0.0332,0.1232,0.2115,0.04825,0.1472,0.19545,0,0,0,0,0,0,0,0,0,0,-0.19545,0.0,0.0,"{""max_temperature_c"": 33.67, ""mean_temperature_c"": 28.07, ""humidity_percent"": 48.3, ""wbgt_c"": 26.44, ""heat_index_c"": 33.78, ""heat_duration_hours"": 0, ""consecutive_heat_days"": 0}"
2026-06-04,Tamil Nadu,SYNTHETIC,77000000,13.0,40.0,47.0,0.36,55.0,38.51,29.9,34.2,59.7,4.84,25.25,48.4,119.13,32.39,EXTREME,11,30.68,True,4,2.08,-0.3,12,10,1.0,0.906,0.552,0.524,0.775,0.492,0.705,0.784,0.6,0.499,1.0013,0.5501,0.6573,0.5974,0.4803,2.2087,4.2719,0.27559,0.9527,1.22829,0,0,0,0,0,0,0,0,0,0,-1.22829,0.0,0.0,"{""max_temperature_c"": 38.51, ""mean_temperature_c"": 34.2, ""humidity_percent"": 59.7, ""wbgt_c"": 32.39, ""heat_index_c"": 48.4, ""heat_duration_hours"": 12, ""consecutive_heat_days"": 10}"
2026-06-04,Kerala,SYNTHETIC,35800000,17.0,45.0,38.0,0.28,50.0,31.97,26.24,29.1,71.1,3.79,23.33,37.11,98.8,28.19,CAUTION,0,26.83,False,0,0.49,-5.2,0,0,0.472,0.667,0.441,0.394,0.471,0.52,0.637,0.837,0.65,0.562,0.0641,0.0457,0.0564,0.1205,0.1499,0.1662,0.5618,0.01332,0.03931,0.05263,0,0,0,0,0,0,0,0,0,0,-0.05263,0.0,0.0,"{""max_temperature_c"": 31.97, ""mean_temperature_c"": 29.1, ""humidity_percent"": 71.1, ""wbgt_c"": 28.19, ""heat_index_c"": 37.11, ""heat_duration_hours"": 0, ""consecutive_heat_days"": 0}"
2026-06-04,Karnataka,SYNTHETIC,68000000,11.5,38.5,50.0,0.45,42.0,33.71,22.23,27.97,48.5,4.2,16.11,33.81,92.86,26.36,LOW,0,22.78,False,0,0.62,-11.9,0,0,0.0,0.0,0.675,0.37,0.703,0.554,0.524,0.689,0.55,0.549,0.0433,0.0443,0.0698,0.0092,0.0791,0.1573,0.1756,0.04812,0.14554,0.19366,0,0,0,0,0,0,0,0,0,0,-0.19366,0.0,0.0,"{""max_temperature_c"": 33.71, ""mean_temperature_c"": 27.97, ""humidity_percent"": 48.5, ""wbgt_c"": 26.36, ""heat_index_c"": 33.81, ""heat_duration_hours"": 0, ""consecutive_heat_days"": 0}"
2026-06-05,Tamil Nadu,SYNTHETIC,77000000,13.0,40.0,47.0,0.36,55.0,37.99,27.46,32.73,51.4,3.57,21.4,42.7,108.86,30.64,DANGER,9,28.27,False,5,1.6,-8.7,5,11,0.712,0.425,0.508,0.542,0.767,0.489,0.706,0.785,0.6,0.502,0.5523,1.0013,0.5501,0.6573,0.5585,2.1038,4.2658,0.12636,0.35501,0.48138,1,0,1,1,0,1,0,0,0,1,0.51862,0.001299,0.001299,"{""max_temperature_c"": 37.99, ""mean_temperature_c"": 32.73, ""humidity_percent"": 51.4, ""wbgt_c"": 30.64, ""heat_index_c"": 42.7, ""heat_duration_hours"": 5, ""consecutive_heat_days"": 11}"
2026-06-05,Kerala,SYNTHETIC,35800000,17.0,45.0,38.0,0.28,50.0,31.08,25.48,28.28,70.7,2.12,22.46,35.07,95.12,27.47,LOW,0,26.08,False,0,-0.32,-5.9,0,0,0.347,0.557,0.398,0.399,0.462,0.522,0.629,0.836,0.65,0.557,0.0367,0.0641,0.0457,0.0564,0.1072,0.1466,0.4913,0.01245,0.03746,0.04992,0,0,0,0,0,0,0,0,0,0,-0.04992,0.0,0.0,"{""max_temperature_c"": 31.08, ""mean_temperature_c"": 28.28, ""humidity_percent"": 70.7, ""wbgt_c"": 27.47, ""heat_index_c"": 35.07, ""heat_duration_hours"": 0, ""consecutive_heat_days"": 0}"
2026-06-05,Karnataka,SYNTHETIC,68000000,11.5,38.5,50.0,0.45,42.0,32.31,20.86,26.59,43.9,1.52,13.31,31.37,88.47,24.72,LOW,0,21.37,False,0,-0.69,-16.9,0,0,0.0,0.0,0.646,0.336,0.697,0.556,0.482,0.689,0.55,0.55,0.0062,0.0433,0.0443,0.0698,0.0,0.0937,0.1818,0.04668,0.14379,0.19047,0,0,0,0,0,0,0,0,0,0,-0.19047,0.0,0.0,"{""max_temperature_c"": 32.31, ""mean_temperature_c"": 26.59, ""humidity_percent"": 43.9, ""wbgt_c"": 24.72, ""heat_index_c"": 31.37, ""heat_duration_hours"": 0, ""consecutive_heat_days"": 0}"
2026-06-06,Tamil Nadu,SYNTHETIC,77000000,13.0,40.0,47.0,0.36,55.0,36.39,28.49,32.44,57.1,3.99,22.86,42.27,108.09,30.4,DANGER,7,29.2,False,0,0.04,-3.2,4,12,0.867,0.608,0.41,0.473,0.747,0.486,0.711,0.784,0.6,0.502,0.4134,0.5523,1.0013,0.5501,0.4902,1.9671,4.189,0.10074,0.30907,0.40981,0,0,0,0,0,0,0,0,0,0,-0.40981,0.0,0.0,"{""max_temperature_c"": 36.39, ""mean_temperature_c"": 32.44, ""humidity_percent"": 57.1, ""wbgt_c"": 30.4, ""heat_index_c"": 42.27, ""heat_duration_hours"": 4, ""consecutive_heat_days"": 12}"
2026-06-06,Kerala,SYNTHETIC,35800000,17.0,45.0,38.0,0.28,50.0,31.13,25.46,28.3,72.9,1.11,22.98,35.64,96.15,27.87,LOW,0,26.1,False,0,-0.19,-4.0,0,0,0.351,0.622,0.381,0.428,0.459,0.523,0.607,0.835,0.65,0.562,0.0467,0.0367,0.0641,0.0457,0.0992,0.1476,0.4389,0.01224,0.03714,0.04937,0,0,0,0,0,0,0,0,0,0,-0.04937,0.0,0.0,"{""max_temperature_c"": 31.13, ""mean_temperature_c"": 28.3, ""humidity_percent"": 72.9, ""wbgt_c"": 27.87, ""heat_index_c"": 35.64, ""heat_duration_hours"": 0, ""consecutive_heat_days"": 0}"
2026-06-06,Karnataka,SYNTHETIC,68000000,11.5,38.5,50.0,0.45,42.0,33.29,21.95,27.62,51.6,1.25,16.77,33.67,92.61,26.4,LOW,0,22.52,False,0,0.38,-9.7,0,0,0.0,0.0,0.605,0.379,0.689,0.562,0.525,0.69,0.55,0.547,0.036,0.0062,0.0433,0.0443,0.0,0.0854,0.2178,0.04438,0.13997,0.18435,0,0,0,0,0,0,0,0,0,0,-0.18435,0.0,0.0,"{""max_temperature_c"": 33.29, ""mean_temperature_c"": 27.62, ""humidity_percent"": 51.6, ""wbgt_c"": 26.4, ""heat_index_c"": 33.67, ""heat_duration_hours"": 0, ""consecutive_heat_days"": 0}"
2026-06-07,Tamil Nadu,SYNTHETIC,77000000,13.0,40.0,47.0,0.36,55.0,35.6,26.5,31.05,60.2,0.94,22.43,40.76,105.36,30.1,DANGER,3,27.22,False,0,-0.72,-0.2,2,13,0.537,0.554,0.365,0.484,0.738,0.485,0.56,0.784,0.6,0.504,0.3142,0.4134,0.5523,1.0013,0.4171,1.28,4.0861,0.08005,0.24019,0.32024,0,0,0,0,0,0,0,0,0,0,-0.32024,0.0,0.0,"{""max_temperature_c"": 35.6, ""mean_temperature_c"": 31.05, ""humidity_percent"": 60.2, ""wbgt_c"": 30.1, ""heat_index_c"": 40.76, ""heat_duration_hours"": 2, ""consecutive_heat_days"": 13}"
2026-06-07,Kerala,SYNTHETIC,35800000,17.0,45.0,38.0,0.28,50.0,31.07,26.79,28.93,74.5,1.0,23.93,36.55,97.79,28.21,CAUTION,0,27.47,False,0,-0.19,-2.8,0,0,0.578,0.741,0.268,0.454,0.436,0.529,0.577,0.836,0.65,0.564,0.0656,0.0467,0.0367,0.0641,0.0688,0.1491,0.4357,0.01141,0.03669,0.04811,0,0,0,0,0,0,0,0,0,0,-0.04811,0.0,0.0,"{""max_temperature_c"": 31.07, ""mean_temperature_c"": 28.93, ""humidity_percent"": 74.5, ""wbgt_c"": 28.21, ""heat_index_c"": 36.55, ""heat_duration_hours"": 0, ""consecutive_heat_days"": 0}"
2026-06-07,Karnataka,SYNTHETIC,68000000,11.5,38.5,50.0,0.45,42.0,30.54,20.42,25.48,55.9,2.78,16.05,30.56,87.0,24.47,LOW,0,21.01,False,0,-2.27,-5.9,0,0,0.0,0.0,0.486,0.39,0.665,0.56,0.491,0.689,0.55,0.545,0.0,0.036,0.0062,0.0433,0.0091,0.0422,0.2087,0.03989,0.13387,0.17376,0,0,0,0,0,0,0,0,0,0,-0.17376,0.0,0.0,"{""max_temperature_c"": 30.54, ""mean_temperature_c"": 25.48, ""humidity_percent"": 55.9, ""wbgt_c"": 24.47, ""heat_index_c"": 30.56, ""heat_duration_hours"": 0, ""consecutive_heat_days"": 0}"
2026-06-08,Tamil Nadu,SYNTHETIC,77000000,13.0,40.0,47.0,0.36,55.0,35.43,29.0,32.21,68.4,3.87,25.66,44.93,112.88,31.09,DANGER,3,29.7,False,0,-0.85,7.9,7,14,0.95,0.957,0.514,0.467,0.768,0.484,0.542,0.785,0.6,0.503,0.477,0.3142,0.4134,0.5523,0.5974,1.2046,3.9657,0.12904,0.40903,0.53807,0,1,1,0,1,0,0,0,1,0,0.46193,0.001299,0.0,"{""max_temperature_c"": 35.43, ""mean_temperature_c"": 32.21, ""humidity_percent"": 68.4, ""wbgt_c"": 31.09, ""heat_index_c"": 44.93, ""heat_duration_hours"": 7, ""consecutive_heat_days"": 14}"
2026-06-08,Kerala,SYNTHETIC,35800000,17.0,45.0,38.0,0.28,50.0,29.88,26.11,27.99,68.8,3.64,21.74,32.94,91.29,26.46,LOW,0,26.72,False,0,-1.3,-8.7,0,0,0.453,0.467,0.374,0.405,0.457,0.519,0.604,0.836,0.65,0.562,0.0115,0.0656,0.0467,0.0367,0.1205,0.1238,0.3267,0.01156,0.03513,0.04669,0,0,0,0,0,0,0,0,0,0,-0.04669,0.0,0.0,"{""max_temperature_c"": 29.88, ""mean_temperature_c"": 27.99, ""humidity_percent"": 68.8, ""wbgt_c"": 26.46, ""heat_index_c"": 32.94, ""heat_duration_hours"": 0, ""consecutive_heat_days"": 0}"
2026-06-08,Karnataka,SYNTHETIC,68000000,11.5,38.5,50.0,0.45,42.0,30.64,20.69,25.67,52.8,2.78,15.33,30.4,86.72,24.55,LOW,0,21.17,False,0,-2.08,-9.4,0,0,0.0,0.0,0.628,0.323,0.693,0.558,0.509,0.688,0.55,0.542,0.0,0.0,0.036,0.0062,0.0092,0.036,0.1995,0.04354,0.13659,0.18013,0,0,0,0,0,0,0,0,0,0,-0.18013,0.0,0.0,"{""max_temperature_c"": 30.64, ""mean_temperature_c"": 25.67, ""humidity_percent"": 52.8, ""wbgt_c"": 24.55, ""heat_index_c"": 30.4, ""heat_duration_hours"": 0, ""consecutive_heat_days"": 0}"
2026-06-09,Tamil Nadu,SYNTHETIC,77000000,13.0,40.0,47.0,0.36,55.0,34.65,26.05,30.35,70.0,3.34,24.27,41.8,107.25,30.09,DANGER,0,26.78,False,0,-1.59,9.3,2,15,0.464,0.784,0.487,0.484,0.762,0.484,0.562,0.785,0.6,0.501,0.2681,0.477,0.3142,0.4134,0.6573,1.0593,3.5765,0.08138,0.23311,0.31449,0,0,0,0,0,0,0,0,0,0,-0.31449,0.0,0.0,"{""max_temperature_c"": 34.65, ""mean_temperature_c"": 30.35, ""humidity_percent"": 70.0, ""wbgt_c"": 30.09, ""heat_index_c"": 41.8, ""heat_duration_hours"": 2, ""consecutive_heat_days"": 15}"
2026-06-09,Kerala,SYNTHETIC,35800000,17.0,45.0,38.0,0.28,50.0,30.61,25.25,27.93,70.6,3.83,22.1,34.16,93.49,26.97,LOW,0,25.87,False,0,-0.48,-7.2,0,0,0.312,0.513,0.425,0.416,0.467,0.515,0.566,0.838,0.65,0.567,0.0243,0.0115,0.0656,0.0467,0.0564,0.1013,0.2946,0.01191,0.03518,0.04709,0,0,0,0,0,0,0,0,0,0,-0.04709,0.0,0.0,"{""max_temperature_c"": 30.61, ""mean_temperature_c"": 27.93, ""humidity_percent"": 70.6, ""wbgt_c"": 26.97, ""heat_index_c"": 34.16, ""heat_duration_hours"": 0, ""consecutive_heat_days"": 0}"
2026-06-09,Karnataka,SYNTHETIC,68000000,11.5,38.5,50.0,0.45,42.0,30.33,21.15,25.74,58.9,3.21,17.11,30.77,87.38,24.8,LOW,0,21.63,False,0,-2.3,-3.8,0,0,0.0,0.0,0.666,0.319,0.701,0.558,0.521,0.689,0.55,0.539,0.0,0.0,0.0,0.036,0.0698,0.0,0.1297,0.04413,0.13618,0.18031,0,0,0,0,0,0,0,0,0,0,-0.18031,0.0,0.0,"{""max_temperature_c"": 30.33, ""mean_temperature_c"": 25.74, ""humidity_percent"": 58.9, ""wbgt_c"": 24.8, ""heat_index_c"": 30.77, ""heat_duration_hours"": 0, ""consecutive_heat_days"": 0}"
2026-06-10,Tamil Nadu,SYNTHETIC,77000000,13.0,40.0,47.0,0.36,55.0,35.5,28.66,32.08,66.5,1.38,25.06,44.08,111.35,31.1,DANGER,5,29.32,False,0,-0.7,5.7,7,16,0.887,0.882,0.556,0.439,0.776,0.479,0.596,0.784,0.6,0.5,0.482,0.2681,0.477,0.3142,0.5501,1.2271,3.5084,0.12398,0.3834,0.50738,0,0,0,0,0,0,0,0,0,0,-0.50738,0.0,0.0,"{""max_temperature_c"": 35.5, ""mean_temperature_c"": 32.08, ""humidity_percent"": 66.5, ""wbgt_c"": 31.1, ""heat_index_c"": 44.08, ""heat_duration_hours"": 7, ""consecutive_heat_days"": 16}"
2026-06-10,Kerala,SYNTHETIC,35800000,17.0,45.0,38.0,0.28,50.0,30.3,25.74,28.02,79.3,1.63,24.09,35.64,96.16,27.6,LOW,0,26.37,False,0,-0.72,1.1,0,0,0.395,0.761,0.379,0.421,0.458,0.518,0.59,0.838,0.65,0.562,0.0399,0.0243,0.0115,0.0656,0.0457,0.0756,0.2888,0.01141,0.03462,0.04603,0,0,0,0,0,0,0,0,0,0,-0.04603,0.0,0.0,"{""max_temperature_c"": 30.3, ""mean_temperature_c"": 28.02, ""humidity_percent"": 79.3, ""wbgt_c"": 27.6, ""heat_index_c"": 35.64, ""heat_duration_hours"": 0, ""consecutive_heat_days"": 0}"
2026-06-10,Karnataka,SYNTHETIC,68000000,11.5,38.5,50.0,0.45,42.0,31.62,21.66,26.64,61.2,3.75,18.56,32.81,91.06,26.0,LOW,0,22.19,False,0,-0.91,-2.0,0,0,0.0,0.07,0.614,0.355,0.69,0.558,0.514,0.689,0.55,0.538,0.0,0.0,0.0,0.0,0.0443,0.0,0.0854,0.04186,0.13247,0.17434,0,0,0,0,0,0,0,0,0,0,-0.17434,0.0,0.0,"{""max_temperature_c"": 31.62, ""mean_temperature_c"": 26.64, ""humidity_percent"": 61.2, ""wbgt_c"": 26.0, ""heat_index_c"": 32.81, ""heat_duration_hours"": 0, ""consecutive_heat_days"": 0}"
2026-06-11,Tamil Nadu,SYNTHETIC,77000000,13.0,40.0,47.0,0.36,55.0,35.12,27.91,31.51,69.1,3.95,25.15,43.71,110.68,30.71,DANGER,1,28.71,False,0,-1.04,8.1,6,17,0.785,0.894,0.54,0.537,0.773,0.48,0.565,0.784,0.6,0.5,0.3919,0.482,0.2681,0.477,1.0013,1.1419,2.8989,0.11246,0.33839,0.45085,0,0,0,0,0,0,0,0,0,0,-0.45085,0.0,0.0,"{""max_temperature_c"": 35.12, ""mean_temperature_c"": 31.51, ""humidity_percent"": 69.1, ""wbgt_c"": 30.71, ""heat_index_c"": 43.71, ""heat_duration_hours"": 6, ""consecutive_heat_days"": 17}"
2026-06-11,Kerala,SYNTHETIC,35800000,17.0,45.0,38.0,0.28,50.0,29.35,24.77,27.06,76.2,4.68,22.5,32.84,91.11,26.37,LOW,0,25.44,False,0,-1.59,-2.3,0,0,0.24,0.563,0.411,0.443,0.465,0.521,0.569,0.837,0.65,0.563,0.0093,0.0399,0.0243,0.0115,0.0641,0.0735,0.234,0.0114,0.034,0.0454,0,0,0,0,0,0,0,0,0,0,-0.0454,0.0,0.0,"{""max_temperature_c"": 29.35, ""mean_temperature_c"": 27.06, ""humidity_percent"": 76.2, ""wbgt_c"": 26.37, ""heat_index_c"": 32.84, ""heat_duration_hours"": 0, ""consecutive_heat_days"": 0}"
2026-06-11,Karnataka,SYNTHETIC,68000000,11.5,38.5,50.0,0.45,42.0,31.06,22.42,26.74,67.6,2.87,20.24,33.26,91.86,26.4,LOW,0,22.93,False,0,-1.37,3.8,0,0,0.0,0.28,0.634,0.34,0.694,0.561,0.536,0.689,0.55,0.547,0.0101,0.0,0.0,0.0,0.0433,0.0101,0.0523,0.04192,0.1315,0.17342,0,0,0,0,0,0,0,0,0,0,-0.17342,0.0,0.0,"{""max_temperature_c"": 31.06, ""mean_temperature_c"": 26.74, ""humidity_percent"": 67.6, ""wbgt_c"": 26.4, ""heat_index_c"": 33.26, ""heat_duration_hours"": 0, ""consecutive_heat_days"": 0}"
2026-06-12,Tamil Nadu,SYNTHETIC,77000000,13.0,40.0,47.0,0.36,55.0,37.06,27.88,32.47,64.1,4.01,24.8,45.76,114.37,31.46,DANGER,7,28.61,False,1,0.94,2.9,8,18,0.768,0.849,0.48,0.485,0.761,0.483,0.548,0.785,0.6,0.492,0.639,0.3919,0.482,0.2681,0.5523,1.5128,2.9855,0.13977,0.4458,0.58556,0,0,0,0,0,0,0,0,0,0,-0.58556,0.0,0.0,"{""max_temperature_c"": 37.06, ""mean_temperature_c"": 32.47, ""humidity_percent"": 64.1, ""wbgt_c"": 31.46, ""heat_index_c"": 45.76, ""heat_duration_hours"": 8, ""consecutive_heat_days"": 18}"
2026-06-12,Kerala,SYNTHETIC,35800000,17.0,45.0,38.0,0.28,50.0,31.06,26.19,28.62,76.1,1.18,24.0,36.62,97.92,28.24,CAUTION,0,26.78,False,0,0.2,-2.7,0,0,0.463,0.75,0.414,0.393,0.465,0.52,0.622,0.834,0.65,0.566,0.0683,0.0093,0.0399,0.0243,0.0367,0.1175,0.2655,0.01147,0.03438,0.04585,0,0,0,0,0,0,0,0,0,0,-0.04585,0.0,0.0,"{""max_temperature_c"": 31.06, ""mean_temperature_c"": 28.62, ""humidity_percent"": 76.1, ""wbgt_c"": 28.24, ""heat_index_c"": 36.62, ""heat_duration_hours"": 0, ""consecutive_heat_days"": 0}"
2026-06-12,Karnataka,SYNTHETIC,68000000,11.5,38.5,50.0,0.45,42.0,31.62,24.19,27.91,72.0,3.65,22.39,35.69,96.24,27.52,LOW,0,24.71,False,0,-0.71,7.8,0,0,0.118,0.549,0.633,0.343,0.694,0.56,0.507,0.689,0.55,0.546,0.038,0.0101,0.0,0.0,0.0062,0.0481,0.0841,0.0425,0.13249,0.17499,0,0,0,0,0,0,0,0,0,0,-0.17499,0.0,0.0,"{""max_temperature_c"": 31.62, ""mean_temperature_c"": 27.91, ""humidity_percent"": 72.0, ""wbgt_c"": 27.52, ""heat_index_c"": 35.69, ""heat_duration_hours"": 0, ""consecutive_heat_days"": 0}"
2026-06-13,Tamil Nadu,SYNTHETIC,77000000,13.0,40.0,47.0,0.36,55.0,36.05,29.03,32.54,66.3,1.97,25.44,45.41,113.74,31.48,DANGER,7,29.79,False,0,-0.03,5.0,9,19,0.966,0.929,0.467,0.507,0.758,0.477,0.513,0.786,0.6,0.498,0.5822,0.639,0.3919,0.482,0.4134,1.6131,3.1544,0.1504,0.48773,0.63813,0,1,1,0,1,0,0,0,1,0,0.36187,0.001299,0.0,"{""max_temperature_c"": 36.05, ""mean_temperature_c"": 32.54, ""humidity_percent"": 66.3, ""wbgt_c"": 31.48, ""heat_index_c"": 45.41, ""heat_duration_hours"": 9, ""consecutive_heat_days"": 19}"
2026-06-13,Kerala,SYNTHETIC,35800000,17.0,45.0,38.0,0.28,50.0,30.46,26.3,28.38,77.9,1.0,24.15,35.94,96.68,27.8,LOW,0,26.95,False,0,-0.32,-1.2,0,0,0.492,0.769,0.347,0.432,0.452,0.516,0.61,0.833,0.65,0.564,0.0451,0.0683,0.0093,0.0399,0.0467,0.1227,0.2639,0.01064,0.0328,0.04344,0,0,0,0,0,0,0,0,0,0,-0.04344,0.0,0.0,"{""max_temperature_c"": 30.46, ""mean_temperature_c"": 28.38, ""humidity_percent"": 77.9, ""wbgt_c"": 27.8, ""heat_index_c"": 35.94, ""heat_duration_hours"": 0, ""consecutive_heat_days"": 0}"
2026-06-13,Karnataka,SYNTHETIC,68000000,11.5,38.5,50.0,0.45,42.0,33.56,23.07,28.32,69.9,6.28,22.29,38.03,100.46,28.41,CAUTION,0,23.56,False,0,1.33,5.2,0,0,0.0,0.537,0.586,0.328,0.685,0.56,0.49,0.69,0.55,0.548,0.1121,0.038,0.0101,0.0,0.036,0.1602,0.1602,0.04245,0.13351,0.17596,0,0,0,0,0,0,0,0,0,0,-0.17596,0.0,0.0,"{""max_temperature_c"": 33.56, ""mean_temperature_c"": 28.32, ""humidity_percent"": 69.9, ""wbgt_c"": 28.41, ""heat_index_c"": 38.03, ""heat_duration_hours"": 0, ""consecutive_heat_days"": 0}"
2026-06-14,Tamil Nadu,SYNTHETIC,77000000,13.0,40.0,47.0,0.36,55.0,35.83,28.15,31.99,69.5,1.32,25.71,45.56,114.01,31.52,DANGER,5,28.89,False,0,-0.2,8.1,9,20,0.815,0.964,0.37,0.494,0.739,0.478,0.546,0.785,0.6,0.499,0.5755,0.5822,0.639,0.3919,0.3142,1.7967,3.4157,0.13502,0.45312,0.58814,0,0,0,0,0,0,0,0,0,0,-0.58814,0.0,0.0,"{""max_temperature_c"": 35.83, ""mean_temperature_c"": 31.99, ""humidity_percent"": 69.5, ""wbgt_c"": 31.52, ""heat_index_c"": 45.56, ""heat_duration_hours"": 9, ""consecutive_heat_days"": 20}"
2026-06-14,Kerala,SYNTHETIC,35800000,17.0,45.0,38.0,0.28,50.0,30.47,26.11,28.29,77.5,3.74,23.98,35.77,96.39,27.64,LOW,0,26.74,False,0,-0.22,-1.9,0,0,0.457,0.748,0.296,0.423,0.442,0.515,0.628,0.834,0.65,0.562,0.0409,0.0451,0.0683,0.0093,0.0656,0.1543,0.2393,0.00996,0.03156,0.04152,0,0,0,0,0,0,0,0,0,0,-0.04152,0.0,0.0,"{""max_temperature_c"": 30.47, ""mean_temperature_c"": 28.29, ""humidity_percent"": 77.5, ""wbgt_c"": 27.64, ""heat_index_c"": 35.77, ""heat_duration_hours"": 0, ""consecutive_heat_days"": 0}"
2026-06-14,Karnataka,SYNTHETIC,68000000,11.5,38.5,50.0,0.45,42.0,35.19,26.19,30.69,66.7,2.25,23.78,41.85,107.33,30.05,DANGER,3,26.79,False,0,3.06,1.4,2,1,0.466,0.722,0.466,0.401,0.661,0.559,0.503,0.692,0.55,0.546,0.2805,0.1121,0.038,0.0101,0.0,0.4306,0.4407,0.04805,0.16452,0.21257,0,0,0,0,0,0,0,0,0,0,-0.21257,0.0,0.0,"{""max_temperature_c"": 35.19, ""mean_temperature_c"": 30.69, ""humidity_percent"": 66.7, ""wbgt_c"": 30.05, ""heat_index_c"": 41.85, ""heat_duration_hours"": 2, ""consecutive_heat_days"": 1}"
2026-06-15,Tamil Nadu,SYNTHETIC,77000000,13.0,40.0,47.0,0.36,55.0,35.65,29.87,32.76,74.5,2.35,27.62,48.88,119.98,32.33,EXTREME,5,30.6,False,0,-0.34,12.9,14,21,1.0,1.0,0.542,0.485,0.773,0.475,0.551,0.784,0.6,0.5,0.7647,0.5755,0.5822,0.639,0.477,1.9224,3.7033,0.23278,0.79395,1.02672,0,0,0,0,0,0,0,0,0,0,-1.02672,0.0,0.0,"{""max_temperature_c"": 35.65, ""mean_temperature_c"": 32.76, ""humidity_percent"": 74.5, ""wbgt_c"": 32.33, ""heat_index_c"": 48.88, ""heat_duration_hours"": 14, ""consecutive_heat_days"": 21}"
2026-06-15,Kerala,SYNTHETIC,35800000,17.0,45.0,38.0,0.28,50.0,30.52,25.75,28.14,75.9,2.62,23.48,35.32,95.57,27.55,LOW,0,26.37,False,0,-0.09,-3.9,0,0,0.394,0.685,0.406,0.409,0.464,0.521,0.604,0.833,0.65,0.565,0.0388,0.0409,0.0451,0.0683,0.0115,0.1249,0.2667,0.01083,0.03241,0.04324,0,0,0,0,0,0,0,0,0,0,-0.04324,0.0,0.0,"{""max_temperature_c"": 30.52, ""mean_temperature_c"": 28.14, ""humidity_percent"": 75.9, ""wbgt_c"": 27.55, ""heat_index_c"": 35.32, ""heat_duration_hours"": 0, ""consecutive_heat_days"": 0}"
2026-06-15,Karnataka,SYNTHETIC,68000000,11.5,38.5,50.0,0.45,42.0,34.12,24.28,29.2,70.7,6.61,23.33,39.9,103.81,29.04,CAUTION,0,24.8,False,0,2.09,5.0,0,0,0.134,0.666,0.601,0.352,0.688,0.56,0.529,0.694,0.55,0.547,0.1704,0.2805,0.1121,0.038,0.0,0.563,0.6111,0.046,0.14084,0.18684,0,1,1,0,1,0,0,0,0,1,0.81316,0.001471,0.0,"{""max_temperature_c"": 34.12, ""mean_temperature_c"": 29.2, ""humidity_percent"": 70.7, ""wbgt_c"": 29.04, ""heat_index_c"": 39.9, ""heat_duration_hours"": 0, ""consecutive_heat_days"": 0}"
2026-06-16,Tamil Nadu,SYNTHETIC,77000000,13.0,40.0,47.0,0.36,55.0,34.72,27.27,31.0,64.9,2.11,23.62,41.04,105.88,29.91,CAUTION,0,27.95,False,0,-1.22,3.2,0,0,0.659,0.703,0.516,0.455,0.768,0.472,0.558,0.785,0.6,0.498,0.2476,0.7647,0.5755,0.5822,0.2681,1.5878,3.6828,0.07783,0.20828,0.2861,0,1,1,1,0,0,0,0,0,1,0.7139,0.001299,0.0,"{""max_temperature_c"": 34.72, ""mean_temperature_c"": 31.0, ""humidity_percent"": 64.9, ""wbgt_c"": 29.91, ""heat_index_c"": 41.04, ""heat_duration_hours"": 0, ""consecutive_heat_days"": 0}"
2026-06-16,Kerala,SYNTHETIC,35800000,17.0,45.0,38.0,0.28,50.0,30.93,25.49,28.21,73.7,1.32,23.06,35.46,95.82,27.58,LOW,0,26.1,False,0,0.41,-6.4,0,0,0.349,0.633,0.432,0.402,0.469,0.525,0.623,0.834,0.65,0.563,0.0395,0.0388,0.0409,0.0451,0.0243,0.1193,0.2819,0.01085,0.03214,0.04298,0,0,0,0,0,0,0,0,0,0,-0.04298,0.0,0.0,"{""max_temperature_c"": 30.93, ""mean_temperature_c"": 28.21, ""humidity_percent"": 73.7, ""wbgt_c"": 27.58, ""heat_index_c"": 35.46, ""heat_duration_hours"": 0, ""consecutive_heat_days"": 0}"
2026-06-16,Karnataka,SYNTHETIC,68000000,11.5,38.5,50.0,0.45,42.0,33.03,24.89,28.96,77.1,3.14,24.53,39.99,103.99,29.25,CAUTION,0,25.37,False,0,1.1,10.8,0,0,0.228,0.817,0.596,0.321,0.687,0.564,0.46,0.695,0.55,0.546,0.164,0.1704,0.2805,0.1121,0.0,0.6149,0.7751,0.04704,0.14522,0.19225,0,1,1,0,1,0,0,0,0,1,0.80775,0.001471,0.0,"{""max_temperature_c"": 33.03, ""mean_temperature_c"": 28.96, ""humidity_percent"": 77.1, ""wbgt_c"": 29.25, ""heat_index_c"": 39.99, ""heat_duration_hours"": 0, ""consecutive_heat_days"": 0}"
2026-06-17,Tamil Nadu,SYNTHETIC,77000000,13.0,40.0,47.0,0.36,55.0,36.09,28.76,32.43,59.2,5.88,23.46,42.61,108.7,30.29,DANGER,7,29.5,False,0,0.19,-2.6,4,1,0.916,0.682,0.512,0.489,0.767,0.468,0.578,0.782,0.6,0.497,0.3752,0.2476,0.7647,0.5755,0.482,1.3874,3.576,0.0927,0.27506,0.36775,0,0,0,0,0,0,0,0,0,0,-0.36775,0.0,0.0,"{""max_temperature_c"": 36.09, ""mean_temperature_c"": 32.43, ""humidity_percent"": 59.2, ""wbgt_c"": 30.29, ""heat_index_c"": 42.61, ""heat_duration_hours"": 4, ""consecutive_heat_days"": 1}"
2026-06-17,Kerala,SYNTHETIC,35800000,17.0,45.0,38.0,0.28,50.0,30.34,25.76,28.05,77.4,2.36,23.72,35.31,95.56,27.52,LOW,0,26.37,False,0,-0.11,-3.0,0,0,0.394,0.716,0.443,0.406,0.471,0.523,0.552,0.834,0.65,0.561,0.0379,0.0395,0.0388,0.0409,0.0399,0.1162,0.2799,0.01104,0.03232,0.04336,0,0,0,0,0,0,0,0,0,0,-0.04336,0.0,0.0,"{""max_temperature_c"": 30.34, ""mean_temperature_c"": 28.05, ""humidity_percent"": 77.4, ""wbgt_c"": 27.52, ""heat_index_c"": 35.31, ""heat_duration_hours"": 0, ""consecutive_heat_days"": 0}"
2026-06-17,Karnataka,SYNTHETIC,68000000,11.5,38.5,50.0,0.45,42.0,33.57,25.0,29.29,72.4,3.87,23.81,39.77,103.59,29.14,CAUTION,0,25.49,False,0,1.75,5.6,0,0,0.248,0.726,0.572,0.328,0.682,0.567,0.526,0.696,0.55,0.543,0.1671,0.164,0.1704,0.2805,0.0,0.5015,0.9422,0.04452,0.14025,0.18477,0,0,0,0,0,0,0,0,0,0,-0.18477,0.0,0.0,"{""max_temperature_c"": 33.57, ""mean_temperature_c"": 29.29, ""humidity_percent"": 72.4, ""wbgt_c"": 29.14, ""heat_index_c"": 39.77, ""heat_duration_hours"": 0, ""consecutive_heat_days"": 0}"
2026-06-18,Tamil Nadu,SYNTHETIC,77000000,13.0,40.0,47.0,0.36,55.0,34.95,26.87,30.91,57.2,2.04,21.45,38.91,102.03,29.05,CAUTION,0,27.62,False,0,-0.9,-4.9,0,0,0.603,0.431,0.46,0.5,0.757,0.466,0.546,0.781,0.6,0.499,0.1877,0.3752,0.2476,0.7647,0.3919,0.8104,3.3718,0.06162,0.17414,0.23576,1,0,1,1,0,1,0,0,1,0,0.76424,0.001299,0.001299,"{""max_temperature_c"": 34.95, ""mean_temperature_c"": 30.91, ""humidity_percent"": 57.2, ""wbgt_c"": 29.05, ""heat_index_c"": 38.91, ""heat_duration_hours"": 0, ""consecutive_heat_days"": 0}"
2026-06-18,Kerala,SYNTHETIC,35800000,17.0,45.0,38.0,0.28,50.0,31.22,26.98,29.1,78.9,6.88,25.07,38.16,100.7,28.31,CAUTION,0,27.61,False,0,0.86,-1.8,0,0,0.601,0.884,0.375,0.416,0.457,0.521,0.6,0.834,0.65,0.563,0.0731,0.0379,0.0395,0.0388,0.0093,0.1505,0.3436,0.01041,0.03177,0.04217,0,1,1,1,0,0,0,0,1,0,0.95783,0.002793,0.0,"{""max_temperature_c"": 31.22, ""mean_temperature_c"": 29.1, ""humidity_percent"": 78.9, ""wbgt_c"": 28.31, ""heat_index_c"": 38.16, ""heat_duration_hours"": 0, ""consecutive_heat_days"": 0}"
2026-06-18,Karnataka,SYNTHETIC,68000000,11.5,38.5,50.0,0.45,42.0,32.05,23.96,28.0,68.5,2.38,21.67,35.55,96.0,27.48,LOW,0,24.48,False,0,0.33,1.3,0,0,0.079,0.459,0.562,0.345,0.68,0.564,0.491,0.699,0.55,0.541,0.0379,0.1671,0.164,0.1704,0.0101,0.3691,0.97,0.03996,0.1266,0.16655,0,0,0,0,0,0,0,0,0,0,-0.16655,0.0,0.0,"{""max_temperature_c"": 32.05, ""mean_temperature_c"": 28.0, ""humidity_percent"": 68.5, ""wbgt_c"": 27.48, ""heat_index_c"": 35.55, ""heat_duration_hours"": 0, ""consecutive_heat_days"": 0}"
2026-06-19,Tamil Nadu,SYNTHETIC,77000000,13.0,40.0,47.0,0.36,55.0,35.4,27.09,31.25,54.9,3.1,21.11,39.14,102.46,29.16,CAUTION,3,27.78,False,0,-0.4,-7.3,0,0,0.63,0.388,0.434,0.457,0.752,0.465,0.542,0.781,0.6,0.504,0.221,0.1877,0.3752,0.2476,0.639,0.7839,2.9539,0.05768,0.16784,0.22551,0,0,0,0,0,0,0,0,0,0,-0.22551,0.0,0.0,"{""max_temperature_c"": 35.4, ""mean_temperature_c"": 31.25, ""humidity_percent"": 54.9, ""wbgt_c"": 29.16, ""heat_index_c"": 39.14, ""heat_duration_hours"": 0, ""consecutive_heat_days"": 0}"
2026-06-19,Kerala,SYNTHETIC,35800000,17.0,45.0,38.0,0.28,50.0,32.53,26.75,29.64,79.8,2.91,25.78,41.1,105.97,29.37,CAUTION,0,27.36,False,0,2.25,-1.2,0,0,0.559,0.973,0.339,0.403,0.45,0.52,0.607,0.832,0.65,0.559,0.1635,0.0731,0.0379,0.0395,0.0683,0.2744,0.4388,0.0108,0.03365,0.04445,1,0,1,1,0,1,0,0,1,0,0.95555,0.002793,0.002793,"{""max_temperature_c"": 32.53, ""mean_temperature_c"": 29.64, ""humidity_percent"": 79.8, ""wbgt_c"": 29.37, ""heat_index_c"": 41.1, ""heat_duration_hours"": 0, ""consecutive_heat_days"": 0}"
2026-06-19,Karnataka,SYNTHETIC,68000000,11.5,38.5,50.0,0.45,42.0,31.75,23.7,27.73,68.4,7.82,21.37,34.93,94.87,26.92,LOW,0,24.19,False,0,0.14,0.6,0,0,0.031,0.421,0.605,0.323,0.689,0.566,0.508,0.7,0.55,0.536,0.0229,0.0379,0.1671,0.164,0.038,0.2279,0.9549,0.03931,0.12366,0.16297,0,0,0,0,0,0,0,0,0,0,-0.16297,0.0,0.0,"{""max_temperature_c"": 31.75, ""mean_temperature_c"": 27.73, ""humidity_percent"": 68.4, ""wbgt_c"": 26.92, ""heat_index_c"": 34.93, ""heat_duration_hours"": 0, ""consecutive_heat_days"": 0}"
2026-06-20,Tamil Nadu,SYNTHETIC,77000000,13.0,40.0,47.0,0.36,55.0,36.96,29.27,33.12,61.7,7.3,24.77,45.59,114.05,31.16,DANGER,9,30.09,False,1,1.21,-0.7,8,1,1.0,0.846,0.414,0.542,0.748,0.466,0.57,0.78,0.6,0.508,0.5812,0.221,0.1877,0.3752,0.5822,0.9899,2.9528,0.1105,0.37961,0.49011,1,0,1,1,0,1,0,0,1,0,0.50989,0.001299,0.001299,"{""max_temperature_c"": 36.96, ""mean_temperature_c"": 33.12, ""humidity_percent"": 61.7, ""wbgt_c"": 31.16, ""heat_index_c"": 45.59, ""heat_duration_hours"": 8, ""consecutive_heat_days"": 1}"
2026-06-20,Kerala,SYNTHETIC,35800000,17.0,45.0,38.0,0.28,50.0,32.76,27.09,29.93,80.6,6.36,26.24,42.16,107.88,29.6,CAUTION,0,27.73,False,0,2.57,-0.8,0,0,0.622,1.0,0.333,0.426,0.449,0.522,0.589,0.833,0.65,0.56,0.1852,0.1635,0.0731,0.0379,0.0451,0.4218,0.579,0.01115,0.03467,0.04582,0,0,0,0,0,0,0,0,0,0,-0.04582,0.0,0.0,"{""max_temperature_c"": 32.76, ""mean_temperature_c"": 29.93, ""humidity_percent"": 80.6, ""wbgt_c"": 29.6, ""heat_index_c"": 42.16, ""heat_duration_hours"": 0, ""consecutive_heat_days"": 0}"
2026-06-20,Karnataka,SYNTHETIC,68000000,11.5,38.5,50.0,0.45,42.0,32.18,22.56,27.37,67.0,4.76,20.7,34.89,94.81,26.99,LOW,0,23.1,False,0,0.67,-1.3,0,0,0.0,0.337,0.569,0.364,0.681,0.567,0.509,0.699,0.55,0.536,0.0282,0.0229,0.0379,0.1671,0.1121,0.0891,0.8711,0.03718,0.11966,0.15684,0,1,1,1,0,0,0,0,1,0,0.84316,0.001471,0.0,"{""max_temperature_c"": 32.18, ""mean_temperature_c"": 27.37, ""humidity_percent"": 67.0, ""wbgt_c"": 26.99, ""heat_index_c"": 34.89, ""heat_duration_hours"": 0, ""consecutive_heat_days"": 0}"
2026-06-21,Tamil Nadu,SYNTHETIC,77000000,13.0,40.0,47.0,0.36,55.0,36.18,28.13,32.15,64.9,1.15,24.72,44.48,112.06,31.32,DANGER,7,28.83,False,0,0.48,2.4,7,2,0.805,0.84,0.374,0.471,0.74,0.471,0.515,0.783,0.6,0.509,0.5612,0.5812,0.221,0.1877,0.5755,1.3633,2.9385,0.10614,0.34792,0.45406,0,1,1,0,1,0,0,0,0,1,0.54594,0.001299,0.0,"{""max_temperature_c"": 36.18, ""mean_temperature_c"": 32.15, ""humidity_percent"": 64.9, ""wbgt_c"": 31.32, ""heat_index_c"": 44.48, ""heat_duration_hours"": 7, ""consecutive_heat_days"": 2}"
2026-06-21,Kerala,SYNTHETIC,35800000,17.0,45.0,38.0,0.28,50.0,31.28,25.42,28.35,80.9,8.83,24.75,37.83,100.1,28.07,CAUTION,0,26.03,False,0,1.17,-0.9,0,0,0.338,0.843,0.241,0.402,0.431,0.519,0.596,0.833,0.65,0.561,0.0555,0.1852,0.1635,0.0731,0.0409,0.4043,0.5936,0.00919,0.02939,0.03858,0,0,0,0,0,0,0,0,0,0,-0.03858,0.0,0.0,"{""max_temperature_c"": 31.28, ""mean_temperature_c"": 28.35, ""humidity_percent"": 80.9, ""wbgt_c"": 28.07, ""heat_index_c"": 37.83, ""heat_duration_hours"": 0, ""consecutive_heat_days"": 0}"
2026-06-21,Karnataka,SYNTHETIC,68000000,11.5,38.5,50.0,0.45,42.0,31.53,23.5,27.51,63.2,1.82,19.89,33.55,92.38,26.64,LOW,0,24.03,False,0,0.12,-5.6,0,0,0.006,0.237,0.5,0.357,0.668,0.568,0.508,0.699,0.55,0.536,0.016,0.0282,0.0229,0.0379,0.2805,0.0672,0.6066,0.03429,0.11482,0.14912,0,0,0,0,0,0,0,0,0,0,-0.14912,0.0,0.0,"{""max_temperature_c"": 31.53, ""mean_temperature_c"": 27.51, ""humidity_percent"": 63.2, ""wbgt_c"": 26.64, ""heat_index_c"": 33.55, ""heat_duration_hours"": 0, ""consecutive_heat_days"": 0}"
2026-06-22,Tamil Nadu,SYNTHETIC,77000000,13.0,40.0,47.0,0.36,55.0,35.18,28.56,31.87,65.0,5.61,24.48,42.8,109.05,30.29,DANGER,3,29.31,False,0,-0.47,2.3,4,3,0.884,0.811,0.461,0.497,0.757,0.475,0.504,0.783,0.6,0.51,0.3213,0.5612,0.5812,0.221,0.7647,1.4637,2.4951,0.08647,0.25812,0.34458,0,0,0,0,0,0,0,0,0,0,-0.34458,0.0,0.0,"{""max_temperature_c"": 35.18, ""mean_temperature_c"": 31.87, ""humidity_percent"": 65.0, ""wbgt_c"": 30.29, ""heat_index_c"": 42.8, ""heat_duration_hours"": 4, ""consecutive_heat_days"": 3}"
2026-06-22,Kerala,SYNTHETIC,35800000,17.0,45.0,38.0,0.28,50.0,30.74,26.31,28.53,80.6,1.63,24.86,37.18,98.93,28.08,CAUTION,0,26.86,False,0,0.71,-1.5,0,0,0.477,0.857,0.355,0.37,0.453,0.521,0.6,0.832,0.65,0.555,0.0558,0.0555,0.1852,0.1635,0.0388,0.2966,0.6106,0.00979,0.02995,0.03973,0,0,0,0,0,0,0,0,0,0,-0.03973,0.0,0.0,"{""max_temperature_c"": 30.74, ""mean_temperature_c"": 28.53, ""humidity_percent"": 80.6, ""wbgt_c"": 28.08, ""heat_index_c"": 37.18, ""heat_duration_hours"": 0, ""consecutive_heat_days"": 0}"
2026-06-22,Karnataka,SYNTHETIC,68000000,11.5,38.5,50.0,0.45,42.0,31.89,23.79,27.84,66.5,4.04,21.03,34.81,94.66,26.96,LOW,0,24.3,False,0,0.59,-2.9,0,0,0.049,0.379,0.583,0.337,0.684,0.572,0.514,0.7,0.55,0.534,0.024,0.016,0.0282,0.0229,0.1704,0.0682,0.4602,0.03628,0.11662,0.1529,0,0,0,0,0,0,0,0,0,0,-0.1529,0.0,0.0,"{""max_temperature_c"": 31.89, ""mean_temperature_c"": 27.84, ""humidity_percent"": 66.5, ""wbgt_c"": 26.96, ""heat_index_c"": 34.81, ""heat_duration_hours"": 0, ""consecutive_heat_days"": 0}"
2026-06-23,Tamil Nadu,SYNTHETIC,77000000,13.0,40.0,47.0,0.36,55.0,36.26,27.75,32.01,59.8,1.58,23.23,42.55,108.59,30.62,DANGER,7,28.51,False,0,0.66,-3.0,5,4,0.752,0.653,0.523,0.508,0.77,0.48,0.577,0.783,0.6,0.51,0.4442,0.3213,0.5612,0.5812,0.2476,1.3267,2.6918,0.09449,0.27838,0.37287,0,0,0,0,0,0,0,0,0,0,-0.37287,0.0,0.0,"{""max_temperature_c"": 36.26, ""mean_temperature_c"": 32.01, ""humidity_percent"": 59.8, ""wbgt_c"": 30.62, ""heat_index_c"": 42.55, ""heat_duration_hours"": 5, ""consecutive_heat_days"": 4}"
2026-06-23,Kerala,SYNTHETIC,35800000,17.0,45.0,38.0,0.28,50.0,31.88,28.35,30.11,85.1,1.6,27.33,42.68,108.82,29.9,CAUTION,0,28.96,False,0,1.93,2.7,0,0,0.826,1.0,0.353,0.407,0.453,0.513,0.586,0.832,0.65,0.553,0.1922,0.0558,0.0555,0.1852,0.0395,0.3036,0.7633,0.01075,0.03354,0.04429,0,0,0,0,0,0,0,0,0,0,-0.04429,0.0,0.0,"{""max_temperature_c"": 31.88, ""mean_temperature_c"": 30.11, ""humidity_percent"": 85.1, ""wbgt_c"": 29.9, ""heat_index_c"": 42.68, ""heat_duration_hours"": 0, ""consecutive_heat_days"": 0}"
2026-06-23,Karnataka,SYNTHETIC,68000000,11.5,38.5,50.0,0.45,42.0,31.15,24.43,27.79,72.1,2.35,22.29,35.0,95.0,27.3,LOW,0,24.95,False,0,-0.04,2.2,0,0,0.158,0.536,0.586,0.345,0.685,0.576,0.454,0.698,0.55,0.535,0.0324,0.024,0.016,0.0282,0.164,0.0724,0.3286,0.03703,0.11824,0.15527,0,0,0,0,0,0,0,0,0,0,-0.15527,0.0,0.0,"{""max_temperature_c"": 31.15, ""mean_temperature_c"": 27.79, ""humidity_percent"": 72.1, ""wbgt_c"": 27.3, ""heat_index_c"": 35.0, ""heat_duration_hours"": 0, ""consecutive_heat_days"": 0}"
2026-06-24,Tamil Nadu,SYNTHETIC,77000000,13.0,40.0,47.0,0.36,55.0,37.02,29.99,33.5,62.4,0.97,25.34,46.55,115.8,32.11,EXTREME,9,30.71,False,1,1.46,-0.6,11,5,1.0,0.918,0.502,0.481,0.765,0.483,0.594,0.784,0.6,0.509,0.7709,0.4442,0.3213,0.5612,0.3752,1.5364,3.0875,0.16746,0.57413,0.74159,0,2,2,0,2,0,0,0,0,2,1.25841,0.002597,0.0,"{""max_temperature_c"": 37.02, ""mean_temperature_c"": 33.5, ""humidity_percent"": 62.4, ""wbgt_c"": 32.11, ""heat_index_c"": 46.55, ""heat_duration_hours"": 11, ""consecutive_heat_days"": 5}"
2026-06-24,Kerala,SYNTHETIC,35800000,17.0,45.0,38.0,0.28,50.0,30.59,26.87,28.73,86.6,3.5,26.28,38.83,101.9,28.73,CAUTION,0,27.46,False,0,0.72,3.9,0,0,0.576,1.0,0.362,0.391,0.455,0.515,0.568,0.833,0.65,0.559,0.1049,0.1922,0.0558,0.0555,0.0379,0.3529,0.8303,0.01006,0.03044,0.0405,0,0,0,0,0,0,0,0,0,0,-0.0405,0.0,0.0,"{""max_temperature_c"": 30.59, ""mean_temperature_c"": 28.73, ""humidity_percent"": 86.6, ""wbgt_c"": 28.73, ""heat_index_c"": 38.83, ""heat_duration_hours"": 0, ""consecutive_heat_days"": 0}"
2026-06-24,Karnataka,SYNTHETIC,68000000,11.5,38.5,50.0,0.45,42.0,31.15,23.1,27.12,65.4,5.72,20.08,33.24,91.84,26.2,LOW,0,23.6,False,0,0.06,-5.0,0,0,0.0,0.26,0.556,0.336,0.679,0.573,0.491,0.698,0.55,0.535,0.0051,0.0324,0.024,0.016,0.1671,0.0614,0.1665,0.03458,0.11264,0.14722,0,0,0,0,0,0,0,0,0,0,-0.14722,0.0,0.0,"{""max_temperature_c"": 31.15, ""mean_temperature_c"": 27.12, ""humidity_percent"": 65.4, ""wbgt_c"": 26.2, ""heat_index_c"": 33.24, ""heat_duration_hours"": 0, ""consecutive_heat_days"": 0}"
2026-06-25,Tamil Nadu,SYNTHETIC,77000000,13.0,40.0,47.0,0.36,55.0,36.95,30.82,33.88,58.5,2.92,24.59,45.31,113.55,31.47,DANGER,9,31.56,False,2,1.44,-4.8,9,6,1.0,0.824,0.518,0.491,0.769,0.488,0.537,0.781,0.6,0.507,0.6334,0.7709,0.4442,0.3213,0.1877,1.8486,3.5332,0.14618,0.45869,0.60486,0,1,1,1,0,0,0,0,1,0,0.39514,0.001299,0.0,"{""max_temperature_c"": 36.95, ""mean_temperature_c"": 33.88, ""humidity_percent"": 58.5, ""wbgt_c"": 31.47, ""heat_index_c"": 45.31, ""heat_duration_hours"": 9, ""consecutive_heat_days"": 6}"
2026-06-25,Kerala,SYNTHETIC,35800000,17.0,45.0,38.0,0.28,50.0,29.26,24.54,26.9,89.7,9.0,25.06,35.06,95.11,27.19,LOW,0,25.13,False,0,-0.53,6.7,0,0,0.189,0.883,0.351,0.396,0.453,0.512,0.575,0.832,0.65,0.558,0.0297,0.1049,0.1922,0.0558,0.0731,0.3268,0.7869,0.00912,0.02769,0.03681,0,0,0,0,0,0,0,0,0,0,-0.03681,0.0,0.0,"{""max_temperature_c"": 29.26, ""mean_temperature_c"": 26.9, ""humidity_percent"": 89.7, ""wbgt_c"": 27.19, ""heat_index_c"": 35.06, ""heat_duration_hours"": 0, ""consecutive_heat_days"": 0}"
2026-06-25,Karnataka,SYNTHETIC,68000000,11.5,38.5,50.0,0.45,42.0,31.03,24.16,27.59,71.5,2.29,21.98,34.57,94.23,27.17,LOW,0,24.68,False,0,0.04,0.6,0,0,0.113,0.498,0.583,0.349,0.684,0.571,0.512,0.697,0.55,0.533,0.0292,0.0051,0.0324,0.024,0.0379,0.0666,0.1578,0.0348,0.11171,0.14651,0,0,0,0,0,0,0,0,0,0,-0.14651,0.0,0.0,"{""max_temperature_c"": 31.03, ""mean_temperature_c"": 27.59, ""humidity_percent"": 71.5, ""wbgt_c"": 27.17, ""heat_index_c"": 34.57, ""heat_duration_hours"": 0, ""consecutive_heat_days"": 0}"
2026-06-26,Tamil Nadu,SYNTHETIC,77000000,13.0,40.0,47.0,0.36,55.0,37.41,30.02,33.72,66.3,4.09,26.57,49.21,120.58,32.46,EXTREME,9,30.82,False,3,1.96,2.9,13,7,1.0,1.0,0.417,0.534,0.748,0.494,0.53,0.783,0.6,0.508,0.9173,0.6334,0.7709,0.4442,0.221,2.3216,4.2295,0.21839,0.79487,1.01325,0,0,0,0,0,0,0,0,0,0,-1.01325,0.0,0.0,"{""max_temperature_c"": 37.41, ""mean_temperature_c"": 33.72, ""humidity_percent"": 66.3, ""wbgt_c"": 32.46, ""heat_index_c"": 49.21, ""heat_duration_hours"": 13, ""consecutive_heat_days"": 7}"
2026-06-26,Kerala,SYNTHETIC,35800000,17.0,45.0,38.0,0.28,50.0,30.04,25.35,27.7,89.0,5.09,25.72,37.15,98.86,27.96,LOW,0,25.98,False,0,0.33,5.7,0,0,0.331,0.965,0.351,0.42,0.453,0.513,0.615,0.833,0.65,0.558,0.049,0.0297,0.1049,0.1922,0.1635,0.1835,0.6724,0.00888,0.02733,0.03622,0,0,0,0,0,0,0,0,0,0,-0.03622,0.0,0.0,"{""max_temperature_c"": 30.04, ""mean_temperature_c"": 27.7, ""humidity_percent"": 89.0, ""wbgt_c"": 27.96, ""heat_index_c"": 37.15, ""heat_duration_hours"": 0, ""consecutive_heat_days"": 0}"
2026-06-26,Karnataka,SYNTHETIC,68000000,11.5,38.5,50.0,0.45,42.0,31.47,24.13,27.8,70.4,0.74,21.91,35.06,95.11,27.32,LOW,0,24.62,False,0,0.59,-1.0,0,0,0.103,0.489,0.582,0.321,0.684,0.571,0.498,0.696,0.55,0.532,0.033,0.0292,0.0051,0.0324,0.0229,0.0673,0.1679,0.03455,0.1106,0.14515,0,1,1,1,0,0,0,0,1,0,0.85485,0.001471,0.0,"{""max_temperature_c"": 31.47, ""mean_temperature_c"": 27.8, ""humidity_percent"": 70.4, ""wbgt_c"": 27.32, ""heat_index_c"": 35.06, ""heat_duration_hours"": 0, ""consecutive_heat_days"": 0}"
2026-06-27,Tamil Nadu,SYNTHETIC,77000000,13.0,40.0,47.0,0.36,55.0,35.16,28.8,31.98,64.8,0.89,24.54,42.86,109.15,30.64,DANGER,3,29.45,False,0,-0.24,1.3,5,8,0.909,0.818,0.417,0.434,0.748,0.494,0.542,0.783,0.6,0.507,0.3811,0.9173,0.6334,0.7709,0.5812,1.9318,4.0294,0.0981,0.29671,0.39481,0,0,0,0,0,0,0,0,0,0,-0.39481,0.0,0.0,"{""max_temperature_c"": 35.16, ""mean_temperature_c"": 31.98, ""humidity_percent"": 64.8, ""wbgt_c"": 30.64, ""heat_index_c"": 42.86, ""heat_duration_hours"": 5, ""consecutive_heat_days"": 8}"
2026-06-27,Kerala,SYNTHETIC,35800000,17.0,45.0,38.0,0.28,50.0,30.92,25.85,28.38,85.8,3.98,25.78,38.67,101.6,28.57,CAUTION,0,26.4,False,0,1.28,2.2,0,0,0.399,0.973,0.323,0.366,0.447,0.509,0.617,0.834,0.65,0.555,0.0928,0.049,0.0297,0.1049,0.1852,0.1714,0.5799,0.00873,0.02728,0.036,0,0,0,0,0,0,0,0,0,0,-0.036,0.0,0.0,"{""max_temperature_c"": 30.92, ""mean_temperature_c"": 28.38, ""humidity_percent"": 85.8, ""wbgt_c"": 28.57, ""heat_index_c"": 38.67, ""heat_duration_hours"": 0, ""consecutive_heat_days"": 0}"
2026-06-27,Karnataka,SYNTHETIC,68000000,11.5,38.5,50.0,0.45,42.0,32.49,23.69,28.09,66.2,9.0,21.2,35.68,96.22,27.21,LOW,0,24.23,False,0,1.71,-5.7,0,0,0.039,0.4,0.472,0.361,0.662,0.573,0.503,0.696,0.55,0.534,0.0401,0.033,0.0292,0.0051,0.0282,0.1023,0.1797,0.03131,0.10571,0.13701,0,0,0,0,0,0,0,0,0,0,-0.13701,0.0,0.0,"{""max_temperature_c"": 32.49, ""mean_temperature_c"": 28.09, ""humidity_percent"": 66.2, ""wbgt_c"": 27.21, ""heat_index_c"": 35.68, ""heat_duration_hours"": 0, ""consecutive_heat_days"": 0}"
2026-06-28,Tamil Nadu,SYNTHETIC,77000000,13.0,40.0,47.0,0.36,55.0,33.51,25.08,29.29,70.8,5.46,23.44,39.24,102.64,29.03,CAUTION,0,25.8,False,0,-1.84,7.0,0,0,0.3,0.68,0.357,0.479,0.736,0.496,0.579,0.783,0.6,0.511,0.1574,0.3811,0.9173,0.6334,0.5612,1.4558,3.6256,0.0551,0.16299,0.21809,0,0,0,0,0,0,0,0,0,0,-0.21809,0.0,0.0,"{""max_temperature_c"": 33.51, ""mean_temperature_c"": 29.29, ""humidity_percent"": 70.8, ""wbgt_c"": 29.03, ""heat_index_c"": 39.24, ""heat_duration_hours"": 0, ""consecutive_heat_days"": 0}"
2026-06-28,Kerala,SYNTHETIC,35800000,17.0,45.0,38.0,0.28,50.0,30.02,25.06,27.54,83.2,2.0,24.43,35.59,96.07,27.56,LOW,0,25.63,False,0,0.46,-0.7,0,0,0.271,0.804,0.287,0.376,0.44,0.51,0.584,0.833,0.65,0.553,0.0389,0.0928,0.049,0.0297,0.0555,0.1806,0.5633,0.00811,0.02555,0.03366,0,0,0,0,0,0,0,0,0,0,-0.03366,0.0,0.0,"{""max_temperature_c"": 30.02, ""mean_temperature_c"": 27.54, ""humidity_percent"": 83.2, ""wbgt_c"": 27.56, ""heat_index_c"": 35.59, ""heat_duration_hours"": 0, ""consecutive_heat_days"": 0}"
2026-06-28,Karnataka,SYNTHETIC,68000000,11.5,38.5,50.0,0.45,42.0,32.43,24.98,28.7,71.4,2.76,23.02,37.36,99.25,28.21,CAUTION,0,25.49,False,0,1.75,-1.0,0,0,0.248,0.628,0.466,0.338,0.661,0.572,0.534,0.695,0.55,0.53,0.074,0.0401,0.033,0.0292,0.016,0.1471,0.2377,0.0313,0.10631,0.13761,0,0,0,0,0,0,0,0,0,0,-0.13761,0.0,0.0,"{""max_temperature_c"": 32.43, ""mean_temperature_c"": 28.7, ""humidity_percent"": 71.4, ""wbgt_c"": 28.21, ""heat_index_c"": 37.36, ""heat_duration_hours"": 0, ""consecutive_heat_days"": 0}"
2026-06-29,Tamil Nadu,SYNTHETIC,77000000,13.0,40.0,47.0,0.36,55.0,34.17,27.72,30.94,77.0,1.7,26.44,44.53,112.16,30.8,DANGER,0,28.43,False,0,-1.13,13.1,7,1,0.738,1.0,0.421,0.471,0.749,0.5,0.569,0.784,0.6,0.511,0.3834,0.1574,0.3811,0.9173,0.3213,0.9219,3.6877,0.08782,0.28866,0.37648,0,2,2,2,0,0,0,1,0,1,1.62352,0.002597,0.0,"{""max_temperature_c"": 34.17, ""mean_temperature_c"": 30.94, ""humidity_percent"": 77.0, ""wbgt_c"": 30.8, ""heat_index_c"": 44.53, ""heat_duration_hours"": 7, ""consecutive_heat_days"": 1}"
2026-06-29,Kerala,SYNTHETIC,35800000,17.0,45.0,38.0,0.28,50.0,28.62,23.42,26.02,79.7,4.6,22.24,31.66,88.99,25.75,LOW,0,24.07,False,0,-0.86,-4.6,0,0,0.012,0.53,0.376,0.434,0.458,0.515,0.631,0.832,0.65,0.556,0.0,0.0389,0.0928,0.049,0.0558,0.1317,0.5074,0.00823,0.02505,0.03327,0,0,0,0,0,0,0,0,0,0,-0.03327,0.0,0.0,"{""max_temperature_c"": 28.62, ""mean_temperature_c"": 26.02, ""humidity_percent"": 79.7, ""wbgt_c"": 25.75, ""heat_index_c"": 31.66, ""heat_duration_hours"": 0, ""consecutive_heat_days"": 0}"
2026-06-29,Karnataka,SYNTHETIC,68000000,11.5,38.5,50.0,0.45,42.0,30.97,22.87,26.92,71.3,3.27,21.27,33.92,93.05,26.73,LOW,0,23.38,False,0,0.39,-1.6,0,0,0.0,0.409,0.583,0.343,0.684,0.573,0.495,0.693,0.55,0.53,0.0181,0.074,0.0401,0.033,0.024,0.1322,0.2319,0.03342,0.10659,0.14001,0,1,1,1,0,0,0,0,0,1,0.85999,0.001471,0.0,"{""max_temperature_c"": 30.97, ""mean_temperature_c"": 26.92, ""humidity_percent"": 71.3, ""wbgt_c"": 26.73, ""heat_index_c"": 33.92, ""heat_duration_hours"": 0, ""consecutive_heat_days"": 0}"
2026-06-30,Tamil Nadu,SYNTHETIC,77000000,13.0,40.0,47.0,0.36,55.0,34.87,27.7,31.29,70.7,3.67,25.33,43.65,110.57,30.64,DANGER,0,28.44,False,0,-0.37,6.6,5,2,0.74,0.916,0.39,0.49,0.743,0.504,0.567,0.783,0.6,0.508,0.3691,0.3834,0.1574,0.3811,0.4442,0.9099,3.6126,0.07572,0.24499,0.32071,0,0,0,0,0,0,0,0,0,0,-0.32071,0.0,0.0,"{""max_temperature_c"": 34.87, ""mean_temperature_c"": 31.29, ""humidity_percent"": 70.7, ""wbgt_c"": 30.64, ""heat_index_c"": 43.65, ""heat_duration_hours"": 5, ""consecutive_heat_days"": 2}"
2026-06-30,Kerala,SYNTHETIC,35800000,17.0,45.0,38.0,0.28,50.0,28.62,25.02,26.82,85.1,2.81,24.11,33.07,91.52,26.63,LOW,0,25.64,False,0,-0.8,0.6,0,0,0.273,0.764,0.32,0.413,0.446,0.519,0.589,0.831,0.65,0.555,0.0159,0.0,0.0389,0.0928,0.1922,0.0548,0.3311,0.00791,0.02484,0.03276,0,0,0,0,0,0,0,0,0,0,-0.03276,0.0,0.0,"{""max_temperature_c"": 28.62, ""mean_temperature_c"": 26.82, ""humidity_percent"": 85.1, ""wbgt_c"": 26.63, ""heat_index_c"": 33.07, ""heat_duration_hours"": 0, ""consecutive_heat_days"": 0}"
2026-06-30,Karnataka,SYNTHETIC,68000000,11.5,38.5,50.0,0.45,42.0,32.45,25.47,28.96,71.2,1.96,23.22,37.62,99.71,28.4,CAUTION,0,25.98,False,0,1.98,-2.2,0,0,0.331,0.653,0.519,0.34,0.671,0.575,0.499,0.694,0.55,0.534,0.0891,0.0181,0.074,0.0401,0.0324,0.1812,0.2886,0.03263,0.10779,0.14042,0,0,0,0,0,0,0,0,0,0,-0.14042,0.0,0.0,"{""max_temperature_c"": 32.45, ""mean_temperature_c"": 28.96, ""humidity_percent"": 71.2, ""wbgt_c"": 28.4, ""heat_index_c"": 37.62, ""heat_duration_hours"": 0, ""consecutive_heat_days"": 0}"
2026-07-01,Tamil Nadu,SYNTHETIC,77000000,13.0,40.0,47.0,0.36,55.0,34.94,29.66,32.3,72.5,2.48,26.72,46.12,115.02,31.43,DANGER,0,30.37,False,0,-0.25,8.2,11,3,1.0,1.0,0.43,0.469,0.751,0.509,0.563,0.782,0.6,0.507,0.5084,0.3691,0.3834,0.1574,0.7709,1.2609,3.3501,0.11838,0.41678,0.53516,0,0,0,0,0,0,0,0,0,0,-0.53516,0.0,0.0,"{""max_temperature_c"": 34.94, ""mean_temperature_c"": 32.3, ""humidity_percent"": 72.5, ""wbgt_c"": 31.43, ""heat_index_c"": 46.12, ""heat_duration_hours"": 11, ""consecutive_heat_days"": 3}"
2026-07-01,Kerala,SYNTHETIC,35800000,17.0,45.0,38.0,0.28,50.0,29.74,24.0,26.87,85.8,3.39,24.29,35.02,95.04,27.15,LOW,0,24.6,False,0,0.4,1.0,0,0,0.099,0.786,0.326,0.396,0.448,0.52,0.606,0.83,0.65,0.556,0.0286,0.0159,0.0,0.0389,0.1049,0.0445,0.2548,0.00781,0.0244,0.03221,0,0,0,0,0,0,0,0,0,0,-0.03221,0.0,0.0,"{""max_temperature_c"": 29.74, ""mean_temperature_c"": 26.87, ""humidity_percent"": 85.8, ""wbgt_c"": 27.15, ""heat_index_c"": 35.02, ""heat_duration_hours"": 0, ""consecutive_heat_days"": 0}"
2026-07-01,Karnataka,SYNTHETIC,68000000,11.5,38.5,50.0,0.45,42.0,31.14,20.68,25.91,64.8,3.58,18.79,32.43,90.37,25.7,LOW,0,21.19,False,0,0.76,-9.0,0,0,0.0,0.099,0.529,0.342,0.673,0.58,0.499,0.693,0.55,0.529,0.0,0.0891,0.0181,0.074,0.0051,0.1072,0.2835,0.03109,0.1023,0.13339,0,0,0,0,0,0,0,0,0,0,-0.13339,0.0,0.0,"{""max_temperature_c"": 31.14, ""mean_temperature_c"": 25.91, ""humidity_percent"": 64.8, ""wbgt_c"": 25.7, ""heat_index_c"": 32.43, ""heat_duration_hours"": 0, ""consecutive_heat_days"": 0}"
2026-07-02,Tamil Nadu,SYNTHETIC,77000000,13.0,40.0,47.0,0.36,55.0,35.75,27.52,31.64,70.9,1.54,25.7,45.44,113.78,31.36,DANGER,5,28.25,False,0,0.61,6.4,8,4,0.708,0.963,0.462,0.484,0.757,0.51,0.564,0.783,0.6,0.513,0.5431,0.5084,0.3691,0.3834,0.6334,1.4206,3.2598,0.10904,0.35098,0.46002,1,0,1,1,0,1,0,0,0,1,0.53998,0.001299,0.001299,"{""max_temperature_c"": 35.75, ""mean_temperature_c"": 31.64, ""humidity_percent"": 70.9, ""wbgt_c"": 31.36, ""heat_index_c"": 45.44, ""heat_duration_hours"": 8, ""consecutive_heat_days"": 4}"
2026-07-02,Kerala,SYNTHETIC,35800000,17.0,45.0,38.0,0.28,50.0,30.67,26.24,28.45,86.6,0.52,26.0,38.57,101.42,28.63,CAUTION,0,26.75,False,0,1.4,1.5,0,0,0.459,1.0,0.341,0.343,0.451,0.522,0.572,0.834,0.65,0.562,0.0975,0.0286,0.0159,0.0,0.0297,0.142,0.3226,0.00837,0.02596,0.03432,0,0,0,0,0,0,0,0,0,0,-0.03432,0.0,0.0,"{""max_temperature_c"": 30.67, ""mean_temperature_c"": 28.45, ""humidity_percent"": 86.6, ""wbgt_c"": 28.63, ""heat_index_c"": 38.57, ""heat_duration_hours"": 0, ""consecutive_heat_days"": 0}"
2026-07-02,Karnataka,SYNTHETIC,68000000,11.5,38.5,50.0,0.45,42.0,28.46,21.63,25.04,73.8,2.84,20.05,30.2,86.36,24.91,LOW,0,22.09,False,0,-1.82,-0.5,0,0,0.0,0.256,0.547,0.311,0.677,0.569,0.507,0.693,0.55,0.533,0.0,0.0,0.0891,0.0181,0.0292,0.0891,0.2543,0.03018,0.09877,0.12895,0,0,0,0,0,0,0,0,0,0,-0.12895,0.0,0.0,"{""max_temperature_c"": 28.46, ""mean_temperature_c"": 25.04, ""humidity_percent"": 73.8, ""wbgt_c"": 24.91, ""heat_index_c"": 30.2, ""heat_duration_hours"": 0, ""consecutive_heat_days"": 0}"
2026-07-03,Tamil Nadu,SYNTHETIC,77000000,13.0,40.0,47.0,0.36,55.0,35.06,28.35,31.7,65.2,1.88,24.37,42.48,108.47,30.32,DANGER,1,29.05,False,0,-0.03,0.5,4,5,0.842,0.796,0.454,0.47,0.756,0.509,0.545,0.783,0.6,0.515,0.3201,0.5431,0.5084,0.3691,0.9173,1.3716,2.6626,0.07723,0.23495,0.31218,0,0,0,0,0,0,0,0,0,0,-0.31218,0.0,0.0,"{""max_temperature_c"": 35.06, ""mean_temperature_c"": 31.7, ""humidity_percent"": 65.2, ""wbgt_c"": 30.32, ""heat_index_c"": 42.48, ""heat_duration_hours"": 4, ""consecutive_heat_days"": 5}"
2026-07-03,Kerala,SYNTHETIC,35800000,17.0,45.0,38.0,0.28,50.0,30.04,25.64,27.84,79.7,6.18,24.0,35.17,95.3,27.18,LOW,0,26.26,False,0,0.83,-5.7,0,0,0.376,0.751,0.284,0.409,0.439,0.526,0.587,0.836,0.65,0.565,0.0295,0.0975,0.0286,0.0159,0.049,0.1556,0.3031,0.00754,0.02391,0.03145,0,0,0,0,0,0,0,0,0,0,-0.03145,0.0,0.0,"{""max_temperature_c"": 30.04, ""mean_temperature_c"": 27.84, ""humidity_percent"": 79.7, ""wbgt_c"": 27.18, ""heat_index_c"": 35.17, ""heat_duration_hours"": 0, ""consecutive_heat_days"": 0}"
2026-07-03,Karnataka,SYNTHETIC,68000000,11.5,38.5,50.0,0.45,42.0,31.18,22.71,26.95,67.8,3.01,20.49,33.56,92.41,26.48,LOW,0,23.23,False,0,0.99,-7.0,0,0,0.0,0.311,0.549,0.347,0.677,0.574,0.505,0.691,0.55,0.531,0.012,0.0,0.0,0.0891,0.033,0.012,0.2332,0.02996,0.09804,0.128,0,0,0,0,0,0,0,0,0,0,-0.128,0.0,0.0,"{""max_temperature_c"": 31.18, ""mean_temperature_c"": 26.95, ""humidity_percent"": 67.8, ""wbgt_c"": 26.48, ""heat_index_c"": 33.56, ""heat_duration_hours"": 0, ""consecutive_heat_days"": 0}"
2026-07-04,Tamil Nadu,SYNTHETIC,77000000,13.0,40.0,47.0,0.36,55.0,34.39,28.22,31.3,69.4,0.97,25.03,42.53,108.56,30.35,DANGER,0,28.99,False,0,-0.65,4.5,5,6,0.831,0.878,0.399,0.515,0.745,0.508,0.562,0.782,0.6,0.513,0.3093,0.3201,0.5431,0.5084,0.3811,1.1725,2.5908,0.0725,0.23194,0.30444,0,0,0,0,0,0,0,0,0,0,-0.30444,0.0,0.0,"{""max_temperature_c"": 34.39, ""mean_temperature_c"": 31.3, ""humidity_percent"": 69.4, ""wbgt_c"": 30.35, ""heat_index_c"": 42.53, ""heat_duration_hours"": 5, ""consecutive_heat_days"": 6}"
2026-07-04,Kerala,SYNTHETIC,35800000,17.0,45.0,38.0,0.28,50.0,30.48,26.57,28.52,82.3,4.77,25.21,37.21,98.98,28.06,CAUTION,0,27.2,False,0,1.34,-3.4,0,0,0.533,0.901,0.351,0.419,0.453,0.527,0.591,0.836,0.65,0.565,0.0542,0.0295,0.0975,0.0286,0.0928,0.1811,0.2645,0.00797,0.02464,0.03261,0,0,0,0,0,0,0,0,0,0,-0.03261,0.0,0.0,"{""max_temperature_c"": 30.48, ""mean_temperature_c"": 28.52, ""humidity_percent"": 82.3, ""wbgt_c"": 28.06, ""heat_index_c"": 37.21, ""heat_duration_hours"": 0, ""consecutive_heat_days"": 0}"
2026-07-04,Karnataka,SYNTHETIC,68000000,11.5,38.5,50.0,0.45,42.0,30.33,22.29,26.31,67.8,3.9,19.88,32.2,89.95,25.65,LOW,0,22.84,False,0,0.24,-7.4,0,0,0.0,0.235,0.526,0.373,0.673,0.571,0.491,0.692,0.55,0.53,0.0,0.012,0.0,0.0,0.0401,0.012,0.1931,0.02879,0.09528,0.12406,0,0,0,0,0,0,0,0,0,0,-0.12406,0.0,0.0,"{""max_temperature_c"": 30.33, ""mean_temperature_c"": 26.31, ""humidity_percent"": 67.8, ""wbgt_c"": 25.65, ""heat_index_c"": 32.2, ""heat_duration_hours"": 0, ""consecutive_heat_days"": 0}"
2026-07-05,Tamil Nadu,SYNTHETIC,77000000,13.0,40.0,47.0,0.36,55.0,35.34,27.76,31.55,71.7,7.1,25.81,45.08,113.14,30.86,DANGER,3,28.59,False,0,0.36,6.7,7,7,0.765,0.977,0.369,0.549,0.739,0.507,0.562,0.781,0.6,0.513,0.4316,0.3093,0.3201,0.5431,0.1574,1.061,2.865,0.08207,0.27579,0.35786,0,0,0,0,0,0,0,0,0,0,-0.35786,0.0,0.0,"{""max_temperature_c"": 35.34, ""mean_temperature_c"": 31.55, ""humidity_percent"": 71.7, ""wbgt_c"": 30.86, ""heat_index_c"": 45.08, ""heat_duration_hours"": 7, ""consecutive_heat_days"": 7}"
2026-07-05,Kerala,SYNTHETIC,35800000,17.0,45.0,38.0,0.28,50.0,29.2,23.73,26.46,83.1,9.0,23.35,33.32,91.98,26.35,LOW,0,24.32,False,0,0.12,-2.8,0,0,0.053,0.669,0.265,0.394,0.435,0.523,0.594,0.836,0.65,0.565,0.0087,0.0542,0.0295,0.0975,0.0389,0.0923,0.2343,0.00703,0.02256,0.02959,0,0,0,0,0,0,0,0,0,0,-0.02959,0.0,0.0,"{""max_temperature_c"": 29.2, ""mean_temperature_c"": 26.46, ""humidity_percent"": 83.1, ""wbgt_c"": 26.35, ""heat_index_c"": 33.32, ""heat_duration_hours"": 0, ""consecutive_heat_days"": 0}"
2026-07-05,Karnataka,SYNTHETIC,68000000,11.5,38.5,50.0,0.45,42.0,31.51,23.42,27.46,67.2,2.58,20.85,34.22,93.59,26.75,LOW,0,23.96,False,0,1.51,-8.4,0,0,0.0,0.356,0.428,0.357,0.653,0.57,0.502,0.69,0.55,0.529,0.0187,0.0,0.012,0.0,0.074,0.0307,0.1379,0.02629,0.09127,0.11756,0,0,0,0,0,0,0,0,0,0,-0.11756,0.0,0.0,"{""max_temperature_c"": 31.51, ""mean_temperature_c"": 27.46, ""humidity_percent"": 67.2, ""wbgt_c"": 26.75, ""heat_index_c"": 34.22, ""heat_duration_hours"": 0, ""consecutive_heat_days"": 0}"
2026-07-06,Tamil Nadu,SYNTHETIC,77000000,13.0,40.0,47.0,0.36,55.0,33.74,28.65,31.2,77.1,1.86,26.71,44.39,111.91,30.74,DANGER,0,29.35,False,0,-1.19,11.9,7,8,0.892,1.0,0.385,0.467,0.742,0.504,0.561,0.78,0.6,0.518,0.3644,0.4316,0.3093,0.3201,0.3834,1.1053,2.846,0.0792,0.2637,0.3429,0,0,0,0,0,0,0,0,0,0,-0.3429,0.0,0.0,"{""max_temperature_c"": 33.74, ""mean_temperature_c"": 31.2, ""humidity_percent"": 77.1, ""wbgt_c"": 30.74, ""heat_index_c"": 44.39, ""heat_duration_hours"": 7, ""consecutive_heat_days"": 8}"
2026-07-06,Kerala,SYNTHETIC,35800000,17.0,45.0,38.0,0.28,50.0,28.83,23.42,26.13,85.3,2.16,23.47,32.88,91.18,26.37,LOW,0,24.0,False,0,-0.18,-0.8,0,0,0.0,0.684,0.383,0.386,0.459,0.519,0.605,0.835,0.65,0.563,0.0093,0.0087,0.0542,0.0295,0.0,0.0722,0.2436,0.00746,0.02264,0.03011,0,0,0,0,0,0,0,0,0,0,-0.03011,0.0,0.0,"{""max_temperature_c"": 28.83, ""mean_temperature_c"": 26.13, ""humidity_percent"": 85.3, ""wbgt_c"": 26.37, ""heat_index_c"": 32.88, ""heat_duration_hours"": 0, ""consecutive_heat_days"": 0}"
2026-07-06,Karnataka,SYNTHETIC,68000000,11.5,38.5,50.0,0.45,42.0,31.37,25.01,28.19,70.9,2.85,22.42,35.4,95.72,27.38,LOW,0,25.45,False,0,1.46,-5.1,0,0,0.242,0.552,0.547,0.299,0.677,0.569,0.493,0.69,0.55,0.529,0.0346,0.0187,0.0,0.012,0.0181,0.0533,0.1543,0.02897,0.09445,0.12342,0,0,0,0,0,0,0,0,0,0,-0.12342,0.0,0.0,"{""max_temperature_c"": 31.37, ""mean_temperature_c"": 28.19, ""humidity_percent"": 70.9, ""wbgt_c"": 27.38, ""heat_index_c"": 35.4, ""heat_duration_hours"": 0, ""consecutive_heat_days"": 0}"
2026-07-07,Tamil Nadu,SYNTHETIC,77000000,13.0,40.0,47.0,0.36,55.0,35.14,27.85,31.49,66.3,3.98,24.45,42.7,108.87,30.35,DANGER,3,28.61,False,0,0.26,0.9,4,9,0.769,0.806,0.434,0.511,0.752,0.505,0.539,0.779,0.6,0.522,0.3289,0.3644,0.4316,0.3093,0.3691,1.1249,2.8058,0.06805,0.21005,0.2781,0,2,2,0,2,0,0,0,0,2,1.7219,0.002597,0.0,"{""max_temperature_c"": 35.14, ""mean_temperature_c"": 31.49, ""humidity_percent"": 66.3, ""wbgt_c"": 30.35, ""heat_index_c"": 42.7, ""heat_duration_hours"": 4, ""consecutive_heat_days"": 9}"
2026-07-07,Kerala,SYNTHETIC,35800000,17.0,45.0,38.0,0.28,50.0,28.23,23.65,25.94,88.0,2.16,23.79,32.17,89.91,26.14,LOW,0,24.2,False,0,-0.73,1.6,0,0,0.034,0.724,0.359,0.369,0.454,0.521,0.63,0.837,0.65,0.559,0.0036,0.0093,0.0087,0.0542,0.0159,0.0216,0.2313,0.00713,0.02201,0.02914,0,0,0,0,0,0,0,0,0,0,-0.02914,0.0,0.0,"{""max_temperature_c"": 28.23, ""mean_temperature_c"": 25.94, ""humidity_percent"": 88.0, ""wbgt_c"": 26.14, ""heat_index_c"": 32.17, ""heat_duration_hours"": 0, ""consecutive_heat_days"": 0}"
2026-07-07,Karnataka,SYNTHETIC,68000000,11.5,38.5,50.0,0.45,42.0,31.62,23.55,27.59,69.1,2.52,21.41,34.81,94.66,27.12,LOW,0,24.05,False,0,1.8,-7.4,0,0,0.009,0.426,0.484,0.336,0.664,0.578,0.465,0.694,0.55,0.529,0.0281,0.0346,0.0187,0.0,0.0891,0.0814,0.0933,0.02765,0.09281,0.12046,0,0,0,0,0,0,0,0,0,0,-0.12046,0.0,0.0,"{""max_temperature_c"": 31.62, ""mean_temperature_c"": 27.59, ""humidity_percent"": 69.1, ""wbgt_c"": 27.12, ""heat_index_c"": 34.81, ""heat_duration_hours"": 0, ""consecutive_heat_days"": 0}"
2026-07-08,Tamil Nadu,SYNTHETIC,77000000,13.0,40.0,47.0,0.36,55.0,36.0,29.99,32.99,67.3,2.35,26.12,46.48,115.67,31.65,DANGER,7,30.74,False,0,1.17,1.7,11,10,1.0,1.0,0.468,0.497,0.759,0.505,0.573,0.782,0.6,0.52,0.6094,0.3289,0.3644,0.4316,0.5084,1.3028,2.9069,0.12178,0.42593,0.54771,2,0,2,1,1,1,1,1,1,0,1.45229,0.002597,0.002597,"{""max_temperature_c"": 36.0, ""mean_temperature_c"": 32.99, ""humidity_percent"": 67.3, ""wbgt_c"": 31.65, ""heat_index_c"": 46.48, ""heat_duration_hours"": 11, ""consecutive_heat_days"": 10}"
2026-07-08,Kerala,SYNTHETIC,35800000,17.0,45.0,38.0,0.28,50.0,27.6,24.44,26.02,88.5,1.56,23.96,31.2,88.15,26.0,LOW,0,25.01,False,0,-1.3,1.9,0,0,0.168,0.745,0.344,0.379,0.451,0.528,0.601,0.837,0.65,0.561,0.0001,0.0036,0.0093,0.0087,0.0286,0.013,0.2028,0.00702,0.02184,0.02887,0,0,0,0,0,0,0,0,0,0,-0.02887,0.0,0.0,"{""max_temperature_c"": 27.6, ""mean_temperature_c"": 26.02, ""humidity_percent"": 88.5, ""wbgt_c"": 26.0, ""heat_index_c"": 31.2, ""heat_duration_hours"": 0, ""consecutive_heat_days"": 0}"
2026-07-08,Karnataka,SYNTHETIC,68000000,11.5,38.5,50.0,0.45,42.0,31.8,24.33,28.07,74.7,2.81,23.16,36.7,98.07,27.85,LOW,0,24.81,False,0,2.07,-2.1,0,0,0.134,0.645,0.512,0.314,0.67,0.574,0.52,0.693,0.55,0.534,0.0463,0.0281,0.0346,0.0187,0.0,0.1089,0.1396,0.02754,0.0915,0.11904,0,0,0,0,0,0,0,0,0,0,-0.11904,0.0,0.0,"{""max_temperature_c"": 31.8, ""mean_temperature_c"": 28.07, ""humidity_percent"": 74.7, ""wbgt_c"": 27.85, ""heat_index_c"": 36.7, ""heat_duration_hours"": 0, ""consecutive_heat_days"": 0}"
2026-07-09,Tamil Nadu,SYNTHETIC,77000000,13.0,40.0,47.0,0.36,55.0,35.25,29.08,32.16,66.9,1.37,25.22,43.99,111.18,30.94,DANGER,3,29.84,False,0,0.47,1.1,7,11,0.973,0.903,0.39,0.508,0.743,0.504,0.56,0.78,0.6,0.522,0.4393,0.6094,0.3289,0.3644,0.5431,1.3776,2.8031,0.08486,0.28083,0.36569,0,1,1,1,0,0,0,0,0,1,0.63431,0.001299,0.0,"{""max_temperature_c"": 35.25, ""mean_temperature_c"": 32.16, ""humidity_percent"": 66.9, ""wbgt_c"": 30.94, ""heat_index_c"": 43.99, ""heat_duration_hours"": 7, ""consecutive_heat_days"": 11}"
2026-07-09,Kerala,SYNTHETIC,35800000,17.0,45.0,38.0,0.28,50.0,28.08,23.95,26.01,85.8,1.91,23.46,31.68,89.03,26.03,LOW,0,24.54,False,0,-0.77,-1.0,0,0,0.091,0.682,0.329,0.395,0.448,0.531,0.588,0.835,0.65,0.567,0.0007,0.0001,0.0036,0.0093,0.0975,0.0044,0.106,0.00687,0.02156,0.02844,0,0,0,0,0,0,0,0,0,0,-0.02844,0.0,0.0,"{""max_temperature_c"": 28.08, ""mean_temperature_c"": 26.01, ""humidity_percent"": 85.8, ""wbgt_c"": 26.03, ""heat_index_c"": 31.68, ""heat_duration_hours"": 0, ""consecutive_heat_days"": 0}"
2026-07-09,Karnataka,SYNTHETIC,68000000,11.5,38.5,50.0,0.45,42.0,28.57,22.75,25.66,78.3,2.63,21.61,31.2,88.15,25.58,LOW,0,23.18,False,0,-1.08,1.1,0,0,0.0,0.451,0.505,0.285,0.669,0.575,0.455,0.693,0.55,0.533,0.0,0.0463,0.0281,0.0346,0.0,0.0744,0.1396,0.02701,0.08972,0.11673,0,0,0,0,0,0,0,0,0,0,-0.11673,0.0,0.0,"{""max_temperature_c"": 28.57, ""mean_temperature_c"": 25.66, ""humidity_percent"": 78.3, ""wbgt_c"": 25.58, ""heat_index_c"": 31.2, ""heat_duration_hours"": 0, ""consecutive_heat_days"": 0}"
2026-07-10,Tamil Nadu,SYNTHETIC,77000000,13.0,40.0,47.0,0.36,55.0,34.22,26.68,30.45,66.7,2.87,23.57,40.33,104.59,29.55,CAUTION,0,27.42,False,0,-0.5,0.8,0,0,0.569,0.696,0.419,0.494,0.749,0.5,0.547,0.779,0.6,0.524,0.211,0.4393,0.6094,0.3289,0.3201,1.2598,2.694,0.05051,0.14622,0.19673,0,0,0,0,0,0,0,0,0,0,-0.19673,0.0,0.0,"{""max_temperature_c"": 34.22, ""mean_temperature_c"": 30.45, ""humidity_percent"": 66.7, ""wbgt_c"": 29.55, ""heat_index_c"": 40.33, ""heat_duration_hours"": 0, ""consecutive_heat_days"": 0}"
2026-07-10,Kerala,SYNTHETIC,35800000,17.0,45.0,38.0,0.28,50.0,28.46,25.15,26.8,80.5,5.13,23.17,32.09,89.75,26.01,LOW,0,25.74,False,0,-0.34,-6.5,0,0,0.289,0.647,0.3,0.394,0.443,0.533,0.619,0.835,0.65,0.566,0.0004,0.0007,0.0001,0.0036,0.0295,0.0012,0.077,0.00655,0.02091,0.02746,0,0,0,0,0,0,0,0,0,0,-0.02746,0.0,0.0,"{""max_temperature_c"": 28.46, ""mean_temperature_c"": 26.8, ""humidity_percent"": 80.5, ""wbgt_c"": 26.01, ""heat_index_c"": 32.09, ""heat_duration_hours"": 0, ""consecutive_heat_days"": 0}"
2026-07-10,Karnataka,SYNTHETIC,68000000,11.5,38.5,50.0,0.45,42.0,30.65,23.01,26.83,72.2,4.59,21.41,33.64,92.56,26.48,LOW,0,23.49,False,0,1.08,-5.3,0,0,0.0,0.427,0.613,0.324,0.69,0.578,0.543,0.695,0.55,0.534,0.012,0.0,0.0463,0.0281,0.012,0.0583,0.1396,0.02817,0.08967,0.11785,0,0,0,0,0,0,0,0,0,0,-0.11785,0.0,0.0,"{""max_temperature_c"": 30.65, ""mean_temperature_c"": 26.83, ""humidity_percent"": 72.2, ""wbgt_c"": 26.48, ""heat_index_c"": 33.64, ""heat_duration_hours"": 0, ""consecutive_heat_days"": 0}"
2026-07-11,Tamil Nadu,SYNTHETIC,77000000,13.0,40.0,47.0,0.36,55.0,35.06,27.03,31.04,60.9,2.37,22.6,40.25,104.46,29.69,CAUTION,1,27.78,False,0,0.38,-5.2,0,0,0.63,0.575,0.436,0.501,0.752,0.501,0.552,0.78,0.6,0.528,0.2402,0.211,0.4393,0.6094,0.3093,0.8906,2.6249,0.04881,0.14295,0.19175,0,1,1,0,1,0,0,0,1,0,0.80825,0.001299,0.0,"{""max_temperature_c"": 35.06, ""mean_temperature_c"": 31.04, ""humidity_percent"": 60.9, ""wbgt_c"": 29.69, ""heat_index_c"": 40.25, ""heat_duration_hours"": 0, ""consecutive_heat_days"": 0}"
2026-07-11,Kerala,SYNTHETIC,35800000,17.0,45.0,38.0,0.28,50.0,29.34,24.52,26.93,81.5,2.88,23.49,33.65,92.56,26.74,LOW,0,25.15,False,0,0.59,-5.8,0,0,0.191,0.686,0.294,0.417,0.441,0.528,0.6,0.832,0.65,0.564,0.0186,0.0004,0.0007,0.0001,0.0542,0.0197,0.0413,0.00651,0.02074,0.02725,0,0,0,0,0,0,0,0,0,0,-0.02725,0.0,0.0,"{""max_temperature_c"": 29.34, ""mean_temperature_c"": 26.93, ""humidity_percent"": 81.5, ""wbgt_c"": 26.74, ""heat_index_c"": 33.65, ""heat_duration_hours"": 0, ""consecutive_heat_days"": 0}"
2026-07-11,Karnataka,SYNTHETIC,68000000,11.5,38.5,50.0,0.45,42.0,29.19,21.99,25.59,70.2,2.9,19.76,30.87,87.57,25.11,LOW,0,22.48,False,0,-0.3,-7.8,0,0,0.0,0.22,0.43,0.322,0.654,0.574,0.511,0.698,0.55,0.531,0.0,0.012,0.0,0.0463,0.0,0.012,0.1396,0.02395,0.08331,0.10726,0,0,0,0,0,0,0,0,0,0,-0.10726,0.0,0.0,"{""max_temperature_c"": 29.19, ""mean_temperature_c"": 25.59, ""humidity_percent"": 70.2, ""wbgt_c"": 25.11, ""heat_index_c"": 30.87, ""heat_duration_hours"": 0, ""consecutive_heat_days"": 0}"
2026-07-12,Tamil Nadu,SYNTHETIC,77000000,13.0,40.0,47.0,0.36,55.0,35.74,26.98,31.36,58.9,2.39,22.35,40.85,105.53,29.82,CAUTION,5,27.74,False,0,1.12,-7.4,0,0,0.623,0.544,0.322,0.506,0.729,0.502,0.563,0.779,0.6,0.529,0.291,0.2402,0.211,0.4393,0.4316,0.7423,2.4844,0.04383,0.13674,0.18056,0,0,0,0,0,0,0,0,0,0,-0.18056,0.0,0.0,"{""max_temperature_c"": 35.74, ""mean_temperature_c"": 31.36, ""humidity_percent"": 58.9, ""wbgt_c"": 29.82, ""heat_index_c"": 40.85, ""heat_duration_hours"": 0, ""consecutive_heat_days"": 0}"
2026-07-12,Kerala,SYNTHETIC,35800000,17.0,45.0,38.0,0.28,50.0,28.97,24.05,26.51,86.8,1.82,24.12,33.65,92.57,26.78,LOW,0,24.67,False,0,0.26,-0.7,0,0,0.112,0.765,0.298,0.413,0.442,0.527,0.598,0.833,0.65,0.568,0.0196,0.0186,0.0004,0.0007,0.0087,0.0385,0.0522,0.00644,0.02044,0.02688,0,0,0,0,0,0,0,0,0,0,-0.02688,0.0,0.0,"{""max_temperature_c"": 28.97, ""mean_temperature_c"": 26.51, ""humidity_percent"": 86.8, ""wbgt_c"": 26.78, ""heat_index_c"": 33.65, ""heat_duration_hours"": 0, ""consecutive_heat_days"": 0}"
2026-07-12,Karnataka,SYNTHETIC,68000000,11.5,38.5,50.0,0.45,42.0,29.16,21.76,25.46,71.9,5.97,20.03,30.97,87.75,24.96,LOW,0,22.29,False,0,-0.26,-6.3,0,0,0.0,0.253,0.399,0.356,0.647,0.572,0.494,0.699,0.55,0.532,0.0,0.0,0.012,0.0,0.0187,0.012,0.1209,0.02299,0.08114,0.10414,1,0,1,1,0,1,0,0,0,1,0.89586,0.001471,0.001471,"{""max_temperature_c"": 29.16, ""mean_temperature_c"": 25.46, ""humidity_percent"": 71.9, ""wbgt_c"": 24.96, ""heat_index_c"": 30.97, ""heat_duration_hours"": 0, ""consecutive_heat_days"": 0}"
2026-07-13,Tamil Nadu,SYNTHETIC,77000000,13.0,40.0,47.0,0.36,55.0,34.03,25.43,29.73,64.8,2.62,22.4,38.73,101.72,28.86,CAUTION,0,26.2,False,0,-0.54,-1.6,0,0,0.366,0.55,0.382,0.511,0.741,0.5,0.522,0.779,0.6,0.528,0.1553,0.291,0.2402,0.211,0.3644,0.6865,2.2752,0.04135,0.12322,0.16457,0,0,0,0,0,0,0,0,0,0,-0.16457,0.0,0.0,"{""max_temperature_c"": 34.03, ""mean_temperature_c"": 29.73, ""humidity_percent"": 64.8, ""wbgt_c"": 28.86, ""heat_index_c"": 38.73, ""heat_duration_hours"": 0, ""consecutive_heat_days"": 0}"
2026-07-13,Kerala,SYNTHETIC,35800000,17.0,45.0,38.0,0.28,50.0,29.42,25.6,27.51,87.9,1.82,25.32,35.61,96.09,27.49,LOW,0,26.21,False,0,0.75,0.3,0,0,0.369,0.916,0.279,0.411,0.438,0.526,0.578,0.832,0.65,0.568,0.0373,0.0196,0.0186,0.0004,0.0093,0.0755,0.0803,0.0064,0.02048,0.02688,0,0,0,0,0,0,0,0,0,0,-0.02688,0.0,0.0,"{""max_temperature_c"": 29.42, ""mean_temperature_c"": 27.51, ""humidity_percent"": 87.9, ""wbgt_c"": 27.49, ""heat_index_c"": 35.61, ""heat_duration_hours"": 0, ""consecutive_heat_days"": 0}"
2026-07-13,Karnataka,SYNTHETIC,68000000,11.5,38.5,50.0,0.45,42.0,30.16,24.55,27.35,79.0,3.31,23.4,34.73,94.52,27.05,LOW,0,25.06,False,0,0.81,0.4,0,0,0.176,0.675,0.592,0.336,0.686,0.57,0.528,0.698,0.55,0.532,0.0262,0.0,0.0,0.012,0.0346,0.0262,0.1125,0.02645,0.08482,0.11127,0,1,1,0,1,0,0,1,0,0,0.88873,0.001471,0.0,"{""max_temperature_c"": 30.16, ""mean_temperature_c"": 27.35, ""humidity_percent"": 79.0, ""wbgt_c"": 27.05, ""heat_index_c"": 34.73, ""heat_duration_hours"": 0, ""consecutive_heat_days"": 0}"
2026-07-14,Tamil Nadu,SYNTHETIC,77000000,13.0,40.0,47.0,0.36,55.0,35.75,28.5,32.12,63.5,2.47,24.32,43.31,109.97,30.76,DANGER,5,29.27,False,0,1.22,-3.1,6,1,0.878,0.79,0.439,0.511,0.753,0.499,0.573,0.779,0.6,0.526,0.4382,0.1553,0.291,0.2402,0.3289,0.8845,2.3845,0.06833,0.22267,0.291,0,0,0,0,0,0,0,0,0,0,-0.291,0.0,0.0,"{""max_temperature_c"": 35.75, ""mean_temperature_c"": 32.12, ""humidity_percent"": 63.5, ""wbgt_c"": 30.76, ""heat_index_c"": 43.31, ""heat_duration_hours"": 6, ""consecutive_heat_days"": 1}"
2026-07-14,Kerala,SYNTHETIC,35800000,17.0,45.0,38.0,0.28,50.0,28.12,25.09,26.61,87.5,3.75,24.36,32.41,90.34,26.31,LOW,0,25.73,False,0,-0.51,-0.3,0,0,0.289,0.795,0.324,0.427,0.447,0.528,0.614,0.833,0.65,0.565,0.0077,0.0373,0.0196,0.0186,0.0036,0.0647,0.0844,0.00637,0.01995,0.02632,0,0,0,0,0,0,0,0,0,0,-0.02632,0.0,0.0,"{""max_temperature_c"": 28.12, ""mean_temperature_c"": 26.61, ""humidity_percent"": 87.5, ""wbgt_c"": 26.31, ""heat_index_c"": 32.41, ""heat_duration_hours"": 0, ""consecutive_heat_days"": 0}"
2026-07-14,Karnataka,SYNTHETIC,68000000,11.5,38.5,50.0,0.45,42.0,27.99,19.18,23.59,79.8,3.25,19.89,29.6,85.29,24.4,LOW,0,19.69,False,0,-1.28,0.9,0,0,0.0,0.237,0.483,0.342,0.664,0.579,0.524,0.697,0.55,0.536,0.0,0.0262,0.0,0.0,0.0281,0.0262,0.0844,0.02384,0.08095,0.10479,0,0,0,0,0,0,0,0,0,0,-0.10479,0.0,0.0,"{""max_temperature_c"": 27.99, ""mean_temperature_c"": 23.59, ""humidity_percent"": 79.8, ""wbgt_c"": 24.4, ""heat_index_c"": 29.6, ""heat_duration_hours"": 0, ""consecutive_heat_days"": 0}"
2026-07-15,Tamil Nadu,SYNTHETIC,77000000,13.0,40.0,47.0,0.36,55.0,34.79,29.27,32.03,66.5,4.29,25.0,43.04,109.48,30.43,DANGER,0,29.97,False,0,0.32,-0.3,5,2,0.995,0.875,0.392,0.466,0.743,0.499,0.55,0.776,0.6,0.526,0.3317,0.4382,0.1553,0.291,0.6094,0.9252,2.1068,0.06158,0.20057,0.26215,0,1,1,0,1,0,0,0,0,1,0.73785,0.001299,0.0,"{""max_temperature_c"": 34.79, ""mean_temperature_c"": 32.03, ""humidity_percent"": 66.5, ""wbgt_c"": 30.43, ""heat_index_c"": 43.04, ""heat_duration_hours"": 5, ""consecutive_heat_days"": 2}"
2026-07-15,Kerala,SYNTHETIC,35800000,17.0,45.0,38.0,0.28,50.0,28.91,24.67,26.79,86.0,2.29,24.25,33.67,92.6,26.74,LOW,0,25.32,False,0,0.32,-1.9,0,0,0.22,0.781,0.343,0.437,0.451,0.528,0.57,0.832,0.65,0.562,0.0186,0.0077,0.0373,0.0196,0.0001,0.0637,0.1029,0.0065,0.02011,0.02661,0,0,0,0,0,0,0,0,0,0,-0.02661,0.0,0.0,"{""max_temperature_c"": 28.91, ""mean_temperature_c"": 26.79, ""humidity_percent"": 86.0, ""wbgt_c"": 26.74, ""heat_index_c"": 33.67, ""heat_duration_hours"": 0, ""consecutive_heat_days"": 0}"
2026-07-15,Karnataka,SYNTHETIC,68000000,11.5,38.5,50.0,0.45,42.0,31.35,25.62,28.48,81.1,5.42,24.92,38.17,100.7,28.3,CAUTION,0,26.12,False,0,2.15,1.9,0,0,0.353,0.866,0.498,0.335,0.667,0.579,0.499,0.698,0.55,0.536,0.0723,0.0,0.0262,0.0,0.0463,0.0984,0.1104,0.02521,0.0848,0.11001,0,0,0,0,0,0,0,0,0,0,-0.11001,0.0,0.0,"{""max_temperature_c"": 31.35, ""mean_temperature_c"": 28.48, ""humidity_percent"": 81.1, ""wbgt_c"": 28.3, ""heat_index_c"": 38.17, ""heat_duration_hours"": 0, ""consecutive_heat_days"": 0}"
2026-07-16,Tamil Nadu,SYNTHETIC,77000000,13.0,40.0,47.0,0.36,55.0,35.27,28.73,32.0,63.1,3.44,24.1,42.39,108.3,30.17,DANGER,3,29.44,False,0,0.85,-3.8,3,3,0.907,0.762,0.415,0.474,0.748,0.501,0.566,0.777,0.6,0.528,0.3053,0.3317,0.4382,0.1553,0.4393,1.0752,1.9728,0.05451,0.16999,0.22449,0,0,0,0,0,0,0,0,0,0,-0.22449,0.0,0.0,"{""max_temperature_c"": 35.27, ""mean_temperature_c"": 32.0, ""humidity_percent"": 63.1, ""wbgt_c"": 30.17, ""heat_index_c"": 42.39, ""heat_duration_hours"": 3, ""consecutive_heat_days"": 3}"
2026-07-16,Kerala,SYNTHETIC,35800000,17.0,45.0,38.0,0.28,50.0,29.63,25.9,27.76,83.0,2.29,24.61,35.18,95.32,27.25,LOW,0,26.49,False,0,1.07,-5.0,0,0,0.415,0.826,0.295,0.392,0.441,0.532,0.618,0.832,0.65,0.562,0.0312,0.0186,0.0077,0.0373,0.0007,0.0575,0.1334,0.00615,0.01962,0.02577,0,0,0,0,0,0,0,0,0,0,-0.02577,0.0,0.0,"{""max_temperature_c"": 29.63, ""mean_temperature_c"": 27.76, ""humidity_percent"": 83.0, ""wbgt_c"": 27.25, ""heat_index_c"": 35.18, ""heat_duration_hours"": 0, ""consecutive_heat_days"": 0}"
2026-07-16,Karnataka,SYNTHETIC,68000000,11.5,38.5,50.0,0.45,42.0,31.35,25.15,28.25,80.0,4.03,24.47,37.59,99.66,28.03,CAUTION,0,25.62,False,0,2.21,0.6,0,0,0.27,0.809,0.511,0.312,0.67,0.585,0.486,0.699,0.55,0.534,0.0522,0.0723,0.0,0.0262,0.0,0.1245,0.1627,0.02528,0.08396,0.10924,0,0,0,0,0,0,0,0,0,0,-0.10924,0.0,0.0,"{""max_temperature_c"": 31.35, ""mean_temperature_c"": 28.25, ""humidity_percent"": 80.0, ""wbgt_c"": 28.03, ""heat_index_c"": 37.59, ""heat_duration_hours"": 0, ""consecutive_heat_days"": 0}"
2026-07-17,Tamil Nadu,SYNTHETIC,77000000,13.0,40.0,47.0,0.36,55.0,35.41,29.91,32.66,65.6,3.35,25.37,44.45,112.01,30.92,DANGER,5,30.64,False,0,1.04,-1.5,7,4,1.0,0.922,0.434,0.493,0.752,0.495,0.54,0.775,0.6,0.532,0.4456,0.3053,0.3317,0.4382,0.211,1.0827,2.2074,0.07436,0.24541,0.31977,0,0,0,0,0,0,0,0,0,0,-0.31977,0.0,0.0,"{""max_temperature_c"": 35.41, ""mean_temperature_c"": 32.66, ""humidity_percent"": 65.6, ""wbgt_c"": 30.92, ""heat_index_c"": 44.45, ""heat_duration_hours"": 7, ""consecutive_heat_days"": 4}"
2026-07-17,Kerala,SYNTHETIC,35800000,17.0,45.0,38.0,0.28,50.0,28.98,25.7,27.34,88.4,2.05,25.25,34.76,94.57,27.29,LOW,0,26.22,False,0,0.45,0.2,0,0,0.37,0.907,0.343,0.348,0.451,0.539,0.576,0.833,0.65,0.561,0.0324,0.0312,0.0186,0.0077,0.0004,0.0821,0.1654,0.00647,0.02007,0.02654,0,0,0,0,0,0,0,0,0,0,-0.02654,0.0,0.0,"{""max_temperature_c"": 28.98, ""mean_temperature_c"": 27.34, ""humidity_percent"": 88.4, ""wbgt_c"": 27.29, ""heat_index_c"": 34.76, ""heat_duration_hours"": 0, ""consecutive_heat_days"": 0}"
2026-07-17,Karnataka,SYNTHETIC,68000000,11.5,38.5,50.0,0.45,42.0,31.58,24.77,28.17,84.0,4.47,25.21,38.88,101.98,28.57,CAUTION,0,25.27,False,0,2.5,4.3,0,0,0.212,0.901,0.54,0.338,0.676,0.588,0.495,0.697,0.55,0.536,0.0927,0.0522,0.0723,0.0,0.012,0.2171,0.2433,0.02633,0.08617,0.1125,0,1,1,0,1,0,0,0,0,1,0.8875,0.001471,0.0,"{""max_temperature_c"": 31.58, ""mean_temperature_c"": 28.17, ""humidity_percent"": 84.0, ""wbgt_c"": 28.57, ""heat_index_c"": 38.88, ""heat_duration_hours"": 0, ""consecutive_heat_days"": 0}"
2026-07-18,Tamil Nadu,SYNTHETIC,77000000,13.0,40.0,47.0,0.36,55.0,32.95,26.44,29.7,74.6,2.19,24.7,40.11,104.2,29.47,CAUTION,0,27.13,False,0,-1.37,7.3,0,0,0.521,0.837,0.395,0.46,0.744,0.497,0.579,0.775,0.6,0.53,0.1795,0.4456,0.3053,0.3317,0.2402,0.9304,2.1467,0.04138,0.12257,0.16396,0,0,0,0,0,0,0,0,0,0,-0.16396,0.0,0.0,"{""max_temperature_c"": 32.95, ""mean_temperature_c"": 29.7, ""humidity_percent"": 74.6, ""wbgt_c"": 29.47, ""heat_index_c"": 40.11, ""heat_duration_hours"": 0, ""consecutive_heat_days"": 0}"
2026-07-18,Kerala,SYNTHETIC,35800000,17.0,45.0,38.0,0.28,50.0,27.37,22.55,24.96,92.9,4.82,23.72,30.63,87.14,25.63,LOW,0,23.11,False,0,-1.14,4.6,0,0,0.0,0.715,0.308,0.368,0.444,0.539,0.621,0.835,0.65,0.559,0.0,0.0324,0.0312,0.0186,0.0186,0.0635,0.1468,0.00597,0.01896,0.02494,0,0,0,0,0,0,0,0,0,0,-0.02494,0.0,0.0,"{""max_temperature_c"": 27.37, ""mean_temperature_c"": 24.96, ""humidity_percent"": 92.9, ""wbgt_c"": 25.63, ""heat_index_c"": 30.63, ""heat_duration_hours"": 0, ""consecutive_heat_days"": 0}"
2026-07-18,Karnataka,SYNTHETIC,68000000,11.5,38.5,50.0,0.45,42.0,29.89,22.66,26.27,87.8,8.55,24.09,35.03,95.05,27.03,LOW,0,23.11,False,0,0.87,7.9,0,0,0.0,0.761,0.497,0.299,0.667,0.577,0.535,0.697,0.55,0.535,0.0258,0.0927,0.0522,0.0723,0.0,0.1707,0.2691,0.02345,0.07831,0.10176,0,0,0,0,0,0,0,0,0,0,-0.10176,0.0,0.0,"{""max_temperature_c"": 29.89, ""mean_temperature_c"": 26.27, ""humidity_percent"": 87.8, ""wbgt_c"": 27.03, ""heat_index_c"": 35.03, ""heat_duration_hours"": 0, ""consecutive_heat_days"": 0}"
2026-07-19,Tamil Nadu,SYNTHETIC,77000000,13.0,40.0,47.0,0.36,55.0,32.7,25.91,29.3,78.0,4.31,25.06,40.27,104.49,29.39,CAUTION,0,26.6,False,0,-1.58,10.6,0,0,0.433,0.883,0.357,0.459,0.736,0.492,0.519,0.777,0.6,0.527,0.1684,0.1795,0.4456,0.3053,0.291,0.7935,2.024,0.03834,0.11682,0.15516,0,0,0,0,0,0,0,0,0,0,-0.15516,0.0,0.0,"{""max_temperature_c"": 32.7, ""mean_temperature_c"": 29.3, ""humidity_percent"": 78.0, ""wbgt_c"": 29.39, ""heat_index_c"": 40.27, ""heat_duration_hours"": 0, ""consecutive_heat_days"": 0}"
2026-07-19,Kerala,SYNTHETIC,35800000,17.0,45.0,38.0,0.28,50.0,27.14,22.49,24.82,91.3,5.54,23.3,30.01,86.02,25.27,LOW,0,23.1,False,0,-1.34,2.9,0,0,0.0,0.662,0.248,0.405,0.432,0.542,0.577,0.833,0.65,0.554,0.0,0.0,0.0324,0.0312,0.0196,0.0324,0.1272,0.0057,0.01863,0.02434,0,0,0,0,0,0,0,0,0,0,-0.02434,0.0,0.0,"{""max_temperature_c"": 27.14, ""mean_temperature_c"": 24.82, ""humidity_percent"": 91.3, ""wbgt_c"": 25.27, ""heat_index_c"": 30.01, ""heat_duration_hours"": 0, ""consecutive_heat_days"": 0}"
2026-07-19,Karnataka,SYNTHETIC,68000000,11.5,38.5,50.0,0.45,42.0,29.69,22.53,26.11,81.9,3.58,22.76,33.51,92.33,26.51,LOW,0,23.05,False,0,0.73,1.7,0,0,0.0,0.596,0.387,0.351,0.645,0.582,0.492,0.698,0.55,0.537,0.0128,0.0258,0.0927,0.0522,0.0,0.1313,0.282,0.02118,0.07491,0.09608,0,0,0,0,0,0,0,0,0,0,-0.09608,0.0,0.0,"{""max_temperature_c"": 29.69, ""mean_temperature_c"": 26.11, ""humidity_percent"": 81.9, ""wbgt_c"": 26.51, ""heat_index_c"": 33.51, ""heat_duration_hours"": 0, ""consecutive_heat_days"": 0}"
2026-07-20,Tamil Nadu,SYNTHETIC,77000000,13.0,40.0,47.0,0.36,55.0,32.29,26.34,29.32,76.1,4.98,24.68,39.18,102.52,28.83,CAUTION,0,27.0,False,0,-1.93,8.6,0,0,0.5,0.835,0.433,0.436,0.752,0.486,0.542,0.776,0.6,0.529,0.1178,0.1684,0.1795,0.4456,0.1553,0.4657,1.9866,0.03708,0.10942,0.1465,1,0,1,1,0,1,0,0,1,0,0.8535,0.001299,0.001299,"{""max_temperature_c"": 32.29, ""mean_temperature_c"": 29.32, ""humidity_percent"": 76.1, ""wbgt_c"": 28.83, ""heat_index_c"": 39.18, ""heat_duration_hours"": 0, ""consecutive_heat_days"": 0}"
2026-07-20,Kerala,SYNTHETIC,35800000,17.0,45.0,38.0,0.28,50.0,27.54,22.51,25.02,97.7,1.35,24.63,31.51,88.73,26.2,LOW,0,23.12,False,0,-0.93,9.2,0,0,0.0,0.829,0.266,0.405,0.436,0.54,0.607,0.834,0.65,0.55,0.0049,0.0,0.0,0.0324,0.0373,0.0049,0.0947,0.00564,0.01831,0.02394,0,0,0,0,0,0,0,0,0,0,-0.02394,0.0,0.0,"{""max_temperature_c"": 27.54, ""mean_temperature_c"": 25.02, ""humidity_percent"": 97.7, ""wbgt_c"": 26.2, ""heat_index_c"": 31.51, ""heat_duration_hours"": 0, ""consecutive_heat_days"": 0}"
2026-07-20,Karnataka,SYNTHETIC,68000000,11.5,38.5,50.0,0.45,42.0,29.38,22.91,26.14,77.4,1.31,21.87,32.41,90.33,26.0,LOW,0,23.38,False,0,0.47,-3.0,0,0,0.0,0.484,0.488,0.317,0.665,0.576,0.509,0.696,0.55,0.535,0.0,0.0128,0.0258,0.0927,0.0262,0.0387,0.2558,0.02202,0.07436,0.09638,0,0,0,0,0,0,0,0,0,0,-0.09638,0.0,0.0,"{""max_temperature_c"": 29.38, ""mean_temperature_c"": 26.14, ""humidity_percent"": 77.4, ""wbgt_c"": 26.0, ""heat_index_c"": 32.41, ""heat_duration_hours"": 0, ""consecutive_heat_days"": 0}"
2026-07-21,Tamil Nadu,SYNTHETIC,77000000,13.0,40.0,47.0,0.36,55.0,34.25,26.04,30.15,66.0,4.72,23.1,39.79,103.62,29.17,CAUTION,0,26.79,False,0,0.07,-1.7,0,0,0.464,0.637,0.453,0.495,0.756,0.486,0.505,0.776,0.6,0.526,0.1823,0.1178,0.1684,0.1795,0.4382,0.4686,1.7307,0.03798,0.11097,0.14896,0,0,0,0,0,0,0,0,0,0,-0.14896,0.0,0.0,"{""max_temperature_c"": 34.25, ""mean_temperature_c"": 30.15, ""humidity_percent"": 66.0, ""wbgt_c"": 29.17, ""heat_index_c"": 39.79, ""heat_duration_hours"": 0, ""consecutive_heat_days"": 0}"
2026-07-21,Kerala,SYNTHETIC,35800000,17.0,45.0,38.0,0.28,50.0,28.19,23.44,25.81,98.0,2.71,25.47,33.49,92.28,26.92,LOW,0,24.01,False,0,-0.26,9.5,0,0,0.002,0.934,0.381,0.384,0.459,0.541,0.619,0.835,0.65,0.55,0.0229,0.0049,0.0,0.0,0.0077,0.0278,0.1099,0.00614,0.01883,0.02497,0,0,0,0,0,0,0,0,0,0,-0.02497,0.0,0.0,"{""max_temperature_c"": 28.19, ""mean_temperature_c"": 25.81, ""humidity_percent"": 98.0, ""wbgt_c"": 26.92, ""heat_index_c"": 33.49, ""heat_duration_hours"": 0, ""consecutive_heat_days"": 0}"
2026-07-21,Karnataka,SYNTHETIC,68000000,11.5,38.5,50.0,0.45,42.0,30.23,23.29,26.76,77.0,4.13,22.39,33.91,93.04,26.73,LOW,0,23.77,False,0,1.37,-3.5,0,0,0.0,0.549,0.552,0.323,0.678,0.571,0.541,0.697,0.55,0.533,0.0183,0.0,0.0128,0.0258,0.0,0.0311,0.2741,0.02244,0.07348,0.09592,0,0,0,0,0,0,0,0,0,0,-0.09592,0.0,0.0,"{""max_temperature_c"": 30.23, ""mean_temperature_c"": 26.76, ""humidity_percent"": 77.0, ""wbgt_c"": 26.73, ""heat_index_c"": 33.91, ""heat_duration_hours"": 0, ""consecutive_heat_days"": 0}"
2026-07-22,Tamil Nadu,SYNTHETIC,77000000,13.0,40.0,47.0,0.36,55.0,34.39,27.27,30.83,65.9,2.15,23.72,40.73,105.32,29.82,CAUTION,0,28.03,False,0,0.26,-2.0,0,0,0.671,0.715,0.422,0.505,0.749,0.481,0.549,0.775,0.6,0.523,0.2346,0.1823,0.1178,0.1684,0.3317,0.5348,1.6336,0.03792,0.11353,0.15144,0,0,0,0,0,0,0,0,0,0,-0.15144,0.0,0.0,"{""max_temperature_c"": 34.39, ""mean_temperature_c"": 30.83, ""humidity_percent"": 65.9, ""wbgt_c"": 29.82, ""heat_index_c"": 40.73, ""heat_duration_hours"": 0, ""consecutive_heat_days"": 0}"
2026-07-22,Kerala,SYNTHETIC,35800000,17.0,45.0,38.0,0.28,50.0,29.01,25.68,27.35,94.6,6.0,26.4,36.14,97.05,27.73,LOW,0,26.22,False,0,0.58,6.0,0,0,0.37,1.0,0.344,0.358,0.451,0.542,0.601,0.836,0.65,0.545,0.0433,0.0229,0.0049,0.0,0.0186,0.071,0.1346,0.00607,0.01893,0.025,0,0,0,0,0,0,0,0,0,0,-0.025,0.0,0.0,"{""max_temperature_c"": 29.01, ""mean_temperature_c"": 27.35, ""humidity_percent"": 94.6, ""wbgt_c"": 27.73, ""heat_index_c"": 36.14, ""heat_duration_hours"": 0, ""consecutive_heat_days"": 0}"
2026-07-22,Karnataka,SYNTHETIC,68000000,11.5,38.5,50.0,0.45,42.0,28.28,21.79,25.04,79.2,2.57,21.19,30.58,87.04,25.08,LOW,0,22.29,False,0,-0.53,-1.4,0,0,0.0,0.399,0.53,0.329,0.674,0.567,0.488,0.698,0.55,0.534,0.0,0.0183,0.0,0.0128,0.0723,0.0183,0.2018,0.02187,0.07207,0.09394,0,0,0,0,0,0,0,0,0,0,-0.09394,0.0,0.0,"{""max_temperature_c"": 28.28, ""mean_temperature_c"": 25.04, ""humidity_percent"": 79.2, ""wbgt_c"": 25.08, ""heat_index_c"": 30.58, ""heat_duration_hours"": 0, ""consecutive_heat_days"": 0}"
2026-07-23,Tamil Nadu,SYNTHETIC,77000000,13.0,40.0,47.0,0.36,55.0,34.3,26.93,30.62,70.0,3.4,24.51,41.68,107.02,29.99,CAUTION,0,27.54,False,0,0.22,1.9,0,0,0.591,0.814,0.399,0.408,0.745,0.478,0.546,0.774,0.6,0.521,0.2453,0.2346,0.1823,0.1178,0.3053,0.6622,1.5735,0.03759,0.11304,0.15064,0,0,0,0,0,0,0,0,0,0,-0.15064,0.0,0.0,"{""max_temperature_c"": 34.3, ""mean_temperature_c"": 30.62, ""humidity_percent"": 70.0, ""wbgt_c"": 29.99, ""heat_index_c"": 41.68, ""heat_duration_hours"": 0, ""consecutive_heat_days"": 0}"
2026-07-23,Kerala,SYNTHETIC,35800000,17.0,45.0,38.0,0.28,50.0,29.04,25.62,27.33,89.3,4.33,25.42,35.05,95.09,27.27,LOW,0,26.21,False,0,0.61,0.7,0,0,0.368,0.927,0.298,0.396,0.442,0.542,0.581,0.837,0.65,0.544,0.0318,0.0433,0.0229,0.0049,0.0312,0.098,0.1352,0.00579,0.01839,0.02418,0,0,0,0,0,0,0,0,0,0,-0.02418,0.0,0.0,"{""max_temperature_c"": 29.04, ""mean_temperature_c"": 27.33, ""humidity_percent"": 89.3, ""wbgt_c"": 27.27, ""heat_index_c"": 35.05, ""heat_duration_hours"": 0, ""consecutive_heat_days"": 0}"
2026-07-23,Karnataka,SYNTHETIC,68000000,11.5,38.5,50.0,0.45,42.0,28.34,22.07,25.2,84.0,1.61,22.3,31.31,88.35,25.65,LOW,0,22.62,False,0,-0.43,3.1,0,0,0.0,0.537,0.545,0.369,0.677,0.57,0.508,0.698,0.55,0.533,0.0,0.0,0.0183,0.0,0.0522,0.0183,0.1496,0.02167,0.07117,0.09284,0,0,0,0,0,0,0,0,0,0,-0.09284,0.0,0.0,"{""max_temperature_c"": 28.34, ""mean_temperature_c"": 25.2, ""humidity_percent"": 84.0, ""wbgt_c"": 25.65, ""heat_index_c"": 31.31, ""heat_duration_hours"": 0, ""consecutive_heat_days"": 0}"
2026-07-24,Tamil Nadu,SYNTHETIC,77000000,13.0,40.0,47.0,0.36,55.0,34.67,27.98,31.32,70.6,3.43,25.35,43.4,110.13,30.51,DANGER,0,28.67,False,0,0.63,2.4,5,1,0.779,0.918,0.441,0.465,0.753,0.481,0.58,0.773,0.6,0.522,0.3427,0.2453,0.2346,0.1823,0.4456,0.8225,1.4706,0.0522,0.16552,0.21772,0,1,1,1,0,0,0,0,0,1,0.78228,0.001299,0.0,"{""max_temperature_c"": 34.67, ""mean_temperature_c"": 31.32, ""humidity_percent"": 70.6, ""wbgt_c"": 30.51, ""heat_index_c"": 43.4, ""heat_duration_hours"": 5, ""consecutive_heat_days"": 1}"
2026-07-24,Kerala,SYNTHETIC,35800000,17.0,45.0,38.0,0.28,50.0,28.15,22.95,25.55,93.1,2.75,24.35,32.46,90.43,26.34,LOW,0,23.6,False,0,-0.27,4.4,0,0,0.0,0.794,0.329,0.438,0.448,0.536,0.616,0.837,0.65,0.547,0.0084,0.0318,0.0433,0.0229,0.0324,0.0835,0.1113,0.00564,0.01768,0.02332,0,0,0,0,0,0,0,0,0,0,-0.02332,0.0,0.0,"{""max_temperature_c"": 28.15, ""mean_temperature_c"": 25.55, ""humidity_percent"": 93.1, ""wbgt_c"": 26.34, ""heat_index_c"": 32.46, ""heat_duration_hours"": 0, ""consecutive_heat_days"": 0}"
2026-07-24,Karnataka,SYNTHETIC,68000000,11.5,38.5,50.0,0.45,42.0,29.12,22.87,25.99,75.1,1.67,21.24,31.65,88.96,25.69,LOW,0,23.44,False,0,0.39,-5.9,0,0,0.0,0.405,0.535,0.376,0.675,0.568,0.475,0.698,0.55,0.529,0.0,0.0,0.0,0.0183,0.0927,0.0,0.0569,0.02138,0.07037,0.09175,0,0,0,0,0,0,0,0,0,0,-0.09175,0.0,0.0,"{""max_temperature_c"": 29.12, ""mean_temperature_c"": 25.99, ""humidity_percent"": 75.1, ""wbgt_c"": 25.69, ""heat_index_c"": 31.65, ""heat_duration_hours"": 0, ""consecutive_heat_days"": 0}"
2026-07-25,Tamil Nadu,SYNTHETIC,77000000,13.0,40.0,47.0,0.36,55.0,34.28,25.98,30.13,63.4,7.75,22.42,39.07,102.32,28.78,CAUTION,0,26.67,False,0,0.29,-5.0,0,0,0.445,0.552,0.385,0.456,0.742,0.476,0.551,0.77,0.6,0.524,0.154,0.3427,0.2453,0.2346,0.1795,0.7419,1.445,0.034,0.10033,0.13433,0,0,0,0,0,0,0,0,0,0,-0.13433,0.0,0.0,"{""max_temperature_c"": 34.28, ""mean_temperature_c"": 30.13, ""humidity_percent"": 63.4, ""wbgt_c"": 28.78, ""heat_index_c"": 39.07, ""heat_duration_hours"": 0, ""consecutive_heat_days"": 0}"
2026-07-25,Kerala,SYNTHETIC,35800000,17.0,45.0,38.0,0.28,50.0,29.39,24.15,26.77,89.5,3.07,24.89,35.09,95.16,27.21,LOW,0,24.76,False,0,0.97,0.7,0,0,0.127,0.862,0.303,0.407,0.443,0.531,0.615,0.837,0.65,0.543,0.0302,0.0084,0.0318,0.0433,0.0,0.0705,0.1415,0.00548,0.01737,0.02284,0,0,0,0,0,0,0,0,0,0,-0.02284,0.0,0.0,"{""max_temperature_c"": 29.39, ""mean_temperature_c"": 26.77, ""humidity_percent"": 89.5, ""wbgt_c"": 27.21, ""heat_index_c"": 35.09, ""heat_duration_hours"": 0, ""consecutive_heat_days"": 0}"
2026-07-25,Karnataka,SYNTHETIC,68000000,11.5,38.5,50.0,0.45,42.0,27.58,21.21,24.39,79.5,3.74,20.63,29.43,84.97,24.48,LOW,0,21.69,False,0,-1.11,-1.5,0,0,0.0,0.328,0.449,0.323,0.657,0.563,0.507,0.696,0.55,0.535,0.0,0.0,0.0,0.0,0.0258,0.0,0.0311,0.01924,0.06616,0.0854,0,0,0,0,0,0,0,0,0,0,-0.0854,0.0,0.0,"{""max_temperature_c"": 27.58, ""mean_temperature_c"": 24.39, ""humidity_percent"": 79.5, ""wbgt_c"": 24.48, ""heat_index_c"": 29.43, ""heat_duration_hours"": 0, ""consecutive_heat_days"": 0}"
2026-07-26,Tamil Nadu,SYNTHETIC,77000000,13.0,40.0,47.0,0.36,55.0,34.3,26.29,30.3,62.0,3.57,22.21,38.87,101.96,28.92,CAUTION,0,27.03,False,0,0.35,-6.5,0,0,0.506,0.526,0.323,0.493,0.73,0.481,0.545,0.768,0.6,0.524,0.1651,0.154,0.3427,0.2453,0.1684,0.6618,1.4418,0.03155,0.09739,0.12894,0,0,0,0,0,0,0,0,0,0,-0.12894,0.0,0.0,"{""max_temperature_c"": 34.3, ""mean_temperature_c"": 30.3, ""humidity_percent"": 62.0, ""wbgt_c"": 28.92, ""heat_index_c"": 38.87, ""heat_duration_hours"": 0, ""consecutive_heat_days"": 0}"
2026-07-26,Kerala,SYNTHETIC,35800000,17.0,45.0,38.0,0.28,50.0,27.41,22.16,24.79,87.0,8.52,22.47,30.04,86.08,24.99,LOW,0,22.79,False,0,-1.01,-1.7,0,0,0.0,0.559,0.249,0.415,0.432,0.533,0.578,0.837,0.65,0.55,0.0,0.0302,0.0084,0.0318,0.0,0.0386,0.1415,0.00514,0.01672,0.02187,0,0,0,0,0,0,0,0,0,0,-0.02187,0.0,0.0,"{""max_temperature_c"": 27.41, ""mean_temperature_c"": 24.79, ""humidity_percent"": 87.0, ""wbgt_c"": 24.99, ""heat_index_c"": 30.04, ""heat_duration_hours"": 0, ""consecutive_heat_days"": 0}"
2026-07-26,Karnataka,SYNTHETIC,68000000,11.5,38.5,50.0,0.45,42.0,27.89,21.89,24.89,83.5,3.75,21.9,30.44,86.8,25.21,LOW,0,22.4,False,0,-0.76,2.3,0,0,0.0,0.488,0.424,0.341,0.652,0.556,0.487,0.697,0.55,0.535,0.0,0.0,0.0,0.0,0.0128,0.0,0.0183,0.01854,0.06428,0.08282,0,0,0,0,0,0,0,0,0,0,-0.08282,0.0,0.0,"{""max_temperature_c"": 27.89, ""mean_temperature_c"": 24.89, ""humidity_percent"": 83.5, ""wbgt_c"": 25.21, ""heat_index_c"": 30.44, ""heat_duration_hours"": 0, ""consecutive_heat_days"": 0}"
2026-07-27,Tamil Nadu,SYNTHETIC,77000000,13.0,40.0,47.0,0.36,55.0,35.0,28.48,31.74,64.3,2.09,24.16,42.12,107.82,30.35,DANGER,1,29.22,False,0,1.1,-4.4,5,1,0.871,0.77,0.374,0.496,0.74,0.486,0.525,0.767,0.6,0.523,0.3212,0.1651,0.154,0.3427,0.1178,0.6403,1.6452,0.04622,0.15107,0.19729,0,1,1,0,1,0,0,0,0,1,0.80271,0.001299,0.0,"{""max_temperature_c"": 35.0, ""mean_temperature_c"": 31.74, ""humidity_percent"": 64.3, ""wbgt_c"": 30.35, ""heat_index_c"": 42.12, ""heat_duration_hours"": 5, ""consecutive_heat_days"": 1}"
2026-07-27,Kerala,SYNTHETIC,35800000,17.0,45.0,38.0,0.28,50.0,27.3,23.34,25.32,89.8,3.78,23.51,30.41,86.73,25.49,LOW,0,23.95,False,0,-1.12,1.0,0,0,0.0,0.689,0.365,0.405,0.455,0.539,0.582,0.837,0.65,0.548,0.0,0.0,0.0302,0.0084,0.0049,0.0302,0.1366,0.00557,0.01718,0.02275,0,0,0,0,0,0,0,0,0,0,-0.02275,0.0,0.0,"{""max_temperature_c"": 27.3, ""mean_temperature_c"": 25.32, ""humidity_percent"": 89.8, ""wbgt_c"": 25.49, ""heat_index_c"": 30.41, ""heat_duration_hours"": 0, ""consecutive_heat_days"": 0}"
2026-07-27,Karnataka,SYNTHETIC,68000000,11.5,38.5,50.0,0.45,42.0,27.27,20.27,23.77,78.6,7.19,19.83,28.76,83.77,23.86,LOW,0,20.77,False,0,-1.34,-2.6,0,0,0.0,0.229,0.52,0.33,0.672,0.558,0.538,0.696,0.55,0.534,0.0,0.0,0.0,0.0,0.0,0.0,0.0183,0.0194,0.06445,0.08384,0,0,0,0,0,0,0,0,0,0,-0.08384,0.0,0.0,"{""max_temperature_c"": 27.27, ""mean_temperature_c"": 23.77, ""humidity_percent"": 78.6, ""wbgt_c"": 23.86, ""heat_index_c"": 28.76, ""heat_duration_hours"": 0, ""consecutive_heat_days"": 0}"
2026-07-28,Tamil Nadu,SYNTHETIC,77000000,13.0,40.0,47.0,0.36,55.0,35.76,29.05,32.41,63.4,2.4,24.56,43.67,110.61,30.86,DANGER,5,29.83,False,0,1.9,-5.4,7,2,0.972,0.82,0.432,0.517,0.751,0.483,0.564,0.765,0.6,0.523,0.4558,0.3212,0.1651,0.154,0.1823,0.9422,1.9186,0.05904,0.19406,0.2531,0,0,0,0,0,0,0,0,0,0,-0.2531,0.0,0.0,"{""max_temperature_c"": 35.76, ""mean_temperature_c"": 32.41, ""humidity_percent"": 63.4, ""wbgt_c"": 30.86, ""heat_index_c"": 43.67, ""heat_duration_hours"": 7, ""consecutive_heat_days"": 2}"
2026-07-28,Kerala,SYNTHETIC,35800000,17.0,45.0,38.0,0.28,50.0,27.39,23.41,25.4,83.6,4.63,22.41,29.98,85.97,25.07,LOW,0,24.02,False,0,-1.04,-5.2,0,0,0.003,0.552,0.32,0.403,0.447,0.541,0.568,0.836,0.65,0.549,0.0,0.0,0.0,0.0302,0.0229,0.0,0.1137,0.00534,0.01681,0.02215,0,0,0,0,0,0,0,0,0,0,-0.02215,0.0,0.0,"{""max_temperature_c"": 27.39, ""mean_temperature_c"": 25.4, ""humidity_percent"": 83.6, ""wbgt_c"": 25.07, ""heat_index_c"": 29.98, ""heat_duration_hours"": 0, ""consecutive_heat_days"": 0}"
2026-07-28,Karnataka,SYNTHETIC,68000000,11.5,38.5,50.0,0.45,42.0,26.55,21.26,23.9,78.7,5.48,19.97,27.95,82.3,23.6,LOW,0,21.73,False,0,-2.04,-2.6,0,0,0.0,0.246,0.522,0.315,0.672,0.556,0.49,0.693,0.55,0.534,0.0,0.0,0.0,0.0,0.0183,0.0,0.0,0.01941,0.0641,0.08351,0,0,0,0,0,0,0,0,0,0,-0.08351,0.0,0.0,"{""max_temperature_c"": 26.55, ""mean_temperature_c"": 23.9, ""humidity_percent"": 78.7, ""wbgt_c"": 23.6, ""heat_index_c"": 27.95, ""heat_duration_hours"": 0, ""consecutive_heat_days"": 0}"
2026-07-29,Tamil Nadu,SYNTHETIC,77000000,13.0,40.0,47.0,0.36,55.0,34.5,26.3,30.4,57.7,3.39,21.12,38.04,100.47,28.6,CAUTION,0,26.95,False,0,0.68,-11.2,0,0,0.492,0.39,0.418,0.437,0.749,0.489,0.54,0.764,0.6,0.527,0.1448,0.4558,0.3212,0.1651,0.2346,0.9219,1.8289,0.03397,0.09772,0.1317,0,0,0,0,0,0,0,0,0,0,-0.1317,0.0,0.0,"{""max_temperature_c"": 34.5, ""mean_temperature_c"": 30.4, ""humidity_percent"": 57.7, ""wbgt_c"": 28.6, ""heat_index_c"": 38.04, ""heat_duration_hours"": 0, ""consecutive_heat_days"": 0}"
2026-07-29,Kerala,SYNTHETIC,35800000,17.0,45.0,38.0,0.28,50.0,27.38,23.19,25.29,85.5,2.11,22.68,30.11,86.19,25.2,LOW,0,23.8,False,0,-1.06,-3.2,0,0,0.0,0.585,0.293,0.404,0.441,0.536,0.632,0.836,0.65,0.545,0.0,0.0,0.0,0.0,0.0433,0.0,0.0705,0.00501,0.01609,0.02109,0,0,0,0,0,0,0,0,0,0,-0.02109,0.0,0.0,"{""max_temperature_c"": 27.38, ""mean_temperature_c"": 25.29, ""humidity_percent"": 85.5, ""wbgt_c"": 25.2, ""heat_index_c"": 30.11, ""heat_duration_hours"": 0, ""consecutive_heat_days"": 0}"
2026-07-29,Karnataka,SYNTHETIC,68000000,11.5,38.5,50.0,0.45,42.0,27.54,20.95,24.25,81.3,5.44,20.83,29.47,85.05,24.47,LOW,0,21.48,False,0,-1.01,-0.1,0,0,0.0,0.353,0.469,0.354,0.661,0.559,0.513,0.692,0.55,0.53,0.0,0.0,0.0,0.0,0.0,0.0,0.0,0.01827,0.06212,0.08039,0,0,0,0,0,0,0,0,0,0,-0.08039,0.0,0.0,"{""max_temperature_c"": 27.54, ""mean_temperature_c"": 24.25, ""humidity_percent"": 81.3, ""wbgt_c"": 24.47, ""heat_index_c"": 29.47, ""heat_duration_hours"": 0, ""consecutive_heat_days"": 0}"
2026-07-30,Tamil Nadu,SYNTHETIC,77000000,13.0,40.0,47.0,0.36,55.0,35.19,29.01,32.1,61.7,6.3,23.84,41.93,107.48,29.88,CAUTION,3,29.71,False,0,1.42,-7.3,0,0,0.952,0.729,0.417,0.465,0.748,0.493,0.507,0.767,0.6,0.529,0.2623,0.1448,0.4558,0.3212,0.2453,0.8629,1.8459,0.03734,0.11289,0.15023,0,0,0,0,0,0,0,0,0,0,-0.15023,0.0,0.0,"{""max_temperature_c"": 35.19, ""mean_temperature_c"": 32.1, ""humidity_percent"": 61.7, ""wbgt_c"": 29.88, ""heat_index_c"": 41.93, ""heat_duration_hours"": 0, ""consecutive_heat_days"": 0}"
2026-07-30,Kerala,SYNTHETIC,35800000,17.0,45.0,38.0,0.28,50.0,27.7,22.57,25.13,87.5,3.32,22.9,30.73,87.32,25.46,LOW,0,23.18,False,0,-0.75,-1.2,0,0,0.0,0.613,0.311,0.413,0.445,0.537,0.56,0.837,0.65,0.543,0.0,0.0,0.0,0.0,0.0318,0.0,0.0386,0.00515,0.01627,0.02143,0,0,0,0,0,0,0,0,0,0,-0.02143,0.0,0.0,"{""max_temperature_c"": 27.7, ""mean_temperature_c"": 25.13, ""humidity_percent"": 87.5, ""wbgt_c"": 25.46, ""heat_index_c"": 30.73, ""heat_duration_hours"": 0, ""consecutive_heat_days"": 0}"
2026-07-30,Karnataka,SYNTHETIC,68000000,11.5,38.5,50.0,0.45,42.0,28.42,21.95,25.18,79.3,3.81,21.34,30.84,87.5,25.21,LOW,0,22.49,False,0,-0.11,-2.1,0,0,0.0,0.417,0.63,0.362,0.694,0.564,0.536,0.691,0.55,0.527,0.0,0.0,0.0,0.0,0.0,0.0,0.0,0.02045,0.06443,0.08488,0,0,0,0,0,0,0,0,0,0,-0.08488,0.0,0.0,"{""max_temperature_c"": 28.42, ""mean_temperature_c"": 25.18, ""humidity_percent"": 79.3, ""wbgt_c"": 25.21, ""heat_index_c"": 30.84, ""heat_duration_hours"": 0, ""consecutive_heat_days"": 0}"
2026-07-31,Tamil Nadu,SYNTHETIC,77000000,13.0,40.0,47.0,0.36,55.0,33.98,26.27,30.12,67.9,3.31,23.54,39.97,103.95,29.41,CAUTION,0,26.96,False,0,0.25,-1.3,0,0,0.494,0.692,0.42,0.462,0.749,0.498,0.546,0.766,0.6,0.529,0.1957,0.2623,0.1448,0.4558,0.3427,0.6028,1.6989,0.03371,0.09977,0.13348,0,0,0,0,0,0,0,0,0,0,-0.13348,0.0,0.0,"{""max_temperature_c"": 33.98, ""mean_temperature_c"": 30.12, ""humidity_percent"": 67.9, ""wbgt_c"": 29.41, ""heat_index_c"": 39.97, ""heat_duration_hours"": 0, ""consecutive_heat_days"": 0}"
2026-07-31,Kerala,SYNTHETIC,35800000,17.0,45.0,38.0,0.28,50.0,27.59,22.84,25.22,93.8,4.04,24.14,31.3,88.34,25.93,LOW,0,23.47,False,0,-0.88,5.1,0,0,0.0,0.767,0.359,0.42,0.454,0.537,0.606,0.838,0.65,0.548,0.0,0.0,0.0,0.0,0.0084,0.0,0.0302,0.0052,0.0161,0.02129,0,0,0,0,0,0,0,0,0,0,-0.02129,0.0,0.0,"{""max_temperature_c"": 27.59, ""mean_temperature_c"": 25.22, ""humidity_percent"": 93.8, ""wbgt_c"": 25.93, ""heat_index_c"": 31.3, ""heat_duration_hours"": 0, ""consecutive_heat_days"": 0}"
2026-07-31,Karnataka,SYNTHETIC,68000000,11.5,38.5,50.0,0.45,42.0,27.07,19.24,23.15,84.0,4.2,20.31,28.69,83.64,24.03,LOW,0,19.75,False,0,-1.44,2.7,0,0,0.0,0.289,0.508,0.346,0.669,0.564,0.538,0.692,0.55,0.529,0.0,0.0,0.0,0.0,0.0,0.0,0.0,0.01823,0.06105,0.07929,0,0,0,0,0,0,0,0,0,0,-0.07929,0.0,0.0,"{""max_temperature_c"": 27.07, ""mean_temperature_c"": 23.15, ""humidity_percent"": 84.0, ""wbgt_c"": 24.03, ""heat_index_c"": 28.69, ""heat_duration_hours"": 0, ""consecutive_heat_days"": 0}"
2026-08-01,Tamil Nadu,SYNTHETIC,77000000,13.0,40.0,47.0,0.36,55.0,33.46,26.22,29.84,71.8,2.22,24.2,40.13,104.23,29.41,CAUTION,0,26.96,False,0,-0.23,2.4,0,0,0.493,0.775,0.384,0.492,0.742,0.499,0.574,0.768,0.6,0.529,0.1853,0.1957,0.2623,0.1448,0.154,0.6432,1.7302,0.03118,0.09461,0.12579,0,0,0,0,0,0,0,0,0,0,-0.12579,0.0,0.0,"{""max_temperature_c"": 33.46, ""mean_temperature_c"": 29.84, ""humidity_percent"": 71.8, ""wbgt_c"": 29.41, ""heat_index_c"": 40.13, ""heat_duration_hours"": 0, ""consecutive_heat_days"": 0}"
2026-08-01,Kerala,SYNTHETIC,35800000,17.0,45.0,38.0,0.28,50.0,26.97,22.91,24.94,87.6,3.92,22.74,29.47,85.04,25.05,LOW,0,23.53,False,0,-1.51,-1.0,0,0,0.0,0.593,0.307,0.417,0.444,0.54,0.604,0.836,0.65,0.548,0.0,0.0,0.0,0.0,0.0302,0.0,0.0,0.00494,0.01574,0.02068,0,0,0,0,0,0,0,0,0,0,-0.02068,0.0,0.0,"{""max_temperature_c"": 26.97, ""mean_temperature_c"": 24.94, ""humidity_percent"": 87.6, ""wbgt_c"": 25.05, ""heat_index_c"": 29.47, ""heat_duration_hours"": 0, ""consecutive_heat_days"": 0}"
2026-08-01,Karnataka,SYNTHETIC,68000000,11.5,38.5,50.0,0.45,42.0,25.55,19.04,22.29,83.3,6.8,19.33,25.95,78.71,22.73,LOW,0,19.57,False,0,-2.94,2.0,0,0,0.0,0.167,0.523,0.355,0.672,0.567,0.521,0.692,0.55,0.531,0.0,0.0,0.0,0.0,0.0,0.0,0.0,0.01835,0.06092,0.07927,0,0,0,0,0,0,0,0,0,0,-0.07927,0.0,0.0,"{""max_temperature_c"": 25.55, ""mean_temperature_c"": 22.29, ""humidity_percent"": 83.3, ""wbgt_c"": 22.73, ""heat_index_c"": 25.95, ""heat_duration_hours"": 0, ""consecutive_heat_days"": 0}"
2026-08-02,Tamil Nadu,SYNTHETIC,77000000,13.0,40.0,47.0,0.36,55.0,33.33,26.39,29.86,69.5,1.96,23.68,39.29,102.73,29.18,CAUTION,0,27.04,False,0,-0.32,0.0,0,0,0.507,0.71,0.359,0.435,0.737,0.499,0.539,0.767,0.6,0.525,0.1649,0.1853,0.1957,0.2623,0.1651,0.5459,1.73,0.0299,0.09162,0.12152,0,0,0,0,0,0,0,0,0,0,-0.12152,0.0,0.0,"{""max_temperature_c"": 33.33, ""mean_temperature_c"": 29.86, ""humidity_percent"": 69.5, ""wbgt_c"": 29.18, ""heat_index_c"": 39.29, ""heat_duration_hours"": 0, ""consecutive_heat_days"": 0}"
2026-08-02,Kerala,SYNTHETIC,35800000,17.0,45.0,38.0,0.28,50.0,27.69,22.43,25.06,83.1,4.55,21.99,30.21,86.38,25.04,LOW,0,22.99,False,0,-0.82,-5.4,0,0,0.0,0.499,0.259,0.376,0.434,0.537,0.603,0.836,0.65,0.545,0.0,0.0,0.0,0.0,0.0,0.0,0.0,0.00468,0.01525,0.01993,0,0,0,0,0,0,0,0,0,0,-0.01993,0.0,0.0,"{""max_temperature_c"": 27.69, ""mean_temperature_c"": 25.06, ""humidity_percent"": 83.1, ""wbgt_c"": 25.04, ""heat_index_c"": 30.21, ""heat_duration_hours"": 0, ""consecutive_heat_days"": 0}"
2026-08-02,Karnataka,SYNTHETIC,68000000,11.5,38.5,50.0,0.45,42.0,25.86,18.57,22.22,79.7,5.98,18.54,26.18,79.12,22.63,LOW,0,19.09,False,0,-2.61,-1.6,0,0,0.0,0.068,0.48,0.347,0.664,0.564,0.472,0.692,0.55,0.535,0.0,0.0,0.0,0.0,0.0,0.0,0.0,0.01768,0.05964,0.07732,0,0,0,0,0,0,0,0,0,0,-0.07732,0.0,0.0,"{""max_temperature_c"": 25.86, ""mean_temperature_c"": 22.22, ""humidity_percent"": 79.7, ""wbgt_c"": 22.63, ""heat_index_c"": 26.18, ""heat_duration_hours"": 0, ""consecutive_heat_days"": 0}"
2026-08-03,Tamil Nadu,SYNTHETIC,77000000,13.0,40.0,47.0,0.36,55.0,33.8,26.81,30.3,74.6,2.69,25.3,42.13,107.84,30.08,DANGER,0,27.48,False,0,0.19,5.0,2,1,0.58,0.912,0.419,0.446,0.749,0.505,0.551,0.766,0.6,0.526,0.2507,0.1649,0.1853,0.1957,0.3212,0.6009,1.6595,0.03621,0.11187,0.14809,0,1,1,1,0,0,0,0,0,1,0.85191,0.001299,0.0,"{""max_temperature_c"": 33.8, ""mean_temperature_c"": 30.3, ""humidity_percent"": 74.6, ""wbgt_c"": 30.08, ""heat_index_c"": 42.13, ""heat_duration_hours"": 2, ""consecutive_heat_days"": 1}"
2026-08-03,Kerala,SYNTHETIC,35800000,17.0,45.0,38.0,0.28,50.0,28.74,25.24,26.99,82.0,6.05,23.64,32.87,91.17,26.34,LOW,0,25.85,False,0,0.21,-6.5,0,0,0.308,0.705,0.316,0.408,0.446,0.544,0.602,0.837,0.65,0.548,0.0085,0.0,0.0,0.0,0.0,0.0085,0.0085,0.0049,0.01554,0.02045,0,0,0,0,0,0,0,0,0,0,-0.02045,0.0,0.0,"{""max_temperature_c"": 28.74, ""mean_temperature_c"": 26.99, ""humidity_percent"": 82.0, ""wbgt_c"": 26.34, ""heat_index_c"": 32.87, ""heat_duration_hours"": 0, ""consecutive_heat_days"": 0}"
2026-08-03,Karnataka,SYNTHETIC,68000000,11.5,38.5,50.0,0.45,42.0,26.38,19.11,22.75,75.4,2.54,18.17,26.66,79.99,22.96,LOW,0,19.65,False,0,-2.08,-5.9,0,0,0.0,0.022,0.561,0.358,0.68,0.564,0.517,0.693,0.55,0.533,0.0,0.0,0.0,0.0,0.0,0.0,0.0,0.01832,0.05962,0.07794,0,0,0,0,0,0,0,0,0,0,-0.07794,0.0,0.0,"{""max_temperature_c"": 26.38, ""mean_temperature_c"": 22.75, ""humidity_percent"": 75.4, ""wbgt_c"": 22.96, ""heat_index_c"": 26.66, ""heat_duration_hours"": 0, ""consecutive_heat_days"": 0}"
2026-08-04,Tamil Nadu,SYNTHETIC,77000000,13.0,40.0,47.0,0.36,55.0,34.72,28.9,31.81,80.1,3.48,27.96,48.28,118.9,31.68,DANGER,0,29.64,False,0,1.16,10.4,12,2,0.94,1.0,0.429,0.494,0.751,0.51,0.54,0.767,0.6,0.524,0.5492,0.2507,0.1649,0.1853,0.4558,0.9649,1.7529,0.07468,0.26791,0.34259,0,0,0,0,0,0,0,0,0,0,-0.34259,0.0,0.0,"{""max_temperature_c"": 34.72, ""mean_temperature_c"": 31.81, ""humidity_percent"": 80.1, ""wbgt_c"": 31.68, ""heat_index_c"": 48.28, ""heat_duration_hours"": 12, ""consecutive_heat_days"": 2}"
2026-08-04,Kerala,SYNTHETIC,35800000,17.0,45.0,38.0,0.28,50.0,28.13,23.94,26.03,84.6,2.22,23.24,31.61,88.9,25.96,LOW,0,24.55,False,0,-0.43,-3.8,0,0,0.092,0.655,0.317,0.411,0.446,0.545,0.585,0.835,0.65,0.549,0.0,0.0085,0.0,0.0,0.0,0.0085,0.0085,0.00486,0.01538,0.02025,0,0,0,0,0,0,0,0,0,0,-0.02025,0.0,0.0,"{""max_temperature_c"": 28.13, ""mean_temperature_c"": 26.03, ""humidity_percent"": 84.6, ""wbgt_c"": 25.96, ""heat_index_c"": 31.61, ""heat_duration_hours"": 0, ""consecutive_heat_days"": 0}"
2026-08-04,Karnataka,SYNTHETIC,68000000,11.5,38.5,50.0,0.45,42.0,27.58,21.14,24.36,78.9,4.12,20.46,29.36,84.84,24.42,LOW,0,21.64,False,0,-0.87,-2.4,0,0,0.0,0.307,0.528,0.336,0.673,0.568,0.467,0.696,0.55,0.537,0.0,0.0,0.0,0.0,0.0,0.0,0.0,0.01795,0.05915,0.0771,0,0,0,0,0,0,0,0,0,0,-0.0771,0.0,0.0,"{""max_temperature_c"": 27.58, ""mean_temperature_c"": 24.36, ""humidity_percent"": 78.9, ""wbgt_c"": 24.42, ""heat_index_c"": 29.36, ""heat_duration_hours"": 0, ""consecutive_heat_days"": 0}"
2026-08-05,Tamil Nadu,SYNTHETIC,77000000,13.0,40.0,47.0,0.36,55.0,34.91,30.01,32.46,79.5,0.82,28.45,49.61,121.3,32.09,EXTREME,0,30.79,False,0,1.39,9.6,15,3,1.0,1.0,0.463,0.52,0.758,0.513,0.552,0.767,0.6,0.524,0.6399,0.5492,0.2507,0.1649,0.1448,1.4399,2.248,0.09966,0.35875,0.45841,0,1,1,1,0,0,0,0,0,1,0.54159,0.001299,0.0,"{""max_temperature_c"": 34.91, ""mean_temperature_c"": 32.46, ""humidity_percent"": 79.5, ""wbgt_c"": 32.09, ""heat_index_c"": 49.61, ""heat_duration_hours"": 15, ""consecutive_heat_days"": 3}"
2026-08-05,Kerala,SYNTHETIC,35800000,17.0,45.0,38.0,0.28,50.0,30.3,24.8,27.55,83.4,2.52,24.48,36.07,96.93,27.6,LOW,0,25.36,False,0,1.72,-4.9,0,0,0.226,0.811,0.371,0.372,0.457,0.538,0.582,0.838,0.65,0.551,0.0401,0.0,0.0085,0.0,0.0,0.0486,0.0486,0.00511,0.01568,0.02079,0,0,0,0,0,0,0,0,0,0,-0.02079,0.0,0.0,"{""max_temperature_c"": 30.3, ""mean_temperature_c"": 27.55, ""humidity_percent"": 83.4, ""wbgt_c"": 27.6, ""heat_index_c"": 36.07, ""heat_duration_hours"": 0, ""consecutive_heat_days"": 0}"
2026-08-05,Karnataka,SYNTHETIC,68000000,11.5,38.5,50.0,0.45,42.0,29.0,21.85,25.42,70.5,5.88,19.68,30.61,87.11,24.84,LOW,0,22.36,False,0,0.56,-10.7,0,0,0.0,0.21,0.524,0.343,0.672,0.571,0.517,0.694,0.55,0.537,0.0,0.0,0.0,0.0,0.0,0.0,0.0,0.01737,0.05768,0.07505,0,0,0,0,0,0,0,0,0,0,-0.07505,0.0,0.0,"{""max_temperature_c"": 29.0, ""mean_temperature_c"": 25.42, ""humidity_percent"": 70.5, ""wbgt_c"": 24.84, ""heat_index_c"": 30.61, ""heat_duration_hours"": 0, ""consecutive_heat_days"": 0}"
2026-08-06,Tamil Nadu,SYNTHETIC,77000000,13.0,40.0,47.0,0.36,55.0,34.17,28.08,31.12,74.8,2.3,26.11,43.95,111.12,30.69,DANGER,0,28.82,False,0,0.68,4.8,7,4,0.803,1.0,0.423,0.494,0.75,0.516,0.536,0.766,0.6,0.522,0.3645,0.6399,0.5492,0.2507,0.2623,1.5537,2.3503,0.05618,0.1782,0.23438,1,0,1,1,0,1,0,0,1,0,0.76562,0.001299,0.001299,"{""max_temperature_c"": 34.17, ""mean_temperature_c"": 31.12, ""humidity_percent"": 74.8, ""wbgt_c"": 30.69, ""heat_index_c"": 43.95, ""heat_duration_hours"": 7, ""consecutive_heat_days"": 4}"
2026-08-06,Kerala,SYNTHETIC,35800000,17.0,45.0,38.0,0.28,50.0,29.64,26.64,28.14,86.7,3.47,25.71,36.45,97.61,27.85,LOW,0,27.25,False,0,1.03,-1.5,0,0,0.541,0.963,0.339,0.401,0.45,0.539,0.611,0.838,0.65,0.551,0.0462,0.0401,0.0,0.0085,0.0,0.0863,0.0948,0.00497,0.01554,0.02051,0,0,0,0,0,0,0,0,0,0,-0.02051,0.0,0.0,"{""max_temperature_c"": 29.64, ""mean_temperature_c"": 28.14, ""humidity_percent"": 86.7, ""wbgt_c"": 27.85, ""heat_index_c"": 36.45, ""heat_duration_hours"": 0, ""consecutive_heat_days"": 0}"
2026-08-06,Karnataka,SYNTHETIC,68000000,11.5,38.5,50.0,0.45,42.0,29.18,22.05,25.61,70.3,5.47,19.8,30.87,87.57,25.0,LOW,0,22.52,False,0,0.75,-10.9,0,0,0.0,0.225,0.564,0.312,0.68,0.573,0.514,0.696,0.55,0.537,0.0,0.0,0.0,0.0,0.0,0.0,0.0,0.01774,0.05781,0.07555,0,0,0,0,0,0,0,0,0,0,-0.07555,0.0,0.0,"{""max_temperature_c"": 29.18, ""mean_temperature_c"": 25.61, ""humidity_percent"": 70.3, ""wbgt_c"": 25.0, ""heat_index_c"": 30.87, ""heat_duration_hours"": 0, ""consecutive_heat_days"": 0}"
2026-08-07,Tamil Nadu,SYNTHETIC,77000000,13.0,40.0,47.0,0.36,55.0,33.32,25.17,29.24,71.7,0.72,23.61,39.2,102.57,29.45,CAUTION,0,25.78,False,0,-0.12,1.6,0,0,0.297,0.702,0.454,0.411,0.756,0.516,0.577,0.764,0.6,0.523,0.1849,0.3645,0.6399,0.5492,0.1957,1.1894,2.3395,0.03365,0.09569,0.12933,0,0,0,0,0,0,0,0,0,0,-0.12933,0.0,0.0,"{""max_temperature_c"": 33.32, ""mean_temperature_c"": 29.24, ""humidity_percent"": 71.7, ""wbgt_c"": 29.45, ""heat_index_c"": 39.2, ""heat_duration_hours"": 0, ""consecutive_heat_days"": 0}"
2026-08-07,Kerala,SYNTHETIC,35800000,17.0,45.0,38.0,0.28,50.0,28.73,24.01,26.37,88.7,2.46,24.36,33.47,92.24,26.78,LOW,0,24.62,False,0,0.09,0.6,0,0,0.103,0.795,0.362,0.402,0.455,0.538,0.568,0.837,0.65,0.55,0.0196,0.0462,0.0401,0.0,0.0,0.1059,0.1144,0.00498,0.01525,0.02023,0,0,0,0,0,0,0,0,0,0,-0.02023,0.0,0.0,"{""max_temperature_c"": 28.73, ""mean_temperature_c"": 26.37, ""humidity_percent"": 88.7, ""wbgt_c"": 26.78, ""heat_index_c"": 33.47, ""heat_duration_hours"": 0, ""consecutive_heat_days"": 0}"
2026-08-07,Karnataka,SYNTHETIC,68000000,11.5,38.5,50.0,0.45,42.0,27.99,20.21,24.1,77.9,1.94,20.01,29.64,85.36,24.7,LOW,0,20.68,False,0,-0.43,-3.2,0,0,0.0,0.251,0.57,0.316,0.682,0.574,0.492,0.696,0.55,0.532,0.0,0.0,0.0,0.0,0.0,0.0,0.0,0.01775,0.05751,0.07526,0,0,0,0,0,0,0,0,0,0,-0.07526,0.0,0.0,"{""max_temperature_c"": 27.99, ""mean_temperature_c"": 24.1, ""humidity_percent"": 77.9, ""wbgt_c"": 24.7, ""heat_index_c"": 29.64, ""heat_duration_hours"": 0, ""consecutive_heat_days"": 0}"
2026-08-08,Tamil Nadu,SYNTHETIC,77000000,13.0,40.0,47.0,0.36,55.0,32.83,27.89,30.36,70.8,3.0,24.46,39.63,103.33,29.22,CAUTION,0,28.55,False,0,-0.57,0.5,0,0,0.758,0.807,0.466,0.44,0.758,0.513,0.532,0.764,0.6,0.526,0.1578,0.1849,0.3645,0.6399,0.1853,0.7072,2.312,0.03198,0.09359,0.12557,0,0,0,0,0,0,0,0,0,0,-0.12557,0.0,0.0,"{""max_temperature_c"": 32.83, ""mean_temperature_c"": 30.36, ""humidity_percent"": 70.8, ""wbgt_c"": 29.22, ""heat_index_c"": 39.63, ""heat_duration_hours"": 0, ""consecutive_heat_days"": 0}"
2026-08-08,Kerala,SYNTHETIC,35800000,17.0,45.0,38.0,0.28,50.0,28.89,25.59,27.24,83.3,2.21,24.16,33.56,92.41,26.75,LOW,0,26.2,False,0,0.22,-4.7,0,0,0.367,0.77,0.333,0.404,0.449,0.534,0.582,0.836,0.65,0.549,0.0188,0.0196,0.0462,0.0401,0.0,0.0846,0.1332,0.00476,0.01484,0.0196,0,0,0,0,0,0,0,0,0,0,-0.0196,0.0,0.0,"{""max_temperature_c"": 28.89, ""mean_temperature_c"": 27.24, ""humidity_percent"": 83.3, ""wbgt_c"": 26.75, ""heat_index_c"": 33.56, ""heat_duration_hours"": 0, ""consecutive_heat_days"": 0}"
2026-08-08,Karnataka,SYNTHETIC,68000000,11.5,38.5,50.0,0.45,42.0,28.67,22.51,25.59,81.2,3.85,22.14,31.66,89.0,25.65,LOW,0,23.07,False,0,0.26,0.2,0,0,0.0,0.517,0.499,0.373,0.667,0.568,0.47,0.699,0.55,0.533,0.0,0.0,0.0,0.0,0.0,0.0,0.0,0.01653,0.0553,0.07184,0,0,0,0,0,0,0,0,0,0,-0.07184,0.0,0.0,"{""max_temperature_c"": 28.67, ""mean_temperature_c"": 25.59, ""humidity_percent"": 81.2, ""wbgt_c"": 25.65, ""heat_index_c"": 31.66, ""heat_duration_hours"": 0, ""consecutive_heat_days"": 0}"
2026-08-09,Tamil Nadu,SYNTHETIC,77000000,13.0,40.0,47.0,0.36,55.0,34.14,27.41,30.77,70.4,2.96,24.77,41.81,107.26,30.01,DANGER,0,28.18,False,0,0.77,0.0,1,1,0.697,0.846,0.296,0.511,0.724,0.508,0.551,0.762,0.6,0.52,0.2439,0.1578,0.1849,0.3645,0.1649,0.5865,2.391,0.02896,0.09434,0.1233,0,0,0,0,0,0,0,0,0,0,-0.1233,0.0,0.0,"{""max_temperature_c"": 34.14, ""mean_temperature_c"": 30.77, ""humidity_percent"": 70.4, ""wbgt_c"": 30.01, ""heat_index_c"": 41.81, ""heat_duration_hours"": 1, ""consecutive_heat_days"": 1}"
2026-08-09,Kerala,SYNTHETIC,35800000,17.0,45.0,38.0,0.28,50.0,30.47,26.38,28.43,81.7,2.38,25.0,36.93,98.48,27.97,LOW,0,27.04,False,0,1.75,-6.1,0,0,0.506,0.875,0.25,0.435,0.432,0.528,0.596,0.837,0.65,0.548,0.0493,0.0188,0.0196,0.0462,0.0,0.0878,0.1825,0.00445,0.01447,0.01892,0,0,0,0,0,0,0,0,0,0,-0.01892,0.0,0.0,"{""max_temperature_c"": 30.47, ""mean_temperature_c"": 28.43, ""humidity_percent"": 81.7, ""wbgt_c"": 27.97, ""heat_index_c"": 36.93, ""heat_duration_hours"": 0, ""consecutive_heat_days"": 0}"
2026-08-09,Karnataka,SYNTHETIC,68000000,11.5,38.5,50.0,0.45,42.0,28.58,22.05,25.31,82.9,5.03,22.2,31.58,88.84,25.67,LOW,0,22.56,False,0,0.16,2.0,0,0,0.0,0.526,0.467,0.342,0.661,0.566,0.524,0.699,0.55,0.532,0.0,0.0,0.0,0.0,0.0,0.0,0.0,0.01554,0.0531,0.06864,0,0,0,0,0,0,0,0,0,0,-0.06864,0.0,0.0,"{""max_temperature_c"": 28.58, ""mean_temperature_c"": 25.31, ""humidity_percent"": 82.9, ""wbgt_c"": 25.67, ""heat_index_c"": 31.58, ""heat_duration_hours"": 0, ""consecutive_heat_days"": 0}"
2026-08-10,Tamil Nadu,SYNTHETIC,77000000,13.0,40.0,47.0,0.36,55.0,35.79,28.67,32.23,69.6,2.51,25.97,45.96,114.72,31.5,DANGER,5,29.42,False,0,2.47,-0.9,9,2,0.903,0.997,0.459,0.497,0.757,0.503,0.537,0.763,0.6,0.522,0.5703,0.2439,0.1578,0.1849,0.2507,0.9719,2.7105,0.06195,0.21109,0.27304,0,0,0,0,0,0,0,0,0,0,-0.27304,0.0,0.0,"{""max_temperature_c"": 35.79, ""mean_temperature_c"": 32.23, ""humidity_percent"": 69.6, ""wbgt_c"": 31.5, ""heat_index_c"": 45.96, ""heat_duration_hours"": 9, ""consecutive_heat_days"": 2}"
2026-08-10,Kerala,SYNTHETIC,35800000,17.0,45.0,38.0,0.28,50.0,29.73,24.0,26.86,80.4,5.07,23.21,33.97,93.14,26.67,LOW,0,24.6,False,0,0.98,-7.3,0,0,0.099,0.651,0.338,0.401,0.45,0.532,0.577,0.838,0.65,0.549,0.0168,0.0493,0.0188,0.0196,0.0085,0.0849,0.1908,0.00466,0.01444,0.0191,0,0,0,0,0,0,0,0,0,0,-0.0191,0.0,0.0,"{""max_temperature_c"": 29.73, ""mean_temperature_c"": 26.86, ""humidity_percent"": 80.4, ""wbgt_c"": 26.67, ""heat_index_c"": 33.97, ""heat_duration_hours"": 0, ""consecutive_heat_days"": 0}"
2026-08-10,Karnataka,SYNTHETIC,68000000,11.5,38.5,50.0,0.45,42.0,29.16,22.77,25.97,81.7,7.3,22.6,32.66,90.79,26.05,LOW,0,23.32,False,0,0.75,0.9,0,0,0.0,0.575,0.579,0.368,0.683,0.57,0.503,0.699,0.55,0.531,0.0013,0.0,0.0,0.0,0.0,0.0013,0.0013,0.01699,0.05482,0.07181,0,0,0,0,0,0,0,0,0,0,-0.07181,0.0,0.0,"{""max_temperature_c"": 29.16, ""mean_temperature_c"": 25.97, ""humidity_percent"": 81.7, ""wbgt_c"": 26.05, ""heat_index_c"": 32.66, ""heat_duration_hours"": 0, ""consecutive_heat_days"": 0}"
2026-08-11,Tamil Nadu,SYNTHETIC,77000000,13.0,40.0,47.0,0.36,55.0,34.02,26.43,30.22,69.1,1.78,23.92,40.5,104.9,29.67,CAUTION,0,27.13,False,0,0.73,-1.6,0,0,0.521,0.74,0.457,0.462,0.756,0.5,0.524,0.765,0.6,0.522,0.2158,0.5703,0.2439,0.1578,0.5492,1.03,2.3771,0.03198,0.09089,0.12287,0,1,1,1,0,0,0,1,0,0,0.87713,0.001299,0.0,"{""max_temperature_c"": 34.02, ""mean_temperature_c"": 30.22, ""humidity_percent"": 69.1, ""wbgt_c"": 29.67, ""heat_index_c"": 40.5, ""heat_duration_hours"": 0, ""consecutive_heat_days"": 0}"
2026-08-11,Kerala,SYNTHETIC,35800000,17.0,45.0,38.0,0.28,50.0,30.23,25.92,28.08,89.2,3.13,26.13,38.01,100.42,28.35,CAUTION,0,26.55,False,0,1.44,1.6,0,0,0.425,1.0,0.372,0.42,0.457,0.537,0.578,0.837,0.65,0.548,0.0762,0.0168,0.0493,0.0188,0.0,0.1423,0.267,0.005,0.01532,0.02032,0,0,0,0,0,0,0,0,0,0,-0.02032,0.0,0.0,"{""max_temperature_c"": 30.23, ""mean_temperature_c"": 28.08, ""humidity_percent"": 89.2, ""wbgt_c"": 28.35, ""heat_index_c"": 38.01, ""heat_duration_hours"": 0, ""consecutive_heat_days"": 0}"
2026-08-11,Karnataka,SYNTHETIC,68000000,11.5,38.5,50.0,0.45,42.0,28.19,23.26,25.72,84.2,3.26,22.86,31.46,88.62,25.86,LOW,0,23.7,False,0,-0.22,3.5,0,0,0.0,0.607,0.616,0.296,0.691,0.568,0.531,0.701,0.55,0.532,0.0,0.0013,0.0,0.0,0.0,0.0013,0.0013,0.01703,0.05407,0.0711,0,0,0,0,0,0,0,0,0,0,-0.0711,0.0,0.0,"{""max_temperature_c"": 28.19, ""mean_temperature_c"": 25.72, ""humidity_percent"": 84.2, ""wbgt_c"": 25.86, ""heat_index_c"": 31.46, ""heat_duration_hours"": 0, ""consecutive_heat_days"": 0}"
2026-08-12,Tamil Nadu,SYNTHETIC,77000000,13.0,40.0,47.0,0.36,55.0,35.85,28.61,32.23,57.8,2.54,22.85,41.56,106.82,30.11,DANGER,5,29.34,False,0,2.61,-13.0,2,1,0.89,0.607,0.483,0.49,0.762,0.498,0.574,0.765,0.6,0.52,0.3301,0.2158,0.5703,0.2439,0.6399,1.1162,2.0673,0.03676,0.10979,0.14656,0,0,0,0,0,0,0,0,0,0,-0.14656,0.0,0.0,"{""max_temperature_c"": 35.85, ""mean_temperature_c"": 32.23, ""humidity_percent"": 57.8, ""wbgt_c"": 30.11, ""heat_index_c"": 41.56, ""heat_duration_hours"": 2, ""consecutive_heat_days"": 1}"
2026-08-12,Kerala,SYNTHETIC,35800000,17.0,45.0,38.0,0.28,50.0,29.74,25.51,27.63,93.3,3.04,26.44,37.56,99.61,28.2,CAUTION,0,26.06,False,0,0.91,5.8,0,0,0.343,1.0,0.344,0.362,0.451,0.536,0.635,0.837,0.65,0.548,0.065,0.0762,0.0168,0.0493,0.0401,0.158,0.292,0.00474,0.01474,0.01948,0,0,0,0,0,0,0,0,0,0,-0.01948,0.0,0.0,"{""max_temperature_c"": 29.74, ""mean_temperature_c"": 27.63, ""humidity_percent"": 93.3, ""wbgt_c"": 28.2, ""heat_index_c"": 37.56, ""heat_duration_hours"": 0, ""consecutive_heat_days"": 0}"
2026-08-12,Karnataka,SYNTHETIC,68000000,11.5,38.5,50.0,0.45,42.0,28.05,21.43,24.74,89.1,7.37,22.81,31.21,88.18,25.55,LOW,0,21.9,False,0,-0.37,8.5,0,0,0.0,0.602,0.609,0.313,0.689,0.573,0.489,0.699,0.55,0.534,0.0,0.0,0.0013,0.0,0.0,0.0013,0.0013,0.01703,0.0541,0.07112,0,0,0,0,0,0,0,0,0,0,-0.07112,0.0,0.0,"{""max_temperature_c"": 28.05, ""mean_temperature_c"": 24.74, ""humidity_percent"": 89.1, ""wbgt_c"": 25.55, ""heat_index_c"": 31.21, ""heat_duration_hours"": 0, ""consecutive_heat_days"": 0}"
2026-08-13,Tamil Nadu,SYNTHETIC,77000000,13.0,40.0,47.0,0.36,55.0,34.91,28.08,31.5,68.1,1.68,24.89,43.04,109.48,30.59,DANGER,0,28.82,False,0,1.71,-2.8,5,2,0.803,0.862,0.427,0.495,0.75,0.503,0.537,0.766,0.6,0.519,0.3615,0.3301,0.2158,0.5703,0.3645,0.9074,2.0642,0.0417,0.13218,0.17388,0,0,0,0,0,0,0,0,0,0,-0.17388,0.0,0.0,"{""max_temperature_c"": 34.91, ""mean_temperature_c"": 31.5, ""humidity_percent"": 68.1, ""wbgt_c"": 30.59, ""heat_index_c"": 43.04, ""heat_duration_hours"": 5, ""consecutive_heat_days"": 2}"
2026-08-13,Kerala,SYNTHETIC,35800000,17.0,45.0,38.0,0.28,50.0,29.89,26.76,28.32,85.5,2.23,25.65,36.81,98.25,28.1,CAUTION,0,27.34,False,0,1.02,-1.9,0,0,0.556,0.957,0.343,0.387,0.451,0.531,0.581,0.837,0.65,0.548,0.0577,0.065,0.0762,0.0168,0.0462,0.1989,0.3034,0.00474,0.01467,0.01941,0,0,0,0,0,0,0,0,0,0,-0.01941,0.0,0.0,"{""max_temperature_c"": 29.89, ""mean_temperature_c"": 28.32, ""humidity_percent"": 85.5, ""wbgt_c"": 28.1, ""heat_index_c"": 36.81, ""heat_duration_hours"": 0, ""consecutive_heat_days"": 0}"
2026-08-13,Karnataka,SYNTHETIC,68000000,11.5,38.5,50.0,0.45,42.0,28.8,22.31,25.55,84.8,3.09,22.8,32.3,90.14,26.32,LOW,0,22.82,False,0,0.38,4.3,0,0,0.0,0.6,0.598,0.341,0.687,0.566,0.481,0.699,0.55,0.535,0.0079,0.0,0.0,0.0013,0.0,0.0079,0.0092,0.01662,0.05287,0.06949,0,0,0,0,0,0,0,0,0,0,-0.06949,0.0,0.0,"{""max_temperature_c"": 28.8, ""mean_temperature_c"": 25.55, ""humidity_percent"": 84.8, ""wbgt_c"": 26.32, ""heat_index_c"": 32.3, ""heat_duration_hours"": 0, ""consecutive_heat_days"": 0}"
2026-08-14,Tamil Nadu,SYNTHETIC,77000000,13.0,40.0,47.0,0.36,55.0,34.86,28.72,31.79,71.4,1.31,25.98,44.69,112.45,31.1,DANGER,0,29.45,False,0,1.69,0.4,8,3,0.909,0.997,0.481,0.49,0.761,0.508,0.564,0.765,0.6,0.52,0.4493,0.3615,0.3301,0.2158,0.1849,1.1409,2.3287,0.0532,0.17318,0.22638,0,0,0,0,0,0,0,0,0,0,-0.22638,0.0,0.0,"{""max_temperature_c"": 34.86, ""mean_temperature_c"": 31.79, ""humidity_percent"": 71.4, ""wbgt_c"": 31.1, ""heat_index_c"": 44.69, ""heat_duration_hours"": 8, ""consecutive_heat_days"": 3}"
2026-08-14,Kerala,SYNTHETIC,35800000,17.0,45.0,38.0,0.28,50.0,28.85,23.14,25.99,91.1,3.63,24.43,33.74,92.72,26.79,LOW,0,23.76,False,0,-0.06,3.9,0,0,0.0,0.803,0.296,0.415,0.442,0.53,0.563,0.838,0.65,0.544,0.0199,0.0577,0.065,0.0762,0.0196,0.1426,0.3037,0.0044,0.01385,0.01825,0,0,0,0,0,0,0,0,0,0,-0.01825,0.0,0.0,"{""max_temperature_c"": 28.85, ""mean_temperature_c"": 25.99, ""humidity_percent"": 91.1, ""wbgt_c"": 26.79, ""heat_index_c"": 33.74, ""heat_duration_hours"": 0, ""consecutive_heat_days"": 0}"
2026-08-14,Karnataka,SYNTHETIC,68000000,11.5,38.5,50.0,0.45,42.0,28.25,21.3,24.78,84.9,1.88,22.05,31.04,87.87,25.63,LOW,0,21.76,False,0,-0.17,4.6,0,0,0.0,0.507,0.585,0.306,0.684,0.561,0.511,0.698,0.55,0.534,0.0,0.0079,0.0,0.0,0.0,0.0079,0.0092,0.01591,0.05108,0.06699,0,0,0,0,0,0,0,0,0,0,-0.06699,0.0,0.0,"{""max_temperature_c"": 28.25, ""mean_temperature_c"": 24.78, ""humidity_percent"": 84.9, ""wbgt_c"": 25.63, ""heat_index_c"": 31.04, ""heat_duration_hours"": 0, ""consecutive_heat_days"": 0}"
2026-08-15,Tamil Nadu,SYNTHETIC,77000000,13.0,40.0,47.0,0.36,55.0,32.82,25.97,29.39,71.7,2.16,23.74,38.69,101.65,28.94,CAUTION,0,26.61,False,0,-0.32,0.6,0,0,0.434,0.718,0.493,0.428,0.764,0.506,0.536,0.766,0.6,0.519,0.1368,0.4493,0.3615,0.3301,0.1578,0.9476,2.3077,0.02908,0.08119,0.11027,0,0,0,0,0,0,0,0,0,0,-0.11027,0.0,0.0,"{""max_temperature_c"": 32.82, ""mean_temperature_c"": 29.39, ""humidity_percent"": 71.7, ""wbgt_c"": 28.94, ""heat_index_c"": 38.69, ""heat_duration_hours"": 0, ""consecutive_heat_days"": 0}"
2026-08-15,Kerala,SYNTHETIC,35800000,17.0,45.0,38.0,0.28,50.0,28.81,25.11,26.96,91.9,4.63,25.54,34.75,94.54,27.23,LOW,0,25.71,False,0,-0.15,4.9,0,0,0.285,0.942,0.349,0.4,0.452,0.535,0.59,0.838,0.65,0.541,0.0309,0.0199,0.0577,0.065,0.0188,0.1084,0.3157,0.00453,0.01403,0.01856,0,0,0,0,0,0,0,0,0,0,-0.01856,0.0,0.0,"{""max_temperature_c"": 28.81, ""mean_temperature_c"": 26.96, ""humidity_percent"": 91.9, ""wbgt_c"": 27.23, ""heat_index_c"": 34.75, ""heat_duration_hours"": 0, ""consecutive_heat_days"": 0}"
2026-08-15,Karnataka,SYNTHETIC,68000000,11.5,38.5,50.0,0.45,42.0,27.24,21.58,24.41,90.1,5.38,22.68,29.88,85.79,25.13,LOW,0,22.1,False,0,-1.19,10.0,0,0,0.0,0.585,0.534,0.35,0.674,0.571,0.47,0.7,0.55,0.53,0.0,0.0,0.0079,0.0,0.0,0.0079,0.0092,0.01547,0.05089,0.06637,0,0,0,0,0,0,0,0,0,0,-0.06637,0.0,0.0,"{""max_temperature_c"": 27.24, ""mean_temperature_c"": 24.41, ""humidity_percent"": 90.1, ""wbgt_c"": 25.13, ""heat_index_c"": 29.88, ""heat_duration_hours"": 0, ""consecutive_heat_days"": 0}"
2026-08-16,Tamil Nadu,SYNTHETIC,77000000,13.0,40.0,47.0,0.36,55.0,32.24,25.43,28.84,65.9,3.46,21.83,35.93,96.68,27.76,LOW,0,26.13,False,0,-0.85,-5.3,0,0,0.354,0.479,0.374,0.462,0.74,0.503,0.522,0.764,0.6,0.521,0.0489,0.1368,0.4493,0.3615,0.2439,0.635,2.1127,0.02321,0.07022,0.09343,0,0,0,0,0,0,0,0,0,0,-0.09343,0.0,0.0,"{""max_temperature_c"": 32.24, ""mean_temperature_c"": 28.84, ""humidity_percent"": 65.9, ""wbgt_c"": 27.76, ""heat_index_c"": 35.93, ""heat_duration_hours"": 0, ""consecutive_heat_days"": 0}"
2026-08-16,Kerala,SYNTHETIC,35800000,17.0,45.0,38.0,0.28,50.0,27.16,24.16,25.66,98.0,3.3,25.32,31.48,88.66,26.42,LOW,0,24.75,False,0,-1.84,11.1,0,0,0.124,0.915,0.317,0.391,0.446,0.528,0.582,0.838,0.65,0.541,0.0104,0.0309,0.0199,0.0577,0.0493,0.0611,0.2768,0.00427,0.01342,0.01769,0,0,0,0,0,0,0,0,0,0,-0.01769,0.0,0.0,"{""max_temperature_c"": 27.16, ""mean_temperature_c"": 25.66, ""humidity_percent"": 98.0, ""wbgt_c"": 26.42, ""heat_index_c"": 31.48, ""heat_duration_hours"": 0, ""consecutive_heat_days"": 0}"
2026-08-16,Karnataka,SYNTHETIC,68000000,11.5,38.5,50.0,0.45,42.0,26.59,19.55,23.07,90.7,3.17,21.46,28.41,83.15,24.35,LOW,0,20.12,False,0,-1.84,10.7,0,0,0.0,0.432,0.477,0.382,0.663,0.57,0.481,0.699,0.55,0.528,0.0,0.0,0.0,0.0079,0.0,0.0,0.0092,0.01452,0.04918,0.06369,0,0,0,0,0,0,0,0,0,0,-0.06369,0.0,0.0,"{""max_temperature_c"": 26.59, ""mean_temperature_c"": 23.07, ""humidity_percent"": 90.7, ""wbgt_c"": 24.35, ""heat_index_c"": 28.41, ""heat_duration_hours"": 0, ""consecutive_heat_days"": 0}"
2026-08-17,Tamil Nadu,SYNTHETIC,77000000,13.0,40.0,47.0,0.36,55.0,33.32,25.17,29.25,76.9,2.66,24.78,40.73,105.32,29.58,CAUTION,0,25.85,False,0,0.27,5.6,0,0,0.308,0.847,0.487,0.453,0.762,0.504,0.568,0.763,0.6,0.523,0.1953,0.0489,0.1368,0.4493,0.5703,0.381,1.7377,0.02634,0.07702,0.10336,1,0,1,0,1,0,1,0,1,0,0.89664,0.001299,0.001299,"{""max_temperature_c"": 33.32, ""mean_temperature_c"": 29.25, ""humidity_percent"": 76.9, ""wbgt_c"": 29.58, ""heat_index_c"": 40.73, ""heat_duration_hours"": 0, ""consecutive_heat_days"": 0}"
2026-08-17,Kerala,SYNTHETIC,35800000,17.0,45.0,38.0,0.28,50.0,28.21,23.87,26.04,98.0,4.6,25.7,33.78,92.81,27.01,LOW,0,24.48,False,0,-0.84,11.3,0,0,0.081,0.962,0.401,0.408,0.463,0.533,0.591,0.839,0.65,0.543,0.0252,0.0104,0.0309,0.0199,0.0168,0.0665,0.2852,0.00456,0.01375,0.0183,0,0,0,0,0,0,0,0,0,0,-0.0183,0.0,0.0,"{""max_temperature_c"": 28.21, ""mean_temperature_c"": 26.04, ""humidity_percent"": 98.0, ""wbgt_c"": 27.01, ""heat_index_c"": 33.78, ""heat_duration_hours"": 0, ""consecutive_heat_days"": 0}"
2026-08-17,Karnataka,SYNTHETIC,68000000,11.5,38.5,50.0,0.45,42.0,27.15,20.52,23.83,86.3,7.15,21.41,29.19,84.55,24.49,LOW,0,21.02,False,0,-1.29,6.5,0,0,0.0,0.427,0.601,0.334,0.688,0.566,0.491,0.7,0.55,0.526,0.0,0.0,0.0,0.0,0.0013,0.0,0.0079,0.01568,0.04993,0.06561,0,0,0,0,0,0,0,0,0,0,-0.06561,0.0,0.0,"{""max_temperature_c"": 27.15, ""mean_temperature_c"": 23.83, ""humidity_percent"": 86.3, ""wbgt_c"": 24.49, ""heat_index_c"": 29.19, ""heat_duration_hours"": 0, ""consecutive_heat_days"": 0}"
2026-08-18,Tamil Nadu,SYNTHETIC,77000000,13.0,40.0,47.0,0.36,55.0,33.88,26.31,30.09,72.2,2.65,24.54,41.14,106.06,29.86,CAUTION,0,27.0,False,0,0.86,0.7,0,0,0.5,0.817,0.472,0.459,0.759,0.505,0.548,0.763,0.6,0.523,0.2273,0.1953,0.0489,0.1368,0.2158,0.4715,1.7492,0.02643,0.07735,0.10379,0,0,0,0,0,0,0,0,0,0,-0.10379,0.0,0.0,"{""max_temperature_c"": 33.88, ""mean_temperature_c"": 30.09, ""humidity_percent"": 72.2, ""wbgt_c"": 29.86, ""heat_index_c"": 41.14, ""heat_duration_hours"": 0, ""consecutive_heat_days"": 0}"
2026-08-18,Kerala,SYNTHETIC,35800000,17.0,45.0,38.0,0.28,50.0,28.74,25.38,27.06,97.4,3.71,26.62,35.93,96.67,27.76,LOW,0,25.96,False,0,-0.35,10.8,0,0,0.326,1.0,0.318,0.383,0.446,0.534,0.606,0.842,0.65,0.54,0.044,0.0252,0.0104,0.0309,0.0762,0.0796,0.253,0.00429,0.01354,0.01783,0,0,0,0,0,0,0,0,0,0,-0.01783,0.0,0.0,"{""max_temperature_c"": 28.74, ""mean_temperature_c"": 27.06, ""humidity_percent"": 97.4, ""wbgt_c"": 27.76, ""heat_index_c"": 35.93, ""heat_duration_hours"": 0, ""consecutive_heat_days"": 0}"
2026-08-18,Karnataka,SYNTHETIC,68000000,11.5,38.5,50.0,0.45,42.0,28.33,21.07,24.7,81.4,2.54,21.3,30.7,87.26,25.4,LOW,0,21.56,False,0,-0.12,1.7,0,0,0.0,0.412,0.591,0.328,0.686,0.567,0.492,0.699,0.55,0.529,0.0,0.0,0.0,0.0,0.0,0.0,0.0079,0.01536,0.04917,0.06453,0,0,0,0,0,0,0,0,0,0,-0.06453,0.0,0.0,"{""max_temperature_c"": 28.33, ""mean_temperature_c"": 24.7, ""humidity_percent"": 81.4, ""wbgt_c"": 25.4, ""heat_index_c"": 30.7, ""heat_duration_hours"": 0, ""consecutive_heat_days"": 0}"
2026-08-19,Tamil Nadu,SYNTHETIC,77000000,13.0,40.0,47.0,0.36,55.0,34.01,28.1,31.06,66.9,2.24,24.19,40.84,105.52,29.85,CAUTION,0,28.79,False,0,1.03,-4.7,0,0,0.798,0.773,0.524,0.458,0.77,0.505,0.554,0.764,0.6,0.52,0.2291,0.2273,0.1953,0.0489,0.3301,0.6517,1.6482,0.02805,0.08067,0.10873,0,0,0,0,0,0,0,0,0,0,-0.10873,0.0,0.0,"{""max_temperature_c"": 34.01, ""mean_temperature_c"": 31.06, ""humidity_percent"": 66.9, ""wbgt_c"": 29.85, ""heat_index_c"": 40.84, ""heat_duration_hours"": 0, ""consecutive_heat_days"": 0}"
2026-08-19,Kerala,SYNTHETIC,35800000,17.0,45.0,38.0,0.28,50.0,26.98,23.98,25.48,97.3,2.89,25.02,30.86,87.55,26.11,LOW,0,24.57,False,0,-2.16,10.9,0,0,0.095,0.877,0.367,0.397,0.456,0.536,0.596,0.841,0.65,0.534,0.0027,0.044,0.0252,0.0104,0.065,0.0718,0.1907,0.00434,0.01331,0.01765,0,0,0,0,0,0,0,0,0,0,-0.01765,0.0,0.0,"{""max_temperature_c"": 26.98, ""mean_temperature_c"": 25.48, ""humidity_percent"": 97.3, ""wbgt_c"": 26.11, ""heat_index_c"": 30.86, ""heat_duration_hours"": 0, ""consecutive_heat_days"": 0}"
2026-08-19,Karnataka,SYNTHETIC,68000000,11.5,38.5,50.0,0.45,42.0,28.57,22.19,25.38,84.8,3.05,22.63,31.86,89.35,26.06,LOW,0,22.68,False,0,0.12,5.2,0,0,0.0,0.579,0.641,0.327,0.696,0.564,0.515,0.7,0.55,0.531,0.0014,0.0,0.0,0.0,0.0,0.0014,0.0093,0.01559,0.04872,0.06431,0,0,0,0,0,0,0,0,0,0,-0.06431,0.0,0.0,"{""max_temperature_c"": 28.57, ""mean_temperature_c"": 25.38, ""humidity_percent"": 84.8, ""wbgt_c"": 26.06, ""heat_index_c"": 31.86, ""heat_duration_hours"": 0, ""consecutive_heat_days"": 0}"
2026-08-20,Tamil Nadu,SYNTHETIC,77000000,13.0,40.0,47.0,0.36,55.0,32.47,26.38,29.43,65.7,4.08,22.34,36.71,98.08,28.06,CAUTION,0,27.06,False,0,-0.47,-6.0,0,0,0.51,0.543,0.5,0.453,0.765,0.499,0.579,0.766,0.6,0.522,0.064,0.2291,0.2273,0.1953,0.3615,0.5204,1.3507,0.02347,0.06716,0.09063,0,0,0,0,0,0,0,0,0,0,-0.09063,0.0,0.0,"{""max_temperature_c"": 32.47, ""mean_temperature_c"": 29.43, ""humidity_percent"": 65.7, ""wbgt_c"": 28.06, ""heat_index_c"": 36.71, ""heat_duration_hours"": 0, ""consecutive_heat_days"": 0}"
2026-08-20,Kerala,SYNTHETIC,35800000,17.0,45.0,38.0,0.28,50.0,27.42,22.76,25.09,98.0,1.05,24.75,31.38,88.48,26.22,LOW,0,23.38,False,0,-1.77,11.8,0,0,0.0,0.844,0.406,0.413,0.464,0.531,0.592,0.838,0.65,0.532,0.0055,0.0027,0.044,0.0252,0.0577,0.0522,0.1385,0.0044,0.01324,0.01764,0,0,0,0,0,0,0,0,0,0,-0.01764,0.0,0.0,"{""max_temperature_c"": 27.42, ""mean_temperature_c"": 25.09, ""humidity_percent"": 98.0, ""wbgt_c"": 26.22, ""heat_index_c"": 31.38, ""heat_duration_hours"": 0, ""consecutive_heat_days"": 0}"
2026-08-20,Karnataka,SYNTHETIC,68000000,11.5,38.5,50.0,0.45,42.0,28.0,20.11,24.05,77.6,4.96,19.9,29.61,85.3,24.44,LOW,0,20.63,False,0,-0.47,-1.8,0,0,0.0,0.237,0.611,0.347,0.69,0.563,0.489,0.701,0.55,0.525,0.0,0.0014,0.0,0.0,0.0079,0.0014,0.0014,0.01516,0.04799,0.06315,0,0,0,0,0,0,0,0,0,0,-0.06315,0.0,0.0,"{""max_temperature_c"": 28.0, ""mean_temperature_c"": 24.05, ""humidity_percent"": 77.6, ""wbgt_c"": 24.44, ""heat_index_c"": 29.61, ""heat_duration_hours"": 0, ""consecutive_heat_days"": 0}"
2026-08-21,Tamil Nadu,SYNTHETIC,77000000,13.0,40.0,47.0,0.36,55.0,31.84,23.95,27.89,70.9,1.28,22.13,35.72,96.3,27.8,LOW,0,24.57,False,0,-1.06,-0.9,0,0,0.096,0.516,0.535,0.42,0.772,0.498,0.553,0.766,0.6,0.526,0.0449,0.064,0.2291,0.2273,0.4493,0.338,0.9463,0.02286,0.06479,0.08765,0,0,0,0,0,0,0,0,0,0,-0.08765,0.0,0.0,"{""max_temperature_c"": 31.84, ""mean_temperature_c"": 27.89, ""humidity_percent"": 70.9, ""wbgt_c"": 27.8, ""heat_index_c"": 35.72, ""heat_duration_hours"": 0, ""consecutive_heat_days"": 0}"
2026-08-21,Kerala,SYNTHETIC,35800000,17.0,45.0,38.0,0.28,50.0,27.98,24.34,26.16,96.7,3.4,25.58,33.24,91.83,26.87,LOW,0,24.95,False,0,-1.25,10.6,0,0,0.158,0.948,0.384,0.408,0.459,0.531,0.592,0.837,0.65,0.534,0.0217,0.0055,0.0027,0.044,0.0199,0.03,0.1404,0.00432,0.01315,0.01746,0,0,0,0,0,0,0,0,0,0,-0.01746,0.0,0.0,"{""max_temperature_c"": 27.98, ""mean_temperature_c"": 26.16, ""humidity_percent"": 96.7, ""wbgt_c"": 26.87, ""heat_index_c"": 33.24, ""heat_duration_hours"": 0, ""consecutive_heat_days"": 0}"
2026-08-21,Karnataka,SYNTHETIC,68000000,11.5,38.5,50.0,0.45,42.0,27.78,19.99,23.89,74.7,2.65,19.13,29.07,84.32,24.25,LOW,0,20.48,False,0,-0.69,-4.5,0,0,0.0,0.142,0.591,0.321,0.686,0.559,0.514,0.699,0.55,0.524,0.0,0.0,0.0014,0.0,0.0,0.0014,0.0014,0.01452,0.04648,0.061,0,0,0,0,0,0,0,0,0,0,-0.061,0.0,0.0,"{""max_temperature_c"": 27.78, ""mean_temperature_c"": 23.89, ""humidity_percent"": 74.7, ""wbgt_c"": 24.25, ""heat_index_c"": 29.07, ""heat_duration_hours"": 0, ""consecutive_heat_days"": 0}"
2026-08-22,Tamil Nadu,SYNTHETIC,77000000,13.0,40.0,47.0,0.36,55.0,31.63,23.12,27.37,74.1,4.4,22.34,35.66,96.18,27.61,LOW,0,23.79,False,0,-1.23,2.1,0,0,0.0,0.543,0.43,0.45,0.751,0.498,0.569,0.764,0.6,0.527,0.0403,0.0449,0.064,0.2291,0.1368,0.1492,0.8498,0.01992,0.05972,0.07964,0,0,0,0,0,0,0,0,0,0,-0.07964,0.0,0.0,"{""max_temperature_c"": 31.63, ""mean_temperature_c"": 27.37, ""humidity_percent"": 74.1, ""wbgt_c"": 27.61, ""heat_index_c"": 35.66, ""heat_duration_hours"": 0, ""consecutive_heat_days"": 0}"
2026-08-22,Kerala,SYNTHETIC,35800000,17.0,45.0,38.0,0.28,50.0,28.62,25.02,26.82,94.9,2.86,25.93,34.8,94.63,27.42,LOW,0,25.58,False,0,-0.66,9.0,0,0,0.264,0.991,0.38,0.376,0.459,0.534,0.555,0.838,0.65,0.531,0.0355,0.0217,0.0055,0.0027,0.0309,0.0627,0.145,0.00439,0.01336,0.01776,0,0,0,0,0,0,0,0,0,0,-0.01776,0.0,0.0,"{""max_temperature_c"": 28.62, ""mean_temperature_c"": 26.82, ""humidity_percent"": 94.9, ""wbgt_c"": 27.42, ""heat_index_c"": 34.8, ""heat_duration_hours"": 0, ""consecutive_heat_days"": 0}"
2026-08-22,Karnataka,SYNTHETIC,68000000,11.5,38.5,50.0,0.45,42.0,30.48,22.12,26.3,82.9,4.86,23.16,34.95,94.91,27.2,LOW,0,22.6,False,0,1.99,3.9,0,0,0.0,0.645,0.572,0.318,0.682,0.562,0.487,0.698,0.55,0.525,0.0299,0.0,0.0,0.0014,0.0,0.0299,0.0313,0.01455,0.04677,0.06133,0,0,0,0,0,0,0,0,0,0,-0.06133,0.0,0.0,"{""max_temperature_c"": 30.48, ""mean_temperature_c"": 26.3, ""humidity_percent"": 82.9, ""wbgt_c"": 27.2, ""heat_index_c"": 34.95, ""heat_duration_hours"": 0, ""consecutive_heat_days"": 0}"
2026-08-23,Tamil Nadu,SYNTHETIC,77000000,13.0,40.0,47.0,0.36,55.0,30.31,22.48,26.4,67.1,1.86,19.81,32.13,89.84,26.15,LOW,0,23.11,False,0,-2.51,-4.9,0,0,0.0,0.226,0.373,0.421,0.74,0.499,0.56,0.764,0.6,0.524,0.0037,0.0403,0.0449,0.064,0.0489,0.089,0.8047,0.0182,0.0564,0.0746,0,0,0,0,0,0,0,0,0,0,-0.0746,0.0,0.0,"{""max_temperature_c"": 30.31, ""mean_temperature_c"": 26.4, ""humidity_percent"": 67.1, ""wbgt_c"": 26.15, ""heat_index_c"": 32.13, ""heat_duration_hours"": 0, ""consecutive_heat_days"": 0}"
2026-08-23,Kerala,SYNTHETIC,35800000,17.0,45.0,38.0,0.28,50.0,28.02,24.14,26.08,96.0,4.19,25.39,33.1,91.57,26.96,LOW,0,24.77,False,0,-1.31,10.3,0,0,0.128,0.924,0.298,0.418,0.442,0.531,0.62,0.837,0.65,0.533,0.024,0.0355,0.0217,0.0055,0.0104,0.0812,0.1585,0.00395,0.01256,0.01651,0,0,0,0,0,0,0,0,0,0,-0.01651,0.0,0.0,"{""max_temperature_c"": 28.02, ""mean_temperature_c"": 26.08, ""humidity_percent"": 96.0, ""wbgt_c"": 26.96, ""heat_index_c"": 33.1, ""heat_duration_hours"": 0, ""consecutive_heat_days"": 0}"
2026-08-23,Karnataka,SYNTHETIC,68000000,11.5,38.5,50.0,0.45,42.0,29.51,22.78,26.15,78.1,3.01,22.02,32.69,90.85,26.3,LOW,0,23.23,False,0,1.02,-0.8,0,0,0.0,0.503,0.505,0.303,0.669,0.562,0.516,0.696,0.55,0.529,0.0075,0.0299,0.0,0.0,0.0,0.0375,0.0389,0.01336,0.04454,0.0579,0,0,0,0,0,0,0,0,0,0,-0.0579,0.0,0.0,"{""max_temperature_c"": 29.51, ""mean_temperature_c"": 26.15, ""humidity_percent"": 78.1, ""wbgt_c"": 26.3, ""heat_index_c"": 32.69, ""heat_duration_hours"": 0, ""consecutive_heat_days"": 0}"
2026-08-24,Tamil Nadu,SYNTHETIC,77000000,13.0,40.0,47.0,0.36,55.0,30.43,23.39,26.91,72.8,3.92,21.62,33.53,92.36,26.72,LOW,0,24.03,False,0,-2.35,0.7,0,0,0.005,0.453,0.505,0.43,0.766,0.497,0.556,0.763,0.6,0.521,0.018,0.0037,0.0403,0.0449,0.1953,0.062,0.6274,0.01993,0.05793,0.07786,0,0,0,0,0,0,0,0,0,0,-0.07786,0.0,0.0,"{""max_temperature_c"": 30.43, ""mean_temperature_c"": 26.91, ""humidity_percent"": 72.8, ""wbgt_c"": 26.72, ""heat_index_c"": 33.53, ""heat_duration_hours"": 0, ""consecutive_heat_days"": 0}"
2026-08-24,Kerala,SYNTHETIC,35800000,17.0,45.0,38.0,0.28,50.0,28.98,24.05,26.51,85.7,4.51,23.92,33.48,92.26,26.66,LOW,0,24.67,False,0,-0.39,0.1,0,0,0.112,0.74,0.419,0.414,0.466,0.534,0.565,0.837,0.65,0.534,0.0165,0.024,0.0355,0.0217,0.0252,0.076,0.1499,0.00439,0.01308,0.01747,0,0,0,0,0,0,0,0,0,0,-0.01747,0.0,0.0,"{""max_temperature_c"": 28.98, ""mean_temperature_c"": 26.51, ""humidity_percent"": 85.7, ""wbgt_c"": 26.66, ""heat_index_c"": 33.48, ""heat_duration_hours"": 0, ""consecutive_heat_days"": 0}"
2026-08-24,Karnataka,SYNTHETIC,68000000,11.5,38.5,50.0,0.45,42.0,27.86,20.17,24.01,80.3,4.63,20.42,29.68,85.43,24.63,LOW,0,20.69,False,0,-0.65,1.6,0,0,0.0,0.302,0.634,0.349,0.694,0.561,0.517,0.694,0.55,0.529,0.0,0.0075,0.0299,0.0,0.0,0.0375,0.0389,0.01455,0.04556,0.06012,0,0,0,0,0,0,0,0,0,0,-0.06012,0.0,0.0,"{""max_temperature_c"": 27.86, ""mean_temperature_c"": 24.01, ""humidity_percent"": 80.3, ""wbgt_c"": 24.63, ""heat_index_c"": 29.68, ""heat_duration_hours"": 0, ""consecutive_heat_days"": 0}"
2026-08-25,Tamil Nadu,SYNTHETIC,77000000,13.0,40.0,47.0,0.36,55.0,29.94,22.98,26.46,69.9,3.34,20.52,32.16,89.89,26.16,LOW,0,23.59,False,0,-2.8,-2.4,0,0,0.0,0.315,0.552,0.41,0.775,0.5,0.586,0.763,0.6,0.518,0.004,0.018,0.0037,0.0403,0.2273,0.0258,0.4041,0.0201,0.05744,0.07754,0,0,0,0,0,0,0,0,0,0,-0.07754,0.0,0.0,"{""max_temperature_c"": 29.94, ""mean_temperature_c"": 26.46, ""humidity_percent"": 69.9, ""wbgt_c"": 26.16, ""heat_index_c"": 32.16, ""heat_duration_hours"": 0, ""consecutive_heat_days"": 0}"
2026-08-25,Kerala,SYNTHETIC,35800000,17.0,45.0,38.0,0.28,50.0,29.31,23.69,26.5,88.8,7.32,24.51,34.57,94.22,27.01,LOW,0,24.33,False,0,-0.1,3.4,0,0,0.055,0.813,0.381,0.428,0.459,0.529,0.591,0.837,0.65,0.534,0.0252,0.0165,0.024,0.0355,0.044,0.0657,0.1311,0.00418,0.01271,0.01689,0,0,0,0,0,0,0,0,0,0,-0.01689,0.0,0.0,"{""max_temperature_c"": 29.31, ""mean_temperature_c"": 26.5, ""humidity_percent"": 88.8, ""wbgt_c"": 27.01, ""heat_index_c"": 34.57, ""heat_duration_hours"": 0, ""consecutive_heat_days"": 0}"
2026-08-25,Karnataka,SYNTHETIC,68000000,11.5,38.5,50.0,0.45,42.0,27.02,18.67,22.84,88.8,3.49,20.9,28.82,83.88,24.45,LOW,0,19.18,False,0,-1.5,10.2,0,0,0.0,0.362,0.64,0.34,0.696,0.556,0.498,0.697,0.55,0.532,0.0,0.0,0.0075,0.0299,0.0,0.0075,0.0389,0.01441,0.04487,0.05928,0,0,0,0,0,0,0,0,0,0,-0.05928,0.0,0.0,"{""max_temperature_c"": 27.02, ""mean_temperature_c"": 22.84, ""humidity_percent"": 88.8, ""wbgt_c"": 24.45, ""heat_index_c"": 28.82, ""heat_duration_hours"": 0, ""consecutive_heat_days"": 0}"
2026-08-26,Tamil Nadu,SYNTHETIC,77000000,13.0,40.0,47.0,0.36,55.0,30.45,24.35,27.4,71.6,3.66,21.82,33.72,92.69,26.82,LOW,0,25.05,False,0,-2.25,-0.8,0,0,0.175,0.477,0.513,0.466,0.768,0.49,0.533,0.763,0.6,0.518,0.0204,0.004,0.018,0.0037,0.2291,0.0424,0.1954,0.01944,0.05613,0.07557,0,0,0,0,0,0,0,0,0,0,-0.07557,0.0,0.0,"{""max_temperature_c"": 30.45, ""mean_temperature_c"": 27.4, ""humidity_percent"": 71.6, ""wbgt_c"": 26.82, ""heat_index_c"": 33.72, ""heat_duration_hours"": 0, ""consecutive_heat_days"": 0}"
2026-08-26,Kerala,SYNTHETIC,35800000,17.0,45.0,38.0,0.28,50.0,29.22,25.04,27.13,90.2,3.75,25.38,35.33,95.59,27.5,LOW,0,25.63,False,0,-0.24,4.9,0,0,0.272,0.922,0.402,0.398,0.463,0.535,0.572,0.832,0.65,0.535,0.0375,0.0252,0.0165,0.024,0.0027,0.0792,0.1659,0.00432,0.013,0.01733,0,0,0,0,0,0,0,0,0,0,-0.01733,0.0,0.0,"{""max_temperature_c"": 29.22, ""mean_temperature_c"": 27.13, ""humidity_percent"": 90.2, ""wbgt_c"": 27.5, ""heat_index_c"": 35.33, ""heat_duration_hours"": 0, ""consecutive_heat_days"": 0}"
2026-08-26,Karnataka,SYNTHETIC,68000000,11.5,38.5,50.0,0.45,42.0,27.15,18.59,22.87,84.5,1.47,20.12,28.71,83.68,24.29,LOW,0,19.14,False,0,-1.38,6.2,0,0,0.0,0.265,0.699,0.368,0.707,0.556,0.542,0.696,0.55,0.533,0.0,0.0,0.0,0.0075,0.0014,0.0,0.0375,0.01465,0.04449,0.05914,0,0,0,0,0,0,0,0,0,0,-0.05914,0.0,0.0,"{""max_temperature_c"": 27.15, ""mean_temperature_c"": 22.87, ""humidity_percent"": 84.5, ""wbgt_c"": 24.29, ""heat_index_c"": 28.71, ""heat_duration_hours"": 0, ""consecutive_heat_days"": 0}"
2026-08-27,Tamil Nadu,SYNTHETIC,77000000,13.0,40.0,47.0,0.36,55.0,32.72,26.55,29.63,69.6,1.65,23.47,38.24,100.84,28.91,CAUTION,0,27.22,False,0,0.06,-3.0,0,0,0.537,0.684,0.517,0.45,0.768,0.486,0.558,0.764,0.6,0.521,0.1324,0.0204,0.004,0.018,0.064,0.1569,0.2638,0.02058,0.05929,0.07987,0,0,0,0,0,0,0,0,0,0,-0.07987,0.0,0.0,"{""max_temperature_c"": 32.72, ""mean_temperature_c"": 29.63, ""humidity_percent"": 69.6, ""wbgt_c"": 28.91, ""heat_index_c"": 38.24, ""heat_duration_hours"": 0, ""consecutive_heat_days"": 0}"
2026-08-27,Kerala,SYNTHETIC,35800000,17.0,45.0,38.0,0.28,50.0,29.84,25.97,27.91,92.4,3.46,26.55,37.89,100.21,28.55,CAUTION,0,26.63,False,0,0.33,7.2,0,0,0.438,1.0,0.401,0.44,0.463,0.528,0.588,0.834,0.65,0.538,0.0912,0.0375,0.0252,0.0165,0.0055,0.1539,0.2516,0.00443,0.01335,0.01778,0,0,0,0,0,0,0,0,0,0,-0.01778,0.0,0.0,"{""max_temperature_c"": 29.84, ""mean_temperature_c"": 27.91, ""humidity_percent"": 92.4, ""wbgt_c"": 28.55, ""heat_index_c"": 37.89, ""heat_duration_hours"": 0, ""consecutive_heat_days"": 0}"
2026-08-27,Karnataka,SYNTHETIC,68000000,11.5,38.5,50.0,0.45,42.0,29.5,23.11,26.31,79.2,3.7,22.42,32.98,91.37,26.56,LOW,0,23.64,False,0,0.97,1.0,0,0,0.0,0.552,0.66,0.349,0.7,0.56,0.504,0.693,0.55,0.535,0.014,0.0,0.0,0.0,0.0,0.014,0.0514,0.01437,0.04431,0.05868,0,0,0,0,0,0,0,0,0,0,-0.05868,0.0,0.0,"{""max_temperature_c"": 29.5, ""mean_temperature_c"": 26.31, ""humidity_percent"": 79.2, ""wbgt_c"": 26.56, ""heat_index_c"": 32.98, ""heat_duration_hours"": 0, ""consecutive_heat_days"": 0}"
2026-08-28,Tamil Nadu,SYNTHETIC,77000000,13.0,40.0,47.0,0.36,55.0,31.95,24.75,28.35,73.5,1.84,23.16,36.9,98.41,28.31,CAUTION,0,25.39,False,0,-0.67,0.9,0,0,0.232,0.646,0.552,0.429,0.775,0.488,0.54,0.766,0.6,0.521,0.0732,0.1324,0.0204,0.004,0.0449,0.226,0.2921,0.02049,0.05712,0.07761,0,0,0,0,0,0,0,0,0,0,-0.07761,0.0,0.0,"{""max_temperature_c"": 31.95, ""mean_temperature_c"": 28.35, ""humidity_percent"": 73.5, ""wbgt_c"": 28.31, ""heat_index_c"": 36.9, ""heat_duration_hours"": 0, ""consecutive_heat_days"": 0}"
2026-08-28,Kerala,SYNTHETIC,35800000,17.0,45.0,38.0,0.28,50.0,30.63,27.63,29.13,89.2,2.07,27.16,40.26,104.46,29.19,CAUTION,0,28.24,False,0,1.08,4.2,0,0,0.706,1.0,0.418,0.403,0.466,0.527,0.607,0.835,0.65,0.537,0.1392,0.0912,0.0375,0.0252,0.0217,0.2679,0.3691,0.0047,0.01415,0.01885,0,0,0,0,0,0,0,0,0,0,-0.01885,0.0,0.0,"{""max_temperature_c"": 30.63, ""mean_temperature_c"": 29.13, ""humidity_percent"": 89.2, ""wbgt_c"": 29.19, ""heat_index_c"": 40.26, ""heat_duration_hours"": 0, ""consecutive_heat_days"": 0}"
2026-08-28,Karnataka,SYNTHETIC,68000000,11.5,38.5,50.0,0.45,42.0,27.42,20.93,24.18,83.3,2.14,21.16,29.46,85.03,24.91,LOW,0,21.44,False,0,-1.12,5.2,0,0,0.0,0.395,0.617,0.337,0.691,0.558,0.491,0.694,0.55,0.538,0.0,0.014,0.0,0.0,0.0,0.014,0.0514,0.01367,0.04301,0.05668,0,0,0,0,0,0,0,0,0,0,-0.05668,0.0,0.0,"{""max_temperature_c"": 27.42, ""mean_temperature_c"": 24.18, ""humidity_percent"": 83.3, ""wbgt_c"": 24.91, ""heat_index_c"": 29.46, ""heat_duration_hours"": 0, ""consecutive_heat_days"": 0}"
2026-08-29,Tamil Nadu,SYNTHETIC,77000000,13.0,40.0,47.0,0.36,55.0,31.71,24.89,28.3,72.0,5.9,22.77,36.18,97.13,27.71,LOW,0,25.51,False,0,-0.86,-0.8,0,0,0.252,0.596,0.492,0.419,0.763,0.491,0.573,0.767,0.6,0.52,0.0428,0.0732,0.1324,0.0204,0.0403,0.2485,0.2946,0.01878,0.0544,0.07318,0,0,0,0,0,0,0,0,0,0,-0.07318,0.0,0.0,"{""max_temperature_c"": 31.71, ""mean_temperature_c"": 28.3, ""humidity_percent"": 72.0, ""wbgt_c"": 27.71, ""heat_index_c"": 36.18, ""heat_duration_hours"": 0, ""consecutive_heat_days"": 0}"
2026-08-29,Kerala,SYNTHETIC,35800000,17.0,45.0,38.0,0.28,50.0,30.48,26.02,28.25,86.5,2.73,25.79,37.97,100.35,28.58,CAUTION,0,26.6,False,0,0.89,1.7,0,0,0.434,0.973,0.32,0.384,0.446,0.533,0.609,0.834,0.65,0.537,0.0938,0.1392,0.0912,0.0375,0.0355,0.3242,0.4274,0.00422,0.01316,0.01738,0,0,0,0,0,0,0,0,0,0,-0.01738,0.0,0.0,"{""max_temperature_c"": 30.48, ""mean_temperature_c"": 28.25, ""humidity_percent"": 86.5, ""wbgt_c"": 28.58, ""heat_index_c"": 37.97, ""heat_duration_hours"": 0, ""consecutive_heat_days"": 0}"
2026-08-29,Karnataka,SYNTHETIC,68000000,11.5,38.5,50.0,0.45,42.0,27.73,18.68,23.2,79.4,4.2,19.45,29.13,84.44,24.16,LOW,0,19.17,False,0,-0.83,1.5,0,0,0.0,0.181,0.635,0.329,0.695,0.557,0.494,0.694,0.55,0.538,0.0,0.0,0.014,0.0,0.0299,0.014,0.0215,0.01368,0.04272,0.0564,0,0,0,0,0,0,0,0,0,0,-0.0564,0.0,0.0,"{""max_temperature_c"": 27.73, ""mean_temperature_c"": 23.2, ""humidity_percent"": 79.4, ""wbgt_c"": 24.16, ""heat_index_c"": 29.13, ""heat_duration_hours"": 0, ""consecutive_heat_days"": 0}"
2026-08-30,Tamil Nadu,SYNTHETIC,77000000,13.0,40.0,47.0,0.36,55.0,32.39,25.17,28.78,65.8,3.33,21.75,36.04,96.87,27.93,LOW,0,25.85,False,0,-0.15,-7.1,0,0,0.308,0.468,0.411,0.451,0.747,0.49,0.516,0.767,0.6,0.522,0.0561,0.0428,0.0732,0.1324,0.0037,0.1721,0.347,0.01767,0.05303,0.0707,0,0,0,0,0,0,0,0,0,0,-0.0707,0.0,0.0,"{""max_temperature_c"": 32.39, ""mean_temperature_c"": 28.78, ""humidity_percent"": 65.8, ""wbgt_c"": 27.93, ""heat_index_c"": 36.04, ""heat_duration_hours"": 0, ""consecutive_heat_days"": 0}"
2026-08-30,Kerala,SYNTHETIC,35800000,17.0,45.0,38.0,0.28,50.0,31.01,25.77,28.39,84.6,5.5,25.54,38.47,101.25,28.51,CAUTION,0,26.35,False,0,1.37,-0.1,0,0,0.392,0.943,0.32,0.389,0.446,0.535,0.573,0.832,0.65,0.534,0.088,0.0938,0.1392,0.0912,0.024,0.321,0.4914,0.00423,0.01316,0.01739,0,0,0,0,0,0,0,0,0,0,-0.01739,0.0,0.0,"{""max_temperature_c"": 31.01, ""mean_temperature_c"": 28.39, ""humidity_percent"": 84.6, ""wbgt_c"": 28.51, ""heat_index_c"": 38.47, ""heat_duration_hours"": 0, ""consecutive_heat_days"": 0}"
2026-08-30,Karnataka,SYNTHETIC,68000000,11.5,38.5,50.0,0.45,42.0,31.14,22.54,26.84,74.2,3.83,21.86,34.61,94.29,27.11,LOW,0,23.05,False,0,2.57,-3.6,0,0,0.0,0.482,0.53,0.337,0.674,0.548,0.515,0.693,0.55,0.537,0.0278,0.0,0.0,0.014,0.0075,0.0278,0.0418,0.01236,0.04048,0.05284,0,0,0,0,0,0,0,0,0,0,-0.05284,0.0,0.0,"{""max_temperature_c"": 31.14, ""mean_temperature_c"": 26.84, ""humidity_percent"": 74.2, ""wbgt_c"": 27.11, ""heat_index_c"": 34.61, ""heat_duration_hours"": 0, ""consecutive_heat_days"": 0}"
2026-08-31,Tamil Nadu,SYNTHETIC,77000000,13.0,40.0,47.0,0.36,55.0,31.96,23.81,27.89,66.5,2.66,21.06,34.93,94.87,27.46,LOW,0,24.44,False,0,-0.53,-6.6,0,0,0.074,0.383,0.532,0.423,0.771,0.484,0.541,0.768,0.6,0.517,0.0366,0.0561,0.0428,0.0732,0.018,0.1355,0.3656,0.01856,0.05244,0.07099,0,0,0,0,0,0,0,0,0,0,-0.07099,0.0,0.0,"{""max_temperature_c"": 31.96, ""mean_temperature_c"": 27.89, ""humidity_percent"": 66.5, ""wbgt_c"": 27.46, ""heat_index_c"": 34.93, ""heat_duration_hours"": 0, ""consecutive_heat_days"": 0}"
2026-08-31,Kerala,SYNTHETIC,35800000,17.0,45.0,38.0,0.28,50.0,30.26,25.04,27.65,83.4,4.95,24.57,36.12,97.01,27.67,LOW,0,25.67,False,0,0.58,-1.2,0,0,0.278,0.821,0.464,0.422,0.475,0.535,0.601,0.832,0.65,0.529,0.0419,0.088,0.0938,0.1392,0.0165,0.2236,0.5167,0.00449,0.01302,0.01751,0,0,0,0,0,0,0,0,0,0,-0.01751,0.0,0.0,"{""max_temperature_c"": 30.26, ""mean_temperature_c"": 27.65, ""humidity_percent"": 83.4, ""wbgt_c"": 27.67, ""heat_index_c"": 36.12, ""heat_duration_hours"": 0, ""consecutive_heat_days"": 0}"
2026-08-31,Karnataka,SYNTHETIC,68000000,11.5,38.5,50.0,0.45,42.0,28.71,19.86,24.29,75.7,4.02,19.72,30.32,86.57,24.95,LOW,0,20.31,False,0,0.13,-1.9,0,0,0.0,0.215,0.631,0.295,0.694,0.546,0.508,0.692,0.55,0.539,0.0,0.0278,0.0,0.0,0.0,0.0278,0.0418,0.01312,0.04089,0.05402,0,1,1,1,0,0,0,0,1,0,0.94598,0.001471,0.0,"{""max_temperature_c"": 28.71, ""mean_temperature_c"": 24.29, ""humidity_percent"": 75.7, ""wbgt_c"": 24.95, ""heat_index_c"": 30.32, ""heat_duration_hours"": 0, ""consecutive_heat_days"": 0}"
2026-09-01,Tamil Nadu,SYNTHETIC,77000000,13.0,40.0,47.0,0.36,55.0,32.0,24.39,28.2,72.8,3.47,22.85,36.64,97.95,28.16,CAUTION,0,25.05,False,0,-0.44,-0.4,0,0,0.174,0.606,0.512,0.438,0.767,0.483,0.534,0.768,0.6,0.515,0.062,0.0366,0.0561,0.0428,0.004,0.1547,0.4235,0.01829,0.0522,0.07049,0,0,0,0,0,0,0,0,0,0,-0.07049,0.0,0.0,"{""max_temperature_c"": 32.0, ""mean_temperature_c"": 28.2, ""humidity_percent"": 72.8, ""wbgt_c"": 28.16, ""heat_index_c"": 36.64, ""heat_duration_hours"": 0, ""consecutive_heat_days"": 0}"
2026-09-01,Kerala,SYNTHETIC,35800000,17.0,45.0,38.0,0.28,50.0,30.98,26.18,28.58,86.5,2.7,26.11,39.24,102.64,28.95,CAUTION,0,26.79,False,0,1.26,2.2,0,0,0.466,1.0,0.384,0.41,0.459,0.54,0.583,0.832,0.65,0.529,0.1211,0.0419,0.088,0.0938,0.0252,0.2509,0.6126,0.00447,0.01364,0.01811,0,0,0,0,0,0,0,0,0,0,-0.01811,0.0,0.0,"{""max_temperature_c"": 30.98, ""mean_temperature_c"": 28.58, ""humidity_percent"": 86.5, ""wbgt_c"": 28.95, ""heat_index_c"": 39.24, ""heat_duration_hours"": 0, ""consecutive_heat_days"": 0}"
2026-09-01,Karnataka,SYNTHETIC,68000000,11.5,38.5,50.0,0.45,42.0,29.53,21.13,25.33,80.8,4.94,21.79,32.54,90.58,26.05,LOW,0,21.65,False,0,0.95,3.3,0,0,0.0,0.474,0.681,0.35,0.704,0.541,0.531,0.691,0.55,0.536,0.0012,0.0,0.0278,0.0,0.0,0.029,0.043,0.0133,0.04051,0.05381,0,0,0,0,0,0,0,0,0,0,-0.05381,0.0,0.0,"{""max_temperature_c"": 29.53, ""mean_temperature_c"": 25.33, ""humidity_percent"": 80.8, ""wbgt_c"": 26.05, ""heat_index_c"": 32.54, ""heat_duration_hours"": 0, ""consecutive_heat_days"": 0}"
2026-09-02,Tamil Nadu,SYNTHETIC,77000000,13.0,40.0,47.0,0.36,55.0,32.03,25.14,28.58,69.2,2.12,22.39,36.2,97.17,28.19,CAUTION,0,25.83,False,0,-0.37,-4.1,0,0,0.304,0.549,0.562,0.46,0.777,0.482,0.549,0.768,0.6,0.51,0.0651,0.062,0.0366,0.0561,0.0204,0.1637,0.4683,0.01879,0.05234,0.07113,0,0,0,0,0,0,0,0,0,0,-0.07113,0.0,0.0,"{""max_temperature_c"": 32.03, ""mean_temperature_c"": 28.58, ""humidity_percent"": 69.2, ""wbgt_c"": 28.19, ""heat_index_c"": 36.2, ""heat_duration_hours"": 0, ""consecutive_heat_days"": 0}"
2026-09-02,Kerala,SYNTHETIC,35800000,17.0,45.0,38.0,0.28,50.0,30.71,25.0,27.85,83.6,2.05,24.82,37.08,98.75,28.14,CAUTION,0,25.66,False,0,0.95,-0.6,0,0,0.277,0.853,0.39,0.442,0.46,0.544,0.598,0.832,0.65,0.528,0.0607,0.1211,0.0419,0.088,0.0375,0.2236,0.6358,0.00428,0.0129,0.01718,0,0,0,0,0,0,0,0,0,0,-0.01718,0.0,0.0,"{""max_temperature_c"": 30.71, ""mean_temperature_c"": 27.85, ""humidity_percent"": 83.6, ""wbgt_c"": 28.14, ""heat_index_c"": 37.08, ""heat_duration_hours"": 0, ""consecutive_heat_days"": 0}"
2026-09-02,Karnataka,SYNTHETIC,68000000,11.5,38.5,50.0,0.45,42.0,28.58,22.75,25.66,83.1,0.64,22.58,31.83,89.3,26.3,LOW,0,23.26,False,0,-0.02,5.8,0,0,0.0,0.573,0.673,0.338,0.702,0.539,0.481,0.69,0.55,0.536,0.0075,0.0012,0.0,0.0278,0.0,0.0087,0.0504,0.01331,0.04045,0.05376,0,0,0,0,0,0,0,0,0,0,-0.05376,0.0,0.0,"{""max_temperature_c"": 28.58, ""mean_temperature_c"": 25.66, ""humidity_percent"": 83.1, ""wbgt_c"": 26.3, ""heat_index_c"": 31.83, ""heat_duration_hours"": 0, ""consecutive_heat_days"": 0}"
2026-09-03,Tamil Nadu,SYNTHETIC,77000000,13.0,40.0,47.0,0.36,55.0,33.26,24.86,29.06,64.1,1.13,21.59,36.96,98.52,28.3,CAUTION,0,25.51,False,0,0.9,-9.3,0,0,0.252,0.449,0.527,0.432,0.77,0.485,0.535,0.77,0.6,0.507,0.0976,0.0651,0.062,0.0366,0.1324,0.2248,0.4335,0.01854,0.05234,0.07088,0,1,1,0,1,0,0,0,0,1,0.92912,0.001299,0.0,"{""max_temperature_c"": 33.26, ""mean_temperature_c"": 29.06, ""humidity_percent"": 64.1, ""wbgt_c"": 28.3, ""heat_index_c"": 36.96, ""heat_duration_hours"": 0, ""consecutive_heat_days"": 0}"
2026-09-03,Kerala,SYNTHETIC,35800000,17.0,45.0,38.0,0.28,50.0,30.51,25.72,28.12,83.5,3.51,25.05,37.06,98.72,28.24,CAUTION,0,26.35,False,0,0.71,-0.6,0,0,0.391,0.881,0.454,0.418,0.473,0.544,0.624,0.832,0.65,0.535,0.0681,0.0607,0.1211,0.0419,0.0912,0.2499,0.6128,0.00444,0.01307,0.01751,0,0,0,0,0,0,0,0,0,0,-0.01751,0.0,0.0,"{""max_temperature_c"": 30.51, ""mean_temperature_c"": 28.12, ""humidity_percent"": 83.5, ""wbgt_c"": 28.24, ""heat_index_c"": 37.06, ""heat_duration_hours"": 0, ""consecutive_heat_days"": 0}"
2026-09-03,Karnataka,SYNTHETIC,68000000,11.5,38.5,50.0,0.45,42.0,27.97,21.41,24.69,83.3,4.54,21.66,30.43,86.77,25.31,LOW,0,21.94,False,0,-0.63,6.1,0,0,0.0,0.458,0.651,0.35,0.698,0.532,0.492,0.69,0.55,0.538,0.0,0.0075,0.0012,0.0,0.014,0.0087,0.0365,0.01271,0.03905,0.05175,0,0,0,0,0,0,0,0,0,0,-0.05175,0.0,0.0,"{""max_temperature_c"": 27.97, ""mean_temperature_c"": 24.69, ""humidity_percent"": 83.3, ""wbgt_c"": 25.31, ""heat_index_c"": 30.43, ""heat_duration_hours"": 0, ""consecutive_heat_days"": 0}"
2026-09-04,Tamil Nadu,SYNTHETIC,77000000,13.0,40.0,47.0,0.36,55.0,31.35,24.91,28.13,73.8,0.92,23.01,35.96,96.73,28.03,CAUTION,0,25.6,False,0,-0.96,0.2,0,0,0.266,0.627,0.53,0.458,0.771,0.486,0.555,0.768,0.6,0.504,0.0521,0.0976,0.0651,0.062,0.0732,0.2148,0.4124,0.01798,0.05087,0.06885,0,0,0,0,0,0,0,0,0,0,-0.06885,0.0,0.0,"{""max_temperature_c"": 31.35, ""mean_temperature_c"": 28.13, ""humidity_percent"": 73.8, ""wbgt_c"": 28.03, ""heat_index_c"": 35.96, ""heat_duration_hours"": 0, ""consecutive_heat_days"": 0}"
2026-09-04,Kerala,SYNTHETIC,35800000,17.0,45.0,38.0,0.28,50.0,29.46,23.84,26.65,83.5,2.28,23.63,33.95,93.12,27.12,LOW,0,24.43,False,0,-0.38,-0.5,0,0,0.072,0.703,0.379,0.396,0.458,0.549,0.634,0.831,0.65,0.535,0.0281,0.0681,0.0607,0.1211,0.1392,0.1569,0.5016,0.00403,0.01233,0.01636,0,0,0,0,0,0,0,0,0,0,-0.01636,0.0,0.0,"{""max_temperature_c"": 29.46, ""mean_temperature_c"": 26.65, ""humidity_percent"": 83.5, ""wbgt_c"": 27.12, ""heat_index_c"": 33.95, ""heat_duration_hours"": 0, ""consecutive_heat_days"": 0}"
2026-09-04,Karnataka,SYNTHETIC,68000000,11.5,38.5,50.0,0.45,42.0,26.54,18.22,22.38,77.1,3.92,18.18,27.53,81.56,23.1,LOW,0,18.72,False,0,-2.06,0.0,0,0,0.0,0.022,0.706,0.334,0.709,0.534,0.507,0.689,0.55,0.541,0.0,0.0,0.0075,0.0012,0.0,0.0075,0.0365,0.01308,0.03918,0.05226,0,0,0,0,0,0,0,0,0,0,-0.05226,0.0,0.0,"{""max_temperature_c"": 26.54, ""mean_temperature_c"": 22.38, ""humidity_percent"": 77.1, ""wbgt_c"": 23.1, ""heat_index_c"": 27.53, ""heat_duration_hours"": 0, ""consecutive_heat_days"": 0}"
2026-09-05,Tamil Nadu,SYNTHETIC,77000000,13.0,40.0,47.0,0.36,55.0,31.29,24.49,27.89,68.3,2.54,21.5,34.49,94.08,27.28,LOW,0,25.14,False,0,-0.97,-5.4,0,0,0.189,0.438,0.494,0.433,0.764,0.49,0.538,0.772,0.6,0.504,0.032,0.0521,0.0976,0.0651,0.0428,0.1817,0.4015,0.01706,0.04925,0.0663,0,0,0,0,0,0,0,0,0,0,-0.0663,0.0,0.0,"{""max_temperature_c"": 31.29, ""mean_temperature_c"": 27.89, ""humidity_percent"": 68.3, ""wbgt_c"": 27.28, ""heat_index_c"": 34.49, ""heat_duration_hours"": 0, ""consecutive_heat_days"": 0}"
2026-09-05,Kerala,SYNTHETIC,35800000,17.0,45.0,38.0,0.28,50.0,30.48,24.59,27.53,79.2,2.68,23.62,35.4,95.71,27.7,LOW,0,25.17,False,0,0.6,-4.6,0,0,0.195,0.702,0.359,0.384,0.454,0.55,0.584,0.83,0.65,0.535,0.0426,0.0281,0.0681,0.0607,0.0938,0.1388,0.4504,0.00402,0.01239,0.0164,0,0,0,0,0,0,0,0,0,0,-0.0164,0.0,0.0,"{""max_temperature_c"": 30.48, ""mean_temperature_c"": 27.53, ""humidity_percent"": 79.2, ""wbgt_c"": 27.7, ""heat_index_c"": 35.4, ""heat_duration_hours"": 0, ""consecutive_heat_days"": 0}"
2026-09-05,Karnataka,SYNTHETIC,68000000,11.5,38.5,50.0,0.45,42.0,28.1,19.54,23.82,76.9,2.64,19.53,29.56,85.21,24.51,LOW,0,20.05,False,0,-0.51,-0.1,0,0,0.0,0.191,0.614,0.336,0.69,0.536,0.467,0.689,0.55,0.541,0.0,0.0,0.0,0.0075,0.0,0.0,0.0365,0.01223,0.03824,0.05047,0,0,0,0,0,0,0,0,0,0,-0.05047,0.0,0.0,"{""max_temperature_c"": 28.1, ""mean_temperature_c"": 23.82, ""humidity_percent"": 76.9, ""wbgt_c"": 24.51, ""heat_index_c"": 29.56, ""heat_duration_hours"": 0, ""consecutive_heat_days"": 0}"
2026-09-06,Tamil Nadu,SYNTHETIC,77000000,13.0,40.0,47.0,0.36,55.0,31.19,23.58,27.39,72.3,2.46,21.95,34.75,94.56,27.4,LOW,0,24.28,False,0,-1.02,-1.6,0,0,0.046,0.494,0.421,0.461,0.749,0.491,0.536,0.771,0.6,0.504,0.0351,0.032,0.0521,0.0976,0.0561,0.1191,0.3805,0.01581,0.04742,0.06323,0,0,0,0,0,0,0,0,0,0,-0.06323,0.0,0.0,"{""max_temperature_c"": 31.19, ""mean_temperature_c"": 27.39, ""humidity_percent"": 72.3, ""wbgt_c"": 27.4, ""heat_index_c"": 34.75, ""heat_duration_hours"": 0, ""consecutive_heat_days"": 0}"
2026-09-06,Kerala,SYNTHETIC,35800000,17.0,45.0,38.0,0.28,50.0,30.4,25.53,27.97,71.5,4.59,22.33,34.08,93.35,26.88,LOW,0,26.16,False,0,0.49,-12.3,0,0,0.36,0.541,0.263,0.418,0.435,0.55,0.621,0.832,0.65,0.534,0.022,0.0426,0.0281,0.0681,0.088,0.0927,0.3845,0.0036,0.0117,0.0153,0,0,0,0,0,0,0,0,0,0,-0.0153,0.0,0.0,"{""max_temperature_c"": 30.4, ""mean_temperature_c"": 27.97, ""humidity_percent"": 71.5, ""wbgt_c"": 26.88, ""heat_index_c"": 34.08, ""heat_duration_hours"": 0, ""consecutive_heat_days"": 0}"
2026-09-06,Karnataka,SYNTHETIC,68000000,11.5,38.5,50.0,0.45,42.0,27.28,19.03,23.15,74.9,7.42,18.45,28.32,82.98,23.42,LOW,0,19.51,False,0,-1.34,-2.0,0,0,0.0,0.056,0.484,0.32,0.664,0.53,0.487,0.69,0.55,0.542,0.0,0.0,0.0,0.0,0.0278,0.0,0.0087,0.01073,0.03584,0.04657,0,0,0,0,0,0,0,0,0,0,-0.04657,0.0,0.0,"{""max_temperature_c"": 27.28, ""mean_temperature_c"": 23.15, ""humidity_percent"": 74.9, ""wbgt_c"": 23.42, ""heat_index_c"": 28.32, ""heat_duration_hours"": 0, ""consecutive_heat_days"": 0}"
2026-09-07,Tamil Nadu,SYNTHETIC,77000000,13.0,40.0,47.0,0.36,55.0,30.64,22.5,26.57,70.7,0.67,20.82,33.18,91.73,26.82,LOW,0,23.08,False,0,-1.52,-3.3,0,0,0.0,0.352,0.546,0.392,0.774,0.49,0.563,0.769,0.6,0.504,0.0205,0.0351,0.032,0.0521,0.0366,0.0875,0.3643,0.0168,0.04753,0.06433,0,0,0,0,0,0,0,0,0,0,-0.06433,0.0,0.0,"{""max_temperature_c"": 30.64, ""mean_temperature_c"": 26.57, ""humidity_percent"": 70.7, ""wbgt_c"": 26.82, ""heat_index_c"": 33.18, ""heat_duration_hours"": 0, ""consecutive_heat_days"": 0}"
2026-09-07,Kerala,SYNTHETIC,35800000,17.0,45.0,38.0,0.28,50.0,30.75,25.12,27.93,73.7,1.61,22.81,34.98,94.96,27.49,LOW,0,25.81,False,0,0.81,-9.9,0,0,0.301,0.602,0.426,0.461,0.468,0.552,0.599,0.833,0.65,0.534,0.0374,0.022,0.0426,0.0281,0.0419,0.102,0.38,0.00414,0.01238,0.01652,0,0,0,0,0,0,0,0,0,0,-0.01652,0.0,0.0,"{""max_temperature_c"": 30.75, ""mean_temperature_c"": 27.93, ""humidity_percent"": 73.7, ""wbgt_c"": 27.49, ""heat_index_c"": 34.98, ""heat_duration_hours"": 0, ""consecutive_heat_days"": 0}"
2026-09-07,Karnataka,SYNTHETIC,68000000,11.5,38.5,50.0,0.45,42.0,27.77,19.08,23.43,75.7,3.3,18.9,28.97,84.15,24.26,LOW,0,19.58,False,0,-0.85,-1.0,0,0,0.0,0.112,0.676,0.333,0.703,0.525,0.488,0.69,0.55,0.542,0.0,0.0,0.0,0.0,0.0,0.0,0.0087,0.01231,0.03728,0.04959,0,0,0,0,0,0,0,0,0,0,-0.04959,0.0,0.0,"{""max_temperature_c"": 27.77, ""mean_temperature_c"": 23.43, ""humidity_percent"": 75.7, ""wbgt_c"": 24.26, ""heat_index_c"": 28.97, ""heat_duration_hours"": 0, ""consecutive_heat_days"": 0}"
2026-09-08,Tamil Nadu,SYNTHETIC,77000000,13.0,40.0,47.0,0.36,55.0,30.99,22.39,26.69,70.2,3.84,20.81,33.58,92.45,26.71,LOW,0,23.09,False,0,-1.13,-3.9,0,0,0.0,0.351,0.555,0.465,0.776,0.492,0.526,0.768,0.6,0.516,0.0176,0.0205,0.0351,0.032,0.062,0.0732,0.32,0.01682,0.04729,0.06411,1,0,1,1,0,1,0,0,0,1,0.93589,0.001299,0.001299,"{""max_temperature_c"": 30.99, ""mean_temperature_c"": 26.69, ""humidity_percent"": 70.2, ""wbgt_c"": 26.71, ""heat_index_c"": 33.58, ""heat_duration_hours"": 0, ""consecutive_heat_days"": 0}"
2026-09-08,Kerala,SYNTHETIC,35800000,17.0,45.0,38.0,0.28,50.0,31.08,26.31,28.69,81.6,0.53,25.23,38.16,100.69,28.8,CAUTION,0,26.86,False,0,1.1,-1.9,0,0,0.477,0.904,0.455,0.371,0.473,0.552,0.62,0.834,0.65,0.533,0.11,0.0374,0.022,0.0426,0.1211,0.1694,0.3689,0.00446,0.01324,0.01771,0,0,0,0,0,0,0,0,0,0,-0.01771,0.0,0.0,"{""max_temperature_c"": 31.08, ""mean_temperature_c"": 28.69, ""humidity_percent"": 81.6, ""wbgt_c"": 28.8, ""heat_index_c"": 38.16, ""heat_duration_hours"": 0, ""consecutive_heat_days"": 0}"
2026-09-08,Karnataka,SYNTHETIC,68000000,11.5,38.5,50.0,0.45,42.0,29.22,20.32,24.77,72.2,1.56,19.43,30.73,87.31,25.34,LOW,0,20.79,False,0,0.59,-4.4,0,0,0.0,0.179,0.682,0.314,0.704,0.534,0.505,0.689,0.55,0.542,0.0,0.0,0.0,0.0,0.0012,0.0,0.0075,0.01232,0.03734,0.04966,0,0,0,0,0,0,0,0,0,0,-0.04966,0.0,0.0,"{""max_temperature_c"": 29.22, ""mean_temperature_c"": 24.77, ""humidity_percent"": 72.2, ""wbgt_c"": 25.34, ""heat_index_c"": 30.73, ""heat_duration_hours"": 0, ""consecutive_heat_days"": 0}"
2026-09-09,Tamil Nadu,SYNTHETIC,77000000,13.0,40.0,47.0,0.36,55.0,29.95,22.91,26.43,75.9,3.51,21.85,33.12,91.61,26.68,LOW,0,23.56,False,0,-2.11,1.7,0,0,0.0,0.481,0.646,0.434,0.794,0.49,0.55,0.769,0.6,0.513,0.0169,0.0176,0.0205,0.0351,0.0651,0.055,0.2717,0.01764,0.04755,0.06519,0,0,0,0,0,0,0,0,0,0,-0.06519,0.0,0.0,"{""max_temperature_c"": 29.95, ""mean_temperature_c"": 26.43, ""humidity_percent"": 75.9, ""wbgt_c"": 26.68, ""heat_index_c"": 33.12, ""heat_duration_hours"": 0, ""consecutive_heat_days"": 0}"
2026-09-09,Kerala,SYNTHETIC,35800000,17.0,45.0,38.0,0.28,50.0,31.44,26.32,28.88,82.0,1.23,25.5,39.06,102.31,29.1,CAUTION,0,26.94,False,0,1.43,-1.4,0,0,0.49,0.937,0.396,0.409,0.462,0.555,0.573,0.835,0.65,0.527,0.1325,0.11,0.0374,0.022,0.0607,0.2799,0.4407,0.00448,0.01357,0.01805,0,0,0,0,0,0,0,0,0,0,-0.01805,0.0,0.0,"{""max_temperature_c"": 31.44, ""mean_temperature_c"": 28.88, ""humidity_percent"": 82.0, ""wbgt_c"": 29.1, ""heat_index_c"": 39.06, ""heat_duration_hours"": 0, ""consecutive_heat_days"": 0}"
2026-09-09,Karnataka,SYNTHETIC,68000000,11.5,38.5,50.0,0.45,42.0,28.81,20.26,24.54,69.1,4.18,18.49,29.86,85.75,24.52,LOW,0,20.74,False,0,0.18,-7.5,0,0,0.0,0.062,0.662,0.318,0.7,0.54,0.503,0.692,0.55,0.543,0.0,0.0,0.0,0.0,0.0075,0.0,0.0,0.01208,0.03708,0.04916,0,0,0,0,0,0,0,0,0,0,-0.04916,0.0,0.0,"{""max_temperature_c"": 28.81, ""mean_temperature_c"": 24.54, ""humidity_percent"": 69.1, ""wbgt_c"": 24.52, ""heat_index_c"": 29.86, ""heat_duration_hours"": 0, ""consecutive_heat_days"": 0}"
2026-09-10,Tamil Nadu,SYNTHETIC,77000000,13.0,40.0,47.0,0.36,55.0,30.91,22.58,26.75,72.0,3.77,21.27,33.84,92.92,26.81,LOW,0,23.25,False,0,-1.1,-2.5,0,0,0.0,0.409,0.552,0.443,0.775,0.486,0.574,0.769,0.6,0.511,0.0203,0.0169,0.0176,0.0205,0.0976,0.0548,0.1944,0.01595,0.04513,0.06108,0,0,0,0,0,0,0,0,0,0,-0.06108,0.0,0.0,"{""max_temperature_c"": 30.91, ""mean_temperature_c"": 26.75, ""humidity_percent"": 72.0, ""wbgt_c"": 26.81, ""heat_index_c"": 33.84, ""heat_duration_hours"": 0, ""consecutive_heat_days"": 0}"
2026-09-10,Kerala,SYNTHETIC,35800000,17.0,45.0,38.0,0.28,50.0,30.64,25.31,27.98,79.4,2.23,24.07,36.1,96.99,27.99,LOW,0,25.96,False,0,0.6,-4.0,0,0,0.326,0.758,0.48,0.429,0.478,0.549,0.638,0.833,0.65,0.528,0.0498,0.1325,0.11,0.0374,0.0681,0.2923,0.4224,0.00438,0.01267,0.01705,0,0,0,0,0,0,0,0,0,0,-0.01705,0.0,0.0,"{""max_temperature_c"": 30.64, ""mean_temperature_c"": 27.98, ""humidity_percent"": 79.4, ""wbgt_c"": 27.99, ""heat_index_c"": 36.1, ""heat_duration_hours"": 0, ""consecutive_heat_days"": 0}"
2026-09-10,Karnataka,SYNTHETIC,68000000,11.5,38.5,50.0,0.45,42.0,28.3,20.33,24.31,73.2,1.08,19.2,29.64,85.35,24.71,LOW,0,20.86,False,0,-0.33,-3.3,0,0,0.0,0.15,0.676,0.351,0.703,0.544,0.481,0.694,0.55,0.544,0.0,0.0,0.0,0.0,0.0,0.0,0.0,0.01226,0.03729,0.04955,0,0,0,0,0,0,0,0,0,0,-0.04955,0.0,0.0,"{""max_temperature_c"": 28.3, ""mean_temperature_c"": 24.31, ""humidity_percent"": 73.2, ""wbgt_c"": 24.71, ""heat_index_c"": 29.64, ""heat_duration_hours"": 0, ""consecutive_heat_days"": 0}"
2026-09-11,Tamil Nadu,SYNTHETIC,77000000,13.0,40.0,47.0,0.36,55.0,31.45,23.04,27.24,70.5,1.4,21.41,34.6,94.28,27.45,LOW,0,23.76,False,0,-0.51,-4.0,0,0,0.0,0.427,0.539,0.478,0.773,0.485,0.526,0.769,0.6,0.508,0.0364,0.0203,0.0169,0.0176,0.0521,0.0735,0.1787,0.01596,0.04508,0.06105,0,0,0,0,0,0,0,0,0,0,-0.06105,0.0,0.0,"{""max_temperature_c"": 31.45, ""mean_temperature_c"": 27.24, ""humidity_percent"": 70.5, ""wbgt_c"": 27.45, ""heat_index_c"": 34.6, ""heat_duration_hours"": 0, ""consecutive_heat_days"": 0}"
2026-09-11,Kerala,SYNTHETIC,35800000,17.0,45.0,38.0,0.28,50.0,31.12,25.06,28.09,75.7,2.74,23.4,36.05,96.88,27.92,LOW,0,25.67,False,0,1.05,-7.5,0,0,0.278,0.675,0.405,0.407,0.463,0.544,0.623,0.834,0.65,0.528,0.048,0.0498,0.1325,0.11,0.0281,0.2302,0.4422,0.00405,0.01218,0.01623,0,0,0,0,0,0,0,0,0,0,-0.01623,0.0,0.0,"{""max_temperature_c"": 31.12, ""mean_temperature_c"": 28.09, ""humidity_percent"": 75.7, ""wbgt_c"": 27.92, ""heat_index_c"": 36.05, ""heat_duration_hours"": 0, ""consecutive_heat_days"": 0}"
2026-09-11,Karnataka,SYNTHETIC,68000000,11.5,38.5,50.0,0.45,42.0,27.05,18.28,22.67,84.2,9.0,19.86,28.51,83.32,23.82,LOW,0,18.77,False,0,-1.58,7.8,0,0,0.0,0.232,0.685,0.327,0.705,0.539,0.483,0.691,0.55,0.544,0.0,0.0,0.0,0.0,0.0,0.0,0.0,0.01216,0.03678,0.04893,0,0,0,0,0,0,0,0,0,0,-0.04893,0.0,0.0,"{""max_temperature_c"": 27.05, ""mean_temperature_c"": 22.67, ""humidity_percent"": 84.2, ""wbgt_c"": 23.82, ""heat_index_c"": 28.51, ""heat_duration_hours"": 0, ""consecutive_heat_days"": 0}"
2026-09-12,Tamil Nadu,SYNTHETIC,77000000,13.0,40.0,47.0,0.36,55.0,32.55,23.93,28.24,66.2,1.16,21.35,35.88,96.58,28.05,CAUTION,0,24.66,False,0,0.65,-8.5,0,0,0.11,0.418,0.543,0.484,0.774,0.49,0.558,0.769,0.6,0.508,0.0645,0.0364,0.0203,0.0169,0.032,0.1211,0.2112,0.01601,0.04514,0.06114,0,0,0,0,0,0,0,0,0,0,-0.06114,0.0,0.0,"{""max_temperature_c"": 32.55, ""mean_temperature_c"": 28.24, ""humidity_percent"": 66.2, ""wbgt_c"": 28.05, ""heat_index_c"": 35.88, ""heat_duration_hours"": 0, ""consecutive_heat_days"": 0}"
2026-09-12,Kerala,SYNTHETIC,35800000,17.0,45.0,38.0,0.28,50.0,30.93,26.14,28.54,77.1,2.81,24.14,36.6,97.87,28.25,CAUTION,0,26.74,False,0,0.84,-6.0,0,0,0.457,0.767,0.386,0.4,0.46,0.54,0.623,0.834,0.65,0.527,0.0689,0.048,0.0498,0.1325,0.0426,0.1666,0.4685,0.004,0.01218,0.01618,0,0,0,0,0,0,0,0,0,0,-0.01618,0.0,0.0,"{""max_temperature_c"": 30.93, ""mean_temperature_c"": 28.54, ""humidity_percent"": 77.1, ""wbgt_c"": 28.25, ""heat_index_c"": 36.6, ""heat_duration_hours"": 0, ""consecutive_heat_days"": 0}"
2026-09-12,Karnataka,SYNTHETIC,68000000,11.5,38.5,50.0,0.45,42.0,27.11,20.93,24.02,84.1,2.46,21.18,29.05,84.29,24.87,LOW,0,21.4,False,0,-1.52,7.8,0,0,0.0,0.397,0.594,0.314,0.686,0.535,0.506,0.691,0.55,0.546,0.0,0.0,0.0,0.0,0.0,0.0,0.0,0.01105,0.03503,0.04609,0,0,0,0,0,0,0,0,0,0,-0.04609,0.0,0.0,"{""max_temperature_c"": 27.11, ""mean_temperature_c"": 24.02, ""humidity_percent"": 84.1, ""wbgt_c"": 24.87, ""heat_index_c"": 29.05, ""heat_duration_hours"": 0, ""consecutive_heat_days"": 0}"
2026-09-13,Tamil Nadu,SYNTHETIC,77000000,13.0,40.0,47.0,0.36,55.0,32.57,25.19,28.88,67.4,3.7,22.22,36.71,98.08,28.07,CAUTION,0,25.8,False,0,0.72,-7.5,0,0,0.3,0.528,0.426,0.408,0.75,0.494,0.539,0.768,0.6,0.507,0.0668,0.0645,0.0364,0.0203,0.0351,0.1676,0.2429,0.01478,0.04417,0.05895,0,0,0,0,0,0,0,0,0,0,-0.05895,0.0,0.0,"{""max_temperature_c"": 32.57, ""mean_temperature_c"": 28.88, ""humidity_percent"": 67.4, ""wbgt_c"": 28.07, ""heat_index_c"": 36.71, ""heat_duration_hours"": 0, ""consecutive_heat_days"": 0}"
2026-09-13,Kerala,SYNTHETIC,35800000,17.0,45.0,38.0,0.28,50.0,30.79,27.62,29.21,77.2,2.58,24.8,37.19,98.93,28.27,CAUTION,0,28.2,False,0,0.68,-5.9,0,0,0.7,0.85,0.359,0.382,0.454,0.54,0.588,0.834,0.65,0.525,0.0703,0.0689,0.048,0.0498,0.022,0.1872,0.5168,0.00398,0.01227,0.01625,0,0,0,0,0,0,0,0,0,0,-0.01625,0.0,0.0,"{""max_temperature_c"": 30.79, ""mean_temperature_c"": 29.21, ""humidity_percent"": 77.2, ""wbgt_c"": 28.27, ""heat_index_c"": 37.19, ""heat_duration_hours"": 0, ""consecutive_heat_days"": 0}"
2026-09-13,Karnataka,SYNTHETIC,68000000,11.5,38.5,50.0,0.45,42.0,29.36,21.65,25.51,76.8,3.6,21.14,31.88,89.39,25.94,LOW,0,22.16,False,0,0.73,0.6,0,0,0.0,0.393,0.55,0.338,0.678,0.536,0.499,0.693,0.55,0.543,0.0,0.0,0.0,0.0,0.0,0.0,0.0,0.01062,0.03439,0.04501,0,0,0,0,0,0,0,0,0,0,-0.04501,0.0,0.0,"{""max_temperature_c"": 29.36, ""mean_temperature_c"": 25.51, ""humidity_percent"": 76.8, ""wbgt_c"": 25.94, ""heat_index_c"": 31.88, ""heat_duration_hours"": 0, ""consecutive_heat_days"": 0}"
2026-09-14,Tamil Nadu,SYNTHETIC,77000000,13.0,40.0,47.0,0.36,55.0,32.03,23.74,27.89,70.2,0.63,21.95,35.78,96.41,27.89,LOW,0,24.4,False,0,0.24,-4.8,0,0,0.066,0.494,0.578,0.436,0.781,0.49,0.516,0.77,0.6,0.506,0.0479,0.0668,0.0645,0.0364,0.0205,0.1792,0.2704,0.01638,0.04512,0.0615,0,0,0,0,0,0,0,0,0,0,-0.0615,0.0,0.0,"{""max_temperature_c"": 32.03, ""mean_temperature_c"": 27.89, ""humidity_percent"": 70.2, ""wbgt_c"": 27.89, ""heat_index_c"": 35.78, ""heat_duration_hours"": 0, ""consecutive_heat_days"": 0}"
2026-09-14,Kerala,SYNTHETIC,35800000,17.0,45.0,38.0,0.28,50.0,30.71,24.96,27.83,81.4,0.69,24.35,36.53,97.75,28.34,CAUTION,0,25.52,False,0,0.57,-1.6,0,0,0.254,0.794,0.473,0.376,0.477,0.543,0.606,0.834,0.65,0.52,0.0753,0.0703,0.0689,0.048,0.0374,0.2145,0.5547,0.00432,0.01255,0.01687,0,0,0,0,0,0,0,0,0,0,-0.01687,0.0,0.0,"{""max_temperature_c"": 30.71, ""mean_temperature_c"": 27.83, ""humidity_percent"": 81.4, ""wbgt_c"": 28.34, ""heat_index_c"": 36.53, ""heat_duration_hours"": 0, ""consecutive_heat_days"": 0}"
2026-09-14,Karnataka,SYNTHETIC,68000000,11.5,38.5,50.0,0.45,42.0,27.59,20.07,23.83,79.6,2.83,20.08,29.22,84.59,24.63,LOW,0,20.62,False,0,-1.04,3.3,0,0,0.0,0.26,0.717,0.364,0.711,0.538,0.505,0.692,0.55,0.541,0.0,0.0,0.0,0.0,0.0,0.0,0.0,0.01204,0.03594,0.04798,0,0,0,0,0,0,0,0,0,0,-0.04798,0.0,0.0,"{""max_temperature_c"": 27.59, ""mean_temperature_c"": 23.83, ""humidity_percent"": 79.6, ""wbgt_c"": 24.63, ""heat_index_c"": 29.22, ""heat_duration_hours"": 0, ""consecutive_heat_days"": 0}"
2026-09-15,Tamil Nadu,SYNTHETIC,77000000,13.0,40.0,47.0,0.36,55.0,31.92,24.98,28.45,62.8,2.04,20.67,34.57,94.22,27.36,LOW,0,25.65,False,0,0.18,-12.4,0,0,0.275,0.334,0.543,0.447,0.774,0.493,0.585,0.772,0.6,0.505,0.0339,0.0479,0.0668,0.0645,0.0176,0.1486,0.2867,0.01527,0.04329,0.05857,0,0,0,0,0,0,0,0,0,0,-0.05857,0.0,0.0,"{""max_temperature_c"": 31.92, ""mean_temperature_c"": 28.45, ""humidity_percent"": 62.8, ""wbgt_c"": 27.36, ""heat_index_c"": 34.57, ""heat_duration_hours"": 0, ""consecutive_heat_days"": 0}"
2026-09-15,Kerala,SYNTHETIC,35800000,17.0,45.0,38.0,0.28,50.0,31.32,26.83,29.08,88.7,1.57,27.02,41.23,106.21,29.6,CAUTION,0,27.47,False,0,1.16,5.8,0,0,0.579,1.0,0.434,0.428,0.469,0.545,0.586,0.833,0.65,0.521,0.1701,0.0753,0.0703,0.0689,0.11,0.3157,0.6148,0.00464,0.01386,0.0185,0,0,0,0,0,0,0,0,0,0,-0.0185,0.0,0.0,"{""max_temperature_c"": 31.32, ""mean_temperature_c"": 29.08, ""humidity_percent"": 88.7, ""wbgt_c"": 29.6, ""heat_index_c"": 41.23, ""heat_duration_hours"": 0, ""consecutive_heat_days"": 0}"
2026-09-15,Karnataka,SYNTHETIC,68000000,11.5,38.5,50.0,0.45,42.0,26.53,18.96,22.74,80.7,1.47,19.25,27.75,81.96,23.79,LOW,0,19.47,False,0,-2.1,4.5,0,0,0.0,0.157,0.697,0.341,0.707,0.537,0.519,0.692,0.55,0.539,0.0,0.0,0.0,0.0,0.0,0.0,0.0,0.01169,0.03529,0.04698,0,0,0,0,0,0,0,0,0,0,-0.04698,0.0,0.0,"{""max_temperature_c"": 26.53, ""mean_temperature_c"": 22.74, ""humidity_percent"": 80.7, ""wbgt_c"": 23.79, ""heat_index_c"": 27.75, ""heat_duration_hours"": 0, ""consecutive_heat_days"": 0}"
2026-09-16,Tamil Nadu,SYNTHETIC,77000000,13.0,40.0,47.0,0.36,55.0,30.19,21.83,26.01,72.4,3.38,20.66,32.54,90.57,26.32,LOW,0,22.48,False,0,-1.48,-2.9,0,0,0.0,0.332,0.595,0.434,0.784,0.493,0.584,0.77,0.6,0.501,0.0081,0.0339,0.0479,0.0668,0.0169,0.0899,0.2778,0.01546,0.04285,0.05831,0,0,0,0,0,0,0,0,0,0,-0.05831,0.0,0.0,"{""max_temperature_c"": 30.19, ""mean_temperature_c"": 26.01, ""humidity_percent"": 72.4, ""wbgt_c"": 26.32, ""heat_index_c"": 32.54, ""heat_duration_hours"": 0, ""consecutive_heat_days"": 0}"
2026-09-16,Kerala,SYNTHETIC,35800000,17.0,45.0,38.0,0.28,50.0,31.52,28.06,29.79,86.2,2.16,27.23,41.92,107.46,29.81,CAUTION,0,28.61,False,0,1.34,3.3,0,0,0.769,1.0,0.464,0.367,0.475,0.541,0.616,0.833,0.65,0.52,0.1859,0.1701,0.0753,0.0703,0.1325,0.4313,0.6682,0.00486,0.01436,0.01922,0,0,0,0,0,0,0,0,0,0,-0.01922,0.0,0.0,"{""max_temperature_c"": 31.52, ""mean_temperature_c"": 29.79, ""humidity_percent"": 86.2, ""wbgt_c"": 29.81, ""heat_index_c"": 41.92, ""heat_duration_hours"": 0, ""consecutive_heat_days"": 0}"
2026-09-16,Karnataka,SYNTHETIC,68000000,11.5,38.5,50.0,0.45,42.0,27.1,19.18,23.14,82.6,3.8,20.02,28.62,83.52,24.21,LOW,0,19.67,False,0,-1.52,6.5,0,0,0.0,0.253,0.725,0.325,0.713,0.537,0.463,0.693,0.55,0.539,0.0,0.0,0.0,0.0,0.0,0.0,0.0,0.0121,0.03578,0.04788,0,1,1,1,0,0,0,0,0,1,0.95212,0.001471,0.0,"{""max_temperature_c"": 27.1, ""mean_temperature_c"": 23.14, ""humidity_percent"": 82.6, ""wbgt_c"": 24.21, ""heat_index_c"": 28.62, ""heat_duration_hours"": 0, ""consecutive_heat_days"": 0}"
2026-09-17,Tamil Nadu,SYNTHETIC,77000000,13.0,40.0,47.0,0.36,55.0,30.35,24.37,27.36,77.1,1.7,23.0,34.62,94.32,27.49,LOW,0,25.03,False,0,-1.26,1.6,0,0,0.171,0.625,0.545,0.436,0.774,0.494,0.573,0.77,0.6,0.504,0.0373,0.0081,0.0339,0.0479,0.0203,0.0793,0.2949,0.01489,0.04232,0.05721,0,0,0,0,0,0,0,0,0,0,-0.05721,0.0,0.0,"{""max_temperature_c"": 30.35, ""mean_temperature_c"": 27.36, ""humidity_percent"": 77.1, ""wbgt_c"": 27.49, ""heat_index_c"": 34.62, ""heat_duration_hours"": 0, ""consecutive_heat_days"": 0}"
2026-09-17,Kerala,SYNTHETIC,35800000,17.0,45.0,38.0,0.28,50.0,30.91,26.13,28.52,83.6,1.17,25.47,38.22,100.8,28.9,CAUTION,0,26.7,False,0,0.71,0.8,0,0,0.45,0.934,0.469,0.379,0.476,0.541,0.605,0.833,0.65,0.516,0.1171,0.1859,0.1701,0.0753,0.0498,0.4731,0.7356,0.00462,0.01331,0.01793,0,0,0,0,0,0,0,0,0,0,-0.01793,0.0,0.0,"{""max_temperature_c"": 30.91, ""mean_temperature_c"": 28.52, ""humidity_percent"": 83.6, ""wbgt_c"": 28.9, ""heat_index_c"": 38.22, ""heat_duration_hours"": 0, ""consecutive_heat_days"": 0}"
2026-09-17,Karnataka,SYNTHETIC,68000000,11.5,38.5,50.0,0.45,42.0,28.52,20.18,24.35,72.8,4.47,19.15,29.85,85.74,24.57,LOW,0,20.73,False,0,-0.09,-3.3,0,0,0.0,0.144,0.686,0.366,0.705,0.532,0.513,0.694,0.55,0.542,0.0,0.0,0.0,0.0,0.0,0.0,0.0,0.01135,0.03435,0.04569,0,1,1,1,0,0,0,0,0,1,0.95431,0.001471,0.0,"{""max_temperature_c"": 28.52, ""mean_temperature_c"": 24.35, ""humidity_percent"": 72.8, ""wbgt_c"": 24.57, ""heat_index_c"": 29.85, ""heat_duration_hours"": 0, ""consecutive_heat_days"": 0}"
2026-09-18,Tamil Nadu,SYNTHETIC,77000000,13.0,40.0,47.0,0.36,55.0,29.92,21.81,25.87,79.0,1.29,21.94,33.16,91.68,26.83,LOW,0,22.47,False,0,-1.63,3.3,0,0,0.0,0.493,0.566,0.44,0.778,0.488,0.539,0.768,0.6,0.503,0.0207,0.0373,0.0081,0.0339,0.0364,0.066,0.2792,0.01488,0.0416,0.05648,0,0,0,0,0,0,0,0,0,0,-0.05648,0.0,0.0,"{""max_temperature_c"": 29.92, ""mean_temperature_c"": 25.87, ""humidity_percent"": 79.0, ""wbgt_c"": 26.83, ""heat_index_c"": 33.16, ""heat_duration_hours"": 0, ""consecutive_heat_days"": 0}"
2026-09-18,Kerala,SYNTHETIC,35800000,17.0,45.0,38.0,0.28,50.0,29.94,25.2,27.57,81.4,1.81,24.1,35.12,95.22,27.79,LOW,0,25.84,False,0,-0.28,-1.4,0,0,0.306,0.762,0.439,0.422,0.47,0.532,0.62,0.832,0.65,0.515,0.0447,0.1171,0.1859,0.1701,0.048,0.3478,0.7323,0.00415,0.01214,0.01629,0,0,0,0,0,0,0,0,0,0,-0.01629,0.0,0.0,"{""max_temperature_c"": 29.94, ""mean_temperature_c"": 27.57, ""humidity_percent"": 81.4, ""wbgt_c"": 27.79, ""heat_index_c"": 35.12, ""heat_duration_hours"": 0, ""consecutive_heat_days"": 0}"
2026-09-18,Karnataka,SYNTHETIC,68000000,11.5,38.5,50.0,0.45,42.0,30.35,21.31,25.83,74.0,2.96,20.85,32.86,91.15,26.46,LOW,0,21.79,False,0,1.74,-2.0,0,0,0.0,0.356,0.736,0.324,0.715,0.532,0.479,0.693,0.55,0.542,0.0115,0.0,0.0,0.0,0.0,0.0115,0.0115,0.01194,0.03506,0.04699,0,0,0,0,0,0,0,0,0,0,-0.04699,0.0,0.0,"{""max_temperature_c"": 30.35, ""mean_temperature_c"": 25.83, ""humidity_percent"": 74.0, ""wbgt_c"": 26.46, ""heat_index_c"": 32.86, ""heat_duration_hours"": 0, ""consecutive_heat_days"": 0}"
2026-09-19,Tamil Nadu,SYNTHETIC,77000000,13.0,40.0,47.0,0.36,55.0,30.76,24.87,27.82,83.2,2.15,24.71,37.02,98.63,28.25,CAUTION,0,25.48,False,0,-0.73,7.4,0,0,0.246,0.838,0.491,0.402,0.763,0.487,0.558,0.77,0.6,0.507,0.0689,0.0207,0.0373,0.0081,0.0645,0.1269,0.2836,0.01422,0.04138,0.05559,0,0,0,0,0,0,0,0,0,0,-0.05559,0.0,0.0,"{""max_temperature_c"": 30.76, ""mean_temperature_c"": 27.82, ""humidity_percent"": 83.2, ""wbgt_c"": 28.25, ""heat_index_c"": 37.02, ""heat_duration_hours"": 0, ""consecutive_heat_days"": 0}"
2026-09-19,Kerala,SYNTHETIC,35800000,17.0,45.0,38.0,0.28,50.0,30.72,25.85,28.28,84.4,2.77,25.39,37.82,100.08,28.55,CAUTION,0,26.4,False,0,0.49,1.6,0,0,0.4,0.924,0.404,0.367,0.463,0.523,0.61,0.834,0.65,0.521,0.0911,0.0447,0.1171,0.1859,0.0689,0.2529,0.7545,0.00406,0.01216,0.01622,0,0,0,0,0,0,0,0,0,0,-0.01622,0.0,0.0,"{""max_temperature_c"": 30.72, ""mean_temperature_c"": 28.28, ""humidity_percent"": 84.4, ""wbgt_c"": 28.55, ""heat_index_c"": 37.82, ""heat_duration_hours"": 0, ""consecutive_heat_days"": 0}"
2026-09-19,Karnataka,SYNTHETIC,68000000,11.5,38.5,50.0,0.45,42.0,30.12,19.91,25.02,70.4,4.87,19.25,31.6,88.87,25.41,LOW,0,20.45,False,0,1.51,-5.6,0,0,0.0,0.157,0.652,0.361,0.698,0.535,0.521,0.696,0.55,0.538,0.0,0.0115,0.0,0.0,0.0,0.0115,0.0115,0.01093,0.03368,0.04462,0,0,0,0,0,0,0,0,0,0,-0.04462,0.0,0.0,"{""max_temperature_c"": 30.12, ""mean_temperature_c"": 25.02, ""humidity_percent"": 70.4, ""wbgt_c"": 25.41, ""heat_index_c"": 31.6, ""heat_duration_hours"": 0, ""consecutive_heat_days"": 0}"
2026-09-20,Tamil Nadu,SYNTHETIC,77000000,13.0,40.0,47.0,0.36,55.0,32.84,26.23,29.54,78.3,1.45,25.36,40.91,105.63,29.75,CAUTION,0,26.93,False,0,1.42,2.3,0,0,0.489,0.92,0.425,0.471,0.75,0.489,0.551,0.772,0.6,0.51,0.1983,0.0689,0.0207,0.0373,0.0668,0.2879,0.4151,0.01505,0.04542,0.06046,0,0,0,0,0,0,0,0,0,0,-0.06046,0.0,0.0,"{""max_temperature_c"": 32.84, ""mean_temperature_c"": 29.54, ""humidity_percent"": 78.3, ""wbgt_c"": 29.75, ""heat_index_c"": 40.91, ""heat_duration_hours"": 0, ""consecutive_heat_days"": 0}"
2026-09-20,Kerala,SYNTHETIC,35800000,17.0,45.0,38.0,0.28,50.0,30.62,24.9,27.76,78.9,1.85,23.76,35.75,96.34,27.86,LOW,0,25.44,False,0,0.37,-3.8,0,0,0.24,0.72,0.333,0.357,0.449,0.523,0.581,0.836,0.65,0.522,0.0464,0.0911,0.0447,0.1171,0.0703,0.1822,0.7306,0.00371,0.01143,0.01513,0,0,0,0,0,0,0,0,0,0,-0.01513,0.0,0.0,"{""max_temperature_c"": 30.62, ""mean_temperature_c"": 27.76, ""humidity_percent"": 78.9, ""wbgt_c"": 27.86, ""heat_index_c"": 35.75, ""heat_duration_hours"": 0, ""consecutive_heat_days"": 0}"
2026-09-20,Karnataka,SYNTHETIC,68000000,11.5,38.5,50.0,0.45,42.0,31.09,21.65,26.37,79.8,3.28,22.6,35.21,95.38,27.52,LOW,0,22.15,False,0,2.49,3.8,0,0,0.0,0.575,0.532,0.334,0.674,0.533,0.526,0.694,0.55,0.538,0.038,0.0,0.0115,0.0,0.0,0.0495,0.0495,0.01001,0.03261,0.04262,0,0,0,0,0,0,0,0,0,0,-0.04262,0.0,0.0,"{""max_temperature_c"": 31.09, ""mean_temperature_c"": 26.37, ""humidity_percent"": 79.8, ""wbgt_c"": 27.52, ""heat_index_c"": 35.21, ""heat_duration_hours"": 0, ""consecutive_heat_days"": 0}"
2026-09-21,Tamil Nadu,SYNTHETIC,77000000,13.0,40.0,47.0,0.36,55.0,31.27,24.66,27.97,79.7,1.52,24.12,37.07,98.72,28.33,CAUTION,0,25.27,False,0,-0.09,3.5,0,0,0.212,0.766,0.547,0.408,0.774,0.488,0.567,0.771,0.6,0.505,0.0751,0.1983,0.0689,0.0207,0.0479,0.3423,0.4422,0.01514,0.04218,0.05732,0,0,0,0,0,0,0,0,0,0,-0.05732,0.0,0.0,"{""max_temperature_c"": 31.27, ""mean_temperature_c"": 27.97, ""humidity_percent"": 79.7, ""wbgt_c"": 28.33, ""heat_index_c"": 37.07, ""heat_duration_hours"": 0, ""consecutive_heat_days"": 0}"
2026-09-21,Kerala,SYNTHETIC,35800000,17.0,45.0,38.0,0.28,50.0,31.14,24.27,27.7,73.9,2.14,22.63,35.3,95.54,27.57,LOW,0,24.93,False,0,0.88,-8.7,0,0,0.156,0.579,0.468,0.442,0.476,0.522,0.581,0.835,0.65,0.525,0.0393,0.0464,0.0911,0.0447,0.0753,0.1768,0.6946,0.00405,0.01169,0.01575,0,0,0,0,0,0,0,0,0,0,-0.01575,0.0,0.0,"{""max_temperature_c"": 31.14, ""mean_temperature_c"": 27.7, ""humidity_percent"": 73.9, ""wbgt_c"": 27.57, ""heat_index_c"": 35.3, ""heat_duration_hours"": 0, ""consecutive_heat_days"": 0}"
2026-09-21,Karnataka,SYNTHETIC,68000000,11.5,38.5,50.0,0.45,42.0,31.78,23.48,27.63,82.2,2.77,24.31,37.99,100.37,28.69,CAUTION,0,23.99,False,0,3.18,6.2,0,0,0.0,0.789,0.739,0.338,0.715,0.525,0.535,0.693,0.55,0.537,0.1019,0.038,0.0,0.0115,0.0,0.1399,0.1515,0.01217,0.03542,0.04759,0,0,0,0,0,0,0,0,0,0,-0.04759,0.0,0.0,"{""max_temperature_c"": 31.78, ""mean_temperature_c"": 27.63, ""humidity_percent"": 82.2, ""wbgt_c"": 28.69, ""heat_index_c"": 37.99, ""heat_duration_hours"": 0, ""consecutive_heat_days"": 0}"
2026-09-22,Tamil Nadu,SYNTHETIC,77000000,13.0,40.0,47.0,0.36,55.0,30.99,23.51,27.25,75.1,3.96,22.46,34.95,94.91,27.42,LOW,0,24.2,False,0,-0.3,-1.2,0,0,0.033,0.557,0.479,0.456,0.761,0.489,0.569,0.773,0.6,0.508,0.0354,0.0751,0.1983,0.0689,0.0339,0.3088,0.4437,0.01365,0.03957,0.05322,0,0,0,0,0,0,0,0,0,0,-0.05322,0.0,0.0,"{""max_temperature_c"": 30.99, ""mean_temperature_c"": 27.25, ""humidity_percent"": 75.1, ""wbgt_c"": 27.42, ""heat_index_c"": 34.95, ""heat_duration_hours"": 0, ""consecutive_heat_days"": 0}"
2026-09-22,Kerala,SYNTHETIC,35800000,17.0,45.0,38.0,0.28,50.0,31.09,24.18,27.63,73.5,3.05,22.46,35.08,95.14,27.43,LOW,0,24.78,False,0,0.81,-9.2,0,0,0.13,0.557,0.467,0.399,0.476,0.523,0.586,0.835,0.65,0.53,0.0356,0.0393,0.0464,0.0911,0.1701,0.1213,0.5602,0.00402,0.01165,0.01567,0,0,0,0,0,0,0,0,0,0,-0.01567,0.0,0.0,"{""max_temperature_c"": 31.09, ""mean_temperature_c"": 27.63, ""humidity_percent"": 73.5, ""wbgt_c"": 27.43, ""heat_index_c"": 35.08, ""heat_duration_hours"": 0, ""consecutive_heat_days"": 0}"
2026-09-22,Karnataka,SYNTHETIC,68000000,11.5,38.5,50.0,0.45,42.0,29.99,20.97,25.48,79.3,3.2,21.62,32.99,91.39,26.54,LOW,0,21.48,False,0,1.41,3.3,0,0,0.0,0.453,0.753,0.345,0.718,0.525,0.482,0.694,0.55,0.538,0.0135,0.1019,0.038,0.0,0.0,0.1535,0.165,0.01198,0.03449,0.04647,0,0,0,0,0,0,0,0,0,0,-0.04647,0.0,0.0,"{""max_temperature_c"": 29.99, ""mean_temperature_c"": 25.48, ""humidity_percent"": 79.3, ""wbgt_c"": 26.54, ""heat_index_c"": 32.99, ""heat_duration_hours"": 0, ""consecutive_heat_days"": 0}"
2026-09-23,Tamil Nadu,SYNTHETIC,77000000,13.0,40.0,47.0,0.36,55.0,32.25,25.7,28.98,72.5,3.49,23.53,37.7,99.86,28.63,CAUTION,0,26.42,False,0,1.03,-4.0,0,0,0.403,0.691,0.608,0.479,0.787,0.486,0.556,0.774,0.6,0.508,0.1026,0.0354,0.0751,0.1983,0.0081,0.2131,0.5382,0.01554,0.04245,0.05799,0,0,0,0,0,0,0,0,0,0,-0.05799,0.0,0.0,"{""max_temperature_c"": 32.25, ""mean_temperature_c"": 28.98, ""humidity_percent"": 72.5, ""wbgt_c"": 28.63, ""heat_index_c"": 37.7, ""heat_duration_hours"": 0, ""consecutive_heat_days"": 0}"
2026-09-23,Kerala,SYNTHETIC,35800000,17.0,45.0,38.0,0.28,50.0,30.97,25.93,28.45,68.5,1.72,22.09,34.6,94.28,27.43,LOW,0,26.53,False,0,0.69,-14.1,0,0,0.422,0.512,0.391,0.4,0.461,0.518,0.618,0.835,0.65,0.533,0.0359,0.0356,0.0393,0.0464,0.1859,0.1108,0.4101,0.0037,0.01119,0.0149,0,0,0,0,0,0,0,0,0,0,-0.0149,0.0,0.0,"{""max_temperature_c"": 30.97, ""mean_temperature_c"": 28.45, ""humidity_percent"": 68.5, ""wbgt_c"": 27.43, ""heat_index_c"": 34.6, ""heat_duration_hours"": 0, ""consecutive_heat_days"": 0}"
2026-09-23,Karnataka,SYNTHETIC,68000000,11.5,38.5,50.0,0.45,42.0,27.81,18.92,23.36,82.2,2.82,20.16,29.51,85.11,24.67,LOW,0,19.44,False,0,-0.77,6.3,0,0,0.0,0.271,0.696,0.345,0.707,0.523,0.485,0.695,0.55,0.539,0.0,0.0135,0.1019,0.038,0.0,0.1154,0.165,0.01116,0.03327,0.04443,0,0,0,0,0,0,0,0,0,0,-0.04443,0.0,0.0,"{""max_temperature_c"": 27.81, ""mean_temperature_c"": 23.36, ""humidity_percent"": 82.2, ""wbgt_c"": 24.67, ""heat_index_c"": 29.51, ""heat_duration_hours"": 0, ""consecutive_heat_days"": 0}"
