{"type": "FeatureCollection", "crs": {"type": "name", "properties": {"name": "urn:ogc:def:crs:OGC:1.3:CRS84"}}, "features": [{"type": "Feature", "properties": {"name": "Andaman and Nicobar"}, "geometry": {"type": "MultiPolygon", "coordinates": [[[[93.7877, 6.8526], [93.7877, 6.8526]]], [[[93.7196, 7.2075], [93.7196, 7.2075]]], [[[93.8481, 7.2403], [93.9478, 6.9989], [93.9021, 6.813], [93.8283, 6.7543], [93.7453, 6.9619], [93.663, 7.0066], [93.6556, 7.1253], [93.8481, 7.2403]]], [[[93.8487, 7.2899], [93.8487, 7.2899]]], [[[93.6637, 7.384], [93.6637, 7.384]]], [[[93.7686, 7.4022], [93.7686, 7.4022]]], [[[93.6894, 7.4097], [93.6894, 7.4097]]], [[[93.7131, 7.4436], [93.7557, 7.3598], [93.6483, 7.2425], [93.6325, 7.3706], [93.7131, 7.4436]]], [[[93.6478, 7.4767], [93.6478, 7.4767]]], [[[93.6345, 7.4778], [93.6345, 7.4778]]], [[[93.5436, 7.525], [93.5436, 7.525]]], [[[93.3416, 7.9065], [93.3416, 7.9065]]], [[[93.3396, 7.9111], [93.3396, 7.9111]]], [[[93.38, 8.0247], [93.4617, 7.8722], [93.3172, 7.9336], [93.38, 8.0247]]], [[[93.5473, 8.0281], [93.5775, 7.9283], [93.5072, 7.9847], [93.5473, 8.0281]]], [[[93.5786, 8.1253], [93.5928, 8.0378], [93.5786, 8.1253]]], [[[93.5265, 8.2313], [93.5503, 8.0361], [93.5008, 7.9972], [93.5299, 8.0787], [93.485, 8.0519], [93.4539, 8.1736], [93.5265, 8.2313]]], [[[93.2353, 8.2656], [93.2394, 8.2208], [93.2353, 8.2656]]], [[[93.1263, 8.3559], [93.1994, 8.1939], [93.0872, 8.2694], [93.1263, 8.3559]]], [[[93.6525, 8.3944], [93.6525, 8.3944]]], [[[93.6349, 8.3946], [93.6349, 8.3946]]], [[[93.0439, 8.4733], [93.0439, 8.4733]]], [[[93.6119, 8.4845], [93.6119, 8.4845]]], [[[93.616, 8.5736], [93.6229, 8.4216], [93.616, 8.5736]]], [[[93.6094, 8.5817], [93.6094, 8.5817]]], [[[92.8592, 8.8201], [92.8592, 8.8201]]], [[[92.7933, 9.1189], [92.7933, 9.1189]]], [[[92.8042, 9.1208], [92.8042, 9.1208]]], [[[92.8142, 9.1269], [92.8142, 9.1269]]], [[[92.7878, 9.2442], [92.8544, 9.2092], [92.8306, 9.1387], [92.7317, 9.1244], [92.7208, 9.2136], [92.7878, 9.2442]]], [[[92.5158, 10.8976], [92.5877, 10.7869], [92.5694, 10.5789], [92.5131, 10.5117], [92.3853, 10.5322], [92.3761, 10.7817], [92.5158, 10.8976]]], [[[92.6089, 10.9386], [92.6089, 10.9386]]], [[[92.2267, 10.9823], [92.2267, 10.9823]]], [[[92.6634, 10.9818], [92.6634, 10.9818]]], [[[92.7257, 11.1442], [92.7257, 11.1442]]], [[[92.7319, 11.1497], [92.7319, 11.1497]]], [[[92.6769, 11.1836], [92.6769, 11.1836]]], [[[92.706, 11.2892], [92.6874, 11.2421], [92.706, 11.2892]]], [[[92.7005, 11.3114], [92.7005, 11.3114]]], [[[92.7231, 11.3164], [92.7231, 11.3164]]], [[[92.5483, 11.393], [92.5483, 11.393]]], [[[92.5576, 11.3909], [92.5576, 11.3909]]], [[[92.6735, 11.4875], [92.6735, 11.4875]]], [[[92.6105, 11.5041], [92.6105, 11.5041]]], [[[92.6444, 11.513], [92.6444, 11.513]]], [[[92.6415, 11.5101], [92.6909, 11.3703], [92.6003, 11.3465], [92.6415, 11.5101]]], [[[92.2718, 11.516], [92.2718, 11.516]]], [[[92.6047, 11.5346], [92.6047, 11.5346]]], [[[92.5604, 11.538], [92.5604, 11.538]]], [[[92.628, 11.5422], [92.628, 11.5422]]], [[[92.61, 11.5589], [92.61, 11.5589]]], [[[92.5745, 11.5626], [92.5745, 11.5626]]], [[[92.5675, 11.5708], [92.5675, 11.5708]]], [[[92.5972, 11.5417], [92.5972, 11.5417]]], [[[92.5783, 11.5818], [92.5783, 11.5818]]], [[[92.611, 11.5883], [92.611, 11.5883]]], [[[92.2189, 11.5923], [92.2698, 11.5225], [92.2145, 11.5295], [92.2189, 11.5923]]], [[[92.5398, 11.6033], [92.5302, 11.5541], [92.5398, 11.6033]]], [[[92.6996, 11.6645], [92.6996, 11.6645]]], [[[92.7623, 11.6697], [92.7623, 11.6697]]], [[[92.725, 11.6891], [92.725, 11.6891]]], [[[92.5509, 11.7212], [92.5509, 11.7212]]], [[[93.083, 11.7797], [93.083, 11.7797]]], [[[93.0208, 11.8433], [93.0722, 11.8356], [93.0208, 11.8433]]], [[[92.5969, 11.9053], [92.5969, 11.9053]]], [[[92.5657, 11.9498], [92.5657, 11.9498]]], [[[92.7324, 11.9542], [92.7324, 11.9542]]], [[[92.7431, 11.9645], [92.7431, 11.9645]]], [[[92.7501, 11.9683], [92.7501, 11.9683]]], [[[92.5961, 11.9761], [92.5989, 11.9278], [92.5961, 11.9761]]], [[[92.5828, 11.976], [92.5828, 11.976]]], [[[92.776, 12.0177], [92.776, 12.0177]]], [[[92.9695, 12.0337], [93.0427, 11.8823], [92.9255, 11.9958], [92.9695, 12.0337]]], [[[92.9698, 12.064], [92.9698, 12.064]]], [[[92.9914, 12.1089], [92.9928, 12.0436], [92.9914, 12.1089]]], [[[92.9939, 12.1099], [92.9939, 12.1099]]], [[[92.7429, 12.115], [92.7429, 12.115]]], [[[92.9486, 12.1158], [92.9486, 12.1158]]], [[[92.6288, 12.1125], [92.6288, 12.1125]]], [[[92.6306, 12.1179], [92.6306, 12.1179]]], [[[93.0979, 12.1372], [93.0979, 12.1372]]], [[[93.1205, 12.1483], [93.1205, 12.1483]]], [[[92.8458, 12.1476], [92.8458, 12.1476]]], [[[93.0278, 12.1569], [93.0455, 12.0454], [92.9556, 12.1422], [93.0278, 12.1569]]], [[[92.759, 12.1813], [92.759, 12.1813]]], [[[92.7203, 12.1804], [92.7203, 12.1804]]], [[[92.7314, 12.1876], [92.7314, 12.1876]]], [[[93.0686, 12.2113], [93.0746, 12.0836], [93.0686, 12.2113]]], [[[92.683, 12.2149], [92.683, 12.2149]]], [[[93.0199, 12.2252], [93.0199, 12.2252]]], [[[92.939, 12.2239], [92.939, 12.2239]]], [[[92.7009, 12.2356], [92.7836, 12.0469], [92.6801, 11.8186], [92.7463, 11.9318], [92.7886, 11.9012], [92.7551, 11.7011], [92.6662, 11.6539], [92.7567, 11.6651], [92.7113, 11.4773], [92.6179, 11.5628], [92.6444, 11.6363], [92.5135, 11.848], [92.5624, 11.9465], [92.611, 11.8713], [92.6236, 12.1028], [92.7009, 12.2356]]], [[[92.7306, 12.2425], [92.7637, 12.1822], [92.7306, 12.2425]]], [[[92.8805, 12.25], [92.8805, 12.25]]], [[[92.8665, 12.2356], [92.8665, 12.2356]]], [[[92.6989, 12.2448], [92.6989, 12.2448]]], [[[92.9017, 12.2558], [92.8792, 12.2083], [92.9017, 12.2558]]], [[[93.0778, 12.2619], [93.1007, 12.2039], [93.0778, 12.2619]]], [[[92.9014, 12.2622], [92.9014, 12.2622]]], [[[92.7376, 12.2713], [92.7376, 12.2713]]], [[[93.0297, 12.2802], [93.0297, 12.2802]]], [[[92.7501, 12.2877], [92.7348, 12.2485], [92.7501, 12.2877]]], [[[92.7371, 12.2852], [92.7371, 12.2852]]], [[[92.7667, 12.2703], [92.7667, 12.2703]]], [[[92.7544, 12.2947], [92.7544, 12.2947]]], [[[92.7712, 12.2949], [92.7712, 12.2949]]], [[[92.8781, 12.2936], [92.8781, 12.2936]]], [[[92.7114, 12.2961], [92.7107, 12.2303], [92.7114, 12.2961]]], [[[92.7659, 12.2991], [92.7659, 12.2991]]], [[[92.9414, 12.2808], [92.9221, 12.231], [92.9414, 12.2808]]], [[[92.7766, 12.3103], [92.8893, 12.2659], [92.7647, 12.0633], [92.7766, 12.3103]]], [[[93.0726, 12.319], [93.0726, 12.319]]], [[[93.8397, 12.3208], [93.8807, 12.2366], [93.8267, 12.2449], [93.8397, 12.3208]]], [[[92.9128, 12.3317], [92.9128, 12.3317]]], [[[92.9059, 12.3385], [92.9059, 12.3385]]], [[[92.9117, 12.338], [92.9117, 12.338]]], [[[92.8969, 12.3921], [92.8969, 12.3921]]], [[[92.8529, 12.4088], [92.884, 12.3742], [92.8529, 12.4088]]], [[[92.8992, 12.4075], [92.8992, 12.4075]]], [[[92.8894, 12.4129], [92.8894, 12.4129]]], [[[92.8659, 12.421], [92.8659, 12.421]]], [[[92.9032, 12.4202], [92.9032, 12.4202]]], [[[92.8317, 12.4268], [92.8317, 12.4268]]], [[[92.9554, 12.4147], [92.9193, 12.3646], [92.9554, 12.4147]]], [[[92.875, 12.4451], [92.875, 12.4451]]], [[[92.6795, 12.5411], [92.6795, 12.5411]]], [[[92.7024, 12.6379], [92.7024, 12.6379]]], [[[92.7314, 12.7031], [92.7314, 12.7031]]], [[[92.7243, 12.7367], [92.7243, 12.7367]]], [[[92.7267, 12.7514], [92.7267, 12.7514]]], [[[92.6558, 12.769], [92.6558, 12.769]]], [[[92.7171, 12.7748], [92.7171, 12.7748]]], [[[92.725, 12.7617], [92.725, 12.7617]]], [[[92.7162, 12.7973], [92.7162, 12.7973]]], [[[92.7168, 12.8006], [92.7168, 12.8006]]], [[[92.7176, 12.8031], [92.7176, 12.8031]]], [[[92.711, 12.829], [92.718, 12.7189], [92.711, 12.829]]], [[[92.7276, 12.8365], [92.7276, 12.8365]]], [[[92.7318, 12.8564], [92.7318, 12.8564]]], [[[92.7286, 12.8644], [92.7286, 12.8644]]], [[[92.7786, 12.8648], [92.7786, 12.8648]]], [[[92.7655, 12.8547], [92.7655, 12.8547]]], [[[92.7596, 12.8776], [92.7596, 12.8776]]], [[[92.7856, 12.8933], [92.7856, 12.8933]]], [[[92.8937, 12.8986], [92.8937, 12.8986]]], [[[92.7551, 12.9128], [92.7551, 12.9128]]], [[[92.8648, 12.9125], [92.8648, 12.9125]]], [[[92.795, 12.9113], [92.795, 12.9113]]], [[[92.9131, 12.9173], [92.9131, 12.9173]]], [[[92.7682, 12.9175], [92.7682, 12.9175]]], [[[92.9353, 12.9181], [92.9353, 12.9181]]], [[[92.767, 12.9247], [92.767, 12.9247]]], [[[92.8989, 12.9158], [92.9805, 12.7097], [92.9684, 12.4967], [92.9145, 12.4059], [92.8347, 12.4948], [92.899, 12.4156], [92.7911, 12.4697], [92.8951, 12.3203], [92.7204, 12.3003], [92.6845, 12.6081], [92.7533, 12.6708], [92.7854, 12.6192], [92.7886, 12.6745], [92.7329, 12.6744], [92.7239, 12.8271], [92.7608, 12.8594], [92.7822, 12.8075], [92.7919, 12.8899], [92.8989, 12.9158]]], [[[92.7742, 12.9311], [92.7742, 12.9311]]], [[[92.877, 12.9321], [92.877, 12.9321]]], [[[92.7656, 12.9325], [92.7656, 12.9325]]], [[[92.8928, 12.9372], [92.8928, 12.9372]]], [[[92.9014, 12.9411], [92.9014, 12.9411]]], [[[92.6715, 12.9483], [92.6715, 12.9483]]], [[[92.669, 12.9534], [92.669, 12.9534]]], [[[92.6957, 12.992], [92.6682, 12.7826], [92.6299, 12.8827], [92.6957, 12.992]]], [[[93.0067, 12.9969], [92.952, 12.9405], [93.0067, 12.9969]]], [[[92.9881, 12.9981], [92.9881, 12.9981]]], [[[92.9125, 13.0025], [92.9125, 13.0025]]], [[[92.9497, 13.0211], [92.9497, 13.0211]]], [[[92.9264, 13.0242], [92.9264, 13.0242]]], [[[92.9186, 13.04], [92.9186, 13.04]]], [[[92.9336, 13.0494], [92.9336, 13.0494]]], [[[92.9168, 13.0579], [92.9168, 13.0579]]], [[[92.7306, 13.0957], [92.7306, 13.0957]]], [[[92.7192, 13.0989], [92.7192, 13.0989]]], [[[92.795, 13.1711], [92.795, 13.1711]]], [[[93.0614, 13.2214], [93.0614, 13.2214]]], [[[93.0167, 13.2842], [93.0167, 13.2842]]], [[[93.0745, 13.3033], [93.0745, 13.3033]]], [[[93.0187, 13.3296], [93.0187, 13.3296]]], [[[92.9681, 13.3325], [92.9681, 13.3325]]], [[[93.0161, 13.3391], [93.0161, 13.3391]]], [[[93.0375, 13.3406], [93.0375, 13.3406]]], [[[93.0772, 13.3648], [93.0772, 13.3648]]], [[[93.0826, 13.3669], [93.0826, 13.3669]]], [[[93.0623, 13.3833], [93.0623, 13.3833]]], [[[92.8658, 13.4136], [92.8658, 13.4136]]], [[[92.8131, 13.4197], [92.8131, 13.4197]]], [[[93.0945, 13.4176], [93.0945, 13.4176]]], [[[93.0721, 13.4261], [93.0721, 13.4261]]], [[[93.099, 13.4358], [93.099, 13.4358]]], [[[92.8433, 13.4408], [92.8433, 13.4408]]], [[[94.2733, 13.4644], [94.2733, 13.4644]]], [[[92.8744, 13.5122], [92.8744, 13.5122]]], [[[92.9189, 13.5156], [92.9189, 13.5156]]], [[[92.91, 13.5372], [92.91, 13.5372]]], [[[92.875, 13.5408], [92.875, 13.5408]]], [[[93.0079, 13.5554], [93.0079, 13.5554]]], [[[93.0573, 13.5663], [93.0573, 13.5663]]], [[[93.0294, 13.5733], [93.0211, 13.4311], [93.0708, 13.4061], [93.0283, 13.3732], [93.0906, 13.3359], [92.9505, 13.3439], [93.0667, 13.2725], [93.0349, 13.081], [92.9746, 13.0129], [92.9367, 13.0847], [92.8943, 13.0565], [92.9385, 12.9713], [92.8823, 12.9827], [92.8417, 12.8766], [92.7883, 13.0192], [92.8475, 13.1392], [92.8431, 13.4022], [92.9175, 13.5364], [93.0294, 13.5733]]], [[[92.8969, 13.6017], [92.8969, 13.6017]]], [[[93.0639, 13.6542], [93.0639, 13.6542]]], [[[93.0236, 13.6709], [93.0236, 13.6709]]], [[[93.0158, 13.6761], [93.0278, 13.6269], [92.9767, 13.655], [93.0158, 13.6761]]], [[[93.2244, 14.0158], [93.2231, 13.9716], [93.2244, 14.0158]]], [[[93.3667, 14.0475], [93.3667, 14.0475]]], [[[93.3836, 14.1278], [93.3836, 14.1278]]], [[[93.3662, 14.1564], [93.3643, 14.0587], [93.3662, 14.1564]]], [[[93.3569, 14.1925], [93.3569, 14.1925]]], [[[93.3703, 14.1933], [93.3703, 14.1933]]], [[[93.5506, 14.7839], [93.5506, 14.7839]]], [[[93.5708, 14.8463], [93.5708, 14.8463]]], [[[93.5722, 14.8594], [93.5722, 14.8594]]], [[[93.5727, 14.8704], [93.5727, 14.8704]]], [[[93.6414, 14.9025], [93.6119, 14.8356], [93.6414, 14.9025]]], [[[93.6484, 14.9349], [93.6484, 14.9349]]]]}}, {"type": "Feature", "properties": {"name": "Telangana"}, "geometry": {"type": "Polygon", "coordinates": [[[77.5095, 15.9209], [77.4876, 16.2498], [77.5916, 16.3375], [77.3429, 16.3797], [77.2352, 16.4681], [77.3663, 16.4841], [77.4642, 16.5842], [77.4166, 16.6628], [77.465, 16.6783], [77.4234, 16.7145], [77.4994, 17.0073], [77.36, 17.1616], [77.3804, 17.2198], [77.4545, 17.2759], [77.4516, 17.3705], [77.528, 17.3721], [77.5101, 17.4273], [77.687, 17.4916], [77.4399, 17.5815], [77.4503, 17.6913], [77.562, 17.7471], [77.5109, 17.8014], [77.6534, 17.9694], [77.5457, 18.0538], [77.5975, 18.0843], [77.603, 18.278], [77.5195, 18.3493], [77.5285, 18.4405], [77.5852, 18.4454], [77.5462, 18.4634], [77.6011, 18.4742], [77.5973, 18.5475], [77.7365, 18.5548], [77.7281, 18.6642], [77.8375, 18.8075], [77.9426, 18.8223], [77.7574, 19.0286], [77.8481, 19.0901], [77.9057, 19.2672], [77.8609, 19.3021], [77.9489, 19.3413], [78.0511, 19.2418], [78.1701, 19.2363], [78.1822, 19.4118], [78.3089, 19.4564], [78.2697, 19.6631], [78.3677, 19.7811], [78.2941, 19.8496], [78.3102, 19.9127], [78.4939, 19.7931], [78.8456, 19.7584], [78.8588, 19.6563], [78.969, 19.6492], [78.9546, 19.5518], [79.1778, 19.4607], [79.2439, 19.6126], [79.4704, 19.4975], [79.7854, 19.5936], [79.9731, 19.401], [79.9432, 19.1706], [79.858, 19.1041], [79.8596, 19.0346], [79.9345, 19.0217], [79.9091, 18.8067], [80.1108, 18.6762], [80.2675, 18.718], [80.3418, 18.5864], [80.4835, 18.6281], [80.6327, 18.5188], [80.7881, 18.254], [80.7346, 18.1717], [80.8296, 18.2341], [80.862, 18.1327], [80.9737, 18.1681], [80.944, 18.081], [81.0324, 17.7897], [81.1596, 17.8526], [81.4858, 17.8026], [81.6883, 17.8848], [81.7928, 17.8525], [81.5766, 17.7261], [81.4415, 17.3817], [81.1903, 17.3274], [81.1628, 17.2326], [80.9053, 17.2013], [80.8325, 17.0257], [80.6396, 17.0551], [80.5602, 17.138], [80.4462, 17.017], [80.3742, 17.0631], [80.3582, 16.9706], [80.5842, 16.9265], [80.5628, 16.7628], [80.3997, 16.8497], [80.3729, 16.8111], [80.2622, 17.0106], [80.1821, 17.0449], [80.0096, 16.9073], [80.0697, 16.8136], [79.9582, 16.642], [79.7749, 16.7295], [79.2661, 16.5615], [79.2187, 16.2396], [78.9255, 16.2023], [78.9105, 16.1052], [78.8378, 16.1567], [78.775, 16.0236], [78.617, 16.0989], [78.4057, 16.0809], [78.2567, 16.0313], [78.238, 15.9291], [78.1096, 15.8272], [78.0363, 15.9021], [77.7992, 15.8653], [77.5095, 15.9209]]]}}, {"type": "Feature", "properties": {"name": "Andhra Pradesh"}, "geometry": {"type": "MultiPolygon", "coordinates": [[[[80.2746, 13.4596], [80.2746, 13.4596]]], [[[80.2274, 13.494], [80.2274, 13.494]]], [[[80.2324, 13.4946], [80.2324, 13.4946]]], [[[80.2654, 13.5196], [80.2654, 13.5196]]], [[[80.1926, 13.5207], [80.1926, 13.5207]]], [[[80.1849, 13.5354], [80.1849, 13.5354]]], [[[80.0535, 13.5893], [80.0535, 13.5893]]], [[[80.149, 13.6185], [80.1418, 13.5449], [80.149, 13.6185]]], [[[80.0971, 13.6415], [80.0971, 13.6415]]], [[[80.1065, 13.6529], [80.1065, 13.6529]]], [[[80.1026, 13.6776], [80.1026, 13.6776]]], [[[80.0599, 15.1999], [80.0599, 15.1999]]], [[[80.2107, 15.5015], [80.2107, 15.5015]]], [[[81.0279, 15.7657], [81.0279, 15.7657]]], [[[80.7829, 15.8376], [80.7829, 15.8376]]], [[[80.7879, 15.8432], [80.7879, 15.8432]]], [[[80.786, 15.8565], [80.786, 15.8565]]], [[[80.7735, 15.8618], [80.7735, 15.8618]]], [[[81.5418, 16.3554], [81.5418, 16.3554]]], [[[81.5351, 16.356], [81.5351, 16.356]]], [[[82.3174, 16.5765], [82.3174, 16.5765]]], [[[82.2624, 16.6779], [82.2624, 16.6779]]], [[[82.2995, 16.7143], [82.2995, 16.7143]]], [[[82.3079, 16.7165], [82.3079, 16.7165]]], [[[82.3149, 16.726], [82.3149, 16.726]]], [[[82.3321, 16.7249], [82.3321, 16.7249]]], [[[82.3321, 16.7249], [82.3107, 16.6024], [82.2588, 16.6901], [82.3321, 16.7249]]], [[[83.1721, 17.569], [83.1721, 17.569]]], [[[83.3057, 17.6846], [83.3057, 17.6846]]], [[[83.3121, 17.6849], [83.3121, 17.6849]]], [[[83.2699, 17.7087], [83.2699, 17.7087]]], [[[82.2995, 16.7143], [82.1746, 16.7251], [82.2585, 16.6899], [82.2679, 16.564], [82.3099, 16.5676], [81.9446, 16.3951], [81.7204, 16.3101], [81.3651, 16.3599], [81.231, 16.2351], [81.1457, 15.9738], [80.9668, 15.7318], [80.8221, 15.7129], [80.8054, 15.8426], [80.6868, 15.8826], [80.431, 15.8057], [80.2704, 15.6732], [80.0799, 15.316], [80.0479, 15.0773], [80.0593, 14.8199], [80.199, 14.5871], [80.1221, 14.1146], [80.3151, 13.4338], [80.1471, 13.7243], [80.1385, 13.6129], [80.1068, 13.7093], [80.051, 13.5882], [80.2621, 13.4729], [80.3121, 13.3694], [80.2303, 13.4768], [80.0077, 13.5324], [80.036, 13.4845], [79.9255, 13.3359], [79.7213, 13.2722], [79.7849, 13.2235], [79.7444, 13.1949], [79.6685, 13.2819], [79.5803, 13.2454], [79.4289, 13.3236], [79.3746, 13.303], [79.4238, 13.1875], [79.3079, 13.0969], [79.2183, 13.1356], [79.1527, 13.0073], [78.9796, 13.0765], [78.9144, 13.0678], [78.9246, 13.0186], [78.876, 13.0862], [78.7024, 13.0562], [78.6137, 12.9789], [78.6467, 12.919], [78.5477, 12.6856], [78.4844, 12.7348], [78.4548, 12.612], [78.3683, 12.6118], [78.1898, 12.6813], [78.2411, 12.8474], [78.3454, 12.9281], [78.4542, 12.8532], [78.4227, 12.9686], [78.5691, 13.1565], [78.5775, 13.262], [78.367, 13.32], [78.3908, 13.5781], [78.1833, 13.5564], [78.1558, 13.6487], [78.0807, 13.6353], [78.106, 13.8535], [78.0412, 13.8867], [77.9446, 13.82], [77.9786, 13.9477], [77.9116, 13.8972], [77.8183, 13.9349], [77.8277, 13.8606], [77.7087, 13.7327], [77.6491, 13.7758], [77.4498, 13.6758], [77.4245, 13.8351], [77.2504, 13.8395], [77.2338, 13.8949], [77.1788, 13.8598], [77.177, 13.9174], [77.1239, 13.8494], [77.1666, 13.7547], [76.9926, 13.7426], [76.9684, 13.8144], [77.0358, 13.9256], [76.8914, 14.159], [77.0198, 14.1727], [77.0237, 14.0533], [77.1473, 13.9916], [77.3135, 14.0248], [77.3919, 13.8799], [77.4306, 13.9688], [77.3262, 14.0229], [77.3954, 14.1034], [77.3477, 14.1243], [77.5104, 14.172], [77.4963, 14.2718], [77.3949, 14.3292], [77.3912, 14.1909], [77.2811, 14.3311], [77.1355, 14.334], [77.0952, 14.2095], [76.9435, 14.2363], [76.8831, 14.3903], [76.9734, 14.4783], [76.8702, 14.4684], [76.7609, 14.5963], [76.8655, 14.9376], [76.7638, 14.9699], [76.7742, 15.0714], [77.0788, 15.0], [77.154, 15.1205], [77.1209, 15.2212], [77.1641, 15.2591], [76.9704, 15.4909], [77.0266, 15.5], [77.0293, 15.6338], [77.1209, 15.6372], [77.0223, 15.8318], [77.0768, 15.9097], [77.2489, 15.9577], [77.7992, 15.8653], [78.0288, 15.9027], [78.1096, 15.8272], [78.238, 15.9291], [78.2567, 16.0313], [78.4057, 16.0809], [78.617, 16.0989], [78.775, 16.0236], [78.8378, 16.1567], [78.9105, 16.1052], [78.9255, 16.2023], [79.2187, 16.2396], [79.2661, 16.5615], [79.7749, 16.7295], [79.9582, 16.642], [80.0697, 16.8136], [80.0096, 16.9073], [80.1821, 17.0449], [80.2622, 17.0106], [80.3729, 16.8111], [80.3997, 16.8497], [80.5628, 16.7628], [80.5842, 16.9265], [80.3582, 16.9706], [80.367, 17.0566], [80.4462, 17.017], [80.5602, 17.138], [80.6396, 17.0551], [80.8325, 17.0257], [80.9053, 17.2013], [81.1628, 17.2326], [81.1815, 17.3222], [81.3247, 17.3906], [81.4156, 17.3616], [81.5766, 17.7261], [81.7824, 17.832], [81.801, 17.9361], [82.0247, 18.0579], [82.2417, 17.9798], [82.267, 18.0483], [82.3363, 18.0473], [82.3652, 18.1397], [82.3061, 18.1957], [82.393, 18.3064], [82.3344, 18.3171], [82.474, 18.5368], [82.6317, 18.2285], [82.7671, 18.3311], [82.7992, 18.4394], [82.9027, 18.3559], [83.0562, 18.3773], [83.0154, 18.4444], [83.0893, 18.5379], [83.0097, 18.6365], [83.133, 18.7724], [83.2051, 18.7159], [83.3963, 18.8307], [83.3053, 18.9897], [83.4555, 18.9456], [83.4594, 19.0697], [83.5314, 19.0054], [83.6233, 19.1536], [83.7458, 18.9182], [83.7883, 19.0078], [83.8702, 18.8184], [84.0818, 18.7446], [84.3125, 18.7792], [84.4294, 18.9137], [84.4151, 19.0139], [84.4717, 18.9812], [84.5661, 19.065], [84.5901, 19.0134], [84.6646, 19.0663], [84.5918, 19.1238], [84.7052, 19.149], [84.7462, 19.0485], [84.1246, 18.3093], [83.5726, 18.0182], [83.2135, 17.591], [82.3685, 17.1187], [82.249, 16.9304], [82.3543, 16.8515], [82.3243, 16.9888], [82.3579, 16.9638], [82.2995, 16.7143]]]]}}, {"type": "Feature", "properties": {"name": "Arunachal Pradesh"}, "geometry": {"type": "Polygon", "coordinates": [[[96.1578, 29.3831], [96.2436, 29.2351], [96.3928, 29.2565], [96.3464, 29.171], [96.1145, 29.0776], [96.1849, 28.9881], [96.1665, 28.9059], [96.5252, 29.0793], [96.4774, 28.994], [96.616, 28.7786], [96.4727, 28.6882], [96.4941, 28.6382], [96.3257, 28.534], [96.373, 28.487], [96.2638, 28.4134], [96.3994, 28.3445], [96.4583, 28.4192], [96.6646, 28.4658], [96.9965, 28.3162], [97.0926, 28.3697], [97.4006, 28.2005], [97.3077, 28.0771], [97.4152, 28.0241], [97.389, 27.8964], [97.2565, 27.9095], [96.8976, 27.6208], [96.9118, 27.4627], [97.1672, 27.1555], [97.1464, 27.1028], [96.8662, 27.1997], [96.8888, 27.2636], [96.8024, 27.3544], [96.6205, 27.3728], [96.5223, 27.294], [96.099, 27.2314], [95.946, 27.0597], [95.8079, 27.0205], [95.7308, 26.8875], [95.5328, 26.8312], [95.4233, 26.6967], [95.2376, 26.6863], [95.1955, 27.0429], [95.4578, 27.1356], [95.5162, 27.2686], [95.894, 27.263], [96.0209, 27.3713], [95.9778, 27.4355], [95.8493, 27.4303], [95.8813, 27.5532], [95.7582, 27.7311], [95.9775, 27.9685], [95.6067, 27.9578], [95.516, 27.8818], [94.8609, 27.7395], [94.4597, 27.5577], [94.2522, 27.6409], [94.2111, 27.6108], [94.2597, 27.5235], [93.8086, 27.1518], [93.835, 27.075], [93.4894, 26.9385], [93.0194, 26.9168], [92.6589, 27.0385], [92.5852, 26.9619], [92.1079, 26.8938], [92.0234, 27.1623], [92.0396, 27.2667], [92.1206, 27.2876], [92.0188, 27.4797], [91.6532, 27.483], [91.562, 27.5842], [91.64, 27.758], [91.5525, 27.8586], [91.8242, 27.8104], [91.9188, 27.7151], [92.2104, 27.859], [92.316, 27.7782], [92.5607, 27.821], [92.7395, 27.9894], [92.6629, 28.0628], [92.687, 28.1258], [92.9645, 28.2618], [93.0004, 28.2308], [93.0237, 28.3032], [93.219, 28.3337], [93.1827, 28.44], [93.3369, 28.6402], [93.9261, 28.6718], [93.9949, 28.8414], [94.1551, 28.9548], [94.2147, 29.0841], [94.4312, 29.2268], [94.5579, 29.2289], [94.6282, 29.3486], [94.798, 29.1646], [95.0228, 29.1306], [94.9975, 29.173], [95.4101, 29.0341], [95.5468, 29.1287], [95.5377, 29.214], [95.7776, 29.3564], [96.0805, 29.4633], [96.1578, 29.3831]]]}}, {"type": "Feature", "properties": {"name": "Assam"}, "geometry": {"type": "MultiPolygon", "coordinates": [[[[89.8715, 25.5373], [89.8596, 25.4734], [89.8715, 25.5373]]], [[[89.8715, 25.5373], [89.8715, 25.5373]]], [[[95.9523, 27.9418], [95.7587, 27.7267], [95.8813, 27.5532], [95.8493, 27.4303], [95.9778, 27.4355], [96.0184, 27.3679], [95.894, 27.263], [95.5109, 27.2663], [95.4578, 27.1356], [95.0213, 26.9254], [94.8945, 26.9373], [94.7564, 26.7723], [94.4679, 26.6698], [94.3165, 26.4629], [94.2767, 26.5588], [94.1755, 26.3442], [94.0048, 26.1733], [93.9794, 25.9197], [93.7958, 25.8144], [93.773, 25.966], [93.3317, 25.5468], [93.4619, 25.4347], [93.474, 25.3093], [93.2488, 25.0188], [93.1974, 24.8113], [93.1098, 24.8097], [93.0392, 24.4111], [92.829, 24.3778], [92.7652, 24.5208], [92.6907, 24.3548], [92.4668, 24.135], [92.4224, 24.2531], [92.2129, 24.2493], [92.2983, 24.7366], [92.2405, 24.8992], [92.4918, 24.874], [92.4236, 24.9961], [92.4843, 25.1081], [92.8044, 25.2193], [92.7844, 25.3325], [92.5674, 25.4675], [92.6535, 25.5922], [92.5725, 25.5604], [92.3851, 25.7536], [92.1607, 25.6719], [92.1531, 25.8127], [92.2255, 25.907], [92.1563, 25.9448], [92.2973, 26.0791], [91.9221, 25.9995], [91.8193, 26.1187], [91.6693, 25.9054], [91.5758, 26.0331], [91.4748, 25.8712], [91.5254, 25.8729], [91.3336, 25.8388], [91.2239, 25.7234], [91.1965, 25.859], [91.0008, 25.8223], [91.0292, 25.888], [90.9427, 25.9476], [90.7781, 25.9083], [90.686, 25.9508], [90.6248, 25.8989], [90.5825, 25.9598], [90.5125, 25.8962], [90.4773, 26.0153], [90.1187, 25.9613], [89.8926, 25.735], [90.0173, 25.6022], [89.8701, 25.5442], [89.8145, 25.817], [89.8904, 25.9402], [89.8282, 25.9436], [89.8754, 25.9761], [89.6948, 26.1891], [89.7178, 26.3057], [89.8573, 26.3845], [89.8624, 26.737], [90.1278, 26.749], [90.2148, 26.8537], [90.4097, 26.9019], [90.6999, 26.768], [91.0966, 26.8198], [91.3363, 26.7797], [91.4083, 26.8356], [91.6872, 26.8051], [91.8578, 26.914], [92.0552, 26.8481], [92.5852, 26.9619], [92.6589, 27.0385], [93.0194, 26.9168], [93.6551, 26.9665], [93.835, 27.075], [93.8086, 27.1518], [94.2591, 27.5226], [94.2111, 27.6108], [94.2522, 27.6409], [94.4597, 27.5577], [94.8609, 27.7395], [95.516, 27.8818], [95.6067, 27.9578], [95.9523, 27.9418]]]]}}, {"type": "Feature", "properties": {"name": "Bihar"}, "geometry": {"type": "MultiPolygon", "coordinates": [[[[88.1055, 26.539], [88.1055, 26.539]]], [[[84.1197, 27.5135], [84.2959, 27.3842], [84.622, 27.3382], [84.6931, 27.2148], [84.6449, 27.0472], [84.9645, 26.9603], [85.0624, 26.8867], [85.0244, 26.8554], [85.1977, 26.8666], [85.2123, 26.7587], [85.3363, 26.7414], [85.6367, 26.8719], [85.7367, 26.7956], [85.7346, 26.6543], [85.8521, 26.5684], [86.0307, 26.6664], [86.2196, 26.5881], [86.33, 26.6192], [86.7335, 26.422], [87.0743, 26.5855], [87.0939, 26.45], [87.3434, 26.3475], [87.4691, 26.4401], [87.6084, 26.3806], [87.8906, 26.4864], [88.0326, 26.3646], [88.1061, 26.5356], [88.2312, 26.552], [88.179, 26.4906], [88.2796, 26.3355], [87.9641, 26.152], [87.9722, 26.0849], [87.8421, 26.0445], [87.8036, 25.9207], [87.9109, 25.8517], [87.8985, 25.7698], [88.0486, 25.6906], [88.0704, 25.4805], [87.926, 25.5362], [87.7813, 25.4447], [87.8366, 25.1993], [87.5801, 25.3484], [87.4815, 25.2952], [87.4722, 25.1947], [87.3235, 25.2231], [87.2911, 25.0893], [87.1468, 25.0243], [87.1581, 24.8856], [87.0786, 24.8223], [87.0505, 24.6068], [86.9301, 24.6428], [86.9112, 24.5387], [86.7771, 24.6198], [86.6684, 24.5606], [86.6029, 24.6051], [86.4522, 24.3686], [86.2791, 24.462], [86.3229, 24.5841], [86.1333, 24.6035], [86.0506, 24.7795], [85.9503, 24.7321], [85.7367, 24.8227], [85.6495, 24.687], [85.6647, 24.5819], [85.2825, 24.5267], [85.0894, 24.3792], [85.0762, 24.4399], [84.898, 24.3721], [84.7953, 24.5295], [84.6583, 24.3937], [84.5215, 24.3763], [84.4935, 24.287], [84.2932, 24.4508], [84.293, 24.566], [84.1098, 24.4814], [83.9922, 24.638], [83.868, 24.5329], [83.4982, 24.5271], [83.5414, 24.6262], [83.3868, 24.7842], [83.3182, 25.0173], [83.3496, 25.1989], [83.8384, 25.4369], [83.9171, 25.5585], [84.0765, 25.6375], [84.0944, 25.7204], [84.2856, 25.6615], [84.3313, 25.7446], [84.4884, 25.6779], [84.6306, 25.7283], [84.5286, 25.8777], [84.1662, 25.9915], [84.0491, 26.0997], [84.0055, 26.2341], [84.1573, 26.2441], [84.1714, 26.374], [83.9023, 26.4503], [83.9022, 26.5181], [84.0478, 26.5435], [84.0818, 26.6429], [84.4144, 26.6272], [84.298, 26.7533], [84.234, 26.7395], [84.2411, 26.8624], [84.052, 26.8917], [84.0207, 27.0955], [83.9394, 27.093], [83.9851, 27.1818], [83.898, 27.2594], [83.9236, 27.3164], [83.829, 27.3228], [83.9055, 27.3762], [83.8702, 27.4285], [84.0294, 27.4336], [84.1197, 27.5135]]], [[[87.3062, 27.8432], [87.3062, 27.8432]]], [[[87.2629, 27.8507], [87.2629, 27.8507]]], [[[87.2629, 27.8507], [87.2629, 27.8507]]]]}}, {"type": "Feature", "properties": {"name": "Chandigarh"}, "geometry": {"type": "Polygon", "coordinates": [[[76.8198, 30.6858], [76.6906, 30.7601], [76.7978, 30.7853], [76.8198, 30.6858]]]}}, {"type": "Feature", "properties": {"name": "Chhattisgarh"}, "geometry": {"type": "Polygon", "coordinates": [[[83.3276, 24.0996], [83.5067, 24.0282], [83.5612, 23.863], [83.6954, 23.8207], [83.7749, 23.5995], [83.9353, 23.563], [83.9379, 23.6224], [84.007, 23.6323], [83.9658, 23.3812], [84.0703, 23.33], [84.0337, 23.1384], [84.1294, 23.0815], [84.148, 22.9639], [84.1899, 23.0237], [84.3705, 22.9751], [84.3769, 22.8759], [84.2206, 22.6689], [84.0051, 22.5696], [84.0042, 22.3677], [83.6193, 22.1964], [83.5573, 22.1], [83.6003, 22.0655], [83.5324, 22.034], [83.5845, 21.8436], [83.4672, 21.7827], [83.4197, 21.675], [83.4845, 21.6256], [83.3807, 21.6128], [83.3346, 21.4956], [83.4027, 21.3484], [83.27, 21.375], [83.1901, 21.1355], [82.6359, 21.1495], [82.6223, 21.0366], [82.4591, 20.8238], [82.3466, 20.8838], [82.324, 20.5539], [82.4292, 20.4258], [82.3909, 20.0596], [82.7075, 19.9902], [82.711, 19.8486], [82.5851, 19.771], [82.5908, 19.8662], [82.4395, 19.9029], [82.3394, 19.83], [82.2306, 19.9981], [82.0579, 20.0499], [82.0244, 20.01], [81.9414, 20.1023], [81.8738, 20.0462], [81.8496, 19.9081], [82.0598, 19.7831], [82.0224, 19.5018], [82.1831, 19.4176], [82.1598, 19.1265], [82.2396, 18.9105], [82.1727, 18.8953], [82.0786, 18.7121], [81.8854, 18.6503], [81.9469, 18.5592], [81.7449, 18.3454], [81.528, 18.2591], [81.3841, 17.8035], [81.1596, 17.8526], [81.0377, 17.7862], [80.944, 18.081], [80.9737, 18.1681], [80.862, 18.1327], [80.8296, 18.2341], [80.7346, 18.1717], [80.7883, 18.2498], [80.7265, 18.409], [80.4884, 18.6267], [80.3388, 18.5882], [80.2396, 18.7522], [80.3478, 18.8159], [80.2677, 18.9873], [80.3833, 19.2391], [80.5678, 19.4009], [80.6102, 19.3071], [80.7492, 19.2867], [80.845, 19.3609], [80.7879, 19.4267], [80.8921, 19.4657], [80.8276, 19.5627], [80.6569, 19.6123], [80.6658, 19.6922], [80.5424, 19.8193], [80.3947, 19.7946], [80.4975, 19.8687], [80.4063, 19.9325], [80.5204, 19.9309], [80.5462, 20.0657], [80.498, 20.1389], [80.3938, 20.144], [80.383, 20.2417], [80.6178, 20.3337], [80.6223, 20.6039], [80.4816, 20.6171], [80.5801, 20.6836], [80.5418, 20.9339], [80.4591, 20.9282], [80.4238, 21.0096], [80.4553, 21.1691], [80.673, 21.2983], [80.7185, 21.7119], [80.8112, 21.7475], [80.8184, 21.9568], [80.9061, 22.1144], [81.0043, 22.07], [80.9718, 22.1215], [81.1138, 22.2944], [81.11, 22.4411], [81.3229, 22.5243], [81.3966, 22.4413], [81.5191, 22.54], [81.6158, 22.539], [81.6565, 22.632], [81.7627, 22.6636], [81.7694, 22.8735], [81.9402, 22.9571], [81.9381, 23.0778], [82.1511, 23.1417], [82.1859, 23.3254], [81.9761, 23.4131], [81.9164, 23.5321], [81.736, 23.5674], [81.607, 23.5069], [81.5697, 23.5886], [81.6873, 23.7213], [81.6105, 23.907], [81.6616, 23.9256], [81.7827, 23.8118], [81.9164, 23.873], [82.5162, 23.7842], [82.7987, 23.9622], [82.9495, 23.873], [83.1274, 23.89], [83.3276, 24.0996]]]}}, {"type": "Feature", "properties": {"name": "Dadra and Nagar Haveli"}, "geometry": {"type": "Polygon", "coordinates": [[[72.9905, 20.2921], [73.1034, 20.3604], [73.1129, 20.3049], [73.1771, 20.3123], [73.0642, 20.2032], [73.0824, 20.1566], [73.2278, 20.187], [73.1989, 20.0623], [72.9853, 20.1135], [72.9223, 20.2744], [72.9905, 20.2921]]]}}, {"type": "Feature", "properties": {"name": "Daman and Diu"}, "geometry": {"type": "MultiPolygon", "coordinates": [[[[72.8601, 20.471], [72.8755, 20.3811], [72.8215, 20.3711], [72.8601, 20.471]]], [[[70.8885, 20.7098], [70.8885, 20.7098]]], [[[70.9485, 20.7337], [70.9976, 20.714], [70.8921, 20.7079], [70.9485, 20.7337]]], [[[70.768, 20.962], [70.9016, 20.9033], [70.817, 20.8512], [70.8962, 20.8248], [70.8382, 20.6901], [70.674, 20.7582], [70.7338, 20.9884], [70.768, 20.962]]]]}}, {"type": "Feature", "properties": {"name": "Delhi"}, "geometry": {"type": "Polygon", "coordinates": [[[77.2173, 28.8353], [77.3375, 28.6175], [77.2936, 28.5797], [77.3377, 28.509], [77.2427, 28.4846], [77.2406, 28.4289], [77.1658, 28.4085], [77.0725, 28.5203], [76.8794, 28.5091], [76.8376, 28.557], [76.9339, 28.6376], [76.9423, 28.8207], [77.0759, 28.8845], [77.2173, 28.8353]]]}}, {"type": "Feature", "properties": {"name": "Goa"}, "geometry": {"type": "MultiPolygon", "coordinates": [[[[73.7818, 15.3557], [73.7818, 15.3557]]], [[[73.7965, 15.379], [73.7965, 15.379]]], [[[73.8643, 15.4085], [73.8643, 15.4085]]], [[[73.8799, 15.7792], [74.0024, 15.6091], [74.2553, 15.6542], [74.3417, 15.2929], [74.2575, 15.2576], [74.3219, 15.1841], [74.3023, 15.0399], [74.2118, 14.9214], [74.0429, 14.9185], [74.0501, 14.9882], [73.9118, 15.084], [73.9485, 15.146], [73.8865, 15.3504], [73.7829, 15.4087], [73.8968, 15.4149], [73.7876, 15.4615], [73.6793, 15.7224], [73.8799, 15.7792]]]]}}, {"type": "Feature", "properties": {"name": "Gujarat"}, "geometry": {"type": "MultiPolygon", "coordinates": [[[[70.861, 20.7529], [70.861, 20.7529]]], [[[72.846, 20.7632], [72.846, 20.7632]]], [[[71.3885, 20.8671], [71.3885, 20.8671]]], [[[71.5163, 20.9143], [71.5163, 20.9143]]], [[[71.649, 20.9779], [71.649, 20.9779]]], [[[71.6865, 20.9965], [71.6865, 20.9965]]], [[[71.7038, 20.9996], [71.7038, 20.9996]]], [[[71.7104, 20.9996], [71.7104, 20.9996]]], [[[72.6476, 21.0762], [72.6476, 21.0762]]], [[[72.6793, 21.0988], [72.6793, 21.0988]]], [[[72.6721, 21.1151], [72.6721, 21.1151]]], [[[72.7021, 21.1224], [72.7021, 21.1224]]], [[[72.6765, 21.1557], [72.689, 21.0899], [72.6765, 21.1557]]], [[[72.1029, 21.2743], [72.1029, 21.2743]]], [[[72.5879, 21.3393], [72.5879, 21.3393]]], [[[72.5832, 21.3654], [72.5832, 21.3654]]], [[[72.6004, 21.3871], [72.6004, 21.3871]]], [[[72.6282, 21.4174], [72.6282, 21.4174]]], [[[72.636, 21.4176], [72.636, 21.4176]]], [[[72.676, 21.4468], [72.676, 21.4468]]], [[[69.7243, 21.564], [69.7243, 21.564]]], [[[69.7285, 21.6121], [69.7285, 21.6121]]], [[[72.3532, 21.6135], [72.3532, 21.6135]]], [[[72.5846, 21.629], [72.5846, 21.629]]], [[[72.6093, 21.6287], [72.6093, 21.6287]]], [[[72.6118, 21.6321], [72.6118, 21.6321]]], [[[72.6171, 21.6385], [72.6171, 21.6385]]], [[[72.5957, 21.639], [72.5957, 21.639]]], [[[72.6196, 21.6396], [72.6196, 21.6396]]], [[[72.6024, 21.641], [72.6024, 21.641]]], [[[72.7226, 21.666], [72.7226, 21.666]]], [[[72.2743, 21.7496], [72.2876, 21.7074], [72.2743, 21.7496]]], [[[72.3549, 21.9432], [72.3549, 21.9432]]], [[[72.214, 22.0054], [72.214, 22.0054]]], [[[72.4726, 22.2082], [72.4726, 22.2082]]], [[[72.3843, 22.2157], [72.3843, 22.2157]]], [[[72.3707, 22.2351], [72.3707, 22.2351]]], [[[69.3104, 22.3063], [69.3104, 22.3063]]], [[[69.4526, 22.3582], [69.4526, 22.3582]]], [[[69.184, 22.3676], [69.184, 22.3676]]], [[[69.1954, 22.3746], [69.1954, 22.3746]]], [[[69.2132, 22.3849], [69.2132, 22.3849]]], [[[69.201, 22.3863], [69.201, 22.3863]]], [[[69.3354, 22.389], [69.3354, 22.389]]], [[[69.4832, 22.3987], [69.4832, 22.3987]]], [[[69.2801, 22.4179], [69.2801, 22.4179]]], [[[69.2793, 22.4201], [69.2793, 22.4201]]], [[[69.1421, 22.4576], [69.1421, 22.4576]]], [[[69.6276, 22.4596], [69.6365, 22.4065], [69.5882, 22.4371], [69.6276, 22.4596]]], [[[69.3021, 22.474], [69.3021, 22.474]]], [[[69.1368, 22.4776], [69.0849, 22.421], [69.1368, 22.4776]]], [[[69.089, 22.4907], [69.089, 22.4907]]], [[[69.3243, 22.5276], [69.3637, 22.5124], [69.3243, 22.5276]]], [[[69.9449, 22.5324], [69.9449, 22.5324]]], [[[69.4051, 22.5326], [69.4051, 22.5326]]], [[[69.9574, 22.536], [69.9574, 22.536]]], [[[69.9604, 22.5438], [69.9604, 22.5438]]], [[[69.9521, 22.5513], [69.9521, 22.5513]]], [[[69.9187, 22.5532], [69.9415, 22.5179], [69.8624, 22.5271], [69.9187, 22.5532]]], [[[70.0243, 22.5532], [70.0243, 22.5532]]], [[[70.0113, 22.5538], [70.0113, 22.5538]]], [[[70.0235, 22.5585], [70.0235, 22.5585]]], [[[70.0396, 22.5679], [70.0396, 22.5679]]], [[[70.0446, 22.5724], [70.0446, 22.5724]]], [[[70.1818, 22.5837], [70.1818, 22.5837]]], [[[70.009, 22.5932], [69.9579, 22.5496], [70.009, 22.5932]]], [[[70.1904, 22.5999], [70.1904, 22.5999]]], [[[69.9485, 22.6063], [69.9485, 22.6063]]], [[[70.216, 22.6468], [70.216, 22.6468]]], [[[70.2357, 22.6846], [70.2357, 22.6846]]], [[[70.2426, 22.6846], [70.2426, 22.6846]]], [[[70.2468, 22.6918], [70.2468, 22.6918]]], [[[70.244, 22.7201], [70.244, 22.7201]]], [[[69.6426, 22.7649], [69.6426, 22.7649]]], [[[69.6365, 22.7799], [69.6365, 22.7799]]], [[[70.4551, 22.9957], [70.4551, 22.9957]]], [[[70.4415, 23.0496], [70.4415, 23.0496]]], [[[70.4485, 23.0521], [70.4137, 22.9898], [70.4485, 23.0521]]], [[[70.4524, 23.0524], [70.4524, 23.0524]]], [[[70.459, 23.0576], [70.459, 23.0576]]], [[[70.4521, 23.0607], [70.4521, 23.0607]]], [[[70.4696, 23.0613], [70.4696, 23.0613]]], [[[70.4824, 23.0654], [70.4463, 23.0251], [70.4824, 23.0654]]], [[[68.609, 23.2313], [68.609, 23.2313]]], [[[68.5943, 23.2621], [68.5943, 23.2621]]], [[[68.6585, 23.2712], [68.6585, 23.2712]]], [[[68.6287, 23.2901], [68.6287, 23.2901]]], [[[68.7051, 23.3118], [68.7051, 23.3118]]], [[[68.5582, 23.3138], [68.6149, 23.2715], [68.541, 23.2657], [68.5582, 23.3138]]], [[[68.6426, 23.314], [68.6426, 23.314]]], [[[68.6326, 23.3176], [68.6326, 23.3176]]], [[[68.6399, 23.3185], [68.6399, 23.3185]]], [[[68.5885, 23.319], [68.5885, 23.319]]], [[[68.6318, 23.3213], [68.6318, 23.3213]]], [[[68.6271, 23.3218], [68.6271, 23.3218]]], [[[68.6268, 23.326], [68.6268, 23.326]]], [[[68.5421, 23.3415], [68.5421, 23.3415]]], [[[68.5501, 23.3415], [68.5501, 23.3415]]], [[[68.5568, 23.3418], [68.5568, 23.3418]]], [[[68.506, 23.3424], [68.506, 23.3424]]], [[[68.5251, 23.344], [68.5251, 23.344]]], [[[68.5638, 23.3449], [68.5638, 23.3449]]], [[[68.6315, 23.3518], [68.6315, 23.3518]]], [[[68.4732, 23.3568], [68.4732, 23.3568]]], [[[68.5735, 23.3604], [68.5735, 23.3604]]], [[[68.5979, 23.361], [68.5979, 23.361]]], [[[68.589, 23.3743], [68.6174, 23.3276], [68.589, 23.3743]]], [[[68.5407, 23.3776], [68.5407, 23.3776]]], [[[68.5029, 23.3835], [68.5029, 23.3835]]], [[[68.5046, 23.3846], [68.5046, 23.3846]]], [[[68.5362, 23.3854], [68.5362, 23.3854]]], [[[68.5793, 23.3854], [68.5793, 23.3854]]], [[[68.5351, 23.3876], [68.5351, 23.3876]]], [[[68.554, 23.404], [68.554, 23.404]]], [[[68.5374, 23.4049], [68.5557, 23.3604], [68.5374, 23.4049]]], [[[68.461, 23.4051], [68.461, 23.4051]]], [[[68.5235, 23.4046], [68.5235, 23.4046]]], [[[68.471, 23.4057], [68.471, 23.4057]]], [[[68.4299, 23.4071], [68.4299, 23.4071]]], [[[68.4632, 23.409], [68.4632, 23.409]]], [[[68.409, 23.4093], [68.409, 23.4093]]], [[[68.5576, 23.4088], [68.5576, 23.4088]]], [[[68.4146, 23.4099], [68.4146, 23.4099]]], [[[68.4607, 23.4126], [68.4607, 23.4126]]], [[[68.5496, 23.4137], [68.5496, 23.4137]]], [[[68.4004, 23.4212], [68.4004, 23.4212]]], [[[68.4021, 23.4232], [68.4021, 23.4232]]], [[[68.3999, 23.4285], [68.3999, 23.4285]]], [[[68.5018, 23.4321], [68.5018, 23.4321]]], [[[68.5168, 23.4329], [68.5168, 23.4329]]], [[[68.5007, 23.4363], [68.5007, 23.4363]]], [[[68.5013, 23.4438], [68.5013, 23.4438]]], [[[68.5013, 23.4535], [68.5013, 23.4535]]], [[[68.5068, 23.4565], [68.5068, 23.4565]]], [[[68.4079, 23.4579], [68.4079, 23.4579]]], [[[68.499, 23.476], [68.499, 23.476]]], [[[68.4729, 23.4804], [68.4846, 23.4032], [68.4746, 23.4599], [68.4212, 23.4201], [68.4729, 23.4804]]], [[[68.4985, 23.489], [68.4985, 23.489]]], [[[68.5065, 23.4926], [68.5065, 23.4926]]], [[[68.511, 23.4926], [68.511, 23.4926]]], [[[68.4868, 23.4954], [68.4868, 23.4954]]], [[[68.4665, 23.4979], [68.4665, 23.4979]]], [[[68.4374, 23.5004], [68.4374, 23.5004]]], [[[68.4807, 23.5013], [68.4807, 23.5013]]], [[[68.4679, 23.524], [68.4679, 23.524]]], [[[68.4751, 23.5288], [68.4751, 23.5288]]], [[[68.4735, 23.5371], [68.4735, 23.5371]]], [[[68.4824, 23.5504], [68.4824, 23.5504]]], [[[68.4793, 23.5554], [68.4793, 23.5554]]], [[[68.2235, 23.5863], [68.2235, 23.5863]]], [[[68.2551, 23.5901], [68.2551, 23.5901]]], [[[68.2162, 23.5912], [68.2162, 23.5912]]], [[[68.4821, 23.5968], [68.4304, 23.5077], [68.4821, 23.5968]]], [[[68.4585, 23.6004], [68.4585, 23.6004]]], [[[68.4821, 23.6065], [68.4821, 23.6065]]], [[[68.4563, 23.6249], [68.4404, 23.5865], [68.4563, 23.6249]]], [[[68.4846, 23.6279], [68.4846, 23.6279]]], [[[68.4779, 23.7224], [68.4779, 23.7224]]], [[[68.4496, 23.7323], [68.4496, 23.7323]]], [[[68.4674, 23.7399], [68.4674, 23.7399]]], [[[68.4868, 23.746], [68.4868, 23.746]]], [[[68.2165, 23.7793], [68.2165, 23.7793]]], [[[68.3493, 23.8001], [68.3493, 23.8001]]], [[[68.3585, 23.8051], [68.4262, 23.7949], [68.3904, 23.6543], [68.3149, 23.5832], [68.3068, 23.6307], [68.1971, 23.5971], [68.2046, 23.6476], [68.3118, 23.6501], [68.2312, 23.6429], [68.3585, 23.8051]]], [[[68.6051, 23.8096], [68.6051, 23.8096]]], [[[68.5965, 23.8126], [68.5965, 23.8126]]], [[[68.3079, 23.8237], [68.274, 23.7013], [68.3079, 23.8237]]], [[[68.4965, 23.831], [68.5168, 23.7546], [68.4374, 23.7393], [68.4965, 23.831]]], [[[68.7071, 23.8512], [68.7071, 23.8512]]], [[[68.6993, 23.8532], [68.6993, 23.8532]]], [[[68.5332, 23.8738], [68.5332, 23.8738]]], [[[68.3957, 23.8782], [68.4265, 23.8104], [68.3301, 23.7874], [68.3957, 23.8782]]], [[[68.2482, 23.8804], [68.216, 23.8476], [68.2482, 23.8804]]], [[[68.4493, 23.9385], [68.4421, 23.8704], [68.3499, 23.8463], [68.4493, 23.9385]]], [[[68.5354, 23.946], [68.5888, 23.9168], [68.5171, 23.8565], [68.5354, 23.946]]], [[[68.5257, 23.9495], [68.5257, 23.9495]]], [[[68.4821, 23.9926], [68.5185, 23.9243], [68.4435, 23.8485], [68.4821, 23.9926]]], [[[68.4301, 23.9954], [68.2379, 23.6812], [68.2129, 23.8346], [68.2874, 23.8393], [68.2771, 23.9149], [68.4301, 23.9954]]], [[[72.1019, 24.6433], [72.3538, 24.6181], [72.251, 24.5802], [72.4425, 24.5042], [72.4647, 24.4071], [72.5446, 24.5069], [72.6973, 24.4572], [72.7325, 24.3613], [72.9239, 24.3263], [72.9915, 24.364], [73.0128, 24.4824], [73.0989, 24.4915], [73.085, 24.3945], [73.2315, 24.3647], [73.0827, 24.185], [73.2238, 24.0982], [73.2458, 24.0107], [73.3735, 24.1281], [73.4247, 23.9311], [73.3626, 23.7874], [73.5085, 23.7033], [73.5135, 23.6168], [73.6607, 23.6229], [73.6328, 23.4524], [73.8321, 23.4468], [73.8943, 23.3371], [73.9625, 23.3814], [74.1066, 23.2941], [74.127, 23.1789], [74.246, 23.1883], [74.362, 22.9331], [74.4515, 22.924], [74.4789, 22.8586], [74.3811, 22.6386], [74.2654, 22.6448], [74.1533, 22.5174], [74.0446, 22.5421], [74.123, 22.4208], [74.1908, 22.4779], [74.2942, 22.3945], [74.1911, 22.3219], [74.072, 22.3602], [74.0758, 22.2219], [74.1807, 22.0866], [74.0977, 22.0155], [74.1489, 21.9607], [73.8105, 21.8233], [73.8981, 21.6673], [73.7876, 21.625], [73.8608, 21.4958], [74.31, 21.5673], [74.3277, 21.4958], [74.0672, 21.4819], [74.0485, 21.4194], [73.9528, 21.4024], [73.9485, 21.2976], [73.8321, 21.2675], [73.8225, 21.1719], [73.5883, 21.1679], [73.7526, 21.1141], [73.7749, 21.0105], [73.9064, 20.9832], [73.9495, 20.7423], [73.8226, 20.6938], [73.8383, 20.6158], [73.6707, 20.5623], [73.4537, 20.7105], [73.4027, 20.6426], [73.5007, 20.5402], [73.3913, 20.3902], [73.4299, 20.2062], [73.3111, 20.2072], [73.2595, 20.1246], [73.1802, 20.2086], [73.0724, 20.1635], [73.1795, 20.2899], [73.1074, 20.3607], [72.9246, 20.2787], [72.9692, 20.2109], [72.8745, 20.2258], [72.8353, 20.1446], [72.7376, 20.1365], [72.7757, 20.3335], [72.8755, 20.3811], [72.8366, 20.4284], [72.8896, 20.7482], [72.7521, 20.9465], [72.7207, 21.1432], [72.6671, 21.1554], [72.6271, 21.076], [72.6532, 21.2268], [72.5874, 21.2757], [72.6968, 21.4646], [72.6451, 21.4338], [72.674, 21.5204], [72.7424, 21.5501], [72.6257, 21.4924], [72.5974, 21.5524], [72.6293, 21.6177], [72.8351, 21.6679], [72.5376, 21.6643], [72.5699, 21.8243], [72.5024, 21.9551], [72.5821, 22.201], [72.7576, 22.174], [72.916, 22.2782], [72.7521, 22.231], [72.5426, 22.281], [72.486, 22.1974], [72.3618, 22.3757], [72.4165, 22.2274], [72.3562, 22.2712], [72.3915, 22.1679], [72.3576, 22.1929], [72.3435, 22.1249], [72.2943, 22.2024], [72.2785, 21.9321], [72.2415, 22.0496], [72.3001, 22.1087], [72.2326, 22.0176], [72.1724, 22.0415], [72.221, 21.9563], [72.1465, 21.9835], [72.2532, 21.8974], [72.2646, 21.7404], [72.1829, 21.8237], [72.306, 21.6285], [72.2232, 21.4387], [72.076, 21.3021], [72.1137, 21.1965], [71.0504, 20.731], [70.8735, 20.7099], [70.9204, 20.7368], [70.8436, 20.7604], [70.8962, 20.8248], [70.817, 20.8512], [70.9002, 20.8857], [70.887, 20.9452], [70.7355, 20.9898], [70.6663, 20.7524], [70.0996, 21.1046], [69.7129, 21.5285], [69.7643, 21.5788], [69.7376, 21.6504], [69.6757, 21.6388], [69.6968, 21.5929], [69.6326, 21.6429], [69.7107, 21.5393], [69.5876, 21.621], [68.936, 22.3101], [69.0674, 22.4801], [69.0693, 22.3957], [69.194, 22.4237], [69.1579, 22.3129], [69.2326, 22.2579], [69.4885, 22.3379], [69.4982, 22.4357], [69.5757, 22.319], [69.7282, 22.4738], [69.7976, 22.3999], [69.8343, 22.5007], [69.8701, 22.4465], [69.9762, 22.5432], [70.1629, 22.5515], [70.4935, 23.0751], [70.3476, 22.9304], [70.1979, 22.9985], [70.2199, 22.9565], [70.1232, 22.9607], [70.1532, 23.0296], [70.091, 22.9526], [70.1321, 22.9246], [69.7985, 22.8507], [69.7051, 22.7279], [69.6338, 22.7954], [69.4696, 22.7737], [69.1907, 22.8412], [68.659, 23.1499], [68.5854, 23.2346], [68.6307, 23.2132], [68.6718, 23.2701], [68.6301, 23.2957], [68.7582, 23.3304], [68.6501, 23.3043], [68.4918, 23.501], [68.4968, 23.6529], [68.7613, 23.8749], [68.6038, 23.8501], [68.5251, 23.759], [68.5151, 23.8249], [68.6632, 23.9174], [68.5468, 23.9632], [68.7492, 23.962], [68.7727, 24.2941], [68.8264, 24.3084], [68.8875, 24.1959], [68.9472, 24.2766], [69.0005, 24.2259], [69.6007, 24.2778], [69.7246, 24.1751], [70.0006, 24.1664], [70.119, 24.2907], [70.5749, 24.4203], [70.5742, 24.2523], [70.8058, 24.2227], [71.1318, 24.4018], [71.0076, 24.4422], [70.9983, 24.5413], [71.1071, 24.6807], [71.2977, 24.6076], [71.537, 24.6789], [71.6616, 24.6333], [71.799, 24.6705], [71.8584, 24.6042], [71.8765, 24.6752], [71.9442, 24.6268], [72.0525, 24.7058], [72.1019, 24.6433]]]]}}, {"type": "Feature", "properties": {"name": "Haryana"}, "geometry": {"type": "Polygon", "coordinates": [[[76.8372, 30.8789], [76.9022, 30.8972], [77.0131, 30.7422], [77.1535, 30.6887], [77.1115, 30.5673], [77.2026, 30.4803], [77.4006, 30.4188], [77.4505, 30.4652], [77.435, 30.4037], [77.5098, 30.4488], [77.592, 30.3709], [77.4144, 30.1071], [77.2704, 30.0483], [77.117, 29.7709], [77.122, 29.1058], [77.2212, 28.9041], [76.9423, 28.8207], [76.9339, 28.6376], [76.8329, 28.5825], [76.8794, 28.5091], [77.0725, 28.5203], [77.1658, 28.4085], [77.3345, 28.5111], [77.4746, 28.4135], [77.4648, 28.2774], [77.5388, 28.2544], [77.4891, 28.212], [77.5424, 28.1817], [77.4689, 28.086], [77.5361, 27.9493], [77.2346, 27.7858], [77.0383, 27.82], [77.0792, 27.7384], [76.9935, 27.7417], [76.9705, 27.6571], [76.8809, 27.6994], [76.9618, 28.144], [76.8636, 28.2246], [76.5382, 27.9705], [76.5385, 28.0391], [76.4537, 28.0497], [76.4977, 28.0647], [76.471, 28.1547], [76.2889, 28.1827], [76.3556, 28.1285], [76.2974, 28.101], [76.3368, 28.0297], [76.1773, 28.0593], [76.2138, 28.0317], [76.1549, 27.999], [76.2233, 27.8409], [75.9631, 27.8647], [75.9236, 27.9331], [76.0356, 28.074], [75.9361, 28.0935], [76.0277, 28.1727], [76.0929, 28.1552], [75.9224, 28.3689], [75.7703, 28.4076], [75.7782, 28.4576], [75.5557, 28.6146], [75.4671, 28.9263], [75.5111, 29.0108], [75.4347, 29.0165], [75.3612, 29.1426], [75.3957, 29.2619], [75.0781, 29.2325], [74.8411, 29.4041], [74.5958, 29.3283], [74.5291, 29.4495], [74.6144, 29.5271], [74.5665, 29.5635], [74.6054, 29.7529], [74.472, 29.744], [74.4653, 29.7875], [74.5536, 29.8656], [74.5246, 29.9516], [74.647, 29.9047], [74.8012, 29.9926], [74.9899, 29.8565], [75.0848, 29.9151], [75.0902, 29.8067], [75.1541, 29.781], [75.1823, 29.8387], [75.231, 29.7521], [75.1578, 29.6627], [75.2235, 29.5462], [75.2961, 29.5681], [75.4443, 29.8078], [75.5688, 29.7426], [75.7716, 29.8254], [75.8793, 29.7471], [76.0415, 29.7488], [76.242, 29.869], [76.1663, 29.9287], [76.255, 30.1046], [76.2039, 30.1589], [76.3229, 30.1082], [76.4102, 30.2023], [76.4521, 30.1007], [76.6011, 30.0802], [76.6389, 30.2059], [76.5476, 30.2649], [76.7152, 30.3329], [76.7579, 30.4389], [76.8802, 30.3597], [76.9303, 30.3926], [76.9134, 30.5997], [76.8188, 30.6606], [76.8468, 30.7925], [76.7625, 30.8934], [76.8102, 30.9304], [76.8372, 30.8789]]]}}, {"type": "Feature", "properties": {"name": "Himachal Pradesh"}, "geometry": {"type": "Polygon", "coordinates": [[[76.8028, 33.2367], [76.9175, 33.0337], [77.1364, 32.9805], [77.1462, 32.914], [77.3279, 32.8199], [77.7125, 32.9718], [77.7902, 32.9054], [77.7614, 32.8648], [77.9151, 32.7661], [77.9826, 32.5865], [78.3714, 32.7618], [78.3888, 32.6232], [78.2785, 32.5079], [78.4384, 32.5054], [78.5188, 32.4185], [78.4392, 32.2465], [78.5929, 32.2187], [78.5973, 32.122], [78.771, 31.9998], [78.6914, 31.7934], [78.8311, 31.6153], [78.7066, 31.5184], [78.9966, 31.1153], [78.8714, 31.1073], [78.795, 31.205], [78.4701, 31.2038], [78.3563, 31.2909], [77.8875, 31.1547], [77.8006, 31.0621], [77.8171, 30.9536], [77.7346, 30.9596], [77.7894, 30.8585], [77.7445, 30.8812], [77.6883, 30.7687], [77.7791, 30.6638], [77.7295, 30.5984], [77.8106, 30.5332], [77.5653, 30.3849], [77.5098, 30.4488], [77.4164, 30.4084], [77.4505, 30.4652], [77.4006, 30.4188], [77.1223, 30.5482], [77.1535, 30.6887], [77.0131, 30.7422], [76.9022, 30.8972], [76.8524, 30.8707], [76.6101, 31.0042], [76.6341, 31.2153], [76.5705, 31.2801], [76.4311, 31.2828], [76.3631, 31.4414], [76.2961, 31.3192], [76.1728, 31.3067], [75.8945, 31.9498], [75.5788, 32.0817], [75.6618, 32.1647], [75.6225, 32.2347], [75.9346, 32.4248], [75.851, 32.5079], [75.9125, 32.7571], [75.7874, 32.8933], [75.9874, 32.9006], [76.3917, 33.1867], [76.627, 33.1625], [76.8028, 33.2367]]]}}, {"type": "Feature", "properties": {"name": "Jammu and Kashmir"}, "geometry": {"type": "Polygon", "coordinates": [[[77.8996, 35.4279], [78.1098, 35.4768], [77.9919, 35.3485], [78.1242, 35.1354], [78.0829, 35.0825], [78.248, 34.6951], [78.4251, 34.6035], [78.5693, 34.6119], [78.9815, 34.3329], [78.9562, 34.2178], [78.7064, 34.0722], [78.7704, 34.0197], [78.7116, 33.9225], [78.784, 33.7704], [78.711, 33.6549], [79.075, 33.2286], [79.4098, 33.1788], [79.3525, 32.979], [79.5405, 32.7487], [79.5454, 32.6074], [79.3122, 32.4871], [79.203, 32.5108], [79.1045, 32.3717], [78.9772, 32.3428], [78.7812, 32.4753], [78.7459, 32.6961], [78.3104, 32.4759], [78.2966, 32.5775], [78.3888, 32.6232], [78.3714, 32.7618], [77.9826, 32.5865], [77.9151, 32.7661], [77.7614, 32.8648], [77.7902, 32.9054], [77.7125, 32.9718], [77.3279, 32.8199], [77.1462, 32.914], [77.1364, 32.9805], [76.9175, 33.0337], [76.7783, 33.2557], [76.7299, 33.1794], [76.3917, 33.1867], [76.2373, 33.0326], [76.0937, 33.0048], [75.9458, 32.8851], [75.808, 32.9298], [75.9236, 32.6437], [75.8043, 32.4871], [75.5452, 32.3608], [75.4989, 32.2753], [75.4722, 32.34], [75.3223, 32.3373], [75.0716, 32.483], [74.6984, 32.4849], [74.6422, 32.611], [74.697, 32.8397], [74.5315, 32.7407], [74.4139, 32.9039], [74.318, 32.9197], [74.3498, 33.0163], [74.2052, 33.0433], [74.0143, 33.1982], [74.1707, 33.3466], [74.1871, 33.4555], [74.0284, 33.5747], [73.9563, 33.7203], [74.2197, 33.8672], [74.2627, 33.9743], [74.2147, 34.0386], [73.8832, 34.0499], [73.9762, 34.2648], [73.8994, 34.3598], [73.7643, 34.3711], [73.9481, 34.5731], [73.9602, 34.6967], [74.1418, 34.6912], [74.3755, 34.8034], [74.703, 34.6931], [75.2497, 34.6473], [75.3778, 34.5524], [75.7492, 34.5158], [76.0365, 34.6703], [76.1579, 34.6434], [76.4743, 34.7944], [76.6818, 34.7596], [76.7494, 34.9266], [76.9975, 34.9392], [77.0181, 35.0385], [77.1568, 35.0547], [77.8239, 35.5013], [77.8996, 35.4279]]]}}, {"type": "Feature", "properties": {"name": "Jharkhand"}, "geometry": {"type": "Polygon", "coordinates": [[[87.5999, 25.3147], [87.7833, 25.2462], [87.7765, 25.0913], [87.9733, 24.8965], [87.8181, 24.766], [87.9008, 24.7216], [87.91, 24.5939], [87.7694, 24.5818], [87.81, 24.4066], [87.6357, 24.2425], [87.6896, 24.1498], [87.5694, 24.1557], [87.5762, 24.0853], [87.4936, 24.1152], [87.458, 23.9814], [87.238, 24.0412], [87.2945, 23.8986], [87.2482, 23.907], [87.2427, 23.8262], [87.1309, 23.867], [87.1242, 23.795], [86.895, 23.88], [86.8823, 23.8145], [86.7928, 23.8314], [86.792, 23.6874], [86.4399, 23.6296], [86.3, 23.4201], [86.0469, 23.5839], [86.0472, 23.4936], [85.8595, 23.451], [85.8957, 23.3706], [85.8316, 23.1951], [85.915, 23.1295], [86.0369, 23.1436], [86.2125, 22.9918], [86.5403, 22.9872], [86.4328, 22.9234], [86.4162, 22.7765], [86.6179, 22.6734], [86.6517, 22.5758], [86.7599, 22.5724], [86.798, 22.484], [86.7515, 22.4507], [86.8439, 22.3961], [86.8857, 22.2521], [86.7478, 22.208], [86.4999, 22.341], [86.4334, 22.3015], [86.0385, 22.5636], [85.9535, 22.456], [86.0433, 22.3062], [85.9698, 22.2434], [86.0267, 22.1852], [85.9054, 21.9666], [85.7607, 21.9897], [85.802, 22.1108], [85.6815, 22.0488], [85.3944, 22.1586], [85.2309, 22.0003], [85.0954, 22.0995], [84.9798, 22.0847], [85.1145, 22.2905], [85.0625, 22.4784], [84.2892, 22.3373], [84.0025, 22.5209], [84.0804, 22.6366], [84.2206, 22.6689], [84.3891, 22.9387], [84.1899, 23.0237], [84.148, 22.9639], [84.1294, 23.0815], [84.0337, 23.1384], [84.0703, 23.33], [83.9658, 23.3812], [84.007, 23.6323], [83.9379, 23.6224], [83.9353, 23.563], [83.7749, 23.5995], [83.6954, 23.8207], [83.5612, 23.863], [83.5067, 24.0282], [83.3236, 24.1013], [83.3759, 24.3145], [83.4514, 24.3647], [83.3955, 24.5038], [83.868, 24.5329], [83.9922, 24.638], [84.1098, 24.4814], [84.2974, 24.5631], [84.2932, 24.4508], [84.4935, 24.287], [84.5215, 24.3763], [84.6583, 24.3937], [84.7953, 24.5295], [84.898, 24.3721], [85.0762, 24.4399], [85.0894, 24.3792], [85.2825, 24.5267], [85.6647, 24.5819], [85.6495, 24.687], [85.7367, 24.8227], [85.9503, 24.7321], [86.0506, 24.7795], [86.1333, 24.6035], [86.3229, 24.5841], [86.2791, 24.462], [86.4522, 24.3686], [86.6029, 24.6051], [86.6684, 24.5606], [86.7771, 24.6198], [86.9112, 24.5387], [86.9301, 24.6428], [87.0505, 24.6068], [87.1766, 25.064], [87.2911, 25.0893], [87.3235, 25.2231], [87.4676, 25.1931], [87.4901, 25.3052], [87.5999, 25.3147]]]}}, {"type": "Feature", "properties": {"name": "Karnataka"}, "geometry": {"type": "MultiPolygon", "coordinates": [[[[74.671, 13.1999], [74.671, 13.1999]]], [[[74.7285, 13.2829], [74.7285, 13.2829]]], [[[74.7004, 13.2843], [74.7004, 13.2843]]], [[[74.7237, 13.2896], [74.7237, 13.2896]]], [[[74.6907, 13.334], [74.6907, 13.334]]], [[[74.689, 13.341], [74.689, 13.341]]], [[[74.6826, 13.3485], [74.6826, 13.3485]]], [[[74.6715, 13.3832], [74.6715, 13.3832]]], [[[74.4829, 14.0112], [74.4829, 14.0112]]], [[[74.3262, 14.0207], [74.3262, 14.0207]]], [[[74.4032, 14.3154], [74.4032, 14.3154]]], [[[74.3651, 14.5526], [74.3651, 14.5526]]], [[[74.2538, 14.706], [74.2538, 14.706]]], [[[74.2407, 14.7113], [74.2407, 14.7113]]], [[[74.1554, 14.7418], [74.1554, 14.7418]]], [[[74.1113, 14.7615], [74.1113, 14.7615]]], [[[74.0879, 14.796], [74.0879, 14.796]]], [[[74.0565, 14.8171], [74.0565, 14.8171]]], [[[74.064, 14.8212], [74.064, 14.8212]]], [[[74.0593, 14.8215], [74.0593, 14.8215]]], [[[74.094, 14.8385], [74.094, 14.8385]]], [[[74.0985, 14.846], [74.0985, 14.846]]], [[[74.0971, 14.8785], [74.0971, 14.8785]]], [[[77.3373, 18.4354], [77.4101, 18.3885], [77.3625, 18.3083], [77.603, 18.278], [77.5975, 18.0843], [77.5457, 18.0538], [77.6534, 17.9694], [77.5109, 17.8014], [77.562, 17.7471], [77.4503, 17.6913], [77.4399, 17.5815], [77.688, 17.4985], [77.5101, 17.4273], [77.528, 17.3721], [77.4516, 17.3705], [77.4545, 17.2759], [77.3804, 17.2198], [77.36, 17.1616], [77.4994, 17.0073], [77.4234, 16.7145], [77.465, 16.6783], [77.4166, 16.6628], [77.4642, 16.5842], [77.3663, 16.4841], [77.2352, 16.4681], [77.3429, 16.3797], [77.5916, 16.3375], [77.5923, 16.2901], [77.4876, 16.2498], [77.5095, 15.9209], [77.1806, 15.9501], [77.0223, 15.8318], [77.125, 15.6591], [77.0293, 15.6338], [77.0266, 15.5], [76.9704, 15.4909], [77.1641, 15.2591], [77.1209, 15.2212], [77.1632, 15.1613], [77.0788, 15.0], [76.7742, 15.0714], [76.7638, 14.9699], [76.8655, 14.9376], [76.7609, 14.5963], [76.8702, 14.4684], [76.9734, 14.4783], [76.8831, 14.3903], [76.9435, 14.2363], [77.1051, 14.2133], [77.1522, 14.3377], [77.2811, 14.3311], [77.3838, 14.1918], [77.3857, 14.3249], [77.4994, 14.2605], [77.5004, 14.151], [77.3477, 14.1243], [77.3954, 14.1034], [77.3262, 14.0229], [77.4306, 13.9688], [77.3971, 13.8805], [77.3135, 14.0248], [77.1473, 13.9916], [77.0237, 14.0533], [77.0198, 14.1727], [76.8914, 14.159], [77.0358, 13.9256], [76.9684, 13.8144], [76.9939, 13.7415], [77.1666, 13.7547], [77.1239, 13.8494], [77.177, 13.9174], [77.1788, 13.8598], [77.2338, 13.8949], [77.2504, 13.8395], [77.4245, 13.8351], [77.4765, 13.6776], [77.6491, 13.7758], [77.7087, 13.7327], [77.8277, 13.8606], [77.8183, 13.9349], [77.9116, 13.8972], [77.9786, 13.9477], [77.9446, 13.82], [78.0412, 13.8867], [78.1135, 13.8409], [78.0807, 13.6353], [78.1558, 13.6487], [78.1833, 13.5564], [78.3908, 13.5781], [78.367, 13.32], [78.5775, 13.262], [78.5691, 13.1565], [78.4227, 12.9686], [78.4542, 12.8532], [78.3454, 12.9281], [78.2206, 12.7526], [78.0467, 12.8424], [77.9105, 12.8197], [77.9243, 12.8778], [77.8256, 12.859], [77.7314, 12.664], [77.5903, 12.6575], [77.6201, 12.4085], [77.4657, 12.2023], [77.7264, 12.1673], [77.7684, 12.1056], [77.6647, 11.9397], [77.4844, 11.9324], [77.4193, 11.7507], [77.2417, 11.8025], [77.1028, 11.7631], [77.1093, 11.7128], [77.0044, 11.803], [76.8997, 11.7833], [76.8373, 11.5745], [76.5601, 11.6101], [76.5042, 11.698], [76.4102, 11.6646], [76.4077, 11.7533], [76.335, 11.7306], [76.184, 11.8638], [76.1081, 11.8512], [76.1079, 11.9706], [75.8659, 11.9456], [75.7997, 12.0712], [75.6624, 12.0912], [75.4191, 12.2864], [75.3656, 12.407], [75.4145, 12.4967], [75.3409, 12.456], [75.2724, 12.5399], [75.3279, 12.5852], [75.2229, 12.5626], [75.1506, 12.6763], [75.0478, 12.6601], [74.9923, 12.7905], [74.8671, 12.7545], [74.6904, 13.3485], [74.729, 13.2771], [74.6332, 13.849], [74.5015, 14.0226], [74.3538, 14.5029], [74.3874, 14.5468], [74.3096, 14.5207], [74.2496, 14.7396], [74.0926, 14.8032], [74.1042, 14.9038], [74.2701, 14.9666], [74.3219, 15.1841], [74.2575, 15.2576], [74.3417, 15.2929], [74.2553, 15.6542], [74.0965, 15.6708], [74.2273, 15.7857], [74.2501, 15.7412], [74.3649, 15.7737], [74.3893, 15.8441], [74.3445, 15.8521], [74.4116, 15.8526], [74.4703, 16.0405], [74.3682, 16.053], [74.4964, 16.1016], [74.5031, 16.231], [74.3307, 16.2729], [74.3691, 16.3943], [74.2532, 16.4949], [74.2764, 16.5445], [74.3899, 16.5279], [74.4774, 16.6608], [74.5741, 16.552], [74.6904, 16.6045], [74.6982, 16.7152], [74.9238, 16.77], [74.9384, 16.941], [75.0904, 16.9487], [75.2159, 16.8403], [75.2884, 16.9548], [75.4679, 16.9853], [75.4925, 16.9429], [75.5758, 17.0078], [75.6746, 16.9603], [75.6599, 17.2614], [75.5785, 17.3829], [75.6356, 17.4775], [75.8023, 17.3701], [75.8872, 17.4173], [75.9312, 17.3241], [76.1212, 17.3663], [76.1758, 17.2972], [76.2444, 17.3747], [76.3817, 17.3118], [76.3317, 17.5949], [76.4893, 17.6607], [76.5237, 17.7589], [76.5732, 17.7022], [76.6144, 17.7683], [76.6906, 17.68], [76.7882, 17.8265], [76.7407, 17.898], [76.9164, 17.9151], [76.9541, 18.1849], [77.1089, 18.1527], [77.2402, 18.4086], [77.3373, 18.4354]]]]}}, {"type": "Feature", "properties": {"name": "Kerala"}, "geometry": {"type": "MultiPolygon", "coordinates": [[[[76.4674, 9.541], [76.4674, 9.541]]], [[[76.4043, 9.5415], [76.4043, 9.5415]]], [[[76.4346, 9.5515], [76.4346, 9.5515]]], [[[76.4368, 9.5515], [76.4368, 9.5515]]], [[[76.4143, 9.5632], [76.3829, 9.5349], [76.4143, 9.5632]]], [[[76.3854, 9.6207], [76.3854, 9.6207]]], [[[76.3812, 9.7146], [76.3812, 9.7146]]], [[[76.3715, 9.7585], [76.3715, 9.7585]]], [[[76.324, 9.8257], [76.324, 9.8257]]], [[[76.3724, 9.8257], [76.3724, 9.8257]]], [[[76.3685, 9.8268], [76.3685, 9.8268]]], [[[76.3785, 9.8396], [76.3785, 9.8396]]], [[[76.3776, 9.8415], [76.3776, 9.8415]]], [[[76.2893, 9.8474], [76.2893, 9.8474]]], [[[76.3496, 9.8746], [76.3718, 9.831], [76.3496, 9.8746]]], [[[76.3085, 9.9215], [76.3085, 9.9215]]], [[[76.2607, 9.9707], [76.294, 9.9257], [76.2607, 9.9707]]], [[[76.2724, 9.9729], [76.2724, 9.9729]]], [[[76.2443, 9.981], [76.2443, 9.981]]], [[[76.2682, 10.0029], [76.2682, 10.0029]]], [[[76.2418, 10.0143], [76.2418, 10.0143]]], [[[76.2529, 10.0171], [76.2529, 10.0171]]], [[[76.2618, 10.0299], [76.2618, 10.0299]]], [[[76.266, 10.0307], [76.266, 10.0307]]], [[[76.2399, 10.1024], [76.2399, 10.1024]]], [[[76.0521, 10.5354], [76.0521, 10.5354]]], [[[76.051, 10.539], [76.051, 10.539]]], [[[75.8382, 11.1343], [75.8382, 11.1343]]], [[[75.8112, 11.1618], [75.8112, 11.1618]]], [[[75.3662, 11.9421], [75.3662, 11.9421]]], [[[75.3679, 11.9435], [75.3679, 11.9435]]], [[[75.3007, 11.9635], [75.3007, 11.9635]]], [[[75.2965, 11.9685], [75.2965, 11.9685]]], [[[75.2854, 11.9871], [75.2854, 11.9871]]], [[[75.2979, 12.0174], [75.2979, 12.0174]]], [[[75.2976, 12.0238], [75.2976, 12.0238]]], [[[75.1576, 12.1093], [75.1818, 12.0499], [75.1576, 12.1093]]], [[[75.1635, 12.1154], [75.1635, 12.1154]]], [[[75.194, 12.1163], [75.194, 12.1163]]], [[[75.154, 12.1426], [75.154, 12.1426]]], [[[75.1354, 12.186], [75.1501, 12.1468], [75.1354, 12.186]]], [[[75.1318, 12.1915], [75.1318, 12.1915]]], [[[75.1301, 12.1982], [75.1301, 12.1982]]], [[[75.1265, 12.2051], [75.1574, 12.1102], [75.1265, 12.2051]]], [[[74.996, 12.788], [75.0478, 12.6601], [75.1506, 12.6763], [75.2229, 12.5626], [75.3279, 12.5852], [75.2709, 12.5535], [75.3368, 12.4578], [75.4145, 12.4967], [75.3656, 12.407], [75.4191, 12.2864], [75.4827, 12.2862], [75.5768, 12.1508], [75.7953, 12.0742], [75.8767, 11.9407], [76.1079, 11.9706], [76.1165, 11.843], [76.184, 11.8638], [76.335, 11.7306], [76.4077, 11.7533], [76.4342, 11.6335], [76.2257, 11.5644], [76.2401, 11.4596], [76.5382, 11.3516], [76.4527, 11.1802], [76.7256, 11.2089], [76.6912, 11.1445], [76.7925, 11.0424], [76.7065, 11.0314], [76.6492, 10.9242], [76.8975, 10.7708], [76.8726, 10.6294], [76.805, 10.6263], [76.8197, 10.2952], [76.9708, 10.2087], [77.2222, 10.3403], [77.2804, 10.2073], [77.1878, 10.0925], [77.2614, 9.9637], [77.1519, 9.606], [77.3409, 9.5951], [77.3962, 9.4965], [77.2668, 9.2909], [77.2518, 9.143], [77.1322, 9.0119], [77.2415, 8.8648], [77.1553, 8.7376], [77.2651, 8.5426], [77.1865, 8.4934], [77.1597, 8.3125], [76.9754, 8.3846], [76.5462, 8.9024], [76.4904, 9.1701], [76.4226, 9.2457], [76.4613, 9.1396], [76.3379, 9.416], [76.2374, 9.9654], [76.3476, 9.7118], [76.3207, 9.8713], [76.3707, 9.8201], [76.3571, 9.5254], [76.4804, 9.5113], [76.416, 9.566], [76.3774, 9.8649], [76.2057, 10.1471], [76.224, 9.9771], [76.0676, 10.5446], [76.0415, 10.5754], [76.0362, 10.5101], [75.9101, 10.7924], [75.8585, 11.1385], [75.6174, 11.4771], [75.5001, 11.7982], [75.4538, 11.7701], [75.2987, 11.9435], [75.3993, 11.9154], [75.3749, 11.9565], [75.2654, 12.0071], [75.3332, 12.0101], [75.3091, 12.1027], [75.4025, 12.1368], [75.2231, 12.1048], [75.2004, 12.0074], [75.1787, 12.0807], [75.2201, 12.0701], [74.8665, 12.7526], [74.996, 12.788]]]]}}, {"type": "Feature", "properties": {"name": "Lakshadweep"}, "geometry": {"type": "MultiPolygon", "coordinates": [[[[73.0101, 8.2804], [73.0101, 8.2804]]], [[[73.081, 8.3276], [73.0188, 8.2715], [73.081, 8.3276]]], [[[72.2901, 10.0496], [72.2901, 10.0496]]], [[[73.6335, 10.0704], [73.6335, 10.0704]]], [[[73.629, 10.0751], [73.629, 10.0751]]], [[[73.6515, 10.1043], [73.6418, 10.0571], [73.6515, 10.1043]]], [[[72.3279, 10.1365], [72.3279, 10.1365]]], [[[73.661, 10.156], [73.661, 10.156]]], [[[72.6421, 10.5774], [72.6154, 10.5407], [72.6421, 10.5774]]], [[[72.1687, 10.8149], [72.1687, 10.8149]]], [[[72.1726, 10.8199], [72.1726, 10.8199]]], [[[73.6785, 10.8215], [73.6785, 10.8215]]], [[[72.1726, 10.8199], [72.2065, 10.8774], [72.1726, 10.8199]]], [[[72.2913, 10.946], [72.2913, 10.946]]], [[[72.3265, 10.9532], [72.3265, 10.9532]]], [[[72.3337, 10.9585], [72.3337, 10.9585]]], [[[72.7315, 11.1362], [72.7315, 11.1362]]], [[[72.1057, 11.2129], [72.1057, 11.2129]]], [[[72.1029, 11.2151], [72.1029, 11.2151]]], [[[72.7901, 11.2599], [72.7613, 11.1801], [72.7901, 11.2599]]], [[[73.001, 11.4882], [73.001, 11.4882]]], [[[72.9999, 11.4979], [72.9999, 11.4979]]], [[[72.1862, 11.6013], [72.1862, 11.6013]]], [[[72.714, 11.7063], [72.714, 11.7063]]]]}}, {"type": "Feature", "properties": {"name": "Madhya Pradesh"}, "geometry": {"type": "Polygon", "coordinates": [[[78.3646, 26.8688], [78.5658, 26.7577], [78.7153, 26.8002], [78.9379, 26.6627], [78.9932, 26.6846], [78.9796, 26.5741], [79.0485, 26.4561], [79.1268, 26.4448], [79.0768, 26.3627], [79.1337, 26.345], [78.9427, 26.1391], [79.0032, 26.0818], [78.8466, 25.8605], [78.8619, 25.7992], [78.8112, 25.8301], [78.7468, 25.7491], [78.8052, 25.6246], [78.4293, 25.5639], [78.4207, 25.4776], [78.2955, 25.3748], [78.4429, 25.1288], [78.3278, 25.0888], [78.3275, 24.9996], [78.1638, 24.8571], [78.2685, 24.6671], [78.2197, 24.5228], [78.3609, 24.3858], [78.326, 24.3296], [78.3824, 24.2739], [78.5054, 24.3939], [78.6691, 24.245], [78.7603, 24.2585], [78.7917, 24.1802], [78.9669, 24.3537], [78.9844, 24.4414], [78.9086, 24.4668], [78.9664, 24.4969], [78.8817, 24.6397], [78.7495, 24.605], [78.7805, 24.815], [78.622, 24.9649], [78.5686, 25.2586], [78.4274, 25.2887], [78.5251, 25.3065], [78.6527, 25.444], [78.7014, 25.4289], [78.6579, 25.388], [78.7644, 25.3584], [78.7431, 25.4127], [78.8129, 25.4304], [78.7318, 25.5007], [78.8343, 25.4325], [78.8855, 25.5608], [78.9417, 25.5514], [78.9032, 25.4469], [78.9785, 25.376], [78.8747, 25.3877], [78.7833, 25.3032], [78.8418, 25.2292], [78.8765, 25.3445], [78.9558, 25.3478], [78.8771, 25.1622], [78.9958, 25.1959], [79.005, 25.277], [79.0564, 25.2257], [79.0218, 25.1432], [79.0843, 25.1925], [79.1243, 25.1119], [79.2458, 25.162], [79.2765, 25.1203], [79.2736, 25.2481], [79.347, 25.2142], [79.3401, 25.2728], [79.2565, 25.2795], [79.3042, 25.3398], [79.353, 25.2654], [79.4904, 25.2703], [79.3839, 25.1703], [79.3991, 25.1135], [79.4684, 25.1345], [79.4899, 25.0828], [79.5655, 25.1776], [79.8492, 25.097], [79.8471, 25.2402], [80.2559, 25.4287], [80.4237, 25.1741], [80.282, 25.0632], [80.3141, 25.0035], [80.4099, 25.0767], [80.4942, 25.0453], [80.4761, 25.1023], [80.6068, 25.0722], [80.5946, 25.1552], [80.6736, 25.0542], [80.7759, 25.0617], [80.6996, 25.1371], [80.8277, 25.1103], [80.878, 25.1956], [80.8022, 24.9445], [81.0764, 24.9523], [81.1324, 24.8921], [81.1614, 24.9585], [81.2126, 24.9345], [81.2691, 25.1677], [81.4837, 25.0749], [81.4729, 25.1371], [81.5664, 25.1957], [81.619, 25.1597], [81.6043, 25.0607], [81.8985, 25.0096], [81.9592, 24.8306], [82.196, 24.8245], [82.1729, 24.7396], [82.2437, 24.7758], [82.2299, 24.6696], [82.2964, 24.67], [82.2939, 24.6137], [82.4092, 24.5978], [82.4202, 24.7053], [82.5293, 24.652], [82.6579, 24.7004], [82.7964, 24.5998], [82.8008, 24.5527], [82.7125, 24.5562], [82.7641, 24.2924], [82.7204, 24.139], [82.6574, 24.1348], [82.7663, 24.0779], [82.742, 24.0214], [82.8078, 23.9631], [82.6565, 23.9079], [82.6295, 23.839], [82.4967, 23.785], [81.9164, 23.873], [81.8117, 23.8095], [81.6616, 23.9256], [81.5969, 23.889], [81.6873, 23.7213], [81.5697, 23.5886], [81.607, 23.5069], [81.736, 23.5674], [81.9164, 23.5321], [81.9761, 23.4131], [82.1859, 23.3254], [82.1511, 23.1417], [81.9381, 23.0778], [81.9402, 22.9571], [81.7694, 22.8735], [81.7627, 22.6636], [81.6565, 22.632], [81.6158, 22.539], [81.5191, 22.54], [81.3966, 22.4413], [81.3229, 22.5243], [81.11, 22.4411], [81.1138, 22.2944], [80.9718, 22.1215], [81.0043, 22.07], [80.9061, 22.1144], [80.8184, 21.9568], [80.8112, 21.7475], [80.7185, 21.7119], [80.7302, 21.4721], [80.6629, 21.3373], [80.4034, 21.3765], [80.3706, 21.521], [80.2602, 21.6201], [79.9158, 21.5245], [79.7326, 21.6025], [79.5366, 21.5442], [79.4886, 21.6741], [79.2287, 21.7239], [79.2199, 21.6508], [78.9132, 21.5924], [78.9318, 21.4874], [78.4301, 21.5018], [78.3795, 21.6187], [77.9388, 21.3869], [77.5844, 21.3645], [77.487, 21.3778], [77.417, 21.5331], [77.6071, 21.5428], [77.5422, 21.701], [77.4755, 21.7714], [77.2862, 21.7628], [77.2074, 21.694], [77.0723, 21.7229], [76.9011, 21.6008], [76.7953, 21.5975], [76.7842, 21.4665], [76.6245, 21.3351], [76.6234, 21.1927], [76.4874, 21.1961], [76.3764, 21.0773], [76.1726, 21.0846], [76.0987, 21.3739], [75.2199, 21.4109], [74.9019, 21.6302], [74.5589, 21.6821], [74.5112, 21.7267], [74.5275, 21.9088], [74.446, 22.0265], [74.2897, 21.9358], [74.146, 21.9541], [74.0977, 22.0155], [74.1807, 22.0866], [74.0758, 22.2219], [74.072, 22.3602], [74.1911, 22.3219], [74.2942, 22.3945], [74.1908, 22.4779], [74.123, 22.4208], [74.0446, 22.5421], [74.1533, 22.5174], [74.2654, 22.6448], [74.3811, 22.6386], [74.4789, 22.8586], [74.4515, 22.924], [74.362, 22.9331], [74.3228, 23.0627], [74.7457, 23.2121], [74.5183, 23.3287], [74.6134, 23.4614], [74.9397, 23.6304], [74.9057, 23.8739], [74.993, 24.0297], [74.8943, 24.2617], [74.7528, 24.2827], [74.8581, 24.4673], [74.7119, 24.5109], [74.8171, 24.6717], [74.7993, 24.7956], [74.8929, 24.6553], [75.0214, 24.7729], [74.8489, 24.7927], [74.8327, 24.9675], [75.0434, 24.8592], [75.1189, 24.889], [75.1591, 25.0455], [75.3456, 25.0428], [75.3139, 24.9004], [75.2759, 24.9767], [75.2615, 24.8897], [75.4171, 24.8639], [75.3057, 24.8133], [75.2082, 24.91], [75.2519, 24.8372], [75.1855, 24.7681], [75.2169, 24.7224], [75.8388, 24.7299], [75.909, 24.4561], [75.8473, 24.419], [75.7911, 24.4752], [75.7269, 24.4053], [75.8269, 24.2464], [75.7435, 24.1396], [75.8338, 24.0754], [75.7004, 23.9691], [75.6692, 24.0335], [75.5838, 23.9919], [75.5144, 24.0487], [75.4565, 23.9207], [75.5825, 23.8004], [75.6845, 23.7606], [75.7023, 23.9041], [75.7771, 23.8539], [75.9758, 23.9329], [75.9602, 24.0254], [76.1347, 24.0953], [76.1855, 24.3315], [76.2156, 24.2168], [76.4699, 24.2314], [76.5314, 24.1635], [76.693, 24.285], [76.7011, 24.1714], [76.8999, 24.1311], [76.9444, 24.2063], [76.8402, 24.3387], [76.8146, 24.5344], [76.9129, 24.5436], [76.9653, 24.4609], [77.0647, 24.5699], [77.0267, 24.7109], [76.8473, 24.7504], [76.8016, 24.8198], [76.9489, 24.8729], [76.8543, 25.0103], [77.1696, 25.1137], [77.3985, 25.1133], [77.3613, 25.413], [77.283, 25.4236], [77.2051, 25.3114], [76.7701, 25.3122], [76.5643, 25.4424], [76.4824, 25.7181], [76.5927, 25.8742], [76.7455, 25.9092], [76.8878, 26.0933], [77.124, 26.238], [77.813, 26.5548], [77.8946, 26.6622], [78.0857, 26.6831], [78.1055, 26.8008], [78.3646, 26.8688]]]}}, {"type": "Feature", "properties": {"name": "Maharashtra"}, "geometry": {"type": "MultiPolygon", "coordinates": [[[[73.456, 15.8899], [73.456, 15.8899]]], [[[73.4626, 15.8904], [73.4626, 15.8904]]], [[[73.4662, 15.896], [73.4662, 15.896]]], [[[73.4601, 16.0457], [73.4601, 16.0457]]], [[[73.4432, 16.1026], [73.4432, 16.1026]]], [[[73.0843, 17.8188], [73.0843, 17.8188]]], [[[73.0382, 18.0521], [73.0382, 18.0521]]], [[[72.966, 18.3013], [72.966, 18.3013]]], [[[73.079, 18.3104], [73.079, 18.3104]]], [[[73.0821, 18.3221], [73.0821, 18.3221]]], [[[72.8649, 18.6357], [72.8649, 18.6357]]], [[[72.8126, 18.7065], [72.8126, 18.7065]]], [[[72.8426, 18.7085], [72.8426, 18.7085]]], [[[72.9015, 18.9643], [72.9015, 18.9643]]], [[[72.939, 18.9724], [72.939, 18.9724]]], [[[73.026, 18.9999], [73.026, 18.9999]]], [[[72.7818, 19.1354], [72.7818, 19.1354]]], [[[72.7312, 19.4685], [72.7312, 19.4685]]], [[[74.4355, 22.031], [74.5275, 21.9088], [74.5118, 21.725], [74.5906, 21.6642], [74.9019, 21.6302], [75.3019, 21.3892], [76.0987, 21.3739], [76.1727, 21.1883], [76.1143, 21.1705], [76.1357, 21.1262], [76.2818, 21.0753], [76.4527, 21.1149], [76.4912, 21.1978], [76.6234, 21.1927], [76.6245, 21.3351], [76.7842, 21.4665], [76.7953, 21.5975], [76.9011, 21.6008], [77.0723, 21.7229], [77.2074, 21.694], [77.2862, 21.7628], [77.4755, 21.7714], [77.5422, 21.701], [77.6071, 21.5428], [77.417, 21.5331], [77.487, 21.3778], [77.5844, 21.3645], [77.9388, 21.3869], [78.3795, 21.6187], [78.4301, 21.5018], [78.9318, 21.4874], [78.9132, 21.5924], [79.2199, 21.6508], [79.2287, 21.7239], [79.4886, 21.6741], [79.5366, 21.5442], [79.7326, 21.6025], [79.9158, 21.5245], [80.2602, 21.6201], [80.3706, 21.521], [80.4034, 21.3765], [80.5114, 21.3919], [80.6738, 21.3091], [80.4573, 21.1728], [80.4333, 21.0972], [80.4556, 20.9321], [80.5418, 20.9339], [80.5801, 20.6836], [80.4816, 20.6171], [80.6223, 20.6039], [80.6178, 20.3337], [80.383, 20.2417], [80.3938, 20.144], [80.498, 20.1389], [80.5462, 20.0657], [80.5204, 19.9309], [80.4063, 19.9325], [80.4975, 19.8687], [80.3947, 19.7946], [80.5424, 19.8193], [80.6658, 19.6922], [80.6569, 19.6123], [80.8276, 19.5627], [80.8921, 19.4657], [80.7879, 19.4267], [80.845, 19.3609], [80.7492, 19.2867], [80.6102, 19.3071], [80.5678, 19.4009], [80.4756, 19.335], [80.2677, 18.9873], [80.3462, 18.8111], [80.2422, 18.7597], [80.2467, 18.7013], [80.1108, 18.6762], [79.894, 18.8308], [79.9345, 19.0217], [79.8596, 19.0346], [79.858, 19.1041], [79.9432, 19.1706], [79.9731, 19.401], [79.7854, 19.5936], [79.4704, 19.4975], [79.2439, 19.6126], [79.1778, 19.4607], [78.9546, 19.5518], [78.969, 19.6492], [78.8588, 19.6563], [78.8456, 19.7584], [78.4939, 19.7931], [78.3102, 19.9127], [78.2941, 19.8496], [78.3677, 19.7811], [78.2697, 19.6631], [78.3089, 19.4564], [78.1822, 19.4118], [78.1701, 19.2363], [78.0511, 19.2418], [77.9489, 19.3413], [77.8609, 19.3021], [77.9057, 19.2672], [77.8481, 19.0901], [77.7574, 19.0286], [77.9426, 18.8223], [77.8375, 18.8075], [77.7329, 18.676], [77.7365, 18.5548], [77.5973, 18.5475], [77.6011, 18.4742], [77.5462, 18.4634], [77.5852, 18.4454], [77.5259, 18.4274], [77.5702, 18.3082], [77.4654, 18.26], [77.3625, 18.3083], [77.4101, 18.3885], [77.3174, 18.4538], [77.1089, 18.1527], [76.9541, 18.1849], [76.9164, 17.9151], [76.7407, 17.898], [76.7882, 17.8265], [76.6906, 17.68], [76.6144, 17.7683], [76.5732, 17.7022], [76.5237, 17.7589], [76.4893, 17.6607], [76.3317, 17.5949], [76.3817, 17.3118], [76.2444, 17.3747], [76.1758, 17.2972], [76.1212, 17.3663], [75.9312, 17.3241], [75.8872, 17.4173], [75.8023, 17.3701], [75.6356, 17.4775], [75.5785, 17.3829], [75.6599, 17.2614], [75.6746, 16.9603], [75.5758, 17.0078], [75.4925, 16.9429], [75.4679, 16.9853], [75.2884, 16.9548], [75.2159, 16.8403], [75.0904, 16.9487], [74.9384, 16.941], [74.9238, 16.77], [74.6982, 16.7152], [74.6904, 16.6045], [74.5741, 16.552], [74.4774, 16.6608], [74.3899, 16.5279], [74.2716, 16.5387], [74.3691, 16.3943], [74.3338, 16.2681], [74.4212, 16.2806], [74.5133, 16.2012], [74.4891, 16.0873], [74.3682, 16.053], [74.4703, 16.0405], [74.4116, 15.8526], [74.3445, 15.8521], [74.3893, 15.8441], [74.3649, 15.7737], [74.2501, 15.7412], [74.2273, 15.7857], [74.0279, 15.6046], [73.8735, 15.7953], [73.7976, 15.7251], [73.6771, 15.7254], [73.4549, 16.0551], [73.4357, 16.2865], [73.3679, 16.3635], [73.4054, 16.4049], [73.3162, 16.5135], [73.394, 16.5526], [73.3168, 16.601], [73.3332, 16.8165], [73.2543, 17.0274], [73.3199, 17.0382], [73.1893, 17.2979], [73.244, 17.3074], [73.1671, 17.4051], [73.2057, 17.439], [73.0874, 17.8388], [73.1326, 17.8301], [72.931, 18.2204], [72.9646, 18.2801], [73.0882, 18.1515], [73.0429, 18.2971], [73.0879, 18.3268], [73.0279, 18.2643], [72.914, 18.3549], [72.9285, 18.5418], [72.8551, 18.6968], [72.8693, 18.8046], [72.9826, 18.8096], [72.9887, 18.866], [72.9079, 18.9021], [73.0323, 18.9993], [72.9632, 19.0585], [72.8076, 18.891], [72.8299, 19.1824], [72.7801, 19.1663], [72.8396, 19.2674], [72.7824, 19.1932], [72.7446, 19.4629], [72.7862, 19.526], [72.7182, 19.5387], [72.7193, 19.7551], [72.6507, 19.8543], [72.6901, 19.9582], [72.7549, 19.9274], [72.7376, 20.1365], [72.8353, 20.1446], [72.8745, 20.2258], [72.9704, 20.2123], [73.0453, 20.0718], [73.1814, 20.0516], [73.3111, 20.2072], [73.4268, 20.2016], [73.3913, 20.3902], [73.5007, 20.5402], [73.4016, 20.6492], [73.4587, 20.7143], [73.6707, 20.5623], [73.8383, 20.6158], [73.8226, 20.6938], [73.9495, 20.7423], [73.9064, 20.9832], [73.7749, 21.0105], [73.7526, 21.1141], [73.5883, 21.1679], [73.8225, 21.1719], [73.8321, 21.2675], [73.9485, 21.2976], [73.9528, 21.4024], [74.0485, 21.4194], [74.0672, 21.4819], [74.3059, 21.4794], [74.3355, 21.5402], [74.0692, 21.5595], [73.8608, 21.4958], [73.7876, 21.625], [73.8964, 21.7003], [73.8105, 21.8233], [74.1382, 21.9534], [74.2906, 21.9361], [74.4355, 22.031]]]]}}, {"type": "Feature", "properties": {"name": "Manipur"}, "geometry": {"type": "Polygon", "coordinates": [[[94.5772, 25.6483], [94.5574, 25.5128], [94.6824, 25.4597], [94.5854, 25.2157], [94.7457, 25.1366], [94.7422, 25.0252], [94.6108, 24.7221], [94.551, 24.7165], [94.3263, 24.3389], [94.1615, 23.8528], [93.9538, 23.9502], [93.816, 23.9298], [93.7569, 24.0095], [93.5087, 23.9489], [93.3514, 24.1124], [93.2553, 24.0238], [93.248, 24.0853], [93.1009, 24.0451], [93.0795, 24.103], [92.9764, 24.1148], [93.1098, 24.8097], [93.1974, 24.8113], [93.4036, 25.2631], [93.474, 25.3093], [93.608, 25.2021], [93.809, 25.4656], [93.7706, 25.5403], [93.8365, 25.5631], [94.0147, 25.5961], [94.309, 25.4938], [94.573, 25.6977], [94.5772, 25.6483]]]}}, {"type": "Feature", "properties": {"name": "Meghalaya"}, "geometry": {"type": "Polygon", "coordinates": [[[91.8538, 26.1048], [91.9221, 25.9995], [92.3016, 26.0765], [92.1563, 25.9448], [92.2255, 25.907], [92.1531, 25.8127], [92.1607, 25.6719], [92.3851, 25.7536], [92.5725, 25.5604], [92.6535, 25.5922], [92.5674, 25.4675], [92.7844, 25.3325], [92.8036, 25.2172], [92.6216, 25.1177], [92.5247, 25.14], [92.5429, 25.0996], [92.4259, 25.0318], [92.0718, 25.1896], [91.6445, 25.1227], [91.6174, 25.1759], [91.4741, 25.1339], [91.2738, 25.2043], [90.4524, 25.1445], [89.8343, 25.2957], [89.8701, 25.5442], [90.0184, 25.6084], [89.8954, 25.7441], [90.1187, 25.9613], [90.4773, 26.0153], [90.5125, 25.8962], [90.5825, 25.9598], [90.6248, 25.8989], [90.686, 25.9508], [90.7781, 25.9083], [90.9427, 25.9476], [91.0292, 25.888], [91.0008, 25.8223], [91.1965, 25.859], [91.2239, 25.7234], [91.3336, 25.8388], [91.5254, 25.8729], [91.4748, 25.8712], [91.5758, 26.0331], [91.6693, 25.9054], [91.7313, 26.0592], [91.8538, 26.1048]]]}}, {"type": "Feature", "properties": {"name": "Mizoram"}, "geometry": {"type": "Polygon", "coordinates": [[[92.8008, 24.4191], [93.0244, 24.3905], [92.9764, 24.1148], [93.0795, 24.103], [93.1009, 24.0451], [93.1479, 24.0881], [93.248, 24.0853], [93.2553, 24.0238], [93.3374, 24.0534], [93.4447, 23.6824], [93.3658, 23.3545], [93.3936, 23.1386], [93.2977, 23.0058], [93.1329, 23.0475], [93.1684, 22.9191], [93.0918, 22.7093], [93.2086, 22.2611], [93.1471, 22.2465], [93.1544, 22.1782], [93.0467, 22.1976], [93.0092, 21.9839], [92.9558, 22.0299], [92.9109, 21.9462], [92.8677, 22.0654], [92.7179, 22.1526], [92.6844, 22.0179], [92.6097, 21.9768], [92.527, 22.6762], [92.4475, 22.8936], [92.3754, 22.9349], [92.3611, 23.2375], [92.4086, 23.2461], [92.2594, 23.815], [92.3311, 23.9118], [92.2966, 24.2517], [92.4224, 24.2531], [92.466, 24.1348], [92.6907, 24.3548], [92.7652, 24.5208], [92.8008, 24.4191]]]}}, {"type": "Feature", "properties": {"name": "Nagaland"}, "geometry": {"type": "Polygon", "coordinates": [[[95.2144, 26.937], [95.2376, 26.6863], [95.0663, 26.4568], [95.1357, 26.3878], [95.1206, 26.1097], [95.1857, 26.0804], [95.0219, 25.91], [95.0525, 25.7627], [94.905, 25.5671], [94.633, 25.4657], [94.5574, 25.5128], [94.573, 25.6977], [94.3135, 25.4945], [94.0147, 25.5961], [93.8365, 25.5631], [93.7706, 25.5403], [93.809, 25.4656], [93.6126, 25.2062], [93.5051, 25.2441], [93.4619, 25.4347], [93.3317, 25.5468], [93.773, 25.966], [93.7958, 25.8144], [93.9794, 25.9197], [94.0048, 26.1733], [94.1755, 26.3442], [94.2767, 26.5588], [94.3165, 26.4629], [94.4645, 26.6675], [94.7564, 26.7723], [94.9238, 26.9503], [95.0213, 26.9254], [95.1955, 27.0429], [95.2144, 26.937]]]}}, {"type": "Feature", "properties": {"name": "Orissa"}, "geometry": {"type": "MultiPolygon", "coordinates": [[[[84.7699, 19.106], [84.7699, 19.106]]], [[[84.7565, 19.111], [84.7565, 19.111]]], [[[84.7832, 19.111], [84.7302, 19.0893], [84.7832, 19.111]]], [[[86.2406, 19.9094], [86.2406, 19.9094]]], [[[86.3725, 19.9544], [86.3725, 19.9544]]], [[[86.3869, 19.9628], [86.3869, 19.9628]]], [[[86.3925, 19.9661], [86.3925, 19.9661]]], [[[86.3686, 19.9739], [86.3686, 19.9739]]], [[[86.3211, 19.9881], [86.3211, 19.9881]]], [[[86.3214, 19.9989], [86.3214, 19.9989]]], [[[86.3356, 19.9908], [86.3356, 19.9908]]], [[[86.3104, 20.0162], [86.3104, 20.0162]]], [[[86.2531, 20.0253], [86.2531, 20.0253]]], [[[86.4109, 20.0183], [86.4109, 20.0183]]], [[[86.2725, 20.0244], [86.2725, 20.0244]]], [[[86.3203, 20.0294], [86.3203, 20.0294]]], [[[86.315, 20.0317], [86.315, 20.0317]]], [[[86.2658, 20.0336], [86.2658, 20.0336]]], [[[86.31, 20.0408], [86.31, 20.0408]]], [[[86.3006, 20.0425], [86.3006, 20.0425]]], [[[86.4264, 20.0386], [86.4264, 20.0386]]], [[[86.295, 20.0497], [86.295, 20.0497]]], [[[86.2703, 20.0581], [86.3081, 20.0344], [86.2703, 20.0581]]], [[[86.2634, 20.0581], [86.2634, 20.0581]]], [[[86.4372, 20.0594], [86.4372, 20.0594]]], [[[86.4911, 20.1497], [86.4911, 20.1497]]], [[[86.5017, 20.1758], [86.5017, 20.1758]]], [[[86.553, 20.2053], [86.553, 20.2053]]], [[[86.7917, 20.3736], [86.7917, 20.3736]]], [[[86.7939, 20.3799], [86.7939, 20.3799]]], [[[86.7931, 20.3842], [86.7931, 20.3842]]], [[[86.8028, 20.4208], [86.8039, 20.3714], [86.8028, 20.4208]]], [[[86.7897, 20.3876], [86.7914, 20.4292], [86.7897, 20.3876]]], [[[86.8027, 20.4595], [86.8027, 20.4595]]], [[[86.8053, 20.4919], [86.8053, 20.4919]]], [[[86.8742, 20.6736], [86.8742, 20.6736]]], [[[86.7981, 20.6919], [86.7981, 20.6919]]], [[[87.003, 20.7108], [87.003, 20.7108]]], [[[87.0085, 20.7081], [87.0085, 20.7081]]], [[[87.0575, 20.7444], [87.0575, 20.7444]]], [[[87.0706, 20.7362], [87.0706, 20.7362]]], [[[87.0908, 20.7575], [87.0908, 20.7575]]], [[[86.8707, 20.7718], [86.9919, 20.7711], [87.0014, 20.7158], [86.8592, 20.6647], [86.8783, 20.7331], [86.8535, 20.6567], [86.7738, 20.6464], [86.8707, 20.7718]]], [[[86.8753, 20.7758], [86.8753, 20.7758]]], [[[86.865, 20.7811], [86.865, 20.7811]]], [[[86.9842, 20.7822], [86.9842, 20.7822]]], [[[86.9481, 20.7846], [86.9481, 20.7846]]], [[[86.8819, 20.7886], [86.9515, 20.7747], [86.8819, 20.7886]]], [[[87.0165, 20.8028], [87.0165, 20.8028]]], [[[87.1239, 21.5197], [87.1239, 21.5197]]], [[[86.0783, 22.5304], [86.4334, 22.3015], [86.4999, 22.341], [86.721, 22.2168], [86.7154, 22.1435], [86.9671, 22.0778], [87.026, 22.0287], [87.0302, 21.8653], [87.0946, 21.8603], [87.1674, 21.9734], [87.2348, 21.9544], [87.2716, 21.8034], [87.4661, 21.7252], [87.4811, 21.6078], [87.1069, 21.5177], [86.8225, 21.1939], [86.9703, 20.8233], [86.8278, 20.7717], [86.7557, 20.6133], [86.8022, 20.6752], [87.0452, 20.7095], [86.7339, 20.4792], [86.7692, 20.3311], [86.46, 20.1622], [86.4714, 20.0975], [86.5589, 20.2006], [86.3875, 19.9764], [86.2479, 20.0532], [86.3627, 19.9528], [85.4192, 19.6231], [84.9057, 19.2696], [84.7779, 19.1101], [84.665, 19.1567], [84.5918, 19.1238], [84.6646, 19.0663], [84.5901, 19.0134], [84.5661, 19.065], [84.4717, 18.9812], [84.4151, 19.0139], [84.4294, 18.9137], [84.3125, 18.7792], [84.0818, 18.7446], [83.8869, 18.8054], [83.7883, 19.0078], [83.7458, 18.9182], [83.6233, 19.1536], [83.5314, 19.0054], [83.4594, 19.0697], [83.4555, 18.9456], [83.3053, 18.9897], [83.3963, 18.8307], [83.2051, 18.7159], [83.133, 18.7724], [83.0097, 18.6365], [83.0893, 18.5379], [83.0154, 18.4444], [83.0534, 18.3753], [82.9027, 18.3559], [82.7992, 18.4394], [82.7671, 18.3311], [82.6269, 18.2287], [82.474, 18.5368], [82.3613, 18.4099], [82.3344, 18.3171], [82.393, 18.3064], [82.3061, 18.1957], [82.3643, 18.1349], [82.2673, 17.9864], [82.0247, 18.0579], [81.6112, 17.8154], [81.385, 17.8066], [81.528, 18.2591], [81.7449, 18.3454], [81.9469, 18.5592], [81.8854, 18.6503], [82.0786, 18.7121], [82.1727, 18.8953], [82.2396, 18.9105], [82.1598, 19.1265], [82.1831, 19.4176], [82.0224, 19.5018], [82.0598, 19.7831], [81.8496, 19.9081], [81.8665, 20.036], [81.9414, 20.1023], [82.0244, 20.01], [82.0579, 20.0499], [82.2306, 19.9981], [82.3394, 19.83], [82.4424, 19.903], [82.5935, 19.8645], [82.5851, 19.771], [82.7027, 19.831], [82.7075, 19.9902], [82.3909, 20.0596], [82.4292, 20.4258], [82.324, 20.5539], [82.3466, 20.8838], [82.4591, 20.8238], [82.6223, 21.0366], [82.6359, 21.1495], [82.9561, 21.1755], [83.1198, 21.1011], [83.2677, 21.2686], [83.27, 21.375], [83.4027, 21.3484], [83.3346, 21.4956], [83.3807, 21.6128], [83.4845, 21.6256], [83.4197, 21.675], [83.4672, 21.7827], [83.5845, 21.8436], [83.5324, 22.034], [83.6003, 22.0655], [83.5573, 22.1], [83.6263, 22.2059], [84.0042, 22.3677], [84.0416, 22.4641], [83.9943, 22.5288], [84.2892, 22.3373], [85.0625, 22.4784], [85.1145, 22.2905], [84.9874, 22.0767], [85.0954, 22.0995], [85.2309, 22.0003], [85.3632, 22.1546], [85.6815, 22.0488], [85.802, 22.1108], [85.7607, 21.9897], [85.9054, 21.9666], [86.0267, 22.1852], [85.9698, 22.2434], [86.0433, 22.3062], [85.9581, 22.4762], [86.0385, 22.5636], [86.0783, 22.5304]]]]}}, {"type": "Feature", "properties": {"name": "Puducherry"}, "geometry": {"type": "MultiPolygon", "coordinates": [[[[79.8449, 10.8265], [79.8449, 10.8265]]], [[[79.7482, 10.9815], [79.8546, 10.976], [79.8512, 10.8138], [79.7042, 10.9189], [79.7482, 10.9815]]], [[[79.6905, 12.0011], [79.7496, 11.9861], [79.7369, 11.9072], [79.8376, 11.9405], [79.8004, 11.8084], [79.6591, 11.8657], [79.7249, 11.8915], [79.6423, 11.9758], [79.6905, 12.0011]]], [[[75.3746, 12.1491], [75.2646, 12.0193], [75.296, 11.9479], [75.2211, 12.101], [75.3746, 12.1491]]], [[[82.2657, 16.7029], [82.2657, 16.7029]]], [[[82.211, 16.7279], [82.3028, 16.7228], [82.211, 16.7279]]]]}}, {"type": "Feature", "properties": {"name": "Punjab"}, "geometry": {"type": "Polygon", "coordinates": [[[75.8688, 32.4887], [75.9322, 32.4168], [75.6225, 32.2347], [75.6618, 32.1647], [75.5788, 32.0817], [75.8945, 31.9498], [76.1728, 31.3067], [76.2961, 31.3192], [76.3631, 31.4414], [76.4311, 31.2828], [76.6259, 31.2271], [76.6101, 31.0042], [76.8468, 30.7925], [76.6907, 30.7467], [76.8622, 30.6793], [76.9273, 30.3886], [76.8802, 30.3597], [76.7579, 30.4389], [76.7152, 30.3329], [76.5476, 30.2649], [76.6389, 30.2059], [76.6011, 30.0802], [76.4521, 30.1007], [76.4102, 30.2023], [76.3229, 30.1082], [76.2039, 30.1589], [76.255, 30.1046], [76.1663, 29.9287], [76.242, 29.869], [76.0415, 29.7488], [75.8793, 29.7471], [75.7716, 29.8254], [75.5688, 29.7426], [75.4443, 29.8078], [75.2961, 29.5681], [75.2235, 29.5462], [75.1578, 29.6627], [75.231, 29.7521], [75.1823, 29.8387], [75.1541, 29.781], [75.0902, 29.8067], [75.0848, 29.9151], [74.9899, 29.8565], [74.8012, 29.9926], [74.6396, 29.9039], [73.8912, 29.9701], [73.9681, 30.1843], [73.8732, 30.3834], [74.2818, 30.7302], [74.3161, 30.8476], [74.5381, 30.9935], [74.5584, 31.0675], [74.6944, 31.0954], [74.6215, 31.137], [74.5519, 31.0856], [74.5046, 31.1385], [74.5111, 31.2723], [74.6421, 31.46], [74.5662, 31.5008], [74.6009, 31.5678], [74.5173, 31.7229], [74.5991, 31.8851], [74.8091, 31.9551], [74.9143, 32.0652], [75.0049, 32.0288], [75.2392, 32.0872], [75.3632, 32.2347], [75.3253, 32.3428], [75.4722, 32.34], [75.4989, 32.2753], [75.8725, 32.5762], [75.8688, 32.4887]]]}}, {"type": "Feature", "properties": {"name": "Rajasthan"}, "geometry": {"type": "Polygon", "coordinates": [[[73.8894, 29.9776], [74.5191, 29.9433], [74.5536, 29.8656], [74.4653, 29.7875], [74.472, 29.744], [74.6054, 29.7529], [74.5665, 29.5635], [74.6144, 29.5271], [74.5291, 29.4495], [74.5958, 29.3283], [74.8411, 29.4041], [75.0781, 29.2325], [75.3957, 29.2619], [75.3612, 29.1426], [75.4347, 29.0165], [75.5111, 29.0108], [75.4671, 28.9263], [75.5557, 28.6146], [75.7782, 28.4576], [75.7703, 28.4076], [75.9224, 28.3689], [76.0929, 28.1552], [76.0277, 28.1727], [75.9361, 28.0935], [76.0356, 28.074], [75.9236, 27.9331], [75.9631, 27.8647], [76.2233, 27.8409], [76.1549, 27.999], [76.2138, 28.0317], [76.1773, 28.0593], [76.3368, 28.0297], [76.2974, 28.101], [76.3556, 28.1285], [76.2889, 28.1827], [76.471, 28.1547], [76.4977, 28.0647], [76.4537, 28.0497], [76.5385, 28.0391], [76.5382, 27.9705], [76.6601, 28.0191], [76.6479, 28.0922], [76.8058, 28.2159], [76.8998, 28.2048], [76.9618, 28.144], [76.9026, 27.6585], [77.0792, 27.7384], [77.0383, 27.82], [77.2954, 27.7998], [77.3351, 27.53], [77.4319, 27.3992], [77.6141, 27.3434], [77.673, 27.2004], [77.4984, 27.0952], [77.6274, 27.0155], [77.755, 27.0228], [77.4225, 26.867], [77.4483, 26.7467], [77.498, 26.8479], [77.6045, 26.8328], [77.7534, 26.9377], [78.0067, 26.9107], [78.022, 26.8609], [78.1149, 26.9549], [78.2622, 26.9235], [78.1911, 26.8886], [78.1798, 26.7936], [78.0998, 26.797], [78.0857, 26.6831], [77.8946, 26.6622], [77.813, 26.5548], [77.124, 26.238], [76.8878, 26.0933], [76.7455, 25.9092], [76.5927, 25.8742], [76.4824, 25.7181], [76.5643, 25.4424], [76.7701, 25.3122], [77.2051, 25.3114], [77.283, 25.4236], [77.3613, 25.413], [77.3985, 25.1133], [77.1696, 25.1137], [76.8543, 25.0103], [76.9489, 24.8729], [76.8016, 24.8198], [76.8473, 24.7504], [77.0267, 24.7109], [77.0647, 24.5699], [76.9653, 24.4609], [76.9129, 24.5436], [76.8146, 24.5344], [76.8402, 24.3387], [76.9444, 24.2063], [76.8999, 24.1311], [76.7011, 24.1714], [76.693, 24.285], [76.5314, 24.1635], [76.4699, 24.2314], [76.2156, 24.2168], [76.1855, 24.3315], [76.1347, 24.0953], [75.9602, 24.0254], [75.9758, 23.9329], [75.7771, 23.8539], [75.7023, 23.9041], [75.6845, 23.7606], [75.5825, 23.8004], [75.4565, 23.9207], [75.5144, 24.0487], [75.5838, 23.9919], [75.6692, 24.0335], [75.7004, 23.9691], [75.8338, 24.0754], [75.7435, 24.1396], [75.8269, 24.2464], [75.7269, 24.4053], [75.7911, 24.4752], [75.8473, 24.419], [75.909, 24.4561], [75.8388, 24.7299], [75.2169, 24.7224], [75.1855, 24.7681], [75.2519, 24.8372], [75.2082, 24.91], [75.3057, 24.8133], [75.4171, 24.8639], [75.2615, 24.8897], [75.2759, 24.9767], [75.3139, 24.9004], [75.3456, 25.0428], [75.1591, 25.0455], [75.1189, 24.889], [75.0434, 24.8592], [74.8464, 24.9743], [74.8489, 24.7927], [75.0202, 24.7528], [74.8929, 24.6553], [74.7993, 24.7956], [74.8171, 24.6717], [74.7119, 24.5109], [74.8581, 24.4673], [74.7528, 24.2827], [74.8943, 24.2617], [74.993, 24.0297], [74.9057, 23.8739], [74.9397, 23.6304], [74.6134, 23.4614], [74.5183, 23.3287], [74.7457, 23.2121], [74.3228, 23.0627], [74.246, 23.1883], [74.127, 23.1789], [74.1338, 23.2695], [73.971, 23.3771], [73.8943, 23.3371], [73.8321, 23.4468], [73.6328, 23.4524], [73.6607, 23.6229], [73.5135, 23.6168], [73.5085, 23.7033], [73.3626, 23.7874], [73.4247, 23.9311], [73.3735, 24.1281], [73.2458, 24.0107], [73.2238, 24.0982], [73.0827, 24.185], [73.2315, 24.3647], [73.085, 24.3945], [73.0944, 24.4947], [73.0003, 24.4706], [72.9915, 24.364], [72.9239, 24.3263], [72.7325, 24.3613], [72.6973, 24.4572], [72.5446, 24.5069], [72.4647, 24.4071], [72.4425, 24.5042], [72.251, 24.5802], [72.3538, 24.6181], [72.1654, 24.6145], [72.0525, 24.7058], [71.9442, 24.6268], [71.8765, 24.6752], [71.8584, 24.6042], [71.799, 24.6705], [71.4883, 24.6739], [71.2977, 24.6076], [71.1193, 24.6686], [70.9455, 24.9345], [70.8943, 25.1441], [70.6742, 25.3893], [70.666, 25.6972], [70.2796, 25.7013], [70.0961, 25.9443], [70.0826, 26.0739], [70.1727, 26.2451], [70.1677, 26.5507], [69.8154, 26.5922], [69.4837, 26.8062], [69.5867, 27.178], [70.0163, 27.556], [70.157, 27.834], [70.3662, 28.0082], [70.5626, 28.0198], [70.7577, 27.7172], [70.8842, 27.6984], [71.273, 27.8419], [71.6583, 27.8689], [71.8974, 27.9574], [71.9333, 28.1269], [72.1844, 28.358], [72.3847, 28.7639], [72.9417, 29.0272], [73.2713, 29.557], [73.3914, 29.9379], [73.7872, 30.0664], [73.9663, 30.195], [73.8894, 29.9776]]]}}, {"type": "Feature", "properties": {"name": "Sikkim"}, "geometry": {"type": "Polygon", "coordinates": [[[88.6453, 28.0991], [88.8291, 28.0152], [88.8814, 27.8925], [88.8466, 27.6689], [88.7671, 27.565], [88.9073, 27.2835], [88.8011, 27.2476], [88.7325, 27.1374], [88.559, 27.1888], [88.4319, 27.0816], [88.0927, 27.1363], [88.017, 27.2189], [88.0826, 27.4264], [88.0463, 27.4958], [88.2039, 27.8373], [88.1239, 27.9509], [88.3898, 27.9781], [88.6075, 28.1276], [88.6453, 28.0991]]]}}, {"type": "Feature", "properties": {"name": "Tamil Nadu"}, "geometry": {"type": "MultiPolygon", "coordinates": [[[[77.556, 8.079], [77.556, 8.079]]], [[[78.1154, 8.6168], [78.1154, 8.6168]]], [[[78.1212, 8.6174], [78.1212, 8.6174]]], [[[78.1201, 8.6379], [78.1201, 8.6379]]], [[[78.1276, 8.6479], [78.1276, 8.6479]]], [[[78.1171, 8.6565], [78.1171, 8.6565]]], [[[78.2085, 8.841], [78.2085, 8.841]]], [[[78.2249, 8.8737], [78.2249, 8.8737]]], [[[78.2529, 8.9579], [78.2529, 8.9579]]], [[[78.4918, 9.0932], [78.4918, 9.0932]]], [[[78.5393, 9.106], [78.5393, 9.106]]], [[[78.5804, 9.1124], [78.5804, 9.1124]]], [[[78.4879, 9.1349], [78.4879, 9.1349]]], [[[78.6963, 9.1551], [78.6963, 9.1551]]], [[[78.7307, 9.1563], [78.7307, 9.1563]]], [[[78.8282, 9.1713], [78.8282, 9.1713]]], [[[78.9407, 9.1846], [78.8985, 9.1793], [78.9407, 9.1846]]], [[[78.9677, 9.1893], [78.9677, 9.1893]]], [[[79.0701, 9.2082], [79.0701, 9.2082]]], [[[79.1421, 9.2149], [79.1421, 9.2149]]], [[[79.1257, 9.2179], [79.1257, 9.2179]]], [[[79.2324, 9.2446], [79.2324, 9.2446]]], [[[79.184, 9.249], [79.184, 9.249]]], [[[79.219, 9.251], [79.219, 9.251]]], [[[79.3124, 9.3285], [79.4399, 9.1582], [79.2146, 9.254], [79.3124, 9.3285]]], [[[79.5293, 9.384], [79.5293, 9.384]]], [[[79.5301, 9.386], [79.5301, 9.386]]], [[[79.5301, 9.386], [79.5301, 9.386]]], [[[79.5299, 9.3888], [79.5299, 9.3888]]], [[[79.5299, 9.3888], [79.5299, 9.3888]]], [[[79.5293, 9.3893], [79.5293, 9.3893]]], [[[79.5293, 9.3893], [79.5293, 9.3893]]], [[[79.5286, 9.3899], [79.5286, 9.3899]]], [[[79.7068, 10.2882], [79.7068, 10.2882]]], [[[79.6979, 10.2901], [79.6979, 10.2901]]], [[[79.6957, 10.291], [79.6957, 10.291]]], [[[79.6912, 10.2979], [79.6912, 10.2979]]], [[[79.686, 10.2985], [79.686, 10.2985]]], [[[79.6226, 10.2999], [79.6226, 10.2999]]], [[[79.6082, 10.3026], [79.6082, 10.3026]]], [[[79.6188, 10.3088], [79.6188, 10.3088]]], [[[79.624, 10.3088], [79.624, 10.3088]]], [[[79.6315, 10.3088], [79.6315, 10.3088]]], [[[79.6999, 10.3096], [79.6999, 10.3096]]], [[[79.6774, 10.3099], [79.6774, 10.3099]]], [[[79.6898, 10.3104], [79.6898, 10.3104]]], [[[79.6088, 10.3113], [79.6088, 10.3113]]], [[[79.696, 10.3213], [79.696, 10.3213]]], [[[79.6321, 10.3332], [79.6321, 10.3332]]], [[[79.6257, 10.3438], [79.6257, 10.3438]]], [[[79.839, 11.2365], [79.839, 11.2365]]], [[[79.8271, 11.2374], [79.8271, 11.2374]]], [[[79.9912, 12.2513], [79.9912, 12.2513]]], [[[80.3229, 13.4385], [80.3229, 13.4385]]], [[[80.0758, 13.5268], [80.2409, 13.4702], [80.3121, 13.3694], [80.3163, 13.4285], [80.329, 13.3665], [80.3262, 13.4426], [80.254, 12.779], [80.156, 12.4668], [80.0171, 12.3404], [80.0632, 12.3513], [79.9446, 12.2201], [80.0071, 12.2546], [79.8376, 11.9405], [79.7369, 11.9072], [79.7496, 11.9861], [79.6423, 11.9758], [79.7249, 11.8915], [79.6591, 11.8657], [79.8007, 11.8076], [79.7571, 11.5638], [79.8379, 11.3568], [79.8551, 10.9776], [79.7319, 10.987], [79.7042, 10.9189], [79.8512, 10.8138], [79.8829, 10.3024], [79.7429, 10.2751], [79.7785, 10.3024], [79.6299, 10.3632], [79.5512, 10.3124], [79.739, 10.2774], [79.5265, 10.3054], [79.5888, 10.3326], [79.5451, 10.3479], [79.2949, 10.2607], [79.229, 10.1443], [79.2674, 10.0379], [78.9815, 9.6904], [78.8982, 9.489], [79.0343, 9.3185], [79.1907, 9.2818], [78.8326, 9.2688], [78.6574, 9.1576], [78.3654, 9.0921], [78.1687, 8.8821], [78.1574, 8.7715], [78.2301, 8.7488], [78.1049, 8.6515], [78.1304, 8.4971], [78.0668, 8.3704], [77.551, 8.0765], [77.316, 8.121], [77.0907, 8.2974], [77.1597, 8.3125], [77.1865, 8.4934], [77.2652, 8.5374], [77.1553, 8.7376], [77.2415, 8.8648], [77.1322, 9.0119], [77.2518, 9.143], [77.2668, 9.2909], [77.3962, 9.4965], [77.3409, 9.5951], [77.1519, 9.606], [77.2614, 9.9637], [77.1881, 10.0957], [77.2598, 10.1191], [77.2804, 10.2073], [77.2222, 10.3403], [76.9708, 10.2087], [76.8197, 10.2952], [76.805, 10.6263], [76.8726, 10.6294], [76.8975, 10.7708], [76.6492, 10.9242], [76.7065, 11.0314], [76.7925, 11.0424], [76.6912, 11.1445], [76.7256, 11.2089], [76.4527, 11.1802], [76.5382, 11.3516], [76.2401, 11.4596], [76.2257, 11.5644], [76.5042, 11.698], [76.5601, 11.6101], [76.8373, 11.5745], [76.8997, 11.7833], [77.0044, 11.803], [77.1093, 11.7128], [77.1028, 11.7631], [77.2417, 11.8025], [77.4193, 11.7507], [77.4844, 11.9324], [77.6647, 11.9397], [77.767, 12.1091], [77.7195, 12.1715], [77.4825, 12.1901], [77.4635, 12.244], [77.6063, 12.3603], [77.5903, 12.6575], [77.7314, 12.664], [77.8256, 12.859], [77.9243, 12.8778], [77.9105, 12.8197], [77.9814, 12.7956], [78.0467, 12.8424], [78.2206, 12.7526], [78.1898, 12.6813], [78.4548, 12.612], [78.4844, 12.7348], [78.5477, 12.6856], [78.6467, 12.919], [78.6137, 12.9789], [78.7024, 13.0562], [78.876, 13.0862], [78.9246, 13.0186], [78.9144, 13.0678], [78.9796, 13.0765], [79.1527, 13.0073], [79.2183, 13.1356], [79.3079, 13.0969], [79.4238, 13.1875], [79.3746, 13.303], [79.4289, 13.3236], [79.5803, 13.2454], [79.6685, 13.2819], [79.7444, 13.1949], [79.7849, 13.2235], [79.7213, 13.2722], [79.9255, 13.3359], [80.036, 13.4845], [79.9897, 13.5268], [80.0758, 13.5268]]]]}}, {"type": "Feature", "properties": {"name": "Tripura"}, "geometry": {"type": "Polygon", "coordinates": [[[92.1852, 24.5229], [92.2731, 24.3885], [92.2129, 24.2493], [92.3295, 24.1912], [92.322, 23.8698], [92.2241, 23.6573], [92.1795, 23.7432], [92.0726, 23.6447], [91.9621, 23.7277], [91.9752, 23.4824], [91.7709, 23.2638], [91.8355, 23.0939], [91.6187, 22.9442], [91.419, 23.2802], [91.422, 23.0592], [91.3563, 23.0952], [91.3256, 23.3623], [91.1666, 23.5987], [91.2101, 23.6876], [91.1604, 23.7394], [91.2246, 23.7401], [91.2837, 23.9831], [91.3782, 23.9769], [91.3754, 24.1075], [91.5962, 24.0802], [91.6675, 24.2304], [91.7612, 24.1416], [91.7435, 24.2471], [91.8475, 24.2283], [91.9026, 24.1378], [91.9204, 24.3358], [92.1192, 24.3838], [92.1852, 24.5229]]]}}, {"type": "Feature", "properties": {"name": "Uttar Pradesh"}, "geometry": {"type": "Polygon", "coordinates": [[[77.5847, 30.4088], [77.9315, 30.247], [77.7864, 30.1], [77.702, 29.8718], [77.7925, 29.6819], [77.952, 29.7054], [77.988, 29.5459], [78.3317, 29.7962], [78.4126, 29.7724], [78.6052, 29.5618], [78.9229, 29.4562], [78.7139, 29.3174], [78.8526, 29.2613], [78.9004, 29.1506], [79.1308, 29.1294], [79.1583, 29.0229], [79.3597, 28.9705], [79.4112, 28.8559], [79.7745, 28.8918], [79.7834, 28.8054], [79.854, 28.8443], [79.9678, 28.7156], [80.0584, 28.8353], [80.1198, 28.8287], [80.5193, 28.5517], [80.5052, 28.6652], [80.5704, 28.6878], [80.9174, 28.4575], [81.2124, 28.3605], [81.3198, 28.1334], [81.4457, 28.1621], [81.4802, 28.0825], [81.8868, 27.8572], [82.0697, 27.9234], [82.4507, 27.6786], [82.7099, 27.7217], [82.737, 27.5031], [83.1902, 27.454], [83.3196, 27.33], [83.4117, 27.4125], [83.3909, 27.4795], [83.6167, 27.4694], [83.8332, 27.3695], [83.8306, 27.3214], [83.9167, 27.3253], [83.898, 27.2594], [83.9851, 27.1818], [83.9394, 27.093], [84.0207, 27.0955], [84.052, 26.8917], [84.2411, 26.8624], [84.234, 26.7395], [84.298, 26.7533], [84.4144, 26.6272], [84.0818, 26.6429], [84.0478, 26.5435], [83.9022, 26.5181], [83.9023, 26.4503], [84.1714, 26.374], [84.1593, 26.2459], [84.0115, 26.2407], [84.003, 26.1782], [84.1662, 25.9915], [84.5286, 25.8777], [84.6306, 25.7283], [84.4884, 25.6779], [84.3313, 25.7446], [84.2856, 25.6615], [84.0944, 25.7204], [84.0765, 25.6375], [83.9171, 25.5585], [83.8384, 25.4369], [83.3359, 25.1836], [83.354, 24.8706], [83.5417, 24.6246], [83.4982, 24.5271], [83.393, 24.5012], [83.4514, 24.3647], [83.1896, 23.9211], [82.9388, 23.8759], [82.6635, 24.1239], [82.7204, 24.139], [82.7641, 24.2924], [82.7072, 24.3852], [82.7125, 24.5562], [82.8008, 24.5527], [82.7628, 24.6457], [82.4323, 24.7063], [82.4092, 24.5978], [82.2939, 24.6137], [82.2964, 24.67], [82.2299, 24.6696], [82.2437, 24.7758], [82.1729, 24.7396], [82.196, 24.8245], [81.9592, 24.8306], [81.8985, 25.0096], [81.6043, 25.0607], [81.619, 25.1597], [81.5664, 25.1957], [81.4729, 25.1371], [81.4837, 25.0749], [81.2691, 25.1677], [81.2126, 24.9345], [81.1614, 24.9585], [81.1324, 24.8921], [81.0764, 24.9523], [80.8022, 24.9445], [80.878, 25.1956], [80.8277, 25.1103], [80.6996, 25.1371], [80.7759, 25.0617], [80.6736, 25.0542], [80.5946, 25.1552], [80.6068, 25.0722], [80.4761, 25.1023], [80.4942, 25.0453], [80.4407, 25.0821], [80.3658, 25.0578], [80.3822, 25.0097], [80.2785, 25.0216], [80.4237, 25.1741], [80.2559, 25.4287], [79.8471, 25.2402], [79.8559, 25.0985], [79.5655, 25.1776], [79.4899, 25.0828], [79.4684, 25.1345], [79.3991, 25.1135], [79.3839, 25.1703], [79.4904, 25.2703], [79.353, 25.2654], [79.2947, 25.3402], [79.2595, 25.2714], [79.3401, 25.2728], [79.347, 25.2142], [79.2736, 25.2481], [79.3032, 25.1333], [79.1292, 25.1108], [79.0843, 25.1925], [79.0218, 25.1432], [79.0564, 25.2257], [79.005, 25.277], [78.9958, 25.1959], [78.8718, 25.166], [78.8759, 25.2558], [78.97, 25.2852], [78.9529, 25.3499], [78.8765, 25.3445], [78.8418, 25.2292], [78.7832, 25.2976], [78.8747, 25.3877], [78.9785, 25.376], [78.9032, 25.4469], [78.9307, 25.5597], [78.8283, 25.51], [78.8343, 25.4325], [78.7318, 25.5007], [78.8129, 25.4304], [78.7431, 25.4127], [78.7644, 25.3584], [78.6579, 25.388], [78.7014, 25.4289], [78.6527, 25.444], [78.5251, 25.3065], [78.4274, 25.2887], [78.5686, 25.2586], [78.622, 24.9649], [78.7805, 24.815], [78.7495, 24.605], [78.8817, 24.6397], [78.9664, 24.4969], [78.9086, 24.4668], [78.9844, 24.4414], [78.9669, 24.3537], [78.7917, 24.1802], [78.7603, 24.2585], [78.6691, 24.245], [78.5054, 24.3939], [78.407, 24.277], [78.3424, 24.3054], [78.3609, 24.3858], [78.2165, 24.5316], [78.2685, 24.6671], [78.1638, 24.8571], [78.3275, 24.9996], [78.3278, 25.0888], [78.4429, 25.1288], [78.2955, 25.3748], [78.4207, 25.4776], [78.4293, 25.5639], [78.8052, 25.6246], [78.7468, 25.7491], [78.8112, 25.8301], [78.8619, 25.7992], [78.8466, 25.8605], [79.0032, 26.0818], [78.9427, 26.1391], [79.1266, 26.316], [79.0768, 26.366], [79.1268, 26.4448], [79.0485, 26.4561], [78.9796, 26.5741], [78.9932, 26.6846], [78.9379, 26.6627], [78.7153, 26.8002], [78.5658, 26.7577], [78.3514, 26.8744], [78.2098, 26.8361], [78.1911, 26.8886], [78.2622, 26.9235], [78.2159, 26.954], [78.1113, 26.9532], [78.022, 26.8609], [78.0067, 26.9107], [77.7534, 26.9377], [77.4286, 26.7701], [77.4225, 26.867], [77.755, 27.0228], [77.5143, 27.0704], [77.673, 27.2004], [77.6141, 27.3434], [77.4319, 27.3992], [77.3112, 27.6117], [77.3365, 27.6962], [77.2758, 27.8065], [77.5361, 27.9493], [77.4689, 28.086], [77.5412, 28.2477], [77.4673, 28.2697], [77.4746, 28.4135], [77.2952, 28.5612], [77.3235, 28.7159], [77.1944, 28.8023], [77.2142, 29.006], [77.122, 29.1058], [77.1539, 29.3355], [77.0856, 29.6008], [77.1891, 29.922], [77.2704, 30.0483], [77.4144, 30.1071], [77.5847, 30.4088]]]}}, {"type": "Feature", "properties": {"name": "Uttaranchal"}, "geometry": {"type": "Polygon", "coordinates": [[[79.1948, 31.3536], [79.4131, 31.0376], [79.5013, 31.0391], [79.5872, 30.9431], [79.7421, 31.0068], [79.8549, 30.9789], [80.1031, 30.7797], [80.2238, 30.7641], [80.2157, 30.579], [80.5265, 30.4543], [80.5842, 30.4872], [81.0196, 30.253], [80.9119, 30.2232], [80.7494, 30.0066], [80.6053, 29.9587], [80.4972, 29.7974], [80.3697, 29.7506], [80.4095, 29.5949], [80.2448, 29.4445], [80.3181, 29.3156], [80.299, 29.205], [80.2499, 29.2206], [80.2734, 29.142], [80.146, 29.103], [79.9883, 28.717], [79.854, 28.8443], [79.7834, 28.8054], [79.7745, 28.8918], [79.4112, 28.8559], [79.3597, 28.9705], [79.1583, 29.0229], [79.1308, 29.1294], [78.9004, 29.1506], [78.8526, 29.2613], [78.7139, 29.3174], [78.9229, 29.4562], [78.6052, 29.5618], [78.4736, 29.7485], [78.3317, 29.7962], [77.988, 29.5459], [77.952, 29.7054], [77.7925, 29.6819], [77.702, 29.8718], [77.7864, 30.1], [77.9315, 30.247], [77.5629, 30.4171], [77.8106, 30.5332], [77.7295, 30.5984], [77.7791, 30.6638], [77.6883, 30.7687], [77.7445, 30.8812], [77.7894, 30.8585], [77.7346, 30.9596], [77.8171, 30.9536], [77.8006, 31.0621], [77.8875, 31.1547], [78.3563, 31.2909], [78.4701, 31.2038], [78.795, 31.205], [78.9421, 31.105], [78.9967, 31.1176], [78.9099, 31.2339], [78.9231, 31.3254], [79.0452, 31.4681], [79.1948, 31.3536]]]}}, {"type": "Feature", "properties": {"name": "West Bengal"}, "geometry": {"type": "MultiPolygon", "coordinates": [[[[88.0186, 21.5728], [88.0186, 21.5728]]], [[[88.4977, 21.5998], [88.5314, 21.5425], [88.4977, 21.5998]]], [[[88.1778, 21.6011], [88.1867, 21.56], [88.1778, 21.6011]]], [[[88.8347, 21.6072], [88.9036, 21.5558], [88.8347, 21.6072]]], [[[88.7289, 21.6371], [88.7358, 21.5717], [88.7289, 21.6371]]], [[[88.5372, 21.6386], [88.5875, 21.6019], [88.55, 21.5636], [88.5372, 21.6386]]], [[[88.8924, 21.6521], [88.8924, 21.6521]]], [[[88.7719, 21.6531], [88.7981, 21.5917], [88.7519, 21.5767], [88.7719, 21.6531]]], [[[88.9658, 21.6415], [88.9658, 21.6415]]], [[[88.6344, 21.6567], [88.6344, 21.6567]]], [[[88.5769, 21.6917], [88.6022, 21.6206], [88.5769, 21.6917]]], [[[88.5919, 21.6942], [88.5919, 21.6942]]], [[[88.9845, 21.7057], [89.0288, 21.6048], [88.964, 21.6457], [88.9845, 21.7057]]], [[[88.8067, 21.7067], [88.7969, 21.6553], [88.7306, 21.6847], [88.8067, 21.7067]]], [[[88.3111, 21.7064], [88.3581, 21.6475], [88.3153, 21.6081], [88.3111, 21.7064]]], [[[88.454, 21.7093], [88.4422, 21.615], [88.454, 21.7093]]], [[[88.6971, 21.7129], [88.7514, 21.6487], [88.6971, 21.7129]]], [[[88.2045, 21.7212], [88.2119, 21.6017], [88.2045, 21.7212]]], [[[89.0592, 21.7218], [89.095, 21.644], [89.0516, 21.6175], [89.0098, 21.7049], [89.0592, 21.7218]]], [[[88.978, 21.7269], [89.0078, 21.6522], [88.978, 21.7269]]], [[[88.5457, 21.7361], [88.5907, 21.6906], [88.543, 21.7239], [88.5509, 21.6365], [88.5457, 21.7361]]], [[[88.1956, 21.7245], [88.1956, 21.7245]]], [[[88.8831, 21.7453], [88.9208, 21.6322], [88.8831, 21.7453]]], [[[88.4123, 21.7313], [88.3986, 21.5956], [88.3686, 21.7273], [88.4123, 21.7313]]], [[[88.2209, 21.7621], [88.3103, 21.6764], [88.2917, 21.5631], [88.2164, 21.6164], [88.2209, 21.7621]]], [[[88.9271, 21.7619], [88.9833, 21.7058], [88.9271, 21.7619]]], [[[88.3654, 21.7642], [88.3606, 21.6864], [88.3654, 21.7642]]], [[[89.0051, 21.765], [89.0593, 21.7259], [89.0051, 21.765]]], [[[88.8317, 21.7661], [88.8458, 21.62], [88.815, 21.71], [88.7625, 21.7014], [88.8317, 21.7661]]], [[[88.3849, 21.7644], [88.3849, 21.7644]]], [[[88.2005, 21.7686], [88.2005, 21.7686]]], [[[88.2828, 21.765], [88.2828, 21.765]]], [[[88.5822, 21.7778], [88.6164, 21.7276], [88.5822, 21.7778]]], [[[88.3025, 21.7246], [88.2889, 21.7785], [88.3025, 21.7246]]], [[[88.5053, 21.783], [88.5053, 21.783]]], [[[88.9997, 21.7855], [89.0043, 21.7161], [88.9511, 21.7578], [88.9997, 21.7855]]], [[[88.6097, 21.7903], [88.6089, 21.7081], [88.6097, 21.7903]]], [[[88.274, 21.7908], [88.274, 21.7908]]], [[[88.1833, 21.7875], [88.1833, 21.7875]]], [[[88.4586, 21.7887], [88.4331, 21.7045], [88.4586, 21.7887]]], [[[88.7162, 21.8074], [88.7767, 21.7211], [88.748, 21.6583], [88.7162, 21.8074]]], [[[88.1711, 21.8086], [88.1711, 21.8086]]], [[[88.5446, 21.8103], [88.5725, 21.7356], [88.5194, 21.7192], [88.5446, 21.8103]]], [[[88.4218, 21.8111], [88.4228, 21.7198], [88.4218, 21.8111]]], [[[88.9996, 21.8117], [89.0237, 21.7591], [88.9996, 21.8117]]], [[[88.7506, 21.7954], [88.7506, 21.7954]]], [[[88.8281, 21.804], [88.7908, 21.75], [88.8281, 21.804]]], [[[88.7875, 21.745], [88.7821, 21.8252], [88.7875, 21.745]]], [[[88.9158, 21.8258], [88.8978, 21.7519], [88.9158, 21.8258]]], [[[88.1819, 21.8258], [88.1819, 21.8258]]], [[[88.5594, 21.8297], [88.5594, 21.8297]]], [[[88.4849, 21.8347], [88.4531, 21.8057], [88.4849, 21.8347]]], [[[88.9414, 21.8472], [88.9767, 21.8206], [88.9142, 21.7556], [88.9414, 21.8472]]], [[[88.5922, 21.85], [88.6142, 21.7981], [88.5922, 21.85]]], [[[88.52, 21.8546], [88.52, 21.8546]]], [[[88.538, 21.8536], [88.538, 21.8536]]], [[[88.3311, 21.8607], [88.38, 21.7873], [88.3171, 21.7089], [88.2598, 21.8042], [88.3311, 21.8607]]], [[[88.8561, 21.8653], [88.9133, 21.7278], [88.835, 21.7817], [88.8561, 21.8653]]], [[[88.5827, 21.8655], [88.5827, 21.8655]]], [[[88.1369, 21.875], [88.1707, 21.7424], [88.1092, 21.6258], [88.0367, 21.675], [88.1369, 21.875]]], [[[88.7892, 21.8786], [88.795, 21.7914], [88.7892, 21.8786]]], [[[88.9791, 21.8935], [89.03, 21.8345], [88.9705, 21.7751], [88.9791, 21.8935]]], [[[88.6217, 21.8978], [88.6389, 21.7847], [88.6217, 21.8978]]], [[[88.1373, 21.8951], [88.1373, 21.8951]]], [[[88.8169, 21.9011], [88.8169, 21.9011]]], [[[88.5623, 21.8975], [88.551, 21.8173], [88.5623, 21.8975]]], [[[88.4255, 21.9041], [88.4255, 21.9041]]], [[[88.4465, 21.9049], [88.4615, 21.7898], [88.3925, 21.8326], [88.4465, 21.9049]]], [[[88.7181, 21.9072], [88.7806, 21.8594], [88.7578, 21.7811], [88.6967, 21.8381], [88.7181, 21.9072]]], [[[88.1069, 21.8936], [88.1069, 21.8936]]], [[[88.5047, 21.9128], [88.5047, 21.9128]]], [[[88.4525, 21.9063], [88.4525, 21.9063]]], [[[88.64, 21.9217], [88.6345, 21.8706], [88.64, 21.9217]]], [[[88.1348, 21.9267], [88.1348, 21.9267]]], [[[88.8366, 21.9179], [88.9767, 21.8675], [88.9069, 21.8789], [88.888, 21.8122], [88.8366, 21.9179]]], [[[88.7236, 21.9319], [88.8081, 21.8844], [88.7236, 21.9319]]], [[[88.1633, 21.9372], [88.1633, 21.9372]]], [[[88.7454, 21.9797], [88.7994, 21.9259], [88.7333, 21.9247], [88.7454, 21.9797]]], [[[88.7592, 21.9986], [88.7592, 21.9986]]], [[[88.66, 22.0192], [88.7158, 22.0006], [88.6782, 21.9429], [88.6286, 21.958], [88.66, 22.0192]]], [[[88.1414, 22.0264], [88.0472, 21.9117], [88.1414, 22.0264]]], [[[88.8128, 22.0194], [88.9025, 22.0117], [88.9073, 21.9295], [88.7525, 21.9561], [88.8128, 22.0194]]], [[[88.7314, 22.0452], [88.7314, 22.0452]]], [[[88.7638, 22.0517], [88.7638, 22.0517]]], [[[88.9028, 22.0453], [88.852, 22.0412], [88.9028, 22.0453]]], [[[88.0314, 22.0606], [88.0314, 22.0606]]], [[[89.0162, 22.0509], [89.0598, 21.932], [88.9995, 21.9495], [89.0325, 22.0021], [88.9745, 21.9936], [89.0162, 22.0509]]], [[[88.6358, 22.0508], [88.6358, 22.0508]]], [[[88.8119, 22.0608], [88.8119, 22.0608]]], [[[88.8706, 22.0789], [88.836, 22.0254], [88.8706, 22.0789]]], [[[88.6901, 22.08], [88.6901, 22.08]]], [[[88.9041, 22.0842], [88.9041, 22.0842]]], [[[88.7223, 22.0991], [88.7223, 22.0991]]], [[[88.8035, 22.0853], [88.7484, 22.0574], [88.8035, 22.0853]]], [[[88.8179, 22.123], [88.8675, 22.0825], [88.8179, 22.123]]], [[[88.7293, 22.1136], [88.7293, 22.1136]]], [[[88.8651, 22.167], [88.9157, 22.0903], [88.8307, 22.1271], [88.8651, 22.167]]], [[[88.95, 22.1892], [88.9849, 22.1271], [88.9239, 22.0242], [88.9636, 22.057], [89.0126, 21.902], [88.9127, 21.9944], [88.9403, 22.128], [88.8939, 22.1697], [88.95, 22.1892]]], [[[89.0019, 22.1992], [89.0505, 22.1306], [88.9779, 22.0399], [89.0019, 22.1992]]], [[[88.6952, 22.2086], [88.7892, 22.1694], [88.6831, 22.0808], [88.721, 22.0053], [88.6342, 22.1062], [88.6952, 22.2086]]], [[[88.8447, 22.1892], [88.8559, 22.1445], [88.7047, 22.065], [88.8447, 22.1892]]], [[[87.9897, 22.2175], [87.9897, 22.2175]]], [[[88.9324, 22.225], [88.9315, 22.177], [88.9324, 22.225]]], [[[88.8126, 22.2834], [88.8341, 22.1669], [88.7472, 22.1986], [88.8126, 22.2834]]], [[[88.8499, 22.3629], [88.9369, 22.2991], [88.9139, 22.2199], [88.8433, 22.2897], [88.9186, 22.1653], [88.841, 22.2143], [88.8758, 22.2528], [88.8811, 22.2002], [88.8006, 22.2258], [88.8499, 22.3629]]], [[[88.9848, 22.3824], [89.0963, 22.155], [89.0622, 22.1284], [88.9472, 22.2556], [88.9848, 22.3824]]], [[[87.9381, 22.3967], [87.9381, 22.3967]]], [[[88.8619, 22.3989], [88.8986, 22.3367], [88.8619, 22.3989]]], [[[88.8678, 22.4108], [88.8678, 22.4108]]], [[[88.9189, 22.4265], [88.9189, 22.4265]]], [[[87.9257, 22.4248], [87.9257, 22.4248]]], [[[87.9119, 22.4322], [87.9119, 22.4322]]], [[[88.8592, 22.4694], [88.8592, 22.4694]]], [[[88.7814, 22.5006], [88.8348, 22.4338], [88.7814, 22.5006]]], [[[88.8977, 22.5489], [88.8981, 22.3667], [88.8436, 22.5068], [88.8977, 22.5489]]], [[[88.9342, 22.564], [88.9342, 22.564]]], [[[88.9202, 22.5653], [88.9986, 22.4303], [88.9578, 22.3647], [88.9394, 22.419], [88.9419, 22.3099], [88.9202, 22.5653]]], [[[88.9361, 22.6216], [88.9361, 22.6216]]], [[[88.676, 24.3155], [88.676, 24.3155]]], [[[88.1269, 27.1231], [88.4319, 27.0816], [88.5915, 27.1945], [88.8, 27.1368], [88.8699, 27.1087], [88.875, 26.9515], [88.919, 26.9962], [88.9624, 26.9241], [89.0249, 26.9403], [89.1311, 26.8081], [89.3772, 26.8663], [89.6447, 26.7809], [89.6322, 26.7192], [89.8569, 26.7038], [89.8695, 26.4484], [89.7157, 26.302], [89.7338, 26.1734], [89.6376, 26.2277], [89.5967, 26.1009], [89.6524, 26.0622], [89.5545, 25.9646], [89.1672, 26.1338], [89.0935, 26.3992], [88.9643, 26.4631], [88.9199, 26.3699], [89.0697, 26.2553], [88.8884, 26.2916], [88.8468, 26.2343], [88.6207, 26.4711], [88.4354, 26.5468], [88.4154, 26.6341], [88.3775, 26.5935], [88.3344, 26.4787], [88.4832, 26.4611], [88.5248, 26.3598], [88.4579, 26.3738], [88.3525, 26.22], [88.1804, 26.1457], [88.1871, 26.0241], [88.0868, 25.9125], [88.1171, 25.7967], [88.2699, 25.8081], [88.5429, 25.5066], [88.6989, 25.47], [88.8104, 25.5198], [88.8437, 25.3624], [89.0113, 25.2924], [88.923, 25.1671], [88.4458, 25.1963], [88.4015, 24.9457], [88.3251, 24.8659], [88.228, 24.9594], [88.1397, 24.9361], [88.1756, 24.861], [88.0106, 24.6667], [88.333, 24.3832], [88.7347, 24.2752], [88.6947, 24.1134], [88.771, 23.9848], [88.576, 23.8598], [88.5617, 23.6421], [88.7429, 23.4808], [88.7985, 23.4949], [88.7204, 23.2527], [88.9947, 23.2124], [88.8467, 23.0024], [88.9675, 22.8426], [88.9473, 22.6599], [88.8058, 22.7332], [88.9577, 22.6108], [88.8428, 22.5079], [88.8524, 22.4328], [88.7664, 22.5608], [88.7689, 22.5136], [88.6907, 22.5244], [88.6774, 22.5935], [88.8763, 22.3553], [88.8189, 22.3636], [88.7336, 22.1956], [88.635, 22.2164], [88.6661, 22.339], [88.6193, 22.1088], [88.5727, 22.1891], [88.6367, 22.0453], [88.5966, 22.0673], [88.6067, 21.9131], [88.5462, 21.9735], [88.5705, 21.9036], [88.4943, 21.8791], [88.5546, 22.0357], [88.4736, 21.8953], [88.4609, 22.0116], [88.4087, 21.8853], [88.3758, 21.9697], [88.3907, 21.799], [88.3565, 21.9243], [88.3532, 21.8569], [88.2664, 21.8836], [88.3138, 21.8466], [88.2819, 21.7611], [88.2517, 21.8019], [88.272, 21.7305], [88.1633, 21.8794], [88.2031, 22.1669], [88.0697, 22.2119], [88.105, 22.3047], [88.0492, 22.22], [87.9849, 22.2457], [87.8838, 22.4416], [87.94, 22.2603], [88.1356, 22.1847], [88.1889, 22.0992], [88.0622, 22.0131], [87.9634, 22.1035], [88.0531, 22.0103], [87.9292, 21.8006], [87.7897, 21.695], [87.482, 21.6087], [87.4437, 21.7609], [87.2624, 21.8139], [87.2348, 21.9544], [87.1674, 21.9734], [87.0946, 21.8603], [87.0302, 21.8653], [87.0176, 22.0413], [86.7154, 22.1435], [86.7228, 22.2152], [86.8862, 22.2941], [86.7623, 22.4252], [86.7599, 22.5724], [86.6517, 22.5758], [86.6179, 22.6734], [86.4162, 22.7765], [86.4328, 22.9234], [86.5403, 22.9872], [86.2064, 22.9941], [86.0369, 23.1436], [85.915, 23.1295], [85.8264, 23.2631], [85.8957, 23.3706], [85.866, 23.4702], [86.0472, 23.4936], [86.0374, 23.5835], [86.1448, 23.5678], [86.1455, 23.4731], [86.3, 23.4201], [86.4399, 23.6296], [86.792, 23.6874], [86.7928, 23.8314], [86.8823, 23.8145], [86.895, 23.88], [87.1242, 23.795], [87.1309, 23.867], [87.2427, 23.8262], [87.2482, 23.907], [87.2945, 23.8986], [87.238, 24.0412], [87.458, 23.9814], [87.4936, 24.1152], [87.5762, 24.0853], [87.5694, 24.1557], [87.6925, 24.1545], [87.6357, 24.2425], [87.81, 24.4066], [87.7694, 24.5818], [87.91, 24.5939], [87.9008, 24.7216], [87.8181, 24.766], [87.9733, 24.8965], [87.7727, 25.0991], [87.8565, 25.2778], [87.7598, 25.4101], [87.9241, 25.5356], [88.0729, 25.5039], [88.021, 25.5869], [88.0486, 25.6906], [87.8985, 25.7698], [87.9109, 25.8517], [87.8036, 25.9207], [87.8421, 26.0445], [87.9681, 26.0814], [87.9641, 26.152], [88.2919, 26.3539], [88.179, 26.4906], [88.2312, 26.552], [88.105, 26.5358], [88.1905, 26.7714], [88.1375, 26.9853], [87.9942, 27.1052], [88.017, 27.2189], [88.1269, 27.1231]]]]}}]}