{"type":"FeatureCollection","metadata":{"name":"ClimateGuard South India Operational Districts","states":{"Tamil Nadu":38,"Kerala":14,"Karnataka":31},"total_districts":83,"crs":"EPSG:4326","source":"Government Administrative Boundary Geospatial Datasets"},"features":[{"type":"Feature","properties":{"id":"ariyalur","district":"Ariyalur","name":"Ariyalur","state":"Tamil Nadu","rep_lat":11.1534,"rep_lon":79.2612,"elderly_pct":12.0,"outdoor_worker_pct":32.0},"geometry":{"type":"Polygon","coordinates":[[[79.45866232020596,11.150554685663923],[79.45582104059045,11.155884718837573],[79.46388165777081,11.170537128715079],[79.4723526433393,11.177197471702303],[79.4817970110103,11.177632939998132],[79.50182068057721,11.203347893184414],[79.51021149060827,11.228140124416187],[79.49517367568409,11.248409734217658],[79.4948878434388,11.258510150105844],[79.50398435917728,11.257773745126672],[79.50524522822187,11.264581659573006],[79.50174390426483,11.29099597696579],[79.49508403459853,11.303589652257278],[79.49830327138669,11.313889834944908],[79.47355266859138,11.314065760818972],[79.4632304007494,11.318326754989744],[79.44865116320138,11.335235766659927],[79.43752509002971,11.333796133758499],[79.43079850158897,11.34554971169691],[79.43658439672204,11.348920732882759],[79.43732348382542,11.357287386146046],[79.42843225918052,11.357392880211776],[79.42580431597028,11.366659579402219],[79.42469938367923,11.360358658324245],[79.40853872765054,11.364862615337747],[79.4053678947848,11.354141094300768],[79.40033801371,11.349901547310164],[79.3952032857668,11.353513418855139],[79.39362347527049,11.366707793967741],[79.3890975939858,11.368760082108029],[79.3940682590154,11.377167387615444],[79.3897485976823,11.387952587057239],[79.39339127334596,11.402819196575498],[79.37980712029938,11.410508150703919],[79.37771346178246,11.401689348022758],[79.38547444140826,11.400057592095086],[79.37526705461639,11.397743223813862],[79.37771789766333,11.411272029311693],[79.36998388456405,11.41699429739765],[79.32226940920893,11.419696008048911],[79.29258654795566,11.41232516900008],[79.29000115434717,11.40230324618399],[79.29601875733138,11.379989171093486],[79.27361696783136,11.38033885677948],[79.27292772914143,11.385771801799743],[79.25861028671832,11.388473698439054],[79.24942746444061,11.372835016264332],[79.24155668373767,11.369617165845309],[79.23783022580076,11.388616614686214],[79.22603463016299,11.392046899215556],[79.1806170966837,11.374370615438279],[79.16814751395285,11.378420763311842],[79.16276892664767,11.369708219138749],[79.15075266525025,11.363426181728196],[79.1506423602182,11.357794098321795],[79.15960603578743,11.348780259305093],[79.15746144728544,11.338420259398948],[79.1503160085637,11.339731629394405],[79.14710015842418,11.333801338388856],[79.13004747711497,11.33097209740087],[79.12496382378554,11.31075784988973],[79.14091135541143,11.30930684069046],[79.13926667128023,11.29001027762596],[79.1301026318768,11.297577153073796],[79.11409191724543,11.293734517787525],[79.11102378786784,11.288956458368148],[79.1089782071849,11.270229258277618],[79.12196552943816,11.264109683746625],[79.12217399607624,11.248729128599315],[79.10944463942988,11.244384506641376],[79.11116731259908,11.230602594803205],[79.09891000985473,11.230664818164097],[79.09344709320227,11.199849992134496],[79.07313165891591,11.208114068588433],[79.0659261076303,11.204360849176362],[79.0672344445528,11.18885684802993],[79.0757702579421,11.189265151338322],[79.07841103358619,11.180758836617784],[79.06936571912395,11.177113823580044],[79.07246865642217,11.159246097302367],[79.07075304670602,11.154458797109926],[79.05952026356007,11.152273058422628],[79.06056666432214,11.141271105400307],[79.05609931007488,11.140533242986722],[79.05506766324301,11.129869795347949],[79.06539904359525,11.126866332679322],[79.06940781777142,11.108894776583899],[79.0543564328966,11.084974792354588],[79.03227987305532,11.083883366400302],[79.02441439241251,11.067666671818419],[79.0064474210785,11.058854294211763],[79.01231997039883,11.010092299710484],[78.99185646231267,11.001401810286566],[78.98962124637494,10.978491406612877],[78.98226227272025,10.975530308668075],[78.98743134595172,10.966798338363859],[78.94679830704929,10.976569255057967],[78.94810692424619,10.9595060072845],[78.977563649898,10.943567502161686],[78.98269839940077,10.921667326176731],[78.99033081843133,10.928419374623251],[79.00194696301466,10.922154058946798],[79.00570955388726,10.89359668089016],[79.03253233917602,10.886567192049739],[79.05509682435378,10.890614506037656],[79.07160608779814,10.916958078569143],[79.08464009100514,10.926882341237329],[79.10991678496006,10.924954595049229],[79.14128598163097,10.940319417289762],[79.17862600960255,10.93968704742865],[79.2029035065686,10.949008165179068],[79.2049457113827,10.940216747605861],[79.21171088875309,10.940685744040978],[79.26888968066673,10.986446109905959],[79.27332497314323,10.997079287424263],[79.29101745256406,11.014419377319985],[79.30881404582806,11.02087008425832],[79.31182548342636,11.017602659071994],[79.35803005338394,11.049247083921363],[79.39891680257374,11.066939818906185],[79.42274461638331,11.097516929406163],[79.43111472923023,11.12145930170598],[79.45866232020596,11.150554685663923]]]}},{"type":"Feature","properties":{"id":"chengalpattu","district":"Chengalpattu","name":"Chengalpattu","state":"Tamil Nadu","rep_lat":12.6394,"rep_lon":80.0658,"elderly_pct":12.0,"outdoor_worker_pct":32.0},"geometry":{"type":"Polygon","coordinates":[[[80.14484222415332,13.017001024946557],[80.14640441419536,13.034584562742639],[80.13882641240978,13.041432041819602],[80.13990524774353,13.045694026816184],[80.12939475410342,13.045142791387935],[80.12873564490809,13.034969154755112],[80.1230519996139,13.033242541112003],[80.1087430552534,13.04177473967764],[80.09950589927405,13.03494010792666],[80.08212633181276,13.041188003094037],[80.0803105276031,13.016180714595501],[80.0577201556738,13.007528261338711],[80.06416378288489,12.987499876583174],[80.062381932298,12.981958347038947],[80.05290507435981,12.982786611040092],[80.04762201929182,12.96474763707617],[80.0540527323224,12.958341041147344],[80.06189608835807,12.95786433131493],[80.06275663756932,12.961728816051869],[80.06496402010627,12.958305571014572],[80.07254710725465,12.969704005751824],[80.08050505508292,12.972991610437221],[80.08567195169645,12.969462851800321],[80.08449382108279,12.961607570354483],[80.10416667787,12.953359182326412],[80.09983666974144,12.945680791114315],[80.09117371779001,12.9467918155901],[80.08399992644128,12.926107476845141],[80.07029357826157,12.917483934587361],[80.06015203438676,12.900090425432087],[80.05194683785297,12.882027278922369],[80.06134423531273,12.863679701612902],[80.0506422882277,12.83904610566535],[80.04016389408767,12.839667394040392],[80.03037386457682,12.822630291361234],[80.01212620295419,12.816996191044046],[80.00937180569798,12.80942618635109],[80.00610213479484,12.812956011987486],[79.99207158373078,12.809614612905397],[79.96778333033751,12.814044615852739],[79.9568433476685,12.825269591392642],[79.95834783981813,12.81080233141093],[79.9637318098285,12.809388936199746],[79.95599718856978,12.790771312929255],[79.94026113922641,12.79059206879787],[79.9393428993093,12.783413004160282],[79.92667365343017,12.798385893136516],[79.9251817610507,12.794736587772896],[79.91027381017729,12.799874907864197],[79.90126788234868,12.784463417318424],[79.87687380921155,12.780022764061462],[79.8910277339984,12.773337286611673],[79.88249165830109,12.767012841435358],[79.92658819040898,12.745776637883203],[79.95171378324153,12.710838367415086],[79.95275098256016,12.699398707233962],[79.9311012096154,12.702382110995547],[79.93224609358039,12.69531758959014],[79.91705023535337,12.696242090264104],[79.92851581241365,12.637172080022326],[79.92449714059964,12.632580714011704],[79.89695737933991,12.641632250097325],[79.88800525071538,12.630373970902511],[79.86306113194324,12.626622047704089],[79.8478225543329,12.631483803428889],[79.84066717036262,12.623889655377997],[79.82354782597447,12.620654886724772],[79.8052841626617,12.629066051655553],[79.81527695810185,12.606112971955794],[79.81127621755924,12.595544797096219],[79.81758682763297,12.588545290800383],[79.82133695258433,12.569287502580844],[79.8192857295831,12.565494962790034],[79.79590190361114,12.568195859781632],[79.79276189643441,12.560619734630844],[79.78012748812029,12.56048419032924],[79.77327125481774,12.551103026603208],[79.76369263841912,12.550222165656768],[79.76303184488263,12.55650433168804],[79.75367549144823,12.56174295027151],[79.75495906541164,12.543140260304439],[79.74392632540133,12.531894122123088],[79.74865895484696,12.523601178796229],[79.75383203276796,12.524134149941775],[79.75578849608313,12.511940744745933],[79.74975306423545,12.502853127068166],[79.72071689566367,12.50050714192348],[79.72203017691349,12.494011777234025],[79.74728786880522,12.484144564603403],[79.74410436699905,12.472511942572627],[79.7494646205876,12.456744615606016],[79.73336650077742,12.454084404435623],[79.73848766595648,12.438975970605478],[79.73627103167043,12.42840512669566],[79.71783485139888,12.439246666422752],[79.71672391387015,12.431576934787909],[79.7058571304221,12.431385708435334],[79.70732384841402,12.415127508384577],[79.6915434321771,12.420939346748895],[79.69120604202438,12.413739307584235],[79.69876949828884,12.410334180401064],[79.69775574230421,12.402248469590019],[79.68885848367555,12.403366849800097],[79.66419613317038,12.387682487353938],[79.66008912642123,12.3789686821624],[79.66756838539075,12.37700330616541],[79.66367394608898,12.368061922782076],[79.64712195607476,12.358865409025347],[79.6403907008861,12.344682487582109],[79.6490790958213,12.340871850298194],[79.66063413160916,12.32309889071745],[79.68110229117191,12.315782846016766],[79.685548999439,12.323768592947232],[79.69745048758415,12.324932160215093],[79.70007754685219,12.333302290392236],[79.70620572705798,12.33462502843701],[79.75030221604676,12.32483728423896],[79.7589992931992,12.325365626275811],[79.77881583192283,12.338987523268377],[79.79922762759138,12.33739894495824],[79.80277481503524,12.32797162493256],[79.809509814402,12.326242388959162],[79.8198516502458,12.311817600408428],[79.82742213313244,12.312922045011133],[79.84162509156077,12.287757994177015],[79.84119425595725,12.279798477402837],[79.86242497560177,12.26194283507306],[79.87343569880274,12.242871155152056],[79.90087430077831,12.229405975930472],[79.91426100143046,12.235524567765639],[79.92451257814778,12.231590918048552],[79.9213571576774,12.25005238084686],[79.94420581411553,12.24225846421114],[79.95531856706818,12.228831734403025],[79.96966745411943,12.236796000158078],[79.97309905892898,12.233364372410254],[79.98805025380186,12.25145647877613],[80.00863868520473,12.254805014174007],[80.05172074896394,12.3266332354362],[80.15042367710082,12.454416651737123],[80.15735306920013,12.469033587145132],[80.16803372621288,12.535093793879852],[80.20072454768597,12.617138917392053],[80.19913896910724,12.62530195967189],[80.20833334641445,12.65455425869018],[80.25527540357587,12.783876745607513],[80.24824246806368,12.808953776063637],[80.24912215678039,12.856697328929283],[80.23638212725011,12.858344575056098],[80.23287195758249,12.852210076679572],[80.2200163014004,12.852507716977726],[80.21288022671719,12.86085322613459],[80.20893025985276,12.872847486781895],[80.21648221319003,12.890209378093704],[80.2173793274266,12.91055921104406],[80.19882753038476,12.91110441784873],[80.199224718691,12.933359447337113],[80.18793825222365,12.937853394959072],[80.19875488722097,12.94621632768832],[80.200953226418,12.958499097090161],[80.19576857639947,12.959927057884936],[80.19588023878592,12.96853739565955],[80.18602427472985,12.968207039600989],[80.17998913483464,12.979091230892621],[80.1689655549453,12.980186568585589],[80.16068089703474,12.997980950878215],[80.16516851637653,13.004240873019528],[80.15819048499617,13.01542232718756],[80.14484222415332,13.017001024946557]]]}},{"type":"Feature","properties":{"id":"chennai","district":"Chennai","name":"Chennai","state":"Tamil Nadu","rep_lat":13.1005,"rep_lon":80.2203,"elderly_pct":11.0,"outdoor_worker_pct":23.5},"geometry":{"type":"Polygon","coordinates":[[[80.33188192539187,13.235440511575504],[80.31767646695212,13.229619736801888],[80.3102076302365,13.2160767460751],[80.30334748656752,13.21284742966859],[80.28466800299115,13.219858362413001],[80.28280804928023,13.229925855204515],[80.27531027064279,13.229325812578676],[80.27048548572712,13.223465300675572],[80.27043910391238,13.20326838257657],[80.2499891226577,13.206092452214277],[80.24888145769158,13.198648258787157],[80.23854900115765,13.199476941276577],[80.23589394769043,13.203861986015466],[80.23454867922996,13.196325645625391],[80.22275130582624,13.199762080427213],[80.22395819959696,13.184264257389668],[80.21592809010195,13.172259741689343],[80.19956187079016,13.18122688622886],[80.19080017332776,13.168718779563585],[80.19459176810594,13.153984170760099],[80.17596784532991,13.147340337921277],[80.17713297462645,13.139629802719616],[80.16966309856005,13.142970610171309],[80.1658620768613,13.135748896753057],[80.15810157513921,13.142054615432917],[80.14577911758732,13.139411672999833],[80.14798247028195,13.130454919084032],[80.14043624100962,13.098552112220718],[80.14609740596387,13.088188406826413],[80.16136667092263,13.081140735949749],[80.1603195371353,13.04488054043181],[80.1457152868965,13.039860899215842],[80.15335927443127,13.049491344616598],[80.14931679366897,13.053405691116396],[80.15405693303036,13.062855581714068],[80.14848804661541,13.064410874251898],[80.14629271857123,13.054038696779841],[80.13438906638457,13.04465218138061],[80.13990524774353,13.045694026816184],[80.13882641240978,13.041432041819602],[80.14564401007027,13.037477145188811],[80.14455541543933,13.024325170912952],[80.18857535269451,13.023040047110111],[80.19587842868064,13.02955558095172],[80.20047838863691,13.028279912730055],[80.19874193890448,13.016136243930687],[80.21081602216181,13.008898443715301],[80.20415541857191,12.98304860118707],[80.22121343856887,12.965084027582694],[80.24365558667962,12.979895192134622],[80.24335129944514,12.983918243644409],[80.25301716830901,12.976666720057407],[80.26782849818707,12.975088805732765],[80.2868627183843,13.064583253884196],[80.3107865477247,13.108155086256547],[80.30379805276793,13.102589538689982],[80.30077233644819,13.09117665440814],[80.29494841473077,13.092914809754689],[80.2969104224479,13.099256375295182],[80.30172892993635,13.098670358065645],[80.29827444862981,13.101805898291271],[80.30148487114839,13.112079853403545],[80.3033865408245,13.106064940198904],[80.30496685886892,13.110069728588583],[80.30041669702047,13.121412487085419],[80.30553243008698,13.130385364032911],[80.2968605821193,13.12393326114709],[80.2978398050678,13.132710519218097],[80.30423206840756,13.130389455609976],[80.29843770126303,13.137487911100571],[80.31277595136304,13.167452199432072],[80.33188192539187,13.235440511575504]]]}},{"type":"Feature","properties":{"id":"coimbatore","district":"Coimbatore","name":"Coimbatore","state":"Tamil Nadu","rep_lat":10.8115,"rep_lon":77.0807,"elderly_pct":11.0,"outdoor_worker_pct":23.5},"geometry":{"type":"Polygon","coordinates":[[[77.15186471477246,11.329711805015103],[77.13814239544531,11.33998665968091],[77.12931565097318,11.354161952733115],[77.13312681644813,11.363197688697083],[77.1284037962811,11.378376303219092],[77.11311194857437,11.380943142046135],[77.11065452896125,11.406133714188075],[77.09150873800577,11.40333822190367],[77.09134972003079,11.393556648260013],[77.08118022956751,11.387751254737728],[77.07569110187167,11.391687260200499],[77.07046505389162,11.386090300596068],[77.07042490099506,11.402498343343659],[77.04542835115306,11.402532718731788],[77.0325101937868,11.38481426459091],[77.02344293258386,11.387708419985527],[77.0257110825565,11.374130813658722],[77.02040778575024,11.370155656761177],[77.01347280074,11.36877431756886],[76.98761715695748,11.382209183326152],[76.98149491371741,11.383047962008346],[76.98083649981811,11.378195449159744],[76.96608284178126,11.386128427714365],[76.94810854827938,11.376421123153316],[76.93341172665055,11.37643448813376],[76.9290788969137,11.36800477821924],[76.95011795021253,11.3658016782889],[76.93759443802196,11.363500050031947],[76.93264827813496,11.35614599019278],[76.9329265007515,11.362734160187443],[76.90266480824832,11.350794898666631],[76.90308245388852,11.361864697622682],[76.89288570584455,11.366064457434131],[76.88843305342522,11.364690462840628],[76.88422264968855,11.351690525706488],[76.87858835603943,11.35835320459953],[76.8735634812757,11.351857817311343],[76.863829966576,11.35302347625258],[76.86321189511779,11.348164282559992],[76.86947369163728,11.345583613944285],[76.8563549251967,11.346025734393882],[76.84831225455906,11.339163338857254],[76.84823947844463,11.334837549424599],[76.8549132755911,11.33304826112747],[76.85107098259321,11.327212367863362],[76.86034622534399,11.324577948811879],[76.85456659775664,11.318113645964958],[76.86002215361366,11.309932623305063],[76.85995340195174,11.303595570957846],[76.8539998686102,11.305769046254625],[76.85442673455849,11.296064304880828],[76.84273064260977,11.287420570433193],[76.82998498782919,11.29326755032386],[76.81780823072819,11.289933797758632],[76.80697031464176,11.299156891766115],[76.79786211721132,11.295493113130014],[76.78954596436692,11.278992060860391],[76.76914131569477,11.289557732026072],[76.76516259735133,11.283672711091814],[76.76982522108686,11.276705518719803],[76.76782198339316,11.264370811830668],[76.75186303507836,11.254700120357796],[76.75584317275994,11.252581909081892],[76.75348748555611,11.248051350801177],[76.74381519822953,11.253331259308425],[76.73278430785042,11.244588522217779],[76.70600814781986,11.263364257422792],[76.70022326778302,11.258646881270904],[76.70085015800238,11.24565531567053],[76.71110482582257,11.232190641900166],[76.72565341285309,11.225520762105706],[76.73176851718164,11.213668525767268],[76.72217933659525,11.20363042589316],[76.72903856667762,11.19103966212439],[76.71033372096586,11.187843465016023],[76.70658685240737,11.1793639590916],[76.70023854004117,11.18181943689138],[76.68973410643598,11.15919436758089],[76.70660646622326,11.14163639711033],[76.71274269623235,11.142702268160024],[76.71003184930113,11.147992390790103],[76.71846960528893,11.147640609591917],[76.72875405226081,11.130451641208344],[76.73502686302399,11.136393586159567],[76.73930955508987,11.13197137225828],[76.74829611434265,11.13583732604966],[76.74741678135878,11.111202531387372],[76.73898368762733,11.10430327974518],[76.74657650892013,11.09251172427711],[76.75167903585366,11.093187032271972],[76.75453265293129,11.084155638356982],[76.75416226316659,11.07778752558652],[76.74104285443059,11.072336934382882],[76.74612892961804,11.054823562044582],[76.76070258233993,11.052308685202242],[76.76894305301997,11.043434079042143],[76.77815990258233,11.04209098295206],[76.78779431873316,11.044701362434296],[76.7962161556758,11.055852571940761],[76.80085956714237,11.05396555408357],[76.79184086257548,11.037360120943028],[76.76659984970362,11.029093007612316],[76.737603223174,11.03973873174255],[76.71088737513331,11.038721694304037],[76.69416432073615,11.021557148714098],[76.68603742405747,10.989201950902354],[76.66678531479317,10.968334873609374],[76.66472670225043,10.94348394080417],[76.65579714020414,10.93900564007582],[76.65909484303573,10.930496453092873],[76.67675049422488,10.918055495432128],[76.69521099458608,10.91022671802154],[76.71490196140941,10.908608885196738],[76.74078741758126,10.890970033232016],[76.75241269623442,10.895061202121575],[76.76789923132107,10.88703305862431],[76.7814298618447,10.890420366292158],[76.79179970715906,10.881106862686165],[76.82831544012757,10.871909633829107],[76.8319412014127,10.86012730417963],[76.84841763502672,10.84939017630259],[76.85378353093358,10.838958580764567],[76.84508365822397,10.826097926962014],[76.84990060713542,10.817249672328016],[76.8639634795834,10.817274277620921],[76.87005956298411,10.808327336763519],[76.90088733605013,10.807150635940857],[76.90753453497933,10.777987042609135],[76.90257642300749,10.770788761818649],[76.90249870615901,10.758388253366668],[76.88845772655283,10.73310713728885],[76.89294007188555,10.721460458259335],[76.89029863597973,10.716916503892875],[76.88220938589798,10.717341543931797],[76.86603441880848,10.685313555577956],[76.86958228088713,10.676782925925721],[76.87840003861317,10.675032865873618],[76.88247547586829,10.63970710536446],[76.86065842314291,10.63234178423304],[76.83065601407507,10.63762096560068],[76.81418242991715,10.63585618529736],[76.81009734295924,10.624180958279908],[76.8183292266435,10.61114687434685],[76.81731226726656,10.603203459419465],[76.8260068471025,10.596125386782889],[76.83826712327044,10.596667305415616],[76.83356524675025,10.574355772889822],[76.8392229145631,10.564754122367374],[76.835187375083,10.545401283919682],[76.84309609523366,10.537285306397179],[76.83103664732894,10.500032705002381],[76.82832588394106,10.45016552159349],[76.81637855656362,10.423519041146616],[76.82463648510289,10.410123435025676],[76.8335848264302,10.407768204776113],[76.8340343631613,10.40334200261571],[76.82365674202983,10.39506080544158],[76.8487853846428,10.368228672200214],[76.83630828570799,10.34601821219719],[76.8376797526354,10.336283073927977],[76.82870388602947,10.307870679078787],[76.84465202311983,10.295219080352322],[76.84219862706087,10.290899727902916],[76.84871568705486,10.285278131007596],[76.855098774104,10.292846040070565],[76.87313532983823,10.298484464856685],[76.87342194361781,10.276335869659723],[76.89741470518159,10.262435385334513],[76.90545606338058,10.247917678144402],[76.90300470290404,10.240296354779257],[76.90826232666633,10.240851958162636],[76.91159803811587,10.235286966963733],[76.92156042738033,10.232184913002314],[76.93936023840965,10.23890430681524],[76.95059962417292,10.23247402023353],[76.96854836689319,10.230774664355337],[76.98244620624709,10.220120441154426],[77.014433915449,10.245790954320107],[77.04063050042453,10.252660291675689],[77.05108115009703,10.262109351230375],[77.05268075766557,10.27249964287331],[77.04287673509752,10.283767206653659],[77.05645309885226,10.287004917087849],[77.09136018630214,10.313916245908677],[77.08836410001373,10.32459315364747],[77.08120193106812,10.321970225760744],[77.08421369026333,10.329533405611002],[77.07818178340483,10.337361852575077],[77.08995830780911,10.35086620338242],[77.0917050468448,10.36488883871164],[77.08705082235717,10.377436941608549],[77.04479724244514,10.414825629886918],[77.04179834532817,10.426383504314346],[77.07320074732525,10.459493900745773],[77.07211706827553,10.466152260901039],[77.06578712376195,10.465717033293025],[77.05854506314654,10.479055147596872],[77.07826723115463,10.502232226682029],[77.07858932479472,10.514862234772284],[77.07338174887185,10.516384660588278],[77.07663613943203,10.52999167065883],[77.07271382361036,10.545129682028026],[77.07703282288506,10.559708779590256],[77.0828571452511,10.56257115804893],[77.08058980825375,10.570513101222854],[77.08540860859299,10.578243673879987],[77.09056133877449,10.584080170005537],[77.10219808172732,10.58599362756126],[77.1579840627424,10.58422213056839],[77.16632718570658,10.587182175012826],[77.17066913783513,10.599703177093994],[77.18114392703593,10.643852100581977],[77.15229551623999,10.650586050871572],[77.14511667456271,10.659930006438131],[77.14244509568753,10.718482164354894],[77.13414915044542,10.750129103255034],[77.14534501642649,10.765440166096289],[77.15276007729425,10.765674788790218],[77.16024957885465,10.779230673432583],[77.16122467224778,10.793207362413378],[77.17179628366654,10.802170022011786],[77.17662836919052,10.797346191797464],[77.2152912284017,10.803463302145474],[77.21028151091173,10.790929791998902],[77.21438572929026,10.78556310842001],[77.23009204619434,10.77740839614485],[77.25413463640858,10.776391097183167],[77.28387236586107,10.786627024954681],[77.27591386826384,10.791382577227212],[77.27819755190444,10.802743800291573],[77.29902960820897,10.814595132661447],[77.29015425499848,10.83157945612043],[77.28839830284129,10.848092232245184],[77.26675440937005,10.859267726707587],[77.25778686206196,10.869833368160412],[77.25600128436501,10.88874111338837],[77.24807127863366,10.904652952200129],[77.23683460937578,10.907215419271354],[77.22088421661573,10.900896573974503],[77.21099169561916,10.902268954637185],[77.19893048432155,10.920230843128229],[77.18184238423736,10.920573104204955],[77.17365771690274,10.93945552391154],[77.17790297527245,10.942022442739152],[77.16969860518869,10.956791201155696],[77.16994255977208,10.968711156784995],[77.15377781640886,10.99830680221848],[77.16496900576053,11.002171134316109],[77.17534676972413,11.015785438398702],[77.17889212819809,11.036844101007409],[77.16608734810212,11.060238009601076],[77.168385466771,11.067339031847897],[77.19519061274082,11.078825058100982],[77.20535264539063,11.088844160770824],[77.21684007397016,11.090097777797446],[77.2341073771738,11.103390899621333],[77.25125684836159,11.109672083423606],[77.26402814375533,11.10642362013571],[77.26457050789632,11.11063000575494],[77.24221206839697,11.13802647322487],[77.23569924216292,11.139809703931],[77.23156599113274,11.126684449747097],[77.22505224143056,11.124955280791601],[77.21351845888402,11.126739515290597],[77.21225364982863,11.137940939975728],[77.18957566880293,11.150462642866856],[77.18394343319412,11.139493072397961],[77.17316363092004,11.13818391416669],[77.17871771309915,11.149623719722443],[77.17649419232811,11.156698184069935],[77.18230858471698,11.161945211741967],[77.1734517332081,11.168229666437448],[77.16098183876187,11.167996033633914],[77.15887421593385,11.197386626982514],[77.14502550723948,11.207173778585926],[77.14647282790948,11.21874536032401],[77.15922075003782,11.231486849188558],[77.15949649959238,11.243261920582247],[77.16589799581668,11.244278335734297],[77.16278056330302,11.252108602578604],[77.1700836824083,11.283278951156335],[77.15344278343542,11.278240370679384],[77.14384291199887,11.287294994204776],[77.13915346995883,11.27972538979866],[77.13874820310326,11.286084926984783],[77.12718464859157,11.28532798995228],[77.1171157164395,11.294622027839882],[77.11896105186584,11.3026002057133],[77.12591778239414,11.302769154802741],[77.12633647726663,11.307980477018432],[77.15056706241194,11.306279322178996],[77.15186471477246,11.329711805015103]]]}},{"type":"Feature","properties":{"id":"cuddalore","district":"Cuddalore","name":"Cuddalore","state":"Tamil Nadu","rep_lat":11.5217,"rep_lon":79.3396,"elderly_pct":12.0,"outdoor_worker_pct":32.0},"geometry":{"type":"MultiPolygon","coordinates":[[[[79.81287900157062,11.422687561024162],[79.79767543220522,11.463745310194115],[79.79476472269971,11.466234982644053],[79.79747076993233,11.458434119418916],[79.7770680921639,11.488553973657607],[79.77562239115639,11.494022798152269],[79.77922993460754,11.501494853747516],[79.7786412712968,11.506426566739055],[79.77070223659857,11.513707796381858],[79.77824458604714,11.501517951326019],[79.7727303755919,11.50106775286806],[79.76793248982912,11.510680644409042],[79.76737945460087,11.513890163247982],[79.77401140193315,11.504656986078357],[79.76289508266883,11.529527188036372],[79.75698076797597,11.557048033104358],[79.7606512482943,11.624372777865574],[79.79586439086317,11.785720614041095],[79.7844336899955,11.787339206063244],[79.78048591861359,11.78110925535414],[79.7719387002135,11.782181850389298],[79.76591104777619,11.791825154314807],[79.75510055456043,11.775232122170875],[79.72617851514886,11.782517775758325],[79.71235842408453,11.791507705987884],[79.71391056018189,11.796298480135667],[79.72282029910478,11.796485659746477],[79.72452255266927,11.810442892147936],[79.7357217603832,11.809322510277616],[79.72944586660195,11.836955492015623],[79.73820538205653,11.836916220211691],[79.7367307058895,11.844207499612185],[79.76442969083838,11.833733967634583],[79.76498897923935,11.824124694354932],[79.77012856796654,11.822594484583515],[79.77837956600341,11.831714440697693],[79.79580307455683,11.828497499602458],[79.79753871041558,11.824556582753647],[79.80070289484989,11.83064142136868],[79.79384219692035,11.833550253879782],[79.79828691182583,11.838699872033233],[79.80706247568297,11.83353594802867],[79.8082057283074,11.845256610733617],[79.80067268720182,11.85527085335404],[79.78228480664815,11.855875185725512],[79.77588084904002,11.838412146911152],[79.7681901913313,11.8387978886782],[79.76217035064371,11.84839134682618],[79.77087920201457,11.861326568025783],[79.77009366931608,11.874605963763655],[79.76398900969934,11.876967436167952],[79.75742679409096,11.876065149040727],[79.75188693763272,11.84834613870974],[79.74310602790133,11.848322722729419],[79.73936804907088,11.86469559334922],[79.72112127408545,11.862500699610608],[79.71890187119166,11.853285146014176],[79.7082647429443,11.869085595078634],[79.70982161495985,11.88928942861179],[79.684679877605,11.885851014120599],[79.68505990000448,11.880982975994629],[79.6898235680398,11.880841917586569],[79.69473949243094,11.84441882504422],[79.70309236121764,11.831910000660267],[79.68525225625625,11.831950070643888],[79.68998210361944,11.827623518640868],[79.68572275876778,11.812505583931785],[79.69057421196928,11.806998586219754],[79.68142363831198,11.79624278603627],[79.6681940287485,11.810600265348738],[79.64735405559132,11.799374503718564],[79.63675133910756,11.800455152390523],[79.61683821532121,11.824749864415047],[79.60380678039762,11.829042835396114],[79.59081959917984,11.841475745597009],[79.56502263065678,11.83992959359678],[79.52916058734746,11.857094844596192],[79.5099512055513,11.857593382621122],[79.4709919750599,11.871150638082172],[79.45507686542929,11.871494192093623],[79.45150077379283,11.849080512736306],[79.47222764366583,11.846882422439377],[79.46880333676968,11.843556793077573],[79.47163651537795,11.835352092305898],[79.48049760334173,11.837184307068444],[79.47701461399961,11.82296560461923],[79.48269092993944,11.811853512069446],[79.46830764909086,11.799238397801165],[79.46392651155129,11.800564054760965],[79.4664244379972,11.807284568162776],[79.44352137060235,11.809957238703515],[79.43935133715456,11.790666700056056],[79.43064146709416,11.778536656597097],[79.43877748257127,11.76662940581721],[79.46375151614069,11.767247141989424],[79.46279105899845,11.743229058730865],[79.45692281799819,11.737847260994135],[79.4397997060758,11.73762973899432],[79.42845055157466,11.731163650422518],[79.43586148109044,11.723939393940677],[79.43451821677135,11.70333733877673],[79.44268743218475,11.68620022505106],[79.44427880759203,11.666008859018792],[79.41784224756982,11.667898240919328],[79.41838845470356,11.671500599155449],[79.39547795195313,11.680271556176182],[79.37690935102557,11.679119209162577],[79.36155148343364,11.672691006251448],[79.35984191668443,11.65988560382107],[79.33231406528876,11.660962378037002],[79.32640578188472,11.647844112338488],[79.31997692567187,11.647996529909063],[79.31851095777319,11.642079418011093],[79.31160953921183,11.643899379676933],[79.30873280488869,11.632657362183577],[79.29634702688904,11.636364920314858],[79.29146481896545,11.647274807276823],[79.27957400729747,11.649191833640858],[79.2708867388496,11.643728376106058],[79.24874366594804,11.652397499955653],[79.23560676521682,11.629327637407725],[79.22463539092024,11.631984642627774],[79.21888772000077,11.638902161675086],[79.20999990086911,11.633715673293246],[79.21238948240693,11.620091596378563],[79.1836902817797,11.585976126386766],[79.15648732766608,11.59824271723607],[79.1502338306815,11.597461201598264],[79.14774390373317,11.589478846302232],[79.13575543441402,11.58895040897843],[79.13358702259072,11.593927084421981],[79.11647247071465,11.599178976974553],[79.11806310591012,11.605516179745125],[79.11294139096213,11.613285856011716],[79.1061831243312,11.614890030394436],[79.10286860683411,11.610676972900231],[79.09821918923157,11.614175037799846],[79.09862639644818,11.621153991351001],[79.09134512796389,11.623291124612503],[79.08408967436593,11.634318878927358],[79.07821690495834,11.62958985934522],[79.06748295359468,11.630215954114217],[79.06557080596913,11.611326182860449],[79.07697400940596,11.607992815373004],[79.07786558642712,11.596891709083764],[79.0681502850698,11.598770068692348],[79.04919203359955,11.585724858320509],[79.0431813763891,11.587228228732474],[79.04980804701742,11.595619453604929],[79.03346313304921,11.597978317795882],[79.01838988138374,11.60674621957449],[79.01213801843467,11.602657624569403],[79.01886771774127,11.592874382676714],[79.00440711799786,11.574629893331835],[78.99629686889803,11.575821612144624],[78.98102813574188,11.567017612850043],[78.9736714141636,11.569506075424105],[78.97425525891119,11.574559333769384],[78.92379984216451,11.567076720189302],[78.91526082178969,11.538533484372698],[78.9174830301221,11.531599401259587],[78.90494487629068,11.505347937435117],[78.87763396444285,11.507522975758599],[78.90867278141354,11.475917545836564],[78.91156793030169,11.465421568403222],[78.96208676541245,11.405457247083175],[78.98381144258052,11.40291473638385],[78.99698965144178,11.407552042562912],[79.0107245480812,11.397429384998016],[79.03244173958805,11.393568327823896],[79.05300019241324,11.402831780118285],[79.08313819857995,11.39679492480683],[79.10587517466529,11.401715746268904],[79.17664066634929,11.373955394179456],[79.23024480033766,11.392009399890156],[79.23783022580076,11.388616614686214],[79.24155668373767,11.369617165845309],[79.24942746444061,11.372835016264332],[79.25861028671832,11.388473698439054],[79.27292772914143,11.385771801799743],[79.27361696783136,11.38033885677948],[79.29601875733138,11.379989171093486],[79.29000115434717,11.40230324618399],[79.29258654795566,11.41232516900008],[79.3127396575685,11.418491557286437],[79.36836651370908,11.417604443953927],[79.37771789766333,11.411272029311693],[79.37324198157307,11.400776180122271],[79.37718666724197,11.3974404127584],[79.38403584966787,11.397119515587224],[79.38542864888832,11.401915368286229],[79.37765388371616,11.402896222994773],[79.37980712029938,11.410508150703919],[79.38508053374942,11.409206347188501],[79.39406928578978,11.401702696845984],[79.38974408634294,11.390542625787832],[79.3940682590154,11.377167387615444],[79.3890975939858,11.368760082108029],[79.39362347527049,11.366707793967741],[79.3952032857668,11.353513418855139],[79.40033801371,11.349901547310164],[79.4053678947848,11.354141094300768],[79.40853872765054,11.364862615337747],[79.42469938367923,11.360358658324245],[79.42580431597028,11.366659579402219],[79.42843225918052,11.357392880211776],[79.43732348382542,11.357287386146046],[79.43658439672204,11.348920732882759],[79.43079850158897,11.34554971169691],[79.43752509002971,11.333796133758499],[79.44865116320138,11.335235766659927],[79.4632304007494,11.318326754989744],[79.47355266859138,11.314065760818972],[79.49830327138669,11.313889834944908],[79.49508403459853,11.303589652257278],[79.50174390426483,11.29099597696579],[79.50524522822187,11.264581659573006],[79.50398435917728,11.257773745126672],[79.4948878434388,11.258510150105844],[79.49517367568409,11.248409734217658],[79.51021149060827,11.228140124416187],[79.50182068057721,11.203347893184414],[79.4817970110103,11.177632939998132],[79.4723526433393,11.177197471702303],[79.46388165777081,11.170537128715079],[79.45582104059045,11.155884718837573],[79.45866232020596,11.150554685663923],[79.49961743657875,11.175516116635848],[79.52672008660436,11.183726530769125],[79.56194192756017,11.208281538115399],[79.59834815140397,11.21822778828366],[79.60856657130415,11.229307756563385],[79.61636655398296,11.255531832396883],[79.63361685387487,11.246309105044102],[79.64695560784705,11.249260421239176],[79.64912149720104,11.261850979713204],[79.64241826316106,11.283638525776139],[79.65028238734776,11.299277931436075],[79.68380902381911,11.31199371833932],[79.7245088946837,11.345844264419979],[79.75930840887833,11.352622555288722],[79.756922153802,11.372894318382656],[79.76439462510126,11.381973881216712],[79.79156839744286,11.37242792494704],[79.80336671677257,11.381100938034379],[79.81287900157062,11.422687561024162]],[[79.69723025032089,11.874080456370386],[79.699070818388,11.86128640037173],[79.69599600913794,11.860351513037287],[79.69723025032089,11.874080456370386]],[[79.69711136997113,11.823074819850671],[79.70200256194586,11.822906422647314],[79.7042345691014,11.813468147834053],[79.692985498601,11.813737326876275],[79.69711136997113,11.823074819850671]]],[[[79.78766729084504,11.896837089169862],[79.775386995721,11.904986756927313],[79.76919724588394,11.900663263159041],[79.77288281879731,11.900443230808483],[79.77284217721724,11.875220668743076],[79.77966540461964,11.877911908282623],[79.77833130401474,11.8631559632293],[79.78520584588111,11.862828782170618],[79.79237354395728,11.876846757252],[79.7967496760841,11.89810556540499],[79.78766729084504,11.896837089169862]],[[79.79099433265382,11.89532576161388],[79.78902092980732,11.895035893399996],[79.78925652736365,11.895839985294794],[79.79099433265382,11.89532576161388]],[[79.79294754855921,11.883484892020029],[79.79158752616853,11.884999368196997],[79.79332177862175,11.884553362789205],[79.79294754855921,11.883484892020029]]]]}},{"type":"Feature","properties":{"id":"dharmapuri","district":"Dharmapuri","name":"Dharmapuri","state":"Tamil Nadu","rep_lat":12.1454,"rep_lon":78.1141,"elderly_pct":12.0,"outdoor_worker_pct":32.0},"geometry":{"type":"Polygon","coordinates":[[[78.64786194502625,12.162163441793178],[78.62106843223935,12.184216289313989],[78.61234360882274,12.182489160241447],[78.59663716884945,12.168100845867805],[78.58249198556861,12.16233555880967],[78.57535187834809,12.191993936604028],[78.57148289101323,12.193534391216149],[78.55464732172842,12.180481390573284],[78.516515275222,12.177186666123756],[78.50636404301689,12.142939606333897],[78.50203601926681,12.144429147397059],[78.49726897266768,12.139230471903089],[78.46929665912394,12.149107632322426],[78.46528088168178,12.146686195435361],[78.47189552207182,12.172791013072473],[78.44752151190822,12.185317950654765],[78.44640184185663,12.19106749390101],[78.42123710942715,12.189711806085828],[78.40863036024066,12.19651572679513],[78.3909359233908,12.186062394073135],[78.38267960732746,12.194984813651068],[78.3744139344121,12.195260465841585],[78.37911407538715,12.205497997036883],[78.39194744167209,12.204521589939631],[78.4016890627689,12.213312145360835],[78.40309597901407,12.223947371680014],[78.38444431177048,12.228440877032577],[78.37499217277397,12.221484773414241],[78.36980402741072,12.226659841116664],[78.35493866925815,12.226120964113925],[78.35879780207433,12.235201745223154],[78.35258364680763,12.247273637086776],[78.3342766766133,12.2635237462997],[78.31689607159785,12.26010322296574],[78.30219925805386,12.273952752849599],[78.28244775915346,12.268291937242441],[78.27705989135306,12.26022200535907],[78.26751769265603,12.263449884165004],[78.25959661168704,12.27874163531774],[78.26303444541475,12.289184057387592],[78.2581783236687,12.294546945763694],[78.23203904581841,12.302205854198316],[78.2355619374271,12.30714018161242],[78.2293925101767,12.317438675213381],[78.24733129058046,12.332790009244025],[78.23970068435018,12.334085792343831],[78.23623542415852,12.34788622939334],[78.22711015694108,12.348915528215826],[78.21597989941681,12.334089694068766],[78.20517539976066,12.329130051011916],[78.20079631666812,12.335793428588575],[78.19480083918934,12.332427590832712],[78.1735771380822,12.33715040827662],[78.16364451718962,12.350896524754502],[78.16672631623089,12.36288271008456],[78.14275953843675,12.370726618607684],[78.1348839104245,12.381949559382564],[78.12777518764503,12.402261635134762],[78.13458534456004,12.406379198992141],[78.131702168418,12.412033503917938],[78.142481426313,12.427242416074986],[78.12737453543505,12.441918394031022],[78.11462606533442,12.445258086379697],[78.1180518858918,12.45470007242156],[78.10833834163917,12.455255354350513],[78.09811114430035,12.445410191395471],[78.08014664333336,12.448856025914035],[78.07784409776679,12.463553888779803],[78.06839622666617,12.467362080223515],[78.05967644908651,12.46466155668126],[78.04911756230375,12.47563710218397],[78.04159803455497,12.473474204139904],[78.03819410234779,12.461531802620263],[78.02706912242581,12.459661120185016],[78.012735804975,12.484482284895577],[78.01184420819091,12.50276367358864],[77.99376788134411,12.50043284341757],[77.98581825011873,12.509777694286608],[77.98180288141005,12.499135886970025],[77.9683191330628,12.495276089739791],[77.96582760172336,12.486183156072943],[77.9588997493365,12.483898210671754],[77.9460336529342,12.49925072278601],[77.9535231715626,12.502231222242521],[77.94240764640897,12.513678027907446],[77.92147063633652,12.504158798100049],[77.90891803040883,12.51266206506606],[77.90007547738433,12.49900025333262],[77.90580458821167,12.489371839940542],[77.92223673308555,12.490699410672306],[77.93450925059588,12.469436288802084],[77.92479386030531,12.460515954270562],[77.92820374385127,12.445202324957028],[77.93147282905286,12.441102273606448],[77.94512905842625,12.449447498416115],[77.96309634506892,12.430283203302622],[77.97089895621824,12.412703280042413],[77.96783497166739,12.394295059639271],[77.94947888338994,12.375091117406038],[77.95461718303473,12.351301944330322],[77.94983069240128,12.348668173970903],[77.94853114369724,12.3365734356173],[77.92674818113855,12.325097479373555],[77.87924374537158,12.335853937395147],[77.8672134271366,12.330244467665777],[77.87500603015533,12.303247763864581],[77.86773169576672,12.265755273999655],[77.8616843172241,12.254477936582141],[77.85377900977318,12.261930471829269],[77.84525379740256,12.262178068411403],[77.83351436623299,12.246493009596676],[77.81451955243233,12.234208639203771],[77.80349858035228,12.17621570442036],[77.7947671408436,12.16878692956619],[77.79392411057702,12.147696889403957],[77.77683590269494,12.157404204393],[77.77244727140929,12.171961040402064],[77.7610271841367,12.169316656249114],[77.74671723725635,12.155849341880272],[77.74980753975008,12.138462531997547],[77.77379821093413,12.120519785102278],[77.77639204511306,12.112280954837138],[77.76775454243364,12.106636729322883],[77.75568705370884,12.079733695018014],[77.72753522712689,12.062037856300574],[77.70890554255665,12.036018063971495],[77.67802093577755,11.973927072598844],[77.67450598078439,11.953899976299965],[77.69132793879602,11.941838038285162],[77.73836436307973,11.939772083956857],[77.74068362988702,11.93132338468212],[77.75062825227174,11.928076864769228],[77.7626667730236,11.909907439895505],[77.80741753916976,11.909077518588676],[77.84774071589301,11.894295919834196],[77.85005257609076,11.904900057394403],[77.86708896555398,11.91574487791861],[77.8920302222936,11.908874693827569],[77.90508279996574,11.900285963899911],[77.9329328941218,11.901344461421598],[77.94850867503533,11.894941006083606],[77.96099854172527,11.900922211593288],[77.97034589044725,11.895558696902688],[78.00635713134888,11.914430373631292],[78.0112974414067,11.921307407373915],[78.02686234641709,11.920450308823355],[78.03904338039717,11.936337756436728],[78.07372239457959,11.937599053934019],[78.10059629221139,11.95576002140083],[78.14485915997054,11.96825007279592],[78.16847864188931,11.9674208126094],[78.17905664482132,11.972843206248985],[78.23486558408008,11.979260095723124],[78.25327740743103,11.95106129558708],[78.25007951191908,11.938173349395049],[78.23438834420394,11.91895056266827],[78.23579247657003,11.917964712291582],[78.24197405443296,11.92666329438379],[78.25588848656847,11.933177005360584],[78.25700069700994,11.940219580678775],[78.27275556156692,11.937920908618663],[78.26264316173487,11.927444065419408],[78.25794970063228,11.912363511764061],[78.26190178662246,11.911967454811853],[78.27502569322309,11.931440160792016],[78.290755874771,11.932096593380935],[78.29156074640098,11.92748191965452],[78.28022467586194,11.923586448667455],[78.27998916813716,11.914939623160567],[78.26902077355236,11.900250057273107],[78.28007294412224,11.899567213396953],[78.29265075408188,11.90677182327185],[78.29157879535165,11.91454130575779],[78.30230750774054,11.92274824740737],[78.31712650833285,11.931724200792278],[78.32438853490375,11.930084994079703],[78.3315047145984,11.92224420792725],[78.32270475788803,11.90521131856557],[78.32639136296568,11.899584630119884],[78.30914847507314,11.881188953682363],[78.33627270981842,11.900476840561785],[78.3400092217,11.897218519327701],[78.35426295739977,11.912285333560964],[78.35979844804575,11.909646199736235],[78.35313114571882,11.894160166229957],[78.36574790573081,11.89183785456522],[78.3675567812347,11.880565179595065],[78.34800568299943,11.848485116213068],[78.35077894487657,11.833917491353862],[78.31504247077262,11.781081546588453],[78.32828345210928,11.775981266642454],[78.34501652541681,11.793485406599851],[78.35124230308665,11.792853319439761],[78.38190750534075,11.82746012976921],[78.4031462855683,11.873545168910974],[78.41437682562099,11.880143285192036],[78.44148321623143,11.868346226152424],[78.43307025644042,11.862232346614071],[78.43507878161789,11.854665464657462],[78.44067395094146,11.839653475264756],[78.45538151462445,11.826352224579823],[78.47790640565772,11.8176373056877],[78.51195833199145,11.811495305244026],[78.5218856159929,11.815332257371978],[78.5350336603252,11.807178472576625],[78.54677467342796,11.80695169617918],[78.57430052427551,11.819424822733993],[78.59583747780374,11.822759578604671],[78.60992133399846,11.85265622565143],[78.62768444974674,11.873033202835583],[78.63365954355336,11.87417680321916],[78.63455459256315,11.888337854581545],[78.65505538163194,11.88535827505283],[78.66083441363627,11.89532424441725],[78.68987901828689,11.904007182005754],[78.6947235176298,11.89446444000057],[78.70824072013654,11.89793699035864],[78.7113189214251,11.908987445075867],[78.72386177524204,11.919668867242832],[78.70442417015978,11.940005313328644],[78.70827855358303,11.951073688168131],[78.71332792989617,11.950742262669712],[78.70985748283206,11.966617408382064],[78.71711207135242,11.984127375772053],[78.70289382808953,11.986145376393168],[78.6977167167329,11.99251068402895],[78.70244293580068,12.000076006156547],[78.70401208598949,12.030064610381038],[78.71987054067179,12.06718222064765],[78.7228399083687,12.088501660911998],[78.73408337787329,12.11335270964187],[78.74521727716774,12.123920391272868],[78.73763752456568,12.133921448750087],[78.69100834073623,12.115100867923449],[78.68411198597816,12.105913362591638],[78.66120577897135,12.102477095296512],[78.66443632105738,12.115444262403098],[78.65722570956174,12.125022797687269],[78.64911398632654,12.129330843780348],[78.63092825096632,12.128630794978864],[78.63554957106341,12.14646626235093],[78.6415859452438,12.149259452153547],[78.64786194502625,12.162163441793178]]]}},{"type":"Feature","properties":{"id":"dindigul","district":"Dindigul","name":"Dindigul","state":"Tamil Nadu","rep_lat":10.4297,"rep_lon":77.8157,"elderly_pct":12.0,"outdoor_worker_pct":32.0},"geometry":{"type":"Polygon","coordinates":[[[78.20001736772235,10.54668869782366],[78.1887542053501,10.559131030867643],[78.1700410241708,10.554202003960864],[78.16096429382647,10.562493376920349],[78.13916779814804,10.562630184019957],[78.13271241019325,10.575088418406544],[78.13616661841195,10.596777163275803],[78.14486194564624,10.605528357133052],[78.16539210243829,10.613740416176515],[78.16026247692591,10.63305643979098],[78.16306525564669,10.648850333818304],[78.14553537308886,10.649588371619036],[78.1485018086847,10.660486738403032],[78.14507043474221,10.67670594186745],[78.15466644611801,10.720050970383074],[78.15163727397933,10.740510236214428],[78.16824902531619,10.775886272822175],[78.16988855132102,10.798984900388827],[78.18605904120712,10.819323885429652],[78.18081941069998,10.821191679908845],[78.18632089921411,10.826321303812023],[78.18663760655573,10.83303389861052],[78.18194151159273,10.83279059103678],[78.18259390318634,10.823813171599985],[78.17708854293332,10.82272465758362],[78.17602949119713,10.8351284788666],[78.15857100314483,10.832784412239583],[78.15848368959418,10.827748800135298],[78.1523061469635,10.826442893635681],[78.14912701276624,10.80386864784458],[78.1050650307625,10.805034074014493],[78.09641642400783,10.788868545145984],[78.09806026641762,10.766931656785884],[78.06994774202768,10.77571927684736],[78.0660864164239,10.767627157396234],[78.05692138258546,10.763570238935417],[78.05569357783155,10.773939620627825],[78.04776633980958,10.773480975062368],[78.04710686230499,10.777562628026482],[78.03411949603432,10.774548255962667],[78.03389828769222,10.779940918941298],[78.02780811610438,10.781457777309448],[78.02668565588553,10.775178648408266],[78.02255690631324,10.776560432219762],[78.02463424423809,10.77157529178397],[77.99852564026148,10.774475583862808],[77.99492754708709,10.761738656079789],[77.98327856009696,10.75946442619131],[77.93921114687898,10.768407684051986],[77.93222775794628,10.75322066476981],[77.9313063119419,10.736621197646338],[77.95793038988981,10.743816772567959],[77.99817062156961,10.742773848649776],[77.99866400956132,10.729879419884831],[78.01059216958556,10.731102742603147],[78.00871255444804,10.722115544648334],[78.01516764955203,10.719636379297384],[78.00912911492335,10.709427167206117],[78.00554605056367,10.675464449413534],[77.99264104812642,10.671105946399862],[77.96985004017336,10.672496376597032],[77.97778293937823,10.639829990404662],[77.91397259628934,10.648241711594306],[77.90900135543963,10.657038766695152],[77.89591259272956,10.645512649877942],[77.88556203873591,10.650290990723269],[77.87641786916825,10.645431569410544],[77.87230104293474,10.631246493288678],[77.84599316478032,10.639006049271385],[77.83068115259042,10.632829007148796],[77.81295683418094,10.64823550341834],[77.81770285481251,10.67941342384983],[77.78878944192262,10.685237299292988],[77.7556827741348,10.671614863399995],[77.75466281258815,10.65180178833107],[77.7466799194428,10.64068919372148],[77.730742140826,10.6305147317646],[77.72054768079104,10.631231959943902],[77.72305914484834,10.640764723092916],[77.71410733512569,10.64152659136331],[77.69847427044317,10.662427819755631],[77.70870329944684,10.68632003681922],[77.70434784384292,10.725376754811228],[77.70203224755191,10.73370375900634],[77.69547298470586,10.735305415635157],[77.68857509562527,10.73474168168074],[77.66469826344557,10.7162749187203],[77.65569505032576,10.673355098439574],[77.63678805582731,10.668740623286103],[77.59621365894664,10.675907862290035],[77.58600720640267,10.683468969234621],[77.58007109139449,10.679083395643215],[77.57146498842751,10.657876816832912],[77.54919612443672,10.638967545405345],[77.54283911997184,10.609764251401941],[77.50826482240208,10.606986031890804],[77.5072889151353,10.613386487872985],[77.51613525006718,10.612951345570082],[77.50673500225302,10.627024147441064],[77.5046494249804,10.64255979427299],[77.48250887364985,10.650003585406187],[77.47286424904412,10.64263377817147],[77.45815427338458,10.642352948263943],[77.44513708933468,10.629653578605746],[77.43263508640524,10.631418703792347],[77.4177422326185,10.625562307302252],[77.39450562614853,10.60529470996402],[77.39623249984,10.59789485383668],[77.38786195041186,10.596141118257371],[77.37760504309166,10.561067598311583],[77.36834968275305,10.54897523214782],[77.37090406472136,10.53451018877138],[77.37802126939371,10.525916995577928],[77.4056666222252,10.522123690050414],[77.40170015869887,10.498824285615518],[77.37854246114176,10.493920188229984],[77.37666991844047,10.485955247935351],[77.38531592457235,10.470906818386787],[77.38502803338842,10.448865289293192],[77.35714759324374,10.444845617391639],[77.33558612828467,10.455077406884236],[77.32294600758367,10.44852966334428],[77.32715454192623,10.434693435268686],[77.31997585565749,10.433955303572676],[77.32291845355897,10.42543035862354],[77.31673079859313,10.403663309034595],[77.3156725634255,10.355656067894833],[77.33664221558044,10.354136361791618],[77.32996962666805,10.341139047898205],[77.32984287707642,10.334891786778131],[77.3348650137752,10.332108008889405],[77.32654467388322,10.32112194156955],[77.32990188920405,10.309631516697875],[77.34741939926545,10.290128183988696],[77.35127818173866,10.273335039581536],[77.34809790218942,10.263398715854985],[77.32507031032989,10.270076697965147],[77.31053850832045,10.246330144774985],[77.30411751326463,10.24418144125548],[77.29678103432296,10.252693758830246],[77.28808816128608,10.231863375776594],[77.29495562802123,10.217898372624026],[77.28311734713611,10.208648399377607],[77.28481922340818,10.200552007255173],[77.2753048024164,10.184418497753898],[77.2717978864467,10.141994448883656],[77.27477210594449,10.132546462646445],[77.2665925958379,10.119341512756288],[77.2830396329826,10.117773819024272],[77.28414586064424,10.125377657423243],[77.28953399344765,10.124958814588403],[77.30248338343971,10.136001263023775],[77.31301353042157,10.135388944681228],[77.3237228418953,10.127566038892535],[77.32929080304554,10.142679001782282],[77.34146892289083,10.136022109395638],[77.3603242085649,10.151032016008775],[77.37207786006543,10.139306430652265],[77.38467474844505,10.146674996560598],[77.39543375741525,10.16279488730188],[77.40874754630735,10.158449939572446],[77.41142925638232,10.145019339300356],[77.42757926467995,10.136080494085787],[77.43818162543089,10.132408235192145],[77.45212486204595,10.13605815768076],[77.46564590844379,10.128767988004583],[77.46804463393289,10.14225203204824],[77.48070237957978,10.147049272379894],[77.48263446082149,10.153933400703819],[77.48775175695663,10.147743241596636],[77.50001385939954,10.160965540972903],[77.51180390344885,10.160897844613345],[77.52760497914066,10.173940364018755],[77.52315083461964,10.176140413571183],[77.5368021196657,10.179620980980289],[77.53805903612304,10.187712951961823],[77.5462283799955,10.18284668959579],[77.54445522869388,10.192520088436154],[77.55129561212154,10.191830173913175],[77.54636093270388,10.198731744256687],[77.54818484331066,10.203994082875669],[77.54980590983475,10.199921490161586],[77.55566464486266,10.202079213926707],[77.56681878140381,10.195373312429119],[77.5697466298666,10.181269906425994],[77.5890460327357,10.196760257773755],[77.59188961203833,10.19131343131337],[77.59831889584926,10.194311288321403],[77.6030047410349,10.199962334650436],[77.59578031614518,10.205793040760113],[77.60380270821359,10.205924921324446],[77.62325597182956,10.218728149131968],[77.62557442386488,10.211002647943738],[77.6452654589602,10.204470405702464],[77.66443003278995,10.188783033204329],[77.68148889271167,10.201483502116382],[77.69321122714476,10.196911371832224],[77.70654019756518,10.215858495357521],[77.71002896487119,10.206301390971712],[77.70127400387508,10.195164963401439],[77.71224242540934,10.170014988910054],[77.72928144873298,10.15906634758893],[77.72392565887307,10.146170871023818],[77.72426509179476,10.136103654652022],[77.7294510497603,10.131382712111016],[77.72174141963276,10.134029342567656],[77.70786612978915,10.128902092584461],[77.69724647018081,10.135223971999466],[77.69211107658599,10.145364458278026],[77.67637939485154,10.144630067404712],[77.6754782696372,10.126611430837265],[77.66862985257595,10.122367464978064],[77.69419885562935,10.111094067217087],[77.70253634975002,10.10273855990811],[77.69693577256844,10.086669292292916],[77.70854399940089,10.081472803263349],[77.71259558458858,10.047884354750916],[77.70634008436093,10.037981347705532],[77.71166633132606,10.033970364426324],[77.71038147187349,10.020318719416862],[77.71723113310146,10.018052249394984],[77.75540003568734,10.048623362606717],[77.759980217436,10.04660892215446],[77.76355267808204,10.055913465267373],[77.78054947070586,10.05093752473954],[77.80555903803463,10.067602440636493],[77.82286991402111,10.065540148277378],[77.83551739461923,10.074054391766792],[77.84760075388017,10.075353299264641],[77.86362543641589,10.07424256616946],[77.87484250443428,10.06159463614609],[77.89101278141965,10.078117163756003],[77.90149031407535,10.071146042932272],[77.90896694008279,10.075806211562421],[77.9195547831604,10.071917806145203],[77.9254149294416,10.091008172189289],[77.94647334233316,10.083626212159023],[77.94670280978596,10.090610377096592],[77.93129320282698,10.090305535930861],[77.93355489031947,10.11361749813277],[77.95991866793905,10.131160939125447],[77.96221048043465,10.13730834666374],[77.97270685255845,10.131162274431166],[77.98407327357765,10.136606150363173],[77.99714394960782,10.160741308221862],[78.01374257027014,10.163361581429541],[78.01274976659116,10.17069797516263],[78.02003180044007,10.184524243414163],[78.06318949515969,10.183329340169545],[78.07075412821722,10.18810448873155],[78.09153533718175,10.181996090263958],[78.10364470716172,10.192331214246726],[78.12417462500194,10.18559238932618],[78.13062680058125,10.1875046447864],[78.14612282008072,10.179385565900855],[78.15219516100845,10.163156734232208],[78.16122413242073,10.154544502235138],[78.15856783568516,10.14437811631248],[78.16425245834637,10.141131956909033],[78.16538676734383,10.123858985865473],[78.15630222974136,10.10726041776653],[78.17469038338284,10.098321552064432],[78.17015980211261,10.092454502611904],[78.17859449125204,10.09257549056014],[78.20398241640207,10.079348492567746],[78.2028575693595,10.06691275705668],[78.21258908261277,10.075264547034793],[78.26037913862262,10.085924573211445],[78.26452775174246,10.093618842572269],[78.26128440237545,10.10242899875879],[78.27339213831993,10.114823973423881],[78.27049923522,10.129442258946858],[78.28083280566489,10.129581252610317],[78.28425776114469,10.148581982216369],[78.28136840818674,10.166902639855726],[78.26186076056345,10.159043913753754],[78.26968403296429,10.151321209246401],[78.25981792692865,10.154179751425396],[78.2596697480259,10.161447983226903],[78.27221824685614,10.171940048032027],[78.27281282467469,10.181098711633162],[78.26894516055827,10.182358399075328],[78.28233291583255,10.190658096583975],[78.29142346406262,10.203946466644526],[78.30384774385534,10.21091120235109],[78.31346791362407,10.208838638653738],[78.30902954621438,10.214744532894233],[78.32019331000045,10.214097214599052],[78.32868814673803,10.228351822027848],[78.32174759486796,10.24772537165458],[78.32974812373898,10.248508884730649],[78.33197425142097,10.25493032291878],[78.32774779928175,10.255657501781037],[78.33011750559393,10.27786692858409],[78.32598996335737,10.285144214288746],[78.328832930009,10.289253738166979],[78.3398929132269,10.288749134255664],[78.33527743756908,10.293711970585408],[78.33871389507776,10.298300692586382],[78.32940670194728,10.297783955577305],[78.33701865376237,10.310808627403897],[78.33780168734776,10.32549564761259],[78.31783844565338,10.348722771915535],[78.3047941630246,10.352168979818],[78.2793394723877,10.372639432646166],[78.27720373678288,10.383189375911977],[78.28763383389996,10.393345581274737],[78.28782749899713,10.402115240877738],[78.30681585480919,10.412155632581397],[78.30647526485743,10.423230598987145],[78.31509328397664,10.439460821418667],[78.29547588468353,10.450879079776112],[78.25301268289994,10.462382716741155],[78.24637030882212,10.467945807562401],[78.21758317660328,10.4666890195757],[78.19990236989125,10.48150207903314],[78.20261198343555,10.486514600979334],[78.19172595268421,10.500909786600447],[78.17336478443386,10.503726869029833],[78.17661438158366,10.517427806213691],[78.18489203622825,10.521399996059365],[78.1901071687793,10.538454544681503],[78.20001736772235,10.54668869782366]]]}},{"type":"Feature","properties":{"id":"erode","district":"Erode","name":"Erode","state":"Tamil Nadu","rep_lat":11.4167,"rep_lon":77.3314,"elderly_pct":12.0,"outdoor_worker_pct":32.0},"geometry":{"type":"MultiPolygon","coordinates":[[[[77.42724111275588,11.76087036880894],[77.42259742640483,11.761717868350983],[77.42222728996508,11.772376037630922],[77.39445553159669,11.787633191433397],[77.37025555744302,11.786656677915092],[77.36484641484176,11.790403376902518],[77.36042479292728,11.779469287163279],[77.3351488319976,11.771230779767873],[77.29385437882286,11.808998277280233],[77.2879755278208,11.800435621589497],[77.24987603536198,11.81301267785875],[77.24959586879115,11.804180656926043],[77.2386016943543,11.79465274796905],[77.18923576606235,11.792521524738074],[77.18201613997287,11.786320572939848],[77.14709466420703,11.781914793125624],[77.13807819914017,11.772641478997988],[77.11074656226042,11.77347245321181],[77.11245569422503,11.756933230710073],[77.1085460769882,11.752599958685773],[77.1177064341973,11.721072082751135],[77.10500983282112,11.732798240344978],[77.08021798028629,11.735981982900395],[77.08276502840859,11.739763348021127],[77.05642675216329,11.769775763307457],[77.06975656700008,11.782076409035051],[77.06294256619397,11.79039671309497],[77.04646867840549,11.787616640788164],[77.03510161598918,11.76977900663906],[77.02886476388848,11.774674731652357],[77.03874926831945,11.793846691820331],[77.03267208277738,11.795889600977024],[77.02987993561803,11.804674974839717],[77.01688831312953,11.810713669207608],[77.01401058257474,11.806210792728221],[77.01294023991369,11.814615034615587],[76.99353908038083,11.80916032392236],[76.98214861325806,11.81150361809563],[76.9836459161905,11.80168327742404],[76.9699226994464,11.776859736257153],[76.95393962956956,11.79205213579891],[76.9423866491271,11.78802500992634],[76.90800360827126,11.795245400198146],[76.89661073815512,11.776467615150741],[76.88834944183183,11.73364316913771],[76.86263299918912,11.711010990024088],[76.86371125241453,11.705374635164683],[76.85276056542065,11.692369703108584],[76.84184109488282,11.662129705562872],[76.83500509972531,11.65541638639217],[76.83793287542458,11.641938258204533],[76.83462737701296,11.63950147331885],[76.8451283179683,11.634146942974448],[76.84275882994676,11.627050167963684],[76.8521129277115,11.621668027967324],[76.85053185328557,11.615959104409242],[76.85812453983107,11.614029851395932],[76.8564708635639,11.599281013878056],[76.84693266057326,11.594471499896022],[76.84671506615356,11.582060056994925],[76.8422448381957,11.585422492938006],[76.83040114585933,11.571928149111917],[76.83954696922541,11.569502357156097],[76.86310672216094,11.544101979619164],[76.86627550327455,11.519585169947655],[76.89547645341217,11.527391487745868],[76.91436458508629,11.524180746394975],[76.9273555311434,11.533291514320378],[76.92639628133692,11.5250832083836],[76.93796988889494,11.527074540567382],[76.94316649009996,11.522359065941725],[76.93969163140952,11.51895611469046],[76.94508172972677,11.519289537319482],[76.93376308740258,11.506712277387876],[76.9390437403755,11.497967047205766],[76.93526636323331,11.482163600185325],[76.95592461888657,11.47914427356004],[76.97182295607253,11.467654194180264],[76.99105179178447,11.481167244397009],[76.99925721738865,11.475249645831427],[77.01221481888072,11.452007256237657],[77.01142215894876,11.440991433662042],[77.00729653641196,11.434367786389897],[77.00008886330565,11.434884430400178],[76.99771091944233,11.440562282212483],[76.98291750825923,11.44036380558833],[76.97605084461792,11.413914258743679],[76.98099794683759,11.401296506289778],[76.9757617685561,11.395736855145739],[76.97040274296455,11.397157719600301],[76.95746133899537,11.381057321143441],[76.97160727596273,11.386189527962902],[76.98083649981811,11.378195449159744],[76.98149491371741,11.383047962008346],[76.98761715695748,11.382209183326152],[77.01361019536776,11.368760801631161],[77.02543190503081,11.373339663801088],[77.02344293258386,11.387708419985527],[77.0325101937868,11.38481426459091],[77.04542835115306,11.402532718731788],[77.07042490099506,11.402498343343659],[77.07046505389162,11.386090300596068],[77.07569110187167,11.391687260200499],[77.08118022956751,11.387751254737728],[77.09134972003079,11.393556648260013],[77.09150873800577,11.40333822190367],[77.11026972123624,11.406368775278922],[77.11311194857437,11.380943142046135],[77.13044235663008,11.375325211996747],[77.1331176931581,11.362985219068314],[77.12931565097318,11.354161952733115],[77.13814239544531,11.33998665968091],[77.15860269474932,11.332685478096616],[77.16767901905514,11.317225635228004],[77.18249973273468,11.313842421854686],[77.18305076741481,11.322191080430345],[77.1745147932271,11.33253001763321],[77.17873030837775,11.342057832645779],[77.19660270687527,11.338673433286445],[77.21084170661112,11.349595147422216],[77.2340938305793,11.352037891011156],[77.23477042009173,11.348204633368514],[77.22152543855711,11.340208255431875],[77.23454447403486,11.331105018020056],[77.23652157973693,11.314063319080846],[77.22645575755239,11.317556308965672],[77.21810270640766,11.305865159427103],[77.20431809071218,11.309941527145035],[77.20343174727587,11.29997479561449],[77.21631415259213,11.297846931198974],[77.21912797789594,11.303767505676268],[77.24153337592844,11.305138735605272],[77.23832918861626,11.322384257589047],[77.24775625293825,11.324893918377752],[77.24897927955318,11.32956466571054],[77.25410480605292,11.32051120737553],[77.2503547385937,11.311407632936094],[77.25388451668738,11.310772225656265],[77.28174528193074,11.334407810615863],[77.2877102436393,11.333188876322664],[77.28893972824282,11.343746290766179],[77.29297436671266,11.330006698201705],[77.2881779362206,11.322341485250169],[77.28631718390739,11.292370838348342],[77.29187644217916,11.286536161050709],[77.31437607707825,11.281967934963376],[77.30770974313518,11.274496974406032],[77.29559150588497,11.272761593044343],[77.33132800873504,11.256783123163203],[77.33639448627623,11.25708325064508],[77.3350406380065,11.262957240348232],[77.34428037933722,11.272024867750007],[77.34872204715725,11.28591833428612],[77.34526621478453,11.300033857391998],[77.3332650819148,11.306864679014813],[77.33377500160269,11.315073483382193],[77.36608097312998,11.317132551581848],[77.36318240884711,11.34149764192453],[77.37861493721888,11.339410138763391],[77.38676430255946,11.322065108086118],[77.4175360468029,11.310322040961292],[77.42315808024503,11.312123732114319],[77.42574009708639,11.319655023567648],[77.44396837306518,11.305667239898439],[77.44821843742166,11.311453730415659],[77.4495373259555,11.306065822768094],[77.45454174518188,11.306804555422278],[77.45260816375365,11.31316124341224],[77.46167639244216,11.29919922887695],[77.45739591023185,11.299217255687557],[77.45635438822008,11.293551640420414],[77.46908824362939,11.27008741757281],[77.463201579081,11.25846775325558],[77.46525855130004,11.252279493232892],[77.47012227908158,11.253229919822667],[77.47001748431548,11.246972791684676],[77.48012403611503,11.236534678425643],[77.50023211318263,11.22678004718763],[77.49448146883962,11.222462143781481],[77.50199001827731,11.219258122129592],[77.49904106210025,11.205627411700794],[77.51073600240875,11.198457759416776],[77.51686373974515,11.205633442564183],[77.5123225862023,11.18302586664794],[77.4879402630291,11.178978808684496],[77.47633287522312,11.184931254412428],[77.46972859330661,11.164848172863124],[77.47148009790489,11.159956796378282],[77.47592172530075,11.163910470113011],[77.47911065562616,11.159551940113694],[77.48513515677345,11.160828984427637],[77.48320906819298,11.140018857660413],[77.49369568640945,11.140620584080779],[77.49894379521623,11.146557950689465],[77.50460184571136,11.125432022916748],[77.50325217370934,11.106908713818015],[77.5314581507366,11.103937636237958],[77.55620815076236,11.108221033408517],[77.58422531090005,11.121425849971134],[77.59871273433784,11.111627980053045],[77.61355009020632,11.12545662107609],[77.62306581555191,11.127097901615796],[77.63894377086237,11.1239383377333],[77.64617515500063,11.115751974378957],[77.65446403139978,11.11620349972966],[77.66136941692142,11.103776823575364],[77.70269517907875,11.093988243018488],[77.71336346359512,11.078173818346427],[77.730139886005,11.076654574178423],[77.73819736537008,11.085362324786416],[77.77515076742651,11.05832061940498],[77.79388694907033,11.067434928812146],[77.80444999235792,11.062953712784793],[77.81095979755767,11.071136989591562],[77.81783357316108,11.07030227717778],[77.82806272343733,11.063221090051949],[77.83050905514492,11.047802960377567],[77.85164528010638,11.046101743837482],[77.85428689387862,11.03166437029149],[77.86913063587048,11.023434008181155],[77.88107727244348,11.024306632857844],[77.88729558421502,11.031796726389864],[77.89977342515823,11.033974975157737],[77.90727401642083,11.04603901900422],[77.91975704872809,11.046892038734041],[77.93312714132728,11.07015572088502],[77.89534608097539,11.07672306857457],[77.8874063491845,11.088227305096702],[77.881699376439,11.125428800396415],[77.88434055991823,11.155931184017579],[77.86667938409006,11.173622865770039],[77.86145514531702,11.185691544632778],[77.87082530316239,11.214752341265593],[77.86476622226655,11.242447248399623],[77.84084790768367,11.260602428932097],[77.8076971505817,11.267597681181037],[77.77240646992908,11.322054679900711],[77.75755675414058,11.334307465116227],[77.75082368525338,11.354152454013034],[77.73888209002573,11.367852329582838],[77.71749229311749,11.378273700201003],[77.68373711266143,11.419455434416605],[77.68644914177557,11.44157642038064],[77.69913617519562,11.477025025146334],[77.73244330383574,11.511661320766521],[77.72406383683177,11.536660247082732],[77.7461990027622,11.570648198291005],[77.7358974931898,11.601322669836394],[77.76126151057687,11.648220099810917],[77.77651772660784,11.695704635010497],[77.7705504400593,11.697062874966084],[77.74562210558503,11.654610150596069],[77.73421298764036,11.657868919772985],[77.72421664744812,11.649747195062393],[77.71496219710292,11.649286682638394],[77.71629495742135,11.642189715804497],[77.70547019806058,11.634429023182982],[77.69548817162405,11.639645853704955],[77.68963235881577,11.66368934782712],[77.69822132731701,11.693472071005118],[77.68989460489496,11.694751368250682],[77.69513400004352,11.706775576750022],[77.69096149892363,11.718508804571826],[77.69643641886493,11.722610822295541],[77.70791460108528,11.76609699418599],[77.72218178007324,11.795084186867987],[77.70983192121025,11.79759643013571],[77.69733371366289,11.760613248943084],[77.68626453439141,11.74247610915557],[77.67270592044841,11.732844031285545],[77.67546620616123,11.725286037881915],[77.65866230159187,11.717793465837598],[77.64918732921747,11.70478593790816],[77.63480709455602,11.674725886268755],[77.63433505502707,11.663961454945676],[77.62501331996877,11.663681598847315],[77.62534081787358,11.67296355760604],[77.61839063696199,11.67618322912508],[77.61611842570589,11.671547465610823],[77.6227511366062,11.664873847403358],[77.61066006980013,11.652248129794833],[77.58869125389403,11.679457963397038],[77.58901814094445,11.684987995230301],[77.5783946509197,11.685287686360292],[77.58180708657939,11.67594843003222],[77.57179130864101,11.664975051724612],[77.57672657106525,11.652472964070286],[77.56430451011127,11.660871757705943],[77.53727951944197,11.619234998816012],[77.52874341589686,11.586303838115931],[77.51283325059357,11.591862793762647],[77.5163127526757,11.57933588915725],[77.49328704099007,11.558784835358534],[77.49622667175616,11.551767331772153],[77.48559474116101,11.549819138983665],[77.44470634176604,11.561374350766538],[77.4518400961009,11.580607554359537],[77.44970708688292,11.595425335838794],[77.4586244048919,11.606637317418429],[77.44501789816783,11.618387552317822],[77.43762210526458,11.645047997273284],[77.45402601698738,11.666075276396487],[77.43969898235372,11.673736544199993],[77.44197888498522,11.681605485403466],[77.43561569202636,11.7027656758502],[77.44160258161102,11.706936892794198],[77.43905041219331,11.710506793791922],[77.44318323382878,11.716587127022816],[77.43438395175319,11.715263889102987],[77.43505392068198,11.73150239456289],[77.41942536015227,11.728830119782858],[77.41540414430939,11.7395754789534],[77.42605398281968,11.752175119596254],[77.42724111275588,11.76087036880894]],[[76.9551131805719,11.54878524158698],[76.94872391041865,11.551593760777402],[76.95162638237301,11.555159417248596],[76.9551131805719,11.54878524158698]],[[77.00121579893127,11.5135759612754],[77.00457492137545,11.517019851917745],[77.00399892431021,11.51348840742143],[77.00121579893127,11.5135759612754]]],[[[77.54898234965363,11.64100093587974],[77.5438374303235,11.644400276298278],[77.54069484677855,11.639756923204954],[77.5458297013842,11.63636433873228],[77.54898234965363,11.64100093587974]]],[[[77.55233373670488,11.663808927367477],[77.56030637827624,11.666238461877349],[77.55530130597464,11.669425697739097],[77.55233373670488,11.663808927367477]]],[[[77.55208917575868,11.816195755239269],[77.55560673317123,11.82208178904484],[77.54860109207063,11.819544058646533],[77.55208917575868,11.816195755239269]]],[[[77.5321323992394,11.848475738924174],[77.52501677739856,11.844613066806785],[77.53383892429308,11.83718091858486],[77.53527915276393,11.82573678706983],[77.52659882739489,11.811260667121445],[77.53304363589056,11.791324750941197],[77.530749353028,11.77840170907176],[77.48043277090851,11.739183631035568],[77.46463805708552,11.742191394001281],[77.44997306007227,11.696927195270927],[77.457353896026,11.677995946204812],[77.47167342074391,11.693996440090347],[77.47197682942607,11.718100859211583],[77.47640551928521,11.713846299999307],[77.50978594865585,11.753257770884789],[77.52843011227186,11.75133735474454],[77.53882429115063,11.739279901299524],[77.54768366962041,11.744409261672361],[77.53992864582494,11.75237410642546],[77.55705789144412,11.766499605958264],[77.56328291363081,11.73114437065065],[77.57160170662387,11.71144134171561],[77.583227102058,11.722355383680764],[77.57790871624991,11.725226010718176],[77.59601744982061,11.749782078307824],[77.58517552724801,11.757998927413922],[77.59068253770621,11.773340699880377],[77.61339129411523,11.766264700720257],[77.62076964443061,11.737242531362083],[77.62701807042538,11.726983659704635],[77.6315499147269,11.72922735386806],[77.63541980037704,11.753875924042173],[77.61706981166037,11.77675592415853],[77.61708304564115,11.785673905032898],[77.6060353441898,11.791553662151932],[77.59338286985704,11.785649104829174],[77.57191802140171,11.785497916048524],[77.57347804830052,11.801158338561715],[77.54188975343014,11.801534374933201],[77.54954499236382,11.808402569294232],[77.54246947041895,11.824722134560881],[77.54474141757034,11.83712568911018],[77.5321323992394,11.848475738924174]]]]}},{"type":"Feature","properties":{"id":"kallakurichi","district":"Kallakurichi","name":"Kallakurichi","state":"Tamil Nadu","rep_lat":11.7937,"rep_lon":79.0524,"elderly_pct":12.0,"outdoor_worker_pct":32.0},"geometry":{"type":"Polygon","coordinates":[[[79.17262955565502,12.030478403366656],[79.14749009642775,12.044122152776751],[79.14001402557916,12.038730168384397],[79.13643208141863,12.026083435199734],[79.12543036113341,12.018774698014061],[79.11254104328103,12.026462512976506],[79.10709125640473,12.019804235656295],[79.09598798157667,12.024847260858365],[79.0945455118092,12.030017939845353],[79.07891005042146,12.031502424403103],[79.081140265438,12.038938114312508],[79.0768732669401,12.044243740167538],[79.08055094186554,12.047092031403032],[79.08797260894387,12.042433231746859],[79.09848079660863,12.066087501261382],[79.08521526880682,12.081050986335237],[79.07882421190446,12.071241614246349],[79.06304460055806,12.069868633249085],[79.06106306256837,12.06062941284267],[79.06877094008277,12.052513494194944],[79.06048662892191,12.052208654268167],[79.05249163636798,12.03653143410864],[79.02286357773694,12.050063119405435],[79.02090052797409,12.055391326101757],[79.03150072917511,12.064417154157297],[78.99504558757248,12.06763220096242],[78.98847334766384,12.055069351569106],[78.98101483259086,12.065562875591331],[78.96445425108924,12.064506107581861],[78.95971612844565,12.068747158155327],[78.94153961519015,12.050572504085078],[78.94891269239477,12.04094220965308],[78.94330743409229,12.0289569350431],[78.92730651918235,12.012819866387325],[78.91371527213998,12.009671724132621],[78.91202502455927,12.005373487866024],[78.8688248673745,12.00370355505061],[78.86083574800588,12.007151951422983],[78.86137724078105,12.012268452240171],[78.82872284239946,12.007729471362534],[78.8167800065984,12.009417475986192],[78.80431587574304,12.019606724369405],[78.78029220584531,12.00768895811637],[78.75751223998374,12.011612173092495],[78.73476711707708,11.991243006618998],[78.73649209442497,11.987965465410221],[78.71807241440858,11.987488115667915],[78.70985748283206,11.966617408382064],[78.71332792989617,11.950742262669712],[78.70827855358303,11.951073688168131],[78.70442417015978,11.940005313328644],[78.72386177524204,11.919668867242832],[78.7113189214251,11.908987445075867],[78.70824072013654,11.89793699035864],[78.6947235176298,11.89446444000057],[78.68987901828689,11.904007182005754],[78.66083441363627,11.89532424441725],[78.65505538163194,11.88535827505283],[78.63455459256315,11.888337854581545],[78.6361561279163,11.878574640430049],[78.62713837915688,11.871062436811375],[78.63555020257905,11.864992131231347],[78.65529224760942,11.865203651561615],[78.6585771835842,11.856796186413916],[78.67760764343363,11.858330528329228],[78.6952046391263,11.851230722618503],[78.69224817393182,11.803884406574115],[78.66528803174454,11.796652300433017],[78.66224899610408,11.779874417288726],[78.64317319738393,11.768336177593488],[78.6379109868238,11.721241234572808],[78.65267045606222,11.715267538572734],[78.64587407571042,11.660440206610076],[78.66002065856648,11.661626270210515],[78.65906723613126,11.64794155989252],[78.68009971016896,11.64357139339801],[78.67849617157272,11.66498578218163],[78.6829634557514,11.667191523203229],[78.67786978440994,11.671836014406711],[78.68241745972175,11.68210596914131],[78.69316693217684,11.689346749206162],[78.70959497085153,11.690162344131158],[78.71794968657446,11.683196873997842],[78.72495517316487,11.689015993729308],[78.78064770423757,11.703341697393917],[78.8060790988642,11.686458164602751],[78.80648946006573,11.661344896787833],[78.7970437970241,11.658634754435795],[78.77357849744911,11.636605186838873],[78.78625057032647,11.641301489235179],[78.78984039540698,11.628881544023566],[78.78643429376838,11.61348510891273],[78.77674188597605,11.613355178294592],[78.77534171428205,11.605973402282963],[78.81762589171097,11.590866276400373],[78.81731069803061,11.585912204976555],[78.82932796643945,11.578153668588564],[78.81617024455659,11.561711448409373],[78.8160372202327,11.542473936126237],[78.82663903390961,11.544311306644623],[78.83472092858582,11.539996049745165],[78.8344657288917,11.53116826996975],[78.84478909178,11.521980423395872],[78.85794335514903,11.523107312397011],[78.8718909117623,11.517123524284052],[78.87763396444285,11.507522975758599],[78.8996283958093,11.504575370371517],[78.90494487629068,11.505347937435117],[78.91646508978484,11.528394777810226],[78.91526082178969,11.538533484372698],[78.92379984216451,11.567076720189302],[78.97425525891119,11.574559333769384],[78.9736714141636,11.569506075424105],[78.98102813574188,11.567017612850043],[78.99629686889803,11.575821612144624],[79.00440711799786,11.574629893331835],[79.01886771774127,11.592874382676714],[79.01213801843467,11.602657624569403],[79.01838988138374,11.60674621957449],[79.03346313304921,11.597978317795882],[79.04980804701742,11.595619453604929],[79.0431813763891,11.587228228732474],[79.05501412185546,11.586399942293982],[79.0681502850698,11.598770068692348],[79.07786558642712,11.596891709083764],[79.07697400940596,11.607992815373004],[79.06557080596913,11.611326182860449],[79.06748295359468,11.630215954114217],[79.07821690495834,11.62958985934522],[79.08408967436593,11.634318878927358],[79.09134512796389,11.623291124612503],[79.09862639644818,11.621153991351001],[79.09821918923157,11.614175037799846],[79.10286860683411,11.610676972900231],[79.1061831243312,11.614890030394436],[79.11294139096213,11.613285856011716],[79.11806310591012,11.605516179745125],[79.11647247071465,11.599178976974553],[79.13358702259072,11.593927084421981],[79.13575543441402,11.58895040897843],[79.14774390373317,11.589478846302232],[79.1502338306815,11.597461201598264],[79.15648732766608,11.59824271723607],[79.1836902817797,11.585976126386766],[79.21238948240693,11.620091596378563],[79.20999990086911,11.633715673293246],[79.21888772000077,11.638902161675086],[79.22463539092024,11.631984642627774],[79.23560676521682,11.629327637407725],[79.24874366594804,11.652397499955653],[79.2708867388496,11.643728376106058],[79.27957400729747,11.649191833640858],[79.29146481896545,11.647274807276823],[79.29634702688904,11.636364920314858],[79.30873280488869,11.632657362183577],[79.31160953921183,11.643899379676933],[79.31851095777319,11.642079418011093],[79.31997692567187,11.647996529909063],[79.32640578188472,11.647844112338488],[79.33231406528876,11.660962378037002],[79.35984191668443,11.65988560382107],[79.36155148343364,11.672691006251448],[79.37690935102557,11.679119209162577],[79.39547795195313,11.680271556176182],[79.41838845470356,11.671500599155449],[79.41784224756982,11.667898240919328],[79.44427880759203,11.666008859018792],[79.44268743218475,11.68620022505106],[79.43451821677135,11.70333733877673],[79.43586148109044,11.723939393940677],[79.42845055157466,11.731163650422518],[79.4397997060758,11.73762973899432],[79.45692281799819,11.737847260994135],[79.46279105899845,11.743229058730865],[79.46375151614069,11.767247141989424],[79.43877748257127,11.76662940581721],[79.43064146709416,11.778536656597097],[79.43935133715456,11.790666700056056],[79.44352137060235,11.809957238703515],[79.4664244379972,11.807284568162776],[79.46392651155129,11.800564054760965],[79.46830764909086,11.799238397801165],[79.48269092993944,11.811853512069446],[79.47701461399961,11.82296560461923],[79.48049760334173,11.837184307068444],[79.47163651537795,11.835352092305898],[79.46880333676968,11.843556793077573],[79.47222764366583,11.846882422439377],[79.45150077379283,11.849080512736306],[79.45507686542929,11.871494192093623],[79.44097926590905,11.872776634837349],[79.41457164241878,11.898897416756286],[79.37490311655209,11.919528362424906],[79.363997495341,11.918058930597402],[79.34875222618007,11.926007013881831],[79.30812713826626,11.920391085610255],[79.30552580315471,11.933905098365285],[79.29264736569706,11.94412566139633],[79.28565579131548,11.945592547398073],[79.28451862837036,11.941732177002562],[79.2710205258432,11.948787655589246],[79.23719630356936,11.952141358614716],[79.20897185628156,11.974628778192672],[79.18470415095206,11.972754790209859],[79.1863827321122,11.985762709384188],[79.16840991723723,11.992197886166936],[79.17262955565502,12.030478403366656]]]}},{"type":"Feature","properties":{"id":"kanyakumari","district":"Kanyakumari","name":"Kanyakumari","state":"Tamil Nadu","rep_lat":8.3289,"rep_lon":77.3553,"elderly_pct":12.0,"outdoor_worker_pct":32.0},"geometry":{"type":"Polygon","coordinates":[[[77.58861959887707,8.142107005100682],[77.58176212859435,8.150606889079794],[77.58377099243667,8.15458024907862],[77.57193836105637,8.151852415332067],[77.5462292971754,8.158082047849001],[77.53982656486932,8.160892652891153],[77.53766929395218,8.1693870841663],[77.54691882602121,8.179367035152486],[77.54174471324099,8.18524768075816],[77.5529103185734,8.191751289356015],[77.54552672928328,8.195588037427987],[77.54976278890447,8.205593896900671],[77.54376838940401,8.205488601237954],[77.54410630057961,8.216140115424265],[77.54988223519285,8.220020380818397],[77.54061084890958,8.221465025163177],[77.54551509699866,8.227262042562383],[77.54172025031916,8.231736949576918],[77.54530342696829,8.240237204635976],[77.54840656998068,8.244722694686363],[77.56965934955362,8.243415636724606],[77.56977199290036,8.248375167654755],[77.57672524066031,8.24424858581489],[77.57428659942987,8.255817114828922],[77.56347993303727,8.260413147104368],[77.56354633740136,8.269663058436901],[77.55843145234448,8.26966215879453],[77.56305970563892,8.27559449020546],[77.55365540642286,8.276885665258346],[77.55639594357251,8.280837575701652],[77.56426185720325,8.278560474402376],[77.54828679940047,8.29543858323529],[77.5420014400711,8.31070905512729],[77.53093329116724,8.318654150270014],[77.53471287367343,8.324365036809704],[77.53271735969457,8.335305241400029],[77.54204558058922,8.335266889442256],[77.5337304212815,8.367481143832661],[77.54169024299541,8.378808074774975],[77.53396043940155,8.39088609857267],[77.52339161815009,8.390435667282143],[77.51975759056769,8.382224589164947],[77.50732149972562,8.386990396253266],[77.49148289601447,8.379095291661796],[77.48930399636022,8.388396028860015],[77.47316181059207,8.397408298756362],[77.47293636040524,8.416303989761554],[77.46908039235383,8.415270439268884],[77.4615996888933,8.428456551344865],[77.46364094957801,8.441837253218024],[77.472256591755,8.455267552323951],[77.46436451289497,8.461764451659068],[77.46631397294419,8.468782442415895],[77.45812135641764,8.467624625003168],[77.44513932344479,8.474810237606258],[77.44494835059851,8.485282054860932],[77.44952833381949,8.487202588620546],[77.44699805814187,8.49816115602511],[77.43867472955495,8.507159812650071],[77.38910876711046,8.524038234683706],[77.37757351492013,8.524038396371122],[77.37443318255329,8.518063398998528],[77.3667540717892,8.524717267836651],[77.36090296435638,8.540270027701997],[77.35332299166707,8.539387911072607],[77.35081083231377,8.546440321306234],[77.34685514767256,8.544690362700148],[77.33713941961548,8.552664177031927],[77.31130884242269,8.559319438628966],[77.30160584079823,8.566306792582013],[77.28852394660682,8.57029119671459],[77.28708956077855,8.566782619299529],[77.26952192382599,8.579382047407362],[77.2742980452061,8.559642011434843],[77.28384684472383,8.546728597348274],[77.27465388675476,8.537626414065695],[77.2621910961858,8.506538213074002],[77.25129842329126,8.5054170979462],[77.24012424803105,8.497053689715502],[77.22966240085857,8.508980602415305],[77.21430904730096,8.512813256585087],[77.2023840897707,8.501190418220897],[77.21187632057834,8.492067336598813],[77.21407418007497,8.469715442666203],[77.22741703485643,8.458478005994335],[77.22809998713603,8.447252374977978],[77.20659986812773,8.444702573378454],[77.19656278664237,8.429156777001106],[77.19751933341816,8.4199429783169],[77.18260726107422,8.40475465959729],[77.18167096412157,8.395794284581768],[77.16818616384711,8.38387388839604],[77.1609500743334,8.390172115105551],[77.1512571374334,8.384937372616223],[77.1519924354429,8.38128893298969],[77.15995980210691,8.381243299816225],[77.16129401859446,8.3739780414257],[77.15301721106115,8.355144172814622],[77.16753528771139,8.363425684180104],[77.17429424694338,8.358632821415636],[77.17547364058834,8.349862062277948],[77.16694343807632,8.342746849029602],[77.18061379255921,8.323517887197083],[77.17332354631198,8.319761679313059],[77.16929397973021,8.332945251753365],[77.15360158761136,8.327995791969224],[77.148426984351,8.331988004020973],[77.1397933327492,8.329867880370195],[77.12919431732439,8.325984355390359],[77.12959386280993,8.321960679705139],[77.11920833380901,8.321056229082103],[77.12277645379567,8.309012495044664],[77.11664423386601,8.310314298038188],[77.11307692415978,8.304242452773483],[77.10175666217312,8.306470505617565],[77.09607082229468,8.293168044026586],[77.14941356989159,8.25558509222842],[77.18590515884021,8.218489902944642],[77.2238146944474,8.196316998992186],[77.23999092636478,8.17679601989833],[77.26218381534044,8.169710847777765],[77.2982276093913,8.147366373282601],[77.30434372522285,8.132269491337766],[77.31579675461522,8.121837131265641],[77.3342133237658,8.125936337190616],[77.44472542557594,8.094640301434838],[77.48641009702864,8.089700974190924],[77.53250635980737,8.077704415723952],[77.55093297391942,8.077961803409192],[77.55308615390878,8.085819761697072],[77.56433086039351,8.092336645937532],[77.55821461340794,8.097724584195621],[77.5587640050694,8.119289893766199],[77.58861959887707,8.142107005100682]]]}},{"type":"Feature","properties":{"id":"karur","district":"Karur","name":"Karur","state":"Tamil Nadu","rep_lat":10.822,"rep_lon":78.3829,"elderly_pct":12.0,"outdoor_worker_pct":32.0},"geometry":{"type":"Polygon","coordinates":[[[78.1649043280188,11.01318750140476],[78.14500926306461,11.037263912604981],[78.10174183643808,11.075499316071577],[78.07101117664418,11.079024890594566],[78.05476635026997,11.073963065399246],[78.02747660991677,11.090566613050116],[77.99649547556713,11.0968031839335],[77.98051599356155,11.089739219086042],[77.95192550435503,11.066743715310395],[77.93312714132728,11.07015572088502],[77.91975704872809,11.046892038734041],[77.90727401642083,11.04603901900422],[77.90067949739485,11.034594225122037],[77.88729558421502,11.031796726389864],[77.88107727244348,11.024306632857844],[77.86913063587048,11.023434008181155],[77.85504200782496,11.030918565593298],[77.85164528010638,11.046101743837482],[77.83050905514492,11.047802960377567],[77.82806272343733,11.063221090051949],[77.81783357316108,11.07030227717778],[77.81095979755767,11.071136989591562],[77.80444999235792,11.062953712784793],[77.79388694907033,11.067434928812146],[77.77903439730048,11.062421782240229],[77.77686797973713,11.054931050576997],[77.78181597128894,11.050941304785155],[77.78236463172176,11.038967412804498],[77.791906819639,11.033089574082997],[77.78970128134334,11.018786904416636],[77.78129853988868,10.998438159229531],[77.75920847297878,10.97967549425464],[77.75111481666056,10.981425970383038],[77.7502066010437,10.976521104366505],[77.75317122833086,10.965605961170475],[77.76849577022234,10.966728576638323],[77.76999355016017,10.961765887587255],[77.76083691916287,10.901579534832985],[77.77167028258745,10.8934923410671],[77.77493917015964,10.871249185578941],[77.78402088166226,10.873123628582874],[77.78891016831027,10.886084817961004],[77.79535187402497,10.877968277828618],[77.7964071717016,10.8659491263886],[77.80757658319587,10.858263030215538],[77.82071943077425,10.857718993401596],[77.83619322505527,10.835350744341952],[77.84548918744802,10.836916025370591],[77.85641675090824,10.849347972595352],[77.86686139264812,10.84410061034449],[77.87342818607118,10.833912109875389],[77.87553218329872,10.808024359366916],[77.87143594195992,10.795394481939981],[77.8813755463555,10.78884473966],[77.8898382943728,10.793595509419756],[77.89292397772935,10.781521651383375],[77.89202766029841,10.773805491561824],[77.87294533441943,10.77569950411398],[77.87112136542216,10.77173059887495],[77.85492741423576,10.783880200582866],[77.83589892618839,10.78678900613247],[77.83625501657036,10.790174776637986],[77.82847331640426,10.79157933411237],[77.82784587731427,10.797546039392945],[77.81836811207762,10.797042463859306],[77.79854586096711,10.805752876823862],[77.79363530939969,10.790296562005503],[77.77778002756698,10.789631637176964],[77.77109040839345,10.767154300146169],[77.79701551710023,10.75243080032096],[77.81280366783173,10.758446779815692],[77.82703621856216,10.749828499572624],[77.82181443129153,10.733558855825146],[77.82462002892562,10.715075741019852],[77.80816566781648,10.693998423145667],[77.80803178829643,10.680771872779273],[77.81770285481251,10.67941342384983],[77.81295683418094,10.64823550341834],[77.82544832502491,10.636485099648299],[77.83068115259042,10.632829007148796],[77.84599316478032,10.639006049271385],[77.87230104293474,10.631246493288678],[77.87641786916825,10.645431569410544],[77.88556203873591,10.650290990723269],[77.89591259272956,10.645512649877942],[77.90921619562465,10.657047753811817],[77.91397259628934,10.648241711594306],[77.97778293937823,10.639829990404662],[77.96985004017336,10.672496376597032],[77.99264104812642,10.671105946399862],[78.00554605056367,10.675464449413534],[78.00912911492335,10.709427167206117],[78.01516764955203,10.719636379297384],[78.00871255444804,10.722115544648334],[78.01059216958556,10.731102742603147],[77.99866400956132,10.729879419884831],[77.99817062156961,10.742773848649776],[77.95793038988981,10.743816772567959],[77.9313063119419,10.736621197646338],[77.93222775794628,10.75322066476981],[77.93921114687898,10.768407684051986],[77.98327856009696,10.75946442619131],[77.99492754708709,10.761738656079789],[77.99852564026148,10.774475583862808],[78.02463424423809,10.77157529178397],[78.02255690631324,10.776560432219762],[78.02668565588553,10.775178648408266],[78.02780811610438,10.781457777309448],[78.03389828769222,10.779940918941298],[78.03411949603432,10.774548255962667],[78.04710686230499,10.777562628026482],[78.04776633980958,10.773480975062368],[78.05569357783155,10.773939620627825],[78.05692138258546,10.763570238935417],[78.0660864164239,10.767627157396234],[78.06994774202768,10.77571927684736],[78.09806026641762,10.766931656785884],[78.09641642400783,10.788868545145984],[78.1050650307625,10.805034074014493],[78.14912701276624,10.80386864784458],[78.1523061469635,10.826442893635681],[78.15848368959418,10.827748800135298],[78.15857100314483,10.832784412239583],[78.17441533541253,10.835133242405789],[78.17708854293332,10.82272465758362],[78.18259390318634,10.823813171599985],[78.18194151159273,10.83279059103678],[78.18663760655573,10.83303389861052],[78.18632089921411,10.826321303812023],[78.18081941069998,10.821191679908845],[78.18605904120712,10.819323885429652],[78.16988855132102,10.798984900388827],[78.16824902531619,10.775886272822175],[78.15163727397933,10.740510236214428],[78.15466644611801,10.720050970383074],[78.14507043474221,10.67670594186745],[78.1485018086847,10.660486738403032],[78.14553537308886,10.649588371619036],[78.16306525564669,10.648850333818304],[78.16026247692591,10.63305643979098],[78.16539210243829,10.613740416176515],[78.14486194564624,10.605528357133052],[78.13616661841195,10.596777163275803],[78.13271241019325,10.575088418406544],[78.13916779814804,10.562630184019957],[78.16096429382647,10.562493376920349],[78.1700410241708,10.554202003960864],[78.18093299009124,10.559796752416021],[78.1899829677081,10.558470791961918],[78.20001736772235,10.54668869782366],[78.23074488341275,10.550025750209368],[78.24310839756643,10.55432507697831],[78.25015377115204,10.56923137165498],[78.25659977620369,10.570092881993968],[78.26260872032688,10.578860226575298],[78.25579195360801,10.601409668643583],[78.26578816713783,10.628165037014783],[78.28345229662666,10.745871792289773],[78.28798574442094,10.735227833039318],[78.29234657644184,10.73527433158534],[78.28940924356625,10.714131871911974],[78.29253017142466,10.701801309387406],[78.31636596676555,10.701653588389682],[78.32050085901776,10.709085877005858],[78.34187865443381,10.705247110978146],[78.34499384475248,10.721507164575867],[78.37782205995504,10.725970968106267],[78.37432546472967,10.718476175627188],[78.38439507241482,10.716690746585847],[78.39924918455831,10.696294523670591],[78.39684478800484,10.689939036432525],[78.40383662828772,10.676531285228132],[78.42229511821932,10.6711321896853],[78.43818897640529,10.689952496228612],[78.45611804063094,10.6867619490909],[78.47081281499922,10.690112238575551],[78.46742385591119,10.698421562619156],[78.47061561862468,10.703650711435353],[78.51349929035172,10.694891506391974],[78.52031271443943,10.710606720911114],[78.52947230179231,10.711174926392903],[78.54452484190061,10.723398008365464],[78.55177455795885,10.722626996599733],[78.56538874258364,10.73445542339591],[78.56891948456963,10.747461156563203],[78.56224142940873,10.764547435930814],[78.57170245543837,10.775018500944677],[78.56514037817053,10.782493751307245],[78.55746925881925,10.780837551598808],[78.5573437264448,10.789267911741028],[78.54662194365999,10.7913896701911],[78.54495638537654,10.79609937007387],[78.5546400669342,10.813414747842476],[78.57647377891654,10.808053870566836],[78.58781440840563,10.828573400400723],[78.57293093842031,10.83572997236276],[78.57791966138375,10.852701180431842],[78.55816659671979,10.863789850404808],[78.5506081476647,10.877552216157328],[78.50462508159491,10.88551934091016],[78.49055254686776,10.895125500071686],[78.48452597779867,10.885666622228905],[78.47124502592344,10.886280988593283],[78.47162815020559,10.898151132072229],[78.4781694548308,10.90153032666639],[78.47598478799242,10.906430979923963],[78.48596171559139,10.903331995660263],[78.4893713772535,10.906457145342106],[78.46381342527468,10.914133106145378],[78.4688357892472,10.921259575377302],[78.45274130402066,10.92634900356774],[78.42627936389671,10.948855848383033],[78.40117606455453,10.961316276646432],[78.34154682844598,10.96110166599452],[78.25033150732256,10.968809960902682],[78.22423575194946,10.959895699981153],[78.20150950174862,10.959978539697898],[78.19504090227093,10.96320464400262],[78.1959625827356,10.973783237849323],[78.18245503711817,10.978871159374942],[78.17084179678812,10.995025007812982],[78.1649043280188,11.01318750140476]]]}},{"type":"Feature","properties":{"id":"madurai","district":"Madurai","name":"Madurai","state":"Tamil Nadu","rep_lat":9.9378,"rep_lon":78.009,"elderly_pct":11.0,"outdoor_worker_pct":23.5},"geometry":{"type":"Polygon","coordinates":[[[78.37867310768556,10.31008401837149],[78.37184873043961,10.308619183601518],[78.37479780070267,10.300269998097717],[78.36706513777128,10.301083366838425],[78.36325858784026,10.293705853413902],[78.35022604709054,10.299373383614814],[78.3293791793636,10.298430375414924],[78.33871389507776,10.298300692586382],[78.33527743756908,10.293711970585408],[78.3398929132269,10.288749134255664],[78.328832930009,10.289253738166979],[78.32551564929409,10.283313301616317],[78.33011750559393,10.27786692858409],[78.32774779928175,10.255657501781037],[78.33197425142097,10.25493032291878],[78.32974812373898,10.248508884730649],[78.3219297273935,10.249596872292734],[78.32158404399406,10.243435412222132],[78.32868814673803,10.228351822027848],[78.32019331000045,10.214097214599052],[78.30902954621438,10.214744532894233],[78.31346791362407,10.208838638653738],[78.30384774385534,10.21091120235109],[78.29142346406262,10.203946466644526],[78.28233291583255,10.190658096583975],[78.26894516055827,10.182358399075328],[78.27281282467469,10.181098711633162],[78.27221824685614,10.171940048032027],[78.2596697480259,10.161447983226903],[78.25981792692865,10.154179751425396],[78.26968403296429,10.151321209246401],[78.26186076056345,10.159043913753754],[78.28136840818674,10.166902639855726],[78.28425776114469,10.148581982216369],[78.28083280566489,10.129581252610317],[78.27049923522,10.129442258946858],[78.27339213831993,10.114823973423881],[78.26128440237545,10.10242899875879],[78.26452775174246,10.093618842572269],[78.26037913862262,10.085924573211445],[78.21258908261277,10.075264547034793],[78.2028575693595,10.06691275705668],[78.20398241640207,10.079348492567746],[78.17859449125204,10.09257549056014],[78.17015980211261,10.092454502611904],[78.17469038338284,10.098321552064432],[78.15630222974136,10.10726041776653],[78.16538676734383,10.123858985865473],[78.16425245834637,10.141131956909033],[78.15856783568516,10.14437811631248],[78.16122413242073,10.154544502235138],[78.15219516100845,10.163156734232208],[78.14612282008072,10.179385565900855],[78.13062680058125,10.1875046447864],[78.12417462500194,10.18559238932618],[78.10364470716172,10.192331214246726],[78.09153533718175,10.181996090263958],[78.07075412821722,10.18810448873155],[78.06318949515969,10.183329340169545],[78.02003180044007,10.184524243414163],[78.01274976659116,10.17069797516263],[78.01374257027014,10.163361581429541],[77.99714394960782,10.160741308221862],[77.98407327357765,10.136606150363173],[77.97270685255845,10.131162274431166],[77.96221048043465,10.13730834666374],[77.95991866793905,10.131160939125447],[77.93355489031947,10.11361749813277],[77.93129320282698,10.090305535930861],[77.94670280978596,10.090610377096592],[77.94647334233316,10.083626212159023],[77.9254149294416,10.091008172189289],[77.9195547831604,10.071917806145203],[77.90896694008279,10.075806211562421],[77.90149031407535,10.071146042932272],[77.89101278141965,10.078117163756003],[77.87484250443428,10.06159463614609],[77.86063757689884,10.075132965569198],[77.83551739461923,10.074054391766792],[77.82286991402111,10.065540148277378],[77.80555903803463,10.067602440636493],[77.78054947070586,10.05093752473954],[77.76355267808204,10.055913465267373],[77.759980217436,10.04660892215446],[77.75540003568734,10.048623362606717],[77.71723113310146,10.018052249394984],[77.71038147187349,10.020318719416862],[77.71223824465001,10.02230739117773],[77.71255372040137,10.025860401255613],[77.70154601643807,10.013987401164522],[77.69792099805969,10.017310757644523],[77.69236636072173,9.969112091413509],[77.68185550595891,9.968847109904626],[77.6731950944431,9.961805253883442],[77.67904605006063,9.932845806934541],[77.6674217766223,9.913268599377389],[77.65411814587941,9.918563326656729],[77.64484790404983,9.888262400771447],[77.61847588079422,9.85842195866988],[77.6173417972739,9.838947239209258],[77.62564241555212,9.835046246691952],[77.61206588560906,9.799147653140059],[77.60345251886467,9.791317366197125],[77.59864582871379,9.776597772396629],[77.56631236514552,9.747779422755487],[77.54594233484947,9.69578778481019],[77.54072552783877,9.695338840774053],[77.5353459065727,9.67504432163567],[77.5231815884434,9.66030788018972],[77.50363189157997,9.65019747861595],[77.50627398864584,9.638476430062354],[77.47014017531869,9.590391625059661],[77.46414776917986,9.578964844171415],[77.47358329922508,9.571639122997489],[77.47542107712492,9.56308106490026],[77.49829797659555,9.57541109443582],[77.49984453505331,9.596301009237532],[77.51405094391063,9.61081746404972],[77.51943561370862,9.636360859574552],[77.5373411699216,9.659774193792094],[77.54744170121211,9.658610552210229],[77.54330408886122,9.645187713096211],[77.55189163892264,9.644367137575644],[77.56257594219718,9.65951356084314],[77.57507162008868,9.664502176719505],[77.57611874129961,9.668914455172452],[77.58596892290021,9.666850053089828],[77.59015430226803,9.67856357511258],[77.60194009189615,9.686367451020166],[77.60553423158495,9.695119671702585],[77.61648750393027,9.695463998714569],[77.62876204714155,9.704668371870318],[77.63206549290275,9.700843959968113],[77.64400331790117,9.706449371955207],[77.65080483931133,9.683231179628999],[77.6566455756942,9.679777083345588],[77.66841825530908,9.677239986390951],[77.67772695760922,9.682763148278914],[77.68122060276724,9.676673323010233],[77.69369879944333,9.697407483622177],[77.6980002591121,9.699101926406104],[77.69946600602523,9.692167005932284],[77.70774900834071,9.690953791309433],[77.71006231572443,9.705387642779922],[77.72579222687943,9.692748679696718],[77.76000144642278,9.682737094567704],[77.76953915264504,9.664165208024615],[77.76388652617761,9.660555768192735],[77.76684639598705,9.651633099407464],[77.77632575573331,9.640434096432035],[77.79096765526396,9.63910920912432],[77.79471887975328,9.648739189897013],[77.80857459171358,9.63985486598865],[77.84185338299802,9.635344363779895],[77.84893570698624,9.650367255890991],[77.89141271138413,9.642344732760694],[77.90068706120954,9.626467983191178],[77.91061412961528,9.638216448410303],[77.92159737604672,9.637862788410619],[77.92316109502134,9.647554852438724],[77.9344274446162,9.649126576557647],[77.96229377492271,9.646182892602686],[77.96398537985783,9.633167598382448],[77.97527287759112,9.629602497419098],[77.9854689914245,9.633509980153056],[77.99096090928762,9.641645497957922],[77.99633595543393,9.640106771201737],[78.00069429642653,9.650349768768313],[78.00658106517953,9.64809164100359],[78.004510446653,9.642358706141403],[78.01457023215885,9.639460168411311],[78.04055338820265,9.678503777101],[78.06149470030701,9.670611263600422],[78.05927333639099,9.661759353921278],[78.07814372184667,9.66085431094679],[78.08232530583238,9.66606265568436],[78.08003201830313,9.676527564961194],[78.08518502786066,9.675511231138115],[78.08783550890308,9.683409118860002],[78.08196650882643,9.688118775900305],[78.0849774846907,9.692549456415371],[78.07629257072719,9.696797394886005],[78.0799403829576,9.70828950713313],[78.0680177197246,9.72339081573696],[78.07131456376678,9.735615139737728],[78.06141582642844,9.74153970631968],[78.06710968556742,9.752946408751821],[78.0781612578593,9.748997239584016],[78.08429781665177,9.758180144690005],[78.10105470160255,9.75513080398001],[78.10430273568376,9.768227280664806],[78.087981722292,9.778934790293578],[78.0985276113509,9.779388070380726],[78.10453815537363,9.786431729196165],[78.12564895172432,9.771135216362016],[78.125257193734,9.765561293034587],[78.13701032510994,9.761741373576902],[78.13935297686069,9.78018992018934],[78.14553777877718,9.789221961425868],[78.13894315734326,9.800161985428307],[78.14088041108437,9.809176011439119],[78.17227329183778,9.796950197992304],[78.16846164037425,9.782529918267944],[78.16160715339662,9.781594777587296],[78.15993847975577,9.774569831012773],[78.17368834142951,9.776331600123786],[78.17587076427628,9.772204021431179],[78.19344544042744,9.806625698850088],[78.16906844067059,9.830927235717855],[78.15173364793797,9.82770546842564],[78.15302316964687,9.821688485353441],[78.14231619738614,9.812263579039042],[78.1278358176385,9.814135138342362],[78.1322478356643,9.819650257018578],[78.1323800200634,9.833216634578195],[78.12323123225686,9.849024932716343],[78.12500888232144,9.854644053366108],[78.15084154001246,9.852220616260482],[78.15128496460638,9.874715003904349],[78.16098605641254,9.87597554858764],[78.18102514286633,9.867786595688957],[78.1879320222863,9.87162351359737],[78.19791046803813,9.868701488601365],[78.20873426889646,9.87547108473134],[78.22516001237562,9.860992077206745],[78.22904951184167,9.864942028390288],[78.24867725074374,9.860184692439374],[78.23921807973517,9.845306078062402],[78.24671839341833,9.837469498303573],[78.25843774634299,9.834163444143963],[78.26699027468473,9.856217889415591],[78.25515805113959,9.863943781228047],[78.25027188164557,9.873665574400082],[78.2873352851035,9.870183803208738],[78.29453582738309,9.861429430115784],[78.30960999083858,9.865252881959787],[78.31499470824728,9.882590443011187],[78.31040946359367,9.899369852439792],[78.31711043298083,9.926209836567052],[78.33393862799547,9.930909566952305],[78.33463098743272,9.935642643268634],[78.34530903394128,9.939979306430997],[78.37034621907517,9.934642382136662],[78.37203230386287,9.962344480172396],[78.38889481811461,9.952227597389406],[78.45655684069777,9.968502561425236],[78.45419731139945,9.980482573027382],[78.44767280976164,9.986234021402025],[78.4496256744258,9.991830039579991],[78.45648003743594,9.992149600984675],[78.45609533391547,10.018058885804166],[78.4444849412449,10.024408000595413],[78.44727235518104,10.02815506875954],[78.44348795321338,10.034344307767583],[78.43071303940566,10.0360325981331],[78.42773234125806,10.0530030928537],[78.43739901321578,10.061097882185717],[78.45289335825552,10.058925134407197],[78.45418665558354,10.070162883715058],[78.46186843344569,10.071607685572278],[78.45636444042853,10.099184036141457],[78.47066891477218,10.110287447770686],[78.47356898642808,10.121908853256151],[78.45811752606167,10.124503090359635],[78.45157415710796,10.118966818130062],[78.43267563282433,10.135099335585263],[78.42588517326855,10.12202700467191],[78.42533910357703,10.133319383750448],[78.41702642092454,10.131873807669262],[78.40169288240548,10.138569878837469],[78.41303254890059,10.160656160711522],[78.39877422999625,10.16567944214896],[78.39462244043355,10.174056069129787],[78.41253545086674,10.213089388819172],[78.40785405863,10.223229180602537],[78.39766356375875,10.226145573596598],[78.39241133887133,10.241632880420322],[78.39509972881874,10.248318567562414],[78.40572024362324,10.250306910691199],[78.41060428860156,10.257107493042458],[78.42508186021564,10.258570606161783],[78.42422078818488,10.270681074252485],[78.40622869726057,10.275668926219002],[78.3867022137624,10.270340105061907],[78.38129805860761,10.293855530075477],[78.38574390718696,10.28930341602458],[78.39063742220502,10.302236396755985],[78.37867310768556,10.31008401837149]]]}},{"type":"Feature","properties":{"id":"nilgiris","district":"Nilgiris","name":"Nilgiris","state":"Tamil Nadu","rep_lat":11.4469,"rep_lon":76.6964,"elderly_pct":12.0,"outdoor_worker_pct":32.0},"geometry":{"type":"MultiPolygon","coordinates":[[[[76.84693266057326,11.594471499896022],[76.82283915025546,11.608075750794079],[76.81756933994804,11.604721222081245],[76.75691864300462,11.618436934589049],[76.74707276163929,11.613783520317691],[76.63046290376538,11.613786891306264],[76.61398488372656,11.607553277732277],[76.59760784959707,11.610643362069029],[76.59228826543638,11.618656614405285],[76.57674634472086,11.614495550340196],[76.57521399132267,11.619186959424106],[76.55995453057689,11.622469488138842],[76.56142365425718,11.63267595019657],[76.55390495206017,11.645714125276896],[76.55055826140119,11.674193534084099],[76.5372260732154,11.690800204393124],[76.51111127265995,11.704978423221245],[76.49359661115635,11.692979184429879],[76.48167711268805,11.692517913363655],[76.48262421906853,11.686108291664908],[76.45821172058659,11.664329351404467],[76.43136224994402,11.666363369890986],[76.44405702414687,11.647194178096825],[76.43248048089453,11.631290311873055],[76.40688620104561,11.634281416285509],[76.38809582044746,11.62966743342703],[76.37798143533867,11.601909715581135],[76.35457774581911,11.58931103278259],[76.34039817323257,11.587198488871973],[76.3358765059449,11.595736198049858],[76.32121245755258,11.586191568984612],[76.31592423807001,11.576594309568792],[76.30238378626541,11.571225579433365],[76.29594165205432,11.590415968780636],[76.28609418426423,11.590195917368836],[76.27890633428126,11.600942130350084],[76.27430154767698,11.593676685894236],[76.2649259424477,11.593890008825802],[76.23298312565383,11.569245828226117],[76.24439625457623,11.554090328915049],[76.24451101974365,11.543002525432131],[76.25150541663184,11.537776620850563],[76.25049256704733,11.527569753707914],[76.23848168566013,11.526266906203691],[76.24816253033812,11.516486234251332],[76.25228649458488,11.50000033894433],[76.2475733981068,11.468540697273246],[76.26460159044302,11.48089245312514],[76.27562464212298,11.476873837668997],[76.28443504444347,11.482920296402867],[76.29417648677556,11.472888743026878],[76.29046571611843,11.469569813303327],[76.29351889393644,11.465683524585833],[76.30515322221778,11.467788644373234],[76.32547051601676,11.453328887562922],[76.3422259600698,11.467592623756625],[76.37149503215035,11.454061945924089],[76.39767727642071,11.43502298161622],[76.41870494806489,11.441783227094355],[76.41507825792176,11.422627320091362],[76.46208230602431,11.387469769859948],[76.51775232711259,11.371563303994021],[76.51512033609369,11.359689323662618],[76.50818455427778,11.354123438217485],[76.54785726359876,11.358885576414837],[76.54996694356876,11.330993416425027],[76.5372989589243,11.31404371030239],[76.5393563650296,11.304620398415599],[76.54575558761792,11.300310349189104],[76.52626077063181,11.288262991628258],[76.52217783424071,11.271338082080826],[76.45308789729262,11.239367346241407],[76.44896115994656,11.205468559559751],[76.4386227520739,11.198961219900044],[76.45190463999364,11.19922199102163],[76.45844286609234,11.187681469409384],[76.47347053364703,11.194931179797809],[76.47236639456838,11.208750706231044],[76.51048204412595,11.211637589326465],[76.51609156403616,11.204296653325096],[76.53385100208166,11.196753564101767],[76.600900823697,11.206594471904147],[76.62972263986894,11.19417374961262],[76.6782356321717,11.2211159195639],[76.68478018330833,11.227731809035442],[76.68422182825698,11.233739940754516],[76.7070992200044,11.238382298198516],[76.69988172112548,11.251972337026114],[76.7056555393079,11.263341742240732],[76.72976432637542,11.245397042014],[76.73711747355716,11.244632902639493],[76.74303210535531,11.253182381299206],[76.75491843083681,11.248659932915697],[76.75186303507836,11.254700120357796],[76.76765270396271,11.264099560927482],[76.76982522108686,11.276705518719803],[76.76516259735133,11.283672711091814],[76.76914131569477,11.289557732026072],[76.79031019621341,11.279118851165803],[76.79786211721132,11.295493113130014],[76.80697031464176,11.299156891766115],[76.81780823072819,11.289933797758632],[76.82998498782919,11.29326755032386],[76.84273064260977,11.287420570433193],[76.85442673455849,11.296064304880828],[76.8539998686102,11.305769046254625],[76.85995340195174,11.303595570957846],[76.85456659775664,11.318113645964958],[76.86034622534399,11.324577948811879],[76.85107098259321,11.327212367863362],[76.8549132755911,11.33304826112747],[76.84823947844463,11.334837549424599],[76.84983257861727,11.342625942151763],[76.85410588867833,11.34053803238985],[76.85460522082228,11.34527071116197],[76.85921300959622,11.343395710259891],[76.86170034670158,11.347449998146017],[76.86832352108684,11.344580022221772],[76.86246962438504,11.351278613836744],[76.86786544856389,11.354980920886915],[76.8735634812757,11.351857817311343],[76.87673361435378,11.358375798625657],[76.88422264968855,11.351690525706488],[76.88981191528407,11.365495015417602],[76.90236792492837,11.362976701749817],[76.90148761098422,11.351206310972199],[76.90634732778805,11.350428544730336],[76.9329265007515,11.362734160187443],[76.93264827813496,11.35614599019278],[76.93759443802196,11.363500050031947],[76.95011795021253,11.3658016782889],[76.92842868193802,11.368698910306158],[76.93341172665055,11.37643448813376],[76.95555349699494,11.37945337860686],[76.97040274296455,11.397157719600301],[76.9757617685561,11.395736855145739],[76.98099794683759,11.401296506289778],[76.97605084461792,11.413914258743679],[76.98291750825923,11.44036380558833],[76.99771091944233,11.440562282212483],[77.0006708970496,11.434667745770222],[77.01012652510269,11.43843250372234],[77.01221481888072,11.452007256237657],[76.99261426838908,11.480398238929126],[76.97182295607253,11.467654194180264],[76.95592461888657,11.47914427356004],[76.93526636323331,11.482163600185325],[76.9390437403755,11.497967047205766],[76.93376308740258,11.506712277387876],[76.94508172972677,11.519289537319482],[76.93969163140952,11.51895611469046],[76.94316649009996,11.522359065941725],[76.93796988889494,11.527074540567382],[76.92639628133692,11.5250832083836],[76.9273555311434,11.533291514320378],[76.91436458508629,11.524180746394975],[76.89547645341217,11.527391487745868],[76.86627550327455,11.519585169947655],[76.86310672216094,11.544101979619164],[76.83954696922541,11.569502357156097],[76.83040114585933,11.571928149111917],[76.8422448381957,11.585422492938006],[76.84671506615356,11.582060056994925],[76.84693266057326,11.594471499896022]]],[[[77.00457492137545,11.517019851917745],[77.00121579893127,11.5135759612754],[77.00399892431021,11.51348840742143],[77.00457492137545,11.517019851917745]]],[[[76.94872391041865,11.551593760777402],[76.9551131805719,11.54878524158698],[76.95162638237301,11.555159417248596],[76.94872391041865,11.551593760777402]]]]}},{"type":"Feature","properties":{"id":"namakkal","district":"Namakkal","name":"Namakkal","state":"Tamil Nadu","rep_lat":11.3057,"rep_lon":78.121,"elderly_pct":12.0,"outdoor_worker_pct":32.0},"geometry":{"type":"Polygon","coordinates":[[[78.47910321314444,11.387890934151663],[78.48981022493105,11.414140074675288],[78.48296049632944,11.41360005916006],[78.47405992740897,11.4042825003627],[78.47121601033979,11.40803509509966],[78.44739465631538,11.400158292221189],[78.42702314559574,11.384942781583748],[78.44487550717088,11.40312397264348],[78.44855176814804,11.43094911718839],[78.45799718325465,11.438816344027217],[78.44540132434435,11.439660036656317],[78.43769918257304,11.464784442299509],[78.43318509616803,11.462841575002697],[78.4259139507987,11.47090667568797],[78.4360305233052,11.485862028582293],[78.43292052614719,11.495390952717331],[78.43421360967618,11.498948024898818],[78.43994156976166,11.495077738035878],[78.45773460390046,11.502373288385323],[78.46181148474825,11.494909823146667],[78.47340528463722,11.520046881083504],[78.47024563939009,11.529277878813248],[78.46162861201094,11.529235165844067],[78.45982869810031,11.534352391569106],[78.46653545712948,11.537528140145128],[78.45432583965537,11.542345328822414],[78.46063376466469,11.561346113989945],[78.44881250775249,11.565480432174834],[78.45162121086256,11.597061527915335],[78.43905039428743,11.598112938794014],[78.41814338974207,11.58991238000812],[78.38585467934298,11.586474838197967],[78.38287016784696,11.575197268060567],[78.37583327525594,11.577339721897102],[78.37449436057948,11.588535920577153],[78.35649378686395,11.558883172113584],[78.34350900504631,11.546505744322609],[78.34521940004223,11.541606190382275],[78.32848161596935,11.531284220956527],[78.3263446667406,11.536436723413166],[78.3100669692135,11.541188282028177],[78.32324942980097,11.542606035798052],[78.3239987334441,11.554430732217202],[78.3294849371237,11.558490813236334],[78.30726928573706,11.564610649868161],[78.31032425389739,11.574917199590908],[78.31777862144875,11.573341442133241],[78.31926276496056,11.57849013527721],[78.31186597043578,11.587677750364378],[78.3032468787281,11.588760360110593],[78.27192957683282,11.578674912680423],[78.26432909201232,11.566996558904622],[78.2771009299885,11.565803644331181],[78.26622528016858,11.55984208524046],[78.24360432599373,11.552708462739067],[78.23959986373092,11.557465129249469],[78.2073626402723,11.56450403005902],[78.20146929674975,11.553087747683344],[78.17684796062554,11.545946341847323],[78.16681442658722,11.548714067344171],[78.16058852944143,11.538811233024294],[78.14827215078905,11.537478715420214],[78.13874747103672,11.544028698004574],[78.1322110146191,11.538130067710402],[78.12593139642271,11.541908797593633],[78.11916596303244,11.539101694416612],[78.11013475840838,11.555902300018744],[78.09775839026133,11.553686237579472],[78.09688816529615,11.547737665770311],[78.09034280477744,11.545417987804983],[78.08312640274153,11.55405479175561],[78.07506767202322,11.532234766390705],[78.07889656305537,11.523972817971645],[78.07025708857388,11.522719050161275],[78.07087925365482,11.527967003061484],[78.05874991322774,11.515665105429896],[78.05509063310443,11.522213726280889],[78.05400222622134,11.51339469098392],[78.04365733610555,11.515082263382817],[78.0463233472226,11.519793031199324],[78.03562956941681,11.522189813564857],[78.03466023781787,11.528626095818122],[78.01661427223105,11.530282889946085],[78.00410360774566,11.52496655331526],[77.97773753582884,11.530621793253246],[77.9718108459446,11.515517618941645],[77.97699139695048,11.501360682826343],[77.97194261442374,11.46824692327099],[77.95479964524196,11.46910603859313],[77.94854097036811,11.473989229176263],[77.94114161833973,11.459797653600182],[77.92326129041317,11.46096686661146],[77.92413055058773,11.451510697974166],[77.91570003322448,11.458680696029797],[77.91001630977686,11.4421195557826],[77.91093982460133,11.422226457588106],[77.90776040923141,11.425702668739042],[77.89926527425314,11.419727661393106],[77.88014563056065,11.42347989341751],[77.87667284158861,11.413580803283065],[77.86500767504187,11.417097000027937],[77.86458120794559,11.423678257715896],[77.85248154066898,11.41510715328348],[77.85203633471583,11.422330302123743],[77.8471980984271,11.42121327773774],[77.84989520203278,11.434638336689797],[77.8200181887955,11.446132711016624],[77.83445020055328,11.457033441860808],[77.83119460894555,11.468947928862251],[77.8082178024423,11.468775717135404],[77.81582052406783,11.467398964191439],[77.81432897304819,11.457553815304244],[77.80578246791042,11.459065915757764],[77.80434642289384,11.448574350234715],[77.79784788705933,11.451885838607284],[77.79586515790356,11.44728828695537],[77.7842939209996,11.450810283045204],[77.79145583841692,11.465588904821544],[77.78489417437412,11.477836245577615],[77.77273894360226,11.48280860039586],[77.76551401655426,11.477711637211414],[77.76103896733827,11.450986956314049],[77.74208207142577,11.445787108911004],[77.73142356866452,11.444733223662992],[77.71937972719125,11.45331622790376],[77.70867896139085,11.449169762415975],[77.71195019805752,11.463805008857635],[77.70625345981804,11.460949809680432],[77.69658993106553,11.464428057935917],[77.68305507756176,11.423076173948303],[77.71749229311749,11.378273700201003],[77.73888209002573,11.367852329582838],[77.75082368525338,11.354152454013034],[77.75755675414058,11.334307465116227],[77.77240646992908,11.322054679900711],[77.8076971505817,11.267597681181037],[77.84084790768367,11.260602428932097],[77.86476622226655,11.242447248399623],[77.87082530316239,11.214752341265593],[77.86145514531702,11.185691544632778],[77.86667938409006,11.173622865770039],[77.88434055991823,11.155931184017579],[77.88197857282928,11.122468076275142],[77.8874063491845,11.088227305096702],[77.89311749909606,11.077970739306512],[77.94744059433216,11.065564930142914],[77.99513161108196,11.096876030961475],[78.02747660991677,11.090566613050116],[78.05476635026997,11.073963065399246],[78.07101117664418,11.079024890594566],[78.10174183643808,11.075499316071577],[78.14500926306461,11.037263912604981],[78.1649043280188,11.01318750140476],[78.1701725824442,11.012725852362205],[78.18202409641175,11.020847048585471],[78.19477622355394,11.022051628893744],[78.19884081724527,11.02906168526313],[78.19704589437437,11.04405566843442],[78.18210541101296,11.041857163644503],[78.16384841679283,11.04559334722948],[78.16331338290455,11.04909207340991],[78.18326330168496,11.0695659685728],[78.19577818555724,11.064614017115886],[78.2017755737526,11.075479282072845],[78.2188655638922,11.066927138711518],[78.22153065243945,11.057569452421287],[78.22892001160862,11.054574830125096],[78.23668968872299,11.066605090853113],[78.22917695672935,11.084516713708231],[78.22989427495841,11.094849694161896],[78.24996729167884,11.091631697579363],[78.25640262564323,11.074957206602388],[78.26551129468916,11.0703005924407],[78.27791432303725,11.07941791605165],[78.29088439134881,11.077180083897796],[78.32387455033921,11.05792302696925],[78.32840934470813,11.033125808017477],[78.34463094693729,11.026239365137743],[78.35012374425105,11.04829429468625],[78.3600993118007,11.046645290902681],[78.36335159221825,11.065083624056083],[78.35074841742828,11.069218538740568],[78.34971809471315,11.075424699667778],[78.33809300111294,11.083518986180662],[78.34181272977006,11.090123546975777],[78.33820119330741,11.094864733872186],[78.32397653068355,11.097239989913607],[78.32728430632439,11.103686485801768],[78.3366252258039,11.10485877760022],[78.3434436463212,11.112155315873549],[78.34752506096625,11.122674412151309],[78.34605310489788,11.137974963602103],[78.37584756026563,11.13447411678558],[78.3806033222281,11.137439426396007],[78.37687666217026,11.17623635008927],[78.3874074963633,11.177166925780089],[78.381180797022,11.187002121632064],[78.4106681480385,11.197489027668393],[78.41516529940375,11.20924555906861],[78.4219233621171,11.211667584404484],[78.4201617811163,11.220748860858034],[78.43955054659322,11.258900552893467],[78.43813286044612,11.268528868170764],[78.44703650968972,11.274832629122464],[78.4525466148441,11.29800173395694],[78.46543596234086,11.313339754177534],[78.45577037644632,11.332186892567762],[78.44726006712625,11.332098468829939],[78.4468506752069,11.344800205188083],[78.45959778256329,11.342618428303343],[78.45470291288576,11.34929140706851],[78.46175369522771,11.370281166667995],[78.46987591707367,11.385647295602423],[78.47910321314444,11.387890934151663]]]}},{"type":"Feature","properties":{"id":"perambalur","district":"Perambalur","name":"Perambalur","state":"Tamil Nadu","rep_lat":11.2895,"rep_lon":78.9282,"elderly_pct":12.0,"outdoor_worker_pct":32.0},"geometry":{"type":"Polygon","coordinates":[[[78.90867278141354,11.475917545836564],[78.8718909117623,11.517123524284052],[78.85673330020681,11.523477857272693],[78.84304725574916,11.523019816084073],[78.8338557099317,11.506628564615944],[78.81026589757012,11.507920977006862],[78.80973629040447,11.481939630906536],[78.79843523799188,11.481882371092537],[78.79623267491642,11.46094006977968],[78.78951718695762,11.453769123577366],[78.81933733773576,11.439556744362541],[78.82278564941295,11.427077404816657],[78.80601822273232,11.40154385734468],[78.8014274103206,11.40221161068714],[78.79883952837874,11.384234321427902],[78.7928913831323,11.389914385925827],[78.78918165811416,11.386500535615555],[78.77254994172014,11.415355827213986],[78.7413485476494,11.449647511581958],[78.70319412860079,11.45698637837142],[78.68855077559601,11.443153497810636],[78.68835223174855,11.435496454382402],[78.65133333082981,11.422419984289284],[78.65078253689819,11.407476472987485],[78.6566875728925,11.400632557589894],[78.66318572963792,11.373786845608642],[78.69007300587927,11.380174258197586],[78.67392731218992,11.367611004002345],[78.67209846444231,11.359976734153722],[78.6596476663824,11.357948614108212],[78.65523074086022,11.344650715847681],[78.63424715763188,11.333943370415478],[78.63972973121939,11.328559774903049],[78.65626961823182,11.333829387372383],[78.66119786391539,11.331437782600876],[78.66000580582158,11.319350998595873],[78.66585441234464,11.317266598188635],[78.67843762656905,11.327462369286058],[78.68580645833565,11.322981649763303],[78.73312928529485,11.323362531171366],[78.73803227035265,11.316770435430808],[78.73887119082681,11.29406539657652],[78.75121104605084,11.284792986433134],[78.72869694019084,11.272467024200619],[78.7260737993741,11.260995677221567],[78.71659406233543,11.258440102174887],[78.71007075725358,11.248954050359375],[78.7134429995925,11.240012238584866],[78.70271649795751,11.228746160708521],[78.70884253568136,11.227673365058289],[78.71260667435118,11.21273768409324],[78.69881140643308,11.191134566635228],[78.67590768416639,11.19531092914168],[78.66321933740933,11.174709445959017],[78.65120202318641,11.168264636563134],[78.65204401589887,11.163608770559888],[78.67153619543126,11.166368695331498],[78.67581565895206,11.161558606060847],[78.68096948687482,11.130336722767833],[78.68690583724161,11.129051963440745],[78.68704953804266,11.114221105143725],[78.70032029403941,11.084457253570676],[78.7010350915958,11.068573008047494],[78.71173077742328,11.055597320255387],[78.71765213939955,11.055627349047185],[78.72023390201771,11.07397874533541],[78.74274982606782,11.075476587951737],[78.74548938135888,11.083069546317779],[78.73886858661083,11.086679094269243],[78.73528722635523,11.105552252835157],[78.75967154289005,11.12155349558649],[78.77667232133876,11.116899603835366],[78.77676990442976,11.112817882601624],[78.78725920321905,11.115754997795714],[78.8109367064237,11.111738547858913],[78.80725153505723,11.078934382078959],[78.84003243419716,11.076436544229828],[78.84746276822136,11.090188036027126],[78.86213059941934,11.090135130411097],[78.86387454828775,11.08556077141944],[78.87248751438352,11.084236745207097],[78.87320563121492,11.096721640691758],[78.88646424827722,11.10173919938217],[78.91661505992828,11.096159316720563],[78.92641720861064,11.089427423983684],[78.93818905728388,11.094718657094214],[78.97395517309727,11.094280485384463],[78.98416369625795,11.088816784425134],[78.98473687171487,11.078854016925636],[78.99833222495639,11.076213809116124],[79.00170586058233,11.060615123948748],[79.0064474210785,11.058854294211763],[79.02441439241251,11.067666671818419],[79.03227987305532,11.083883366400302],[79.0543564328966,11.084974792354588],[79.06940781777142,11.108894776583899],[79.06539904359525,11.126866332679322],[79.05506766324301,11.129869795347949],[79.05609931007488,11.140533242986722],[79.06056666432214,11.141271105400307],[79.05952026356007,11.152273058422628],[79.07075304670602,11.154458797109926],[79.07298369830379,11.170180579680064],[79.06936571912395,11.177113823580044],[79.07841103358619,11.180758836617784],[79.0757702579421,11.189265151338322],[79.0672344445528,11.18885684802993],[79.0659261076303,11.204360849176362],[79.07313165891591,11.208114068588433],[79.09344709320227,11.199849992134496],[79.09891000985473,11.230664818164097],[79.11116731259908,11.230602594803205],[79.10944463942988,11.244384506641376],[79.12217399607624,11.248729128599315],[79.12196552943816,11.264109683746625],[79.1089782071849,11.270229258277618],[79.11102378786784,11.288956458368148],[79.11409191724543,11.293734517787525],[79.1301026318768,11.297577153073796],[79.13926667128023,11.29001027762596],[79.14270170855244,11.299113868424936],[79.14091135541143,11.30930684069046],[79.12496382378554,11.31075784988973],[79.13004747711497,11.33097209740087],[79.14710015842418,11.333801338388856],[79.1503160085637,11.339731629394405],[79.15746144728544,11.338420259398948],[79.15960603578743,11.348780259305093],[79.1506423602182,11.357794098321795],[79.15075266525025,11.363426181728196],[79.16276892664767,11.369708219138749],[79.16814751395285,11.378420763311842],[79.1424712700208,11.384259950733504],[79.10910509421879,11.40101541259571],[79.08313819857995,11.39679492480683],[79.05300019241324,11.402831780118285],[79.03244173958805,11.393568327823896],[79.0107245480812,11.397429384998016],[78.99698965144178,11.407552042562912],[78.98381144258052,11.40291473638385],[78.96073997340926,11.406103990425809],[78.91156793030169,11.465421568403222],[78.90867278141354,11.475917545836564]]]}},{"type":"Feature","properties":{"id":"ramanathapuram","district":"Ramanathapuram","name":"Ramanathapuram","state":"Tamil Nadu","rep_lat":9.518,"rep_lon":78.6498,"elderly_pct":12.0,"outdoor_worker_pct":32.0},"geometry":{"type":"MultiPolygon","coordinates":[[[[79.10665563996729,9.850816842625502],[79.09010748935256,9.857376141384425],[79.06947259618488,9.849990763213608],[79.05988897257686,9.8584784638361],[79.04515111231261,9.859207270220349],[79.03112773429609,9.893207045334423],[79.00604974768198,9.914255260283745],[78.99106264804551,9.944009919383113],[78.98911888511185,9.93994208159795],[78.96394130228222,9.942851335076568],[78.96293808623082,9.923865176566224],[78.94395604557519,9.916848689306475],[78.93683962243712,9.92123940580287],[78.93554219285876,9.933969504436112],[78.92969115459623,9.925955398862998],[78.91599019900316,9.927114324401508],[78.91329480039991,9.91925782195111],[78.89926563723297,9.917893537803472],[78.8932060505856,9.911519850342051],[78.90158962917863,9.89440460688055],[78.89207455511162,9.879012391157142],[78.876848034689,9.886240852278748],[78.87243986055432,9.876580299207282],[78.88034025511895,9.873185483745925],[78.8687710771536,9.853371466314055],[78.87239531489602,9.844542968600125],[78.8661420442869,9.831261182331287],[78.87402777744778,9.824724767175834],[78.8641830477226,9.813056669413974],[78.87208678581673,9.802930900825126],[78.86591127697187,9.797989602672773],[78.86647689130903,9.789323646667347],[78.87262971499804,9.785332244748636],[78.88748718594236,9.786358572693363],[78.8949698872561,9.76403110025564],[78.88225599690396,9.744565926339542],[78.87364693758137,9.755333510031786],[78.8553128750964,9.765255259290859],[78.850359519704,9.761190811039995],[78.85388263858646,9.756891973910397],[78.85112721096264,9.74704167642585],[78.84514900090028,9.742976999862188],[78.8333727891097,9.750181345318046],[78.82308301602649,9.74976379588728],[78.81663606325222,9.743890273569653],[78.82633982844467,9.731794959587202],[78.81532609498915,9.731553322849138],[78.81398040701544,9.738799606957032],[78.80829782891982,9.739390579261013],[78.80538055632283,9.759506332106533],[78.82165395990286,9.760861298368049],[78.82643753999476,9.769446835818169],[78.82037984969097,9.774784556105356],[78.83122546613602,9.780839457678892],[78.8282975592827,9.792945160561937],[78.81455907117875,9.779810339165383],[78.79602004368866,9.794891281279366],[78.80014743860153,9.783875669146969],[78.78972048379126,9.781698495940162],[78.79204190296196,9.775546601903535],[78.78037059643029,9.760444500668862],[78.7821828657693,9.795402810923738],[78.77418245727253,9.78678861212884],[78.73736693313748,9.780505918832493],[78.74431489700694,9.760292155203881],[78.73348192794279,9.758360685840048],[78.73279003293455,9.74902796982888],[78.74285011668107,9.743478113402121],[78.74492076664862,9.707624484384128],[78.7551639225585,9.717146908114433],[78.77806001543347,9.71955067040301],[78.79429890843521,9.705577510654388],[78.79918570136002,9.696270843225212],[78.79185197665302,9.672377445065887],[78.79525239465083,9.666162519609315],[78.78546557841375,9.652652256910743],[78.79476169441847,9.643455268441775],[78.79479975783367,9.637402042991143],[78.787780648292,9.634068543424258],[78.80269829917387,9.62109810675924],[78.80753034068042,9.626198518314505],[78.82664605873514,9.617942986041076],[78.82127411896306,9.599746445804051],[78.78222063274048,9.595885594587283],[78.78127475974688,9.59080869395486],[78.77386018127443,9.588315525599707],[78.75382607418226,9.593321981568414],[78.74673896486854,9.58529576987528],[78.74597947882168,9.588862794698564],[78.70100114785447,9.593544296582024],[78.68443668742748,9.605585607214959],[78.67894624729301,9.593850772899515],[78.69378317915668,9.57676496721288],[78.68379270316659,9.562951445558198],[78.65422812129016,9.543199179610664],[78.65619514340318,9.536472305647257],[78.661805844598,9.536119284598197],[78.65557472644377,9.520053283910343],[78.61682896890156,9.536174269860068],[78.61683248939914,9.558085923602343],[78.59757139428704,9.560905379207771],[78.58712638064468,9.572341377756779],[78.57578926356834,9.576064691613153],[78.57137290218816,9.566724269909122],[78.55764821041035,9.574754737615727],[78.52010266856304,9.578889934653178],[78.49425502427815,9.599780159570715],[78.50299082420923,9.61092963793825],[78.48607117890204,9.609299215343986],[78.47711815465716,9.613198004948408],[78.47230240679323,9.627122819205628],[78.46117586470098,9.636447020827971],[78.4548849448,9.61606480959215],[78.4486403034075,9.618927599919106],[78.44696312990742,9.614683018983618],[78.44016231187811,9.61527648497796],[78.43911363927668,9.609250600436003],[78.42946126221008,9.608827085003231],[78.42557015475968,9.600346810400659],[78.41688818277873,9.599357781978874],[78.41183120492167,9.587857663182954],[78.39778429194304,9.595191036983813],[78.39387119463281,9.581358011574588],[78.36843334022095,9.570481128140779],[78.37528358804877,9.5660059116641],[78.37650907065769,9.551815566740729],[78.37237851457336,9.543176421265555],[78.38737105979706,9.536097202609543],[78.38226140203682,9.515948649429893],[78.37743422939914,9.515826551640266],[78.37486152359567,9.507427132575186],[78.36727952790037,9.507056147558291],[78.36529374357433,9.51203326260773],[78.34732443302728,9.511398959442563],[78.33953936417886,9.495915303975101],[78.32848778110717,9.495203953828753],[78.32700910114889,9.487514016794181],[78.33007132140852,9.47283137709816],[78.34685055374864,9.471301016059092],[78.35190564244864,9.460980754565853],[78.34713855901859,9.460229858108066],[78.33935617433623,9.468456645601849],[78.33127402813173,9.468970849831585],[78.33037796043244,9.462818114422065],[78.31103491291532,9.46794108756101],[78.30869622093832,9.460481467352336],[78.29938469074165,9.461464861362128],[78.29849853415487,9.454602262208072],[78.30538898428661,9.447538054641212],[78.3011786892461,9.44216192082472],[78.27190594305601,9.448500895568662],[78.21862126255908,9.4474012936147],[78.21504389621325,9.433455834922075],[78.22101628429431,9.429910187086598],[78.22252274375441,9.410122763693543],[78.24319451006954,9.40667669569556],[78.24303629159517,9.381062529062005],[78.25523321138276,9.373641682029351],[78.26319928087949,9.386627898171426],[78.27872727411484,9.385028005398684],[78.28021439644013,9.389978580641468],[78.29147634698508,9.391016950066401],[78.29621572637173,9.38899289662901],[78.29504771527976,9.381678086923829],[78.29665337210342,9.386610578349092],[78.30418781907247,9.384257051767449],[78.30815020604402,9.374818744351975],[78.30115553157638,9.367150029213935],[78.30825248013744,9.365022349876066],[78.3057658338365,9.350329490357941],[78.31048254244034,9.345154370919431],[78.295376203128,9.342619311709617],[78.29386779971365,9.331972667689916],[78.29781998092525,9.325974588652914],[78.30480234308358,9.323507879585213],[78.31140400730936,9.33502812630031],[78.32435808560886,9.332394898047138],[78.33310293157489,9.354064050404036],[78.35296696422756,9.352687581244389],[78.35609362603243,9.357891131213602],[78.36487963909295,9.339465248352672],[78.35333038216736,9.30863767184682],[78.34613036270726,9.309405486389588],[78.34676413941155,9.297873238583705],[78.32862273860555,9.275285316011495],[78.31200173641794,9.283094216633943],[78.28097379535042,9.284194203165018],[78.27224494927795,9.256271530255319],[78.26935484622675,9.20209872403283],[78.29612056693536,9.20508086539375],[78.29082269056354,9.17757533529151],[78.27394606557529,9.141485909561807],[78.31524840056835,9.13306937908066],[78.3563763923277,9.118056856391755],[78.35680092984273,9.098613033013159],[78.36540185042887,9.103147863794257],[78.38488733302084,9.09472233086336],[78.41528685044483,9.114598113394058],[78.46753635193421,9.12798948669044],[78.53685722508058,9.138495394293333],[78.57824975901299,9.130999665606979],[78.6053917390784,9.148014449389146],[78.65764819891797,9.158123156987127],[78.64230838476834,9.169755807203087],[78.64933792734371,9.187621608300875],[78.67886611038313,9.196014169606643],[78.71725519902832,9.189542662894931],[78.71653429023301,9.200031006404245],[78.73260279528327,9.211889351241084],[78.75446239401714,9.215499815329036],[78.86109901007968,9.255401916404663],[78.87488239059162,9.2572605930374],[78.89569633506342,9.251537234298823],[78.91615270603468,9.258781673703602],[78.92652291876001,9.267714594963975],[78.97935339038804,9.274869744005082],[79.06289323443269,9.261535415265417],[79.08920077392222,9.261531773092765],[79.14622386623756,9.277070948780848],[79.18865611207643,9.282482796886613],[79.20919806015495,9.28240316589798],[79.2049872530747,9.27767937073949],[79.20502728290207,9.273479531177808],[79.21846939882747,9.270755078403527],[79.21990843433565,9.25730532013255],[79.2573618970697,9.259179370285107],[79.3108661931957,9.241477450713068],[79.418188175311,9.176027361342618],[79.4354962907746,9.157793143974173],[79.435842971304,9.164171889171916],[79.41643758429936,9.187098899835929],[79.37360208113618,9.21820295000769],[79.32400378203641,9.263577299270189],[79.31471715044447,9.281188349797173],[79.33504634063277,9.309328748803505],[79.32934201162914,9.320096212899667],[79.30991538934953,9.327646842672413],[79.28150974019081,9.31274858493606],[79.26592844631641,9.292744173886438],[79.22111428067073,9.291337678138037],[79.21118673705618,9.283265804869696],[79.16078234192273,9.284330441565864],[79.1398029753863,9.291876505041138],[79.13223044883242,9.287879734980608],[79.07111927008445,9.295035562033762],[79.01433314884949,9.331363110706967],[78.9804693387194,9.361242278140057],[78.93168520881278,9.414207741376972],[78.90300675837027,9.46248689593315],[78.89838645067452,9.49011748860826],[78.90421084041415,9.496807812094463],[78.9152263516356,9.49903115316786],[78.92013850310255,9.559225252583234],[78.93364027255272,9.606175052942804],[78.95981482993916,9.630934333693112],[78.95926603026749,9.641716168263265],[78.96397621261079,9.640557818831882],[78.97100022785222,9.655704740107028],[78.98036288925655,9.689557172889481],[78.99912099697981,9.71841645241196],[79.00040754706174,9.714393613233458],[79.00403768493896,9.718119985831013],[79.00323293727652,9.725325528869712],[79.00449315863578,9.718603862045573],[79.01500071208993,9.731491394309506],[79.01315044131944,9.74484009306819],[79.01591177985784,9.732318978935469],[79.02620522794884,9.747674341026164],[79.02237564880723,9.752817562783717],[79.02688858806356,9.748271274573812],[79.03182412806729,9.754798353110365],[79.02987391612817,9.761463311222046],[79.03231386620398,9.755302464306776],[79.041229107308,9.766249367736501],[79.05906925718514,9.772957778962384],[79.07696142939871,9.799709595004247],[79.07582440659078,9.812208844286081],[79.0784791016302,9.799976559391297],[79.08267438941559,9.815546133148143],[79.09390347689248,9.829362546429289],[79.08495513466684,9.834650471590093],[79.094245257112,9.830040675429123],[79.0987118199435,9.833838453416018],[79.09496905488922,9.838223018066957],[79.09922229389191,9.834249879216259],[79.10481942064446,9.837943714285847],[79.09882023402187,9.84332265237126],[79.10530707019812,9.83891116241573],[79.10867992339145,9.842256656652982],[79.10665563996729,9.850816842625502]]],[[[78.49274322343535,9.08642473202134],[78.49554642256768,9.090659702710216],[78.48993924456539,9.093432752897675],[78.48722232681949,9.088709409273271],[78.49274322343535,9.08642473202134]]],[[[78.53508319881985,9.102767871430972],[78.53908830068318,9.103765339324926],[78.53913486844918,9.106045398169611],[78.53508319881985,9.102767871430972]]],[[[78.58797440734085,9.106998522423185],[78.57934269699837,9.11282441640345],[78.57095495381571,9.1011315174357],[78.58797440734085,9.106998522423185]]],[[[79.48929248097745,9.119036838613974],[79.4965854500183,9.123166455879975],[79.49651322007959,9.124825536295614],[79.4918778117039,9.124026926304602],[79.48929248097745,9.119036838613974]]],[[[79.4883122959333,9.12652349258044],[79.48829916436047,9.128227787715819],[79.48712076155726,9.12733307465111],[79.4883122959333,9.12652349258044]]],[[[79.48163077597033,9.128686456296483],[79.48062600134189,9.130558330673692],[79.47973416021605,9.129699581583695],[79.48163077597033,9.128686456296483]]],[[[79.48228219019695,9.131837213055858],[79.48286972342703,9.13429623615483],[79.48151377040459,9.132886171006431],[79.48228219019695,9.131837213055858]]],[[[79.47346777330544,9.136609080009848],[79.47288167468486,9.139186030316592],[79.46980662468633,9.139403790979138],[79.47346777330544,9.136609080009848]]],[[[79.46750965406439,9.140511971240018],[79.46741488270025,9.143378192578059],[79.46511760575282,9.143320020730437],[79.46750965406439,9.140511971240018]]],[[[79.4537815432986,9.143896763270991],[79.45470533929576,9.145320586707301],[79.45412760399046,9.145628093904966],[79.4537815432986,9.143896763270991]]],[[[79.45618405339002,9.146558917884603],[79.45575207243449,9.14763497664538],[79.45505599666691,9.147074527045605],[79.45618405339002,9.146558917884603]]],[[[79.45266298266638,9.146424087924919],[79.4523543817219,9.149778515319783],[79.45009312811567,9.147952627861388],[79.45266298266638,9.146424087924919]]],[[[79.44453497028015,9.152343392986582],[79.44578597043301,9.152058361571918],[79.44551792123707,9.153767203904],[79.44453497028015,9.152343392986582]]],[[[78.69384185082284,9.152857015139862],[78.69700368436601,9.152589692432999],[78.69652212988157,9.155810523013185],[78.69384185082284,9.152857015139862]]],[[[78.73097272404678,9.152118491994196],[78.73110146340679,9.155879682910653],[78.72803413083487,9.15280059908589],[78.73097272404678,9.152118491994196]]],[[[78.75250344955515,9.155560055731732],[78.75091078686206,9.156539523280422],[78.75138600463053,9.155533446061456],[78.75250344955515,9.155560055731732]]],[[[79.44766969087141,9.153934027750198],[79.44357594684911,9.156642774244558],[79.44728723673246,9.152654763562685],[79.44766969087141,9.153934027750198]]],[[[78.69806858862633,9.158523357838408],[78.69888299856797,9.158301195843764],[78.69883606159438,9.158686111412335],[78.69806858862633,9.158523357838408]]],[[[78.81692339927733,9.160365274197574],[78.82226415583095,9.16644057972144],[78.81956017202853,9.165229311636859],[78.81692339927733,9.160365274197574]]],[[[78.82396199058255,9.166451631565812],[78.82904061783795,9.170506711127961],[78.82852139609531,9.173688039673378],[78.82396199058255,9.166451631565812]]],[[[78.70189781922164,9.185822480297249],[78.70308129031966,9.18548452518149],[78.70191123376377,9.185993714183295],[78.70189781922164,9.185822480297249]]],[[[78.91013209908418,9.185988393415215],[78.91040728719167,9.18646225361498],[78.91012041559556,9.186565769892452],[78.91013209908418,9.185988393415215]]],[[[78.93719352721801,9.182399771639723],[78.94335419858932,9.187732786994875],[78.93287860359973,9.182389560095293],[78.9251882800643,9.184880471188754],[78.90883627838849,9.181495348686166],[78.90624978793701,9.185190868787863],[78.89726449261387,9.179674300438908],[78.93719352721801,9.182399771639723]]],[[[78.97111533258284,9.184971636616696],[78.96684516932021,9.18735620064195],[78.96741311298891,9.182918994808906],[78.97111533258284,9.184971636616696]]],[[[79.07585777990191,9.202338520945005],[79.06889865266838,9.210539149178683],[79.05676835912882,9.198019958684641],[79.06647412397108,9.20053697506095],[79.08635219729166,9.191691565369085],[79.0910261011722,9.195932580588154],[79.08329198027509,9.20276730956527],[79.07585777990191,9.202338520945005]]],[[[79.13953377544848,9.21263881090268],[79.14153391664941,9.214253830433817],[79.1388749447309,9.213347348340012],[79.13953377544848,9.21263881090268]]],[[[79.13411272388153,9.215982817975716],[79.12225581103907,9.21574263041079],[79.12949518838671,9.213786887559758],[79.13411272388153,9.215982817975716]]],[[[79.23846056465247,9.241888936599395],[79.23274572895328,9.243084050655249],[79.23863326127425,9.241206244004479],[79.23846056465247,9.241888936599395]]],[[[79.21774062797684,9.250422893725],[79.1804225009319,9.24962723116046],[79.17931051506923,9.238198738982653],[79.1993300505892,9.230202836991165],[79.20383677170716,9.239722836896929],[79.22364618319736,9.247150655331906],[79.2228002226263,9.24866986015449],[79.21956530394823,9.250257453315013],[79.21785439242102,9.250435733941757],[79.22206282525399,9.247797524145579],[79.20226729902316,9.241490779803295],[79.20866673091888,9.248876521056017],[79.21774062797684,9.250422893725]]]]}},{"type":"Feature","properties":{"id":"ranipet","district":"Ranipet","name":"Ranipet","state":"Tamil Nadu","rep_lat":12.9208,"rep_lon":79.4079,"elderly_pct":12.0,"outdoor_worker_pct":32.0},"geometry":{"type":"Polygon","coordinates":[[[79.78988965278936,13.024571495670275],[79.7861459409108,13.039068989810927],[79.79201156691525,13.045995102011565],[79.79159392935988,13.053746041107543],[79.77908708271445,13.053669065410453],[79.77588847483847,13.062819948889219],[79.76210470086443,13.05178622497295],[79.74771501772281,13.049583604646632],[79.73721849288542,13.061009091936906],[79.72995501643364,13.05449472875389],[79.718614131823,13.053735006076373],[79.72577426069462,13.067964591264],[79.73811942226702,13.065528278313854],[79.74164172727582,13.076007691070044],[79.73632938982452,13.095118692614568],[79.7014732880552,13.099415052638003],[79.70166833386295,13.104300649257178],[79.70368683662826,13.10068441957775],[79.70477973059619,13.100991486596877],[79.70222805974342,13.110799610750176],[79.7189133920852,13.104910017825201],[79.72409128317949,13.11667262633902],[79.73605320997696,13.117883772384307],[79.73653985521412,13.166943289578544],[79.69486286884866,13.159043347799585],[79.69181882959205,13.17723975258667],[79.7007908702732,13.181187595289426],[79.70075689509083,13.191645794583737],[79.67013740810155,13.183245909156518],[79.67151065818481,13.203791531763969],[79.66120642941205,13.210423167835438],[79.65401492508252,13.210545895988929],[79.65605793119386,13.205542614608095],[79.64813271078805,13.19949608763989],[79.64494880833325,13.179058900685604],[79.63009709469158,13.172867536839345],[79.63458445442022,13.147639388009337],[79.58917259739525,13.147545621619614],[79.59928814941561,13.131678866753507],[79.5943876742507,13.12198373238666],[79.57091169730025,13.121888937862405],[79.56845924177738,13.137498918760254],[79.53257712381641,13.13648430667272],[79.52251353304702,13.139223615140983],[79.52264509581195,13.144186144790652],[79.50030581737764,13.136099375249161],[79.48268780919213,13.139915302001482],[79.481714556447,13.128160292742413],[79.47519029825263,13.130390934071622],[79.47418840362302,13.127123680064747],[79.47528774300308,13.107666541234526],[79.46454399281632,13.107349352819185],[79.46241902531679,13.09540485780339],[79.45093762083954,13.093247795822416],[79.44366251300148,13.11401264535552],[79.43411237858722,13.111492858826653],[79.42897652864823,13.116501515848723],[79.4517017278202,13.121124353956821],[79.45352469609428,13.126484031351199],[79.43861128526054,13.12506412859135],[79.43406238644334,13.136490583417693],[79.41877714135398,13.14995699677141],[79.41150275576139,13.136715627582173],[79.41331275685434,13.118750196979237],[79.40412230698153,13.115302732967308],[79.40161290725278,13.104211944377735],[79.4041484892788,13.099755418771903],[79.42033782941284,13.103812046712713],[79.42263296477662,13.096878631739958],[79.41522703618207,13.089675574290126],[79.41675236565304,13.084631506563476],[79.37950821666837,13.080118844114272],[79.37930079207601,13.07547274187491],[79.35149703212396,13.062490809678232],[79.33494694474152,13.060554038948554],[79.32473168421619,13.077681158392428],[79.29873955400268,13.08674954966544],[79.29338145637081,13.101413797615523],[79.27245434303785,13.087019997619963],[79.294543849399,13.047188209781654],[79.28482995660006,13.03771629894062],[79.27809850468036,13.007332963390727],[79.2659796844236,12.98741540405861],[79.27009991257708,12.966586299118694],[79.26363882121856,12.947140107955033],[79.26876783407994,12.946532207098572],[79.26785374976929,12.940141038317167],[79.25179385237614,12.95179416897562],[79.22325920604092,12.95643051859789],[79.21673353120337,12.954950329413599],[79.21000505270726,12.938514601267398],[79.1943831001848,12.93352916273446],[79.18813781290358,12.925960158273233],[79.1862469158244,12.917807174603574],[79.19133124917846,12.908070751194295],[79.20582956828234,12.904853593663994],[79.21090365904554,12.895211699427174],[79.19963315474247,12.889149528050744],[79.19550657460161,12.89437528458248],[79.1926026940889,12.888346778751599],[79.19402757933469,12.875243943259756],[79.18400954392997,12.860715468577652],[79.17819784918191,12.82003061664646],[79.19083816930889,12.809917582123992],[79.19549454256668,12.792456915145678],[79.20868149742553,12.784729326774517],[79.2381317300545,12.797645240817065],[79.24020879039992,12.808595588570507],[79.25232352601711,12.808119632578292],[79.25025207744727,12.823901203600341],[79.26175521396789,12.818713590990535],[79.26165590072164,12.794723193581946],[79.28781020199675,12.779149878241997],[79.28362574430042,12.763379198958184],[79.28949133257565,12.752873036236295],[79.34338681985507,12.731539851352188],[79.34781380740674,12.712996145883011],[79.33894427797425,12.701225530602086],[79.34512772972285,12.694889836594115],[79.35774098630527,12.696803101219198],[79.35564424566863,12.718949439191615],[79.36685950986993,12.714182005587096],[79.36545963731487,12.719501649575442],[79.37993418609803,12.726191266660846],[79.37978223876264,12.733472473383236],[79.38718105809008,12.732224979815541],[79.39052337575025,12.726195619857007],[79.39547287377682,12.72938176262319],[79.3923782809293,12.713924499264854],[79.38007237932807,12.707768903183947],[79.39494656612321,12.689833203677734],[79.37001458179397,12.68058261319687],[79.3533662079396,12.668238043191709],[79.3605699473233,12.667068103920919],[79.36243525229837,12.651750891303072],[79.35181753394936,12.646366922629102],[79.36933095937115,12.632226031884361],[79.38291698989664,12.628267034171175],[79.40518428542897,12.64578445113397],[79.40990765773557,12.656088961693941],[79.42679548741037,12.658097891279073],[79.45097744674936,12.671181768673785],[79.4538675003932,12.685183067596517],[79.45900985772812,12.686853908435955],[79.45499009895265,12.699098941930233],[79.46546359188446,12.700542102704555],[79.46671941688874,12.711520093016992],[79.46261920319976,12.716963098413219],[79.47532651159581,12.731399322623451],[79.45556707158825,12.736056367239106],[79.45338587673848,12.740260284713669],[79.45856832139295,12.753587293408211],[79.46752516796933,12.756653395917118],[79.46916468139777,12.77079044038786],[79.4598023415903,12.783362574385993],[79.46229849476188,12.7985298246874],[79.47645566516186,12.799528446656765],[79.47714923642641,12.807130265939756],[79.45736055895131,12.81046777718975],[79.46078384895458,12.829431301335182],[79.45699762969507,12.844198142858849],[79.47288682562468,12.851311553720457],[79.47440507187964,12.85883171439385],[79.46961980744658,12.861210731413486],[79.47416798761155,12.865444000296327],[79.4725588596976,12.874266963570337],[79.48990764728403,12.874319060037186],[79.49867724003946,12.868549602827667],[79.50063298290578,12.87200630241259],[79.5086235368839,12.857181221397825],[79.53917559273471,12.862933621673733],[79.55962175704771,12.853552731630208],[79.56438413240734,12.855795768122112],[79.56640459439828,12.862467218119614],[79.5584001353979,12.872946211314229],[79.55701003741147,12.884900230567759],[79.56413660432577,12.885977887401875],[79.56827476914053,12.899569444709785],[79.589844973809,12.90285502300367],[79.63539683955923,12.923702821990686],[79.66308009860073,12.930435126200644],[79.65888470211921,12.950584079888271],[79.6752905245586,12.95643025859075],[79.70103290156356,12.976301931417359],[79.73409904994217,12.98679000029084],[79.74873827878149,13.003745508004178],[79.78988965278936,13.024571495670275]]]}},{"type":"Feature","properties":{"id":"salem","district":"Salem","name":"Salem","state":"Tamil Nadu","rep_lat":11.6465,"rep_lon":78.2132,"elderly_pct":11.0,"outdoor_worker_pct":23.5},"geometry":{"type":"Polygon","coordinates":[[[78.62682174996868,11.86922280380113],[78.60846223731338,11.850522734727027],[78.59583747780374,11.822759578604671],[78.53939719358011,11.80659687796374],[78.5218856159929,11.815332257371978],[78.51195833199145,11.811495305244026],[78.45538151462445,11.826352224579823],[78.44067395094146,11.839653475264756],[78.43507878161789,11.854665464657462],[78.43307025644042,11.862232346614071],[78.44148321623143,11.868346226152424],[78.41437682562099,11.880143285192036],[78.4031462855683,11.873545168910974],[78.38056765461975,11.825715396701035],[78.35124230308665,11.792853319439761],[78.34501652541681,11.793485406599851],[78.32828345210928,11.775981266642454],[78.31287216440236,11.782685625287533],[78.32716019059315,11.795480328141357],[78.34558598634001,11.824198878772615],[78.35077894487657,11.833917491353862],[78.34800568299943,11.848485116213068],[78.3675567812347,11.880565179595065],[78.36574790573081,11.89183785456522],[78.35313114571882,11.894160166229957],[78.35894004131642,11.911702672619782],[78.30914847507314,11.881188953682363],[78.32639136296568,11.899584630119884],[78.32270475788803,11.90521131856557],[78.3315047145984,11.92224420792725],[78.32438853490375,11.930084994079703],[78.31712650833285,11.931724200792278],[78.30230750774054,11.92274824740737],[78.29157879535165,11.91454130575779],[78.29265075408188,11.90677182327185],[78.28007294412224,11.899567213396953],[78.26902077355236,11.900250057273107],[78.27998916813716,11.914939623160567],[78.28022467586194,11.923586448667455],[78.29156074640098,11.92748191965452],[78.290755874771,11.932096593380935],[78.27502569322309,11.931440160792016],[78.26190178662246,11.911967454811853],[78.25794970063228,11.912363511764061],[78.26264316173487,11.927444065419408],[78.27275556156692,11.937920908618663],[78.25700069700994,11.940219580678775],[78.25588848656847,11.933177005360584],[78.24197405443296,11.92666329438379],[78.23579247657003,11.917964712291582],[78.25007951191908,11.938173349395049],[78.25327740743103,11.95106129558708],[78.23486558408008,11.979260095723124],[78.17905664482132,11.972843206248985],[78.16847864188931,11.9674208126094],[78.14485915997054,11.96825007279592],[78.10059629221139,11.95576002140083],[78.07372239457959,11.937599053934019],[78.03904338039717,11.936337756436728],[78.02686234641709,11.920450308823355],[78.0112974414067,11.921307407373915],[78.00635713134888,11.914430373631292],[77.97034589044725,11.895558696902688],[77.96099854172527,11.900922211593288],[77.94850867503533,11.894941006083606],[77.9329328941218,11.901344461421598],[77.90508279996574,11.900285963899911],[77.8920302222936,11.908874693827569],[77.86708896555398,11.91574487791861],[77.85005257609076,11.904900057394403],[77.84774071589301,11.894295919834196],[77.80741753916976,11.909077518588676],[77.7626667730236,11.909907439895505],[77.73674883107614,11.94055464882221],[77.69132793879602,11.941838038285162],[77.6771409506168,11.951865996609701],[77.65738317518746,11.949834038804891],[77.65353221973533,11.954670612370538],[77.6069538769577,11.942018808561295],[77.60345201041822,11.937656730062857],[77.57531437272623,11.93648163891598],[77.56106958963659,11.941915728106137],[77.54252159157005,11.938163291423853],[77.53798391001581,11.932385394599446],[77.49536537424827,11.944054641051197],[77.49059135941748,11.908489535562016],[77.48307019942985,11.8995744573263],[77.4862003520879,11.887410294636457],[77.48064014789016,11.893410212402665],[77.4772154708881,11.890455355164262],[77.47352387207579,11.899179957803568],[77.4616279606719,11.899983508281512],[77.4604753341275,11.881203585807853],[77.46585640617275,11.874196235568636],[77.45993809218025,11.863449552433314],[77.4663987325845,11.846312717879345],[77.4566155006254,11.828027791574986],[77.44980338897633,11.796010253200526],[77.43380662338473,11.778136786838187],[77.42660460337648,11.75325079572002],[77.41539356485028,11.740143099915382],[77.41942536015227,11.728830119782858],[77.43505392068198,11.73150239456289],[77.43438395175319,11.715263889102987],[77.44318323382878,11.716587127022816],[77.43905041219331,11.710506793791922],[77.44160258161102,11.706936892794198],[77.43561569202636,11.7027656758502],[77.44197888498522,11.681605485403466],[77.43969898235372,11.673736544199993],[77.45402601698738,11.666075276396487],[77.43762210526458,11.645047997273284],[77.44501789816783,11.618387552317822],[77.4586244048919,11.606637317418429],[77.44970708688292,11.595425335838794],[77.4518400961009,11.580607554359537],[77.44470634176604,11.561374350766538],[77.48559474116101,11.549819138983665],[77.49622667175616,11.551767331772153],[77.49328704099007,11.558784835358534],[77.5163127526757,11.57933588915725],[77.51225054041822,11.59135246067927],[77.52874341589686,11.586303838115931],[77.53727951944197,11.619234998816012],[77.56430451011127,11.660871757705943],[77.57672657106525,11.652472964070286],[77.57179130864101,11.664975051724612],[77.58180708657939,11.67594843003222],[77.5783946509197,11.685287686360292],[77.58901814094445,11.684987995230301],[77.58869125389403,11.679457963397038],[77.61066006980013,11.652248129794833],[77.6227511366062,11.664873847403358],[77.61611842570589,11.671547465610823],[77.61839063696199,11.67618322912508],[77.62534081787358,11.67296355760604],[77.62501331996877,11.663681598847315],[77.63433505502707,11.663961454945676],[77.63480709455602,11.674725886268755],[77.64918732921747,11.70478593790816],[77.65866230159187,11.717793465837598],[77.67546620616123,11.725286037881915],[77.67270592044841,11.732844031285545],[77.68626453439141,11.74247610915557],[77.7057191912944,11.77619588883351],[77.70983192121025,11.79759643013571],[77.71445637642768,11.797138607053373],[77.72218178007324,11.795084186867987],[77.72153827641104,11.791423166182922],[77.70791460108528,11.76609699418599],[77.69643641886493,11.722610822295541],[77.69096149892363,11.718508804571826],[77.69513400004352,11.706775576750022],[77.68989460489496,11.694751368250682],[77.69822132731701,11.693472071005118],[77.68963235881577,11.66368934782712],[77.69548817162405,11.639645853704955],[77.70547019806058,11.634429023182982],[77.71629495742135,11.642189715804497],[77.71496219710292,11.649286682638394],[77.72421664744812,11.649747195062393],[77.73421298764036,11.657868919772985],[77.74562210558503,11.654610150596069],[77.7705504400593,11.697062874966084],[77.77651772660784,11.695704635010497],[77.76126151057687,11.648220099810917],[77.7358974931898,11.601322669836394],[77.7461990027622,11.570648198291005],[77.72406383683177,11.536660247082732],[77.73244330383574,11.511661320766521],[77.697604706638,11.473273694236223],[77.69658993106553,11.464428057935917],[77.70625345981804,11.460949809680432],[77.71195019805752,11.463805008857635],[77.70867896139085,11.449169762415975],[77.7208230898841,11.453125948201825],[77.73199632909979,11.444687817782473],[77.76103896733827,11.450986956314049],[77.76551401655426,11.477711637211414],[77.77404971855245,11.482533402247105],[77.78489417437412,11.477836245577615],[77.79145583841692,11.465588904821544],[77.7842939209996,11.450810283045204],[77.80408073896207,11.448443240984803],[77.80578246791042,11.459065915757764],[77.81457621816048,11.45833579333665],[77.81582052406783,11.467398964191439],[77.8082178024423,11.468775717135404],[77.82976922513481,11.469865175887447],[77.83445020055328,11.457033441860808],[77.8200181887955,11.446132711016624],[77.84989520203278,11.434638336689797],[77.8471980984271,11.42121327773774],[77.85203633471583,11.422330302123743],[77.85248154066898,11.41510715328348],[77.86458120794559,11.423678257715896],[77.86500767504187,11.417097000027937],[77.87667284158861,11.413580803283065],[77.88014563056065,11.42347989341751],[77.89926527425314,11.419727661393106],[77.90776040923141,11.425702668739042],[77.91093982460133,11.422226457588106],[77.91001630977686,11.4421195557826],[77.91570003322448,11.458680696029797],[77.92413055058773,11.451510697974166],[77.92326129041317,11.46096686661146],[77.94114161833973,11.459797653600182],[77.94854097036811,11.473989229176263],[77.95479964524196,11.46910603859313],[77.97194261442374,11.46824692327099],[77.97699139695048,11.501360682826343],[77.9718108459446,11.515517618941645],[77.97773753582884,11.530621793253246],[78.00410360774566,11.52496655331526],[78.01661427223105,11.530282889946085],[78.03466023781787,11.528626095818122],[78.03562956941681,11.522189813564857],[78.0463233472226,11.519793031199324],[78.04365733610555,11.515082263382817],[78.05400222622134,11.51339469098392],[78.05509063310443,11.522213726280889],[78.05874991322774,11.515665105429896],[78.07087925365482,11.527967003061484],[78.07025708857388,11.522719050161275],[78.07889656305537,11.523972817971645],[78.07506767202322,11.532234766390705],[78.08312640274153,11.55405479175561],[78.09034280477744,11.545417987804983],[78.09688816529615,11.547737665770311],[78.09775839026133,11.553686237579472],[78.11013475840838,11.555902300018744],[78.11916596303244,11.539101694416612],[78.12593139642271,11.541908797593633],[78.1322110146191,11.538130067710402],[78.13874747103672,11.544028698004574],[78.14827215078905,11.537478715420214],[78.16058852944143,11.538811233024294],[78.16681442658722,11.548714067344171],[78.17684796062554,11.545946341847323],[78.20146929674975,11.553087747683344],[78.2073626402723,11.56450403005902],[78.23959986373092,11.557465129249469],[78.24360432599373,11.552708462739067],[78.26622528016858,11.55984208524046],[78.2771009299885,11.565803644331181],[78.26432909201232,11.566996558904622],[78.27192957683282,11.578674912680423],[78.3032468787281,11.588760360110593],[78.31186597043578,11.587677750364378],[78.31926276496056,11.57849013527721],[78.31777862144875,11.573341442133241],[78.31032425389739,11.574917199590908],[78.30726928573706,11.564610649868161],[78.3294849371237,11.558490813236334],[78.3239987334441,11.554430732217202],[78.32324942980097,11.542606035798052],[78.3100669692135,11.541188282028177],[78.3263446667406,11.536436723413166],[78.32848161596935,11.531284220956527],[78.34521940004223,11.541606190382275],[78.34350900504631,11.546505744322609],[78.35649378686395,11.558883172113584],[78.37449436057948,11.588535920577153],[78.37583327525594,11.577339721897102],[78.38287016784696,11.575197268060567],[78.38585467934298,11.586474838197967],[78.41814338974207,11.58991238000812],[78.43905039428743,11.598112938794014],[78.45162121086256,11.597061527915335],[78.44881250775249,11.565480432174834],[78.46063376466469,11.561346113989945],[78.45432583965537,11.542345328822414],[78.46653545712948,11.537528140145128],[78.45982869810031,11.534352391569106],[78.46162861201094,11.529235165844067],[78.47024563939009,11.529277878813248],[78.47340528463722,11.520046881083504],[78.46181148474825,11.494909823146667],[78.45773460390046,11.502373288385323],[78.43994156976166,11.495077738035878],[78.43421360967618,11.498948024898818],[78.43292052614719,11.495390952717331],[78.4360305233052,11.485862028582293],[78.4259139507987,11.47090667568797],[78.43318509616803,11.462841575002697],[78.43769918257304,11.464784442299509],[78.44540132434435,11.439660036656317],[78.45799718325465,11.438816344027217],[78.44855176814804,11.43094911718839],[78.44487550717088,11.40312397264348],[78.42702314559574,11.384942781583748],[78.44739465631538,11.400158292221189],[78.47121601033979,11.40803509509966],[78.47405992740897,11.4042825003627],[78.48296049632944,11.41360005916006],[78.48981022493105,11.414140074675288],[78.48622032978193,11.407419937784551],[78.4962820385808,11.408885194735767],[78.5098034874239,11.396793151273357],[78.5034683290884,11.380497484439111],[78.51531075480025,11.384478037951155],[78.52348424529609,11.370667636329971],[78.5424177571634,11.3694580944239],[78.55343789740353,11.358653583285063],[78.55292174340757,11.320051364613146],[78.57528751315965,11.315735238877481],[78.5836508931335,11.329787076362999],[78.5931315590302,11.326870544432756],[78.6045246043178,11.338769610274323],[78.62187087931633,11.336456403597161],[78.64206617201829,11.342757508892559],[78.66318572963792,11.373786845608642],[78.6566875728925,11.400632557589894],[78.65078253689819,11.407476472987485],[78.65133333082981,11.422419984289284],[78.68835223174855,11.435496454382402],[78.68855077559601,11.443153497810636],[78.70319412860079,11.45698637837142],[78.7413485476494,11.449647511581958],[78.77254994172014,11.415355827213986],[78.78918165811416,11.386500535615555],[78.7928913831323,11.389914385925827],[78.79883952837874,11.384234321427902],[78.8014274103206,11.40221161068714],[78.80601822273232,11.40154385734468],[78.82278564941295,11.427077404816657],[78.81933733773576,11.439556744362541],[78.78951718695762,11.453769123577366],[78.79044628840485,11.457204701092326],[78.79623267491642,11.46094006977968],[78.79843523799188,11.481882371092537],[78.80973629040447,11.481939630906536],[78.81026589757012,11.507920977006862],[78.8338557099317,11.506628564615944],[78.84304725574916,11.523019816084073],[78.8344657288917,11.53116826996975],[78.83472092858582,11.539996049745165],[78.8146615635628,11.544720104404933],[78.81617024455659,11.561711448409373],[78.82932796643945,11.578153668588564],[78.81731069803061,11.585912204976555],[78.81762589171097,11.590866276400373],[78.77534171428205,11.605973402282963],[78.77674188597605,11.613355178294592],[78.78643429376838,11.61348510891273],[78.78984039540698,11.628881544023566],[78.78625057032647,11.641301489235179],[78.77357849744911,11.636605186838873],[78.7970437970241,11.658634754435795],[78.80648946006573,11.661344896787833],[78.80460646905934,11.68824770770077],[78.78064770423757,11.703341697393917],[78.72495517316487,11.689015993729308],[78.71794968657446,11.683196873997842],[78.70959497085153,11.690162344131158],[78.69316693217684,11.689346749206162],[78.68241745972175,11.68210596914131],[78.67786978440994,11.671836014406711],[78.6829634557514,11.667191523203229],[78.67849617157272,11.66498578218163],[78.68009971016896,11.64357139339801],[78.65906723613126,11.64794155989252],[78.66002065856648,11.661626270210515],[78.64587407571042,11.660440206610076],[78.65267045606222,11.715267538572734],[78.6379109868238,11.721241234572808],[78.64317319738393,11.768336177593488],[78.66224899610408,11.779874417288726],[78.66528803174454,11.796652300433017],[78.69224817393182,11.803884406574115],[78.6952046391263,11.851230722618503],[78.67760764343363,11.858330528329228],[78.6585771835842,11.856796186413916],[78.65529224760942,11.865203651561615],[78.62682174996868,11.86922280380113]],[[77.5321323992394,11.848475738924174],[77.54474141757034,11.83712568911018],[77.54246947041895,11.824722134560881],[77.54954499236382,11.808402569294232],[77.54188975343014,11.801534374933201],[77.57347804830052,11.801158338561715],[77.57191802140171,11.785497916048524],[77.59338286985704,11.785649104829174],[77.6060353441898,11.791553662151932],[77.61708304564115,11.785673905032898],[77.61706981166037,11.77675592415853],[77.63541980037704,11.753875924042173],[77.6315499147269,11.72922735386806],[77.62701807042538,11.726983659704635],[77.62076964443061,11.737242531362083],[77.61339129411523,11.766264700720257],[77.59068253770621,11.773340699880377],[77.58517552724801,11.757998927413922],[77.59601744982061,11.749782078307824],[77.57790871624991,11.725226010718176],[77.583227102058,11.722355383680764],[77.57160170662387,11.71144134171561],[77.56328291363081,11.73114437065065],[77.55705789144412,11.766499605958264],[77.53992864582494,11.75237410642546],[77.54768366962041,11.744409261672361],[77.53882429115063,11.739279901299524],[77.52843011227186,11.75133735474454],[77.50978594865585,11.753257770884789],[77.47640551928521,11.713846299999307],[77.47197682942607,11.718100859211583],[77.47167342074391,11.693996440090347],[77.457353896026,11.677995946204812],[77.44997306007227,11.696927195270927],[77.46463805708552,11.742191394001281],[77.48043277090851,11.739183631035568],[77.530749353028,11.77840170907176],[77.53304363589056,11.791324750941197],[77.52659882739489,11.811260667121445],[77.53527915276393,11.82573678706983],[77.53383892429308,11.83718091858486],[77.52501677739856,11.844613066806785],[77.5321323992394,11.848475738924174]],[[77.55560673317123,11.82208178904484],[77.55208917575868,11.816195755239269],[77.54860109207063,11.819544058646533],[77.55560673317123,11.82208178904484]],[[77.56030637827624,11.666238461877349],[77.55233373670488,11.663808927367477],[77.55530130597464,11.669425697739097],[77.56030637827624,11.666238461877349]],[[77.54898234965363,11.64100093587974],[77.5458297013842,11.63636433873228],[77.54069484677855,11.639756923204954],[77.5438374303235,11.644400276298278],[77.54898234965363,11.64100093587974]]]}},{"type":"Feature","properties":{"id":"sivaganga","district":"Sivaganga","name":"Sivaganga","state":"Tamil Nadu","rep_lat":9.9651,"rep_lon":78.7208,"elderly_pct":12.0,"outdoor_worker_pct":32.0},"geometry":{"type":"Polygon","coordinates":[[[78.49762112393718,10.364060263849659],[78.50774129778968,10.388971187092775],[78.49202275032299,10.387961778397038],[78.49035886110934,10.395827893677893],[78.4628101113069,10.407937114589634],[78.44749961457488,10.408993790395435],[78.44022394528977,10.400596223420397],[78.43859537962969,10.38367200491353],[78.44893990413117,10.374904966419523],[78.43663303055281,10.362729218096405],[78.41480480368358,10.363143447030575],[78.39216357183784,10.354302904014482],[78.40425693294118,10.343602431384864],[78.39203479205368,10.317818412290142],[78.37867310768556,10.31008401837149],[78.39063742220502,10.302236396755985],[78.38574390718696,10.28930341602458],[78.38129805860761,10.293855530075477],[78.3867022137624,10.270340105061907],[78.40622869726057,10.275668926219002],[78.42422078818488,10.270681074252485],[78.42508186021564,10.258570606161783],[78.41060428860156,10.257107493042458],[78.40572024362324,10.250306910691199],[78.39509972881874,10.248318567562414],[78.39241133887133,10.241632880420322],[78.39766356375875,10.226145573596598],[78.40785405863,10.223229180602537],[78.41253545086674,10.213089388819172],[78.39462244043355,10.174056069129787],[78.39877422999625,10.16567944214896],[78.41303254890059,10.160656160711522],[78.40169288240548,10.138569878837469],[78.41702642092454,10.131873807669262],[78.42533910357703,10.133319383750448],[78.42588517326855,10.12202700467191],[78.43267563282433,10.135099335585263],[78.45157415710796,10.118966818130062],[78.45811752606167,10.124503090359635],[78.47356898642808,10.121908853256151],[78.47066891477218,10.110287447770686],[78.45636444042853,10.099184036141457],[78.46186843344569,10.071607685572278],[78.45418665558354,10.070162883715058],[78.45289335825552,10.058925134407197],[78.43739901321578,10.061097882185717],[78.42773234125806,10.0530030928537],[78.43071303940566,10.0360325981331],[78.44348795321338,10.034344307767583],[78.44727235518104,10.02815506875954],[78.4444849412449,10.024408000595413],[78.45609533391547,10.018058885804166],[78.45648003743594,9.992149600984675],[78.4496256744258,9.991830039579991],[78.44767280976164,9.986234021402025],[78.45419731139945,9.980482573027382],[78.45655684069777,9.968502561425236],[78.38889481811461,9.952227597389406],[78.37203230386287,9.962344480172396],[78.37034621907517,9.934642382136662],[78.34530903394128,9.939979306430997],[78.33463098743272,9.935642643268634],[78.33393862799547,9.930909566952305],[78.31711043298083,9.926209836567052],[78.31040946359367,9.899369852439792],[78.31499470824728,9.882590443011187],[78.30960999083858,9.865252881959787],[78.29453582738309,9.861429430115784],[78.2873352851035,9.870183803208738],[78.25027188164557,9.873665574400082],[78.25515805113959,9.863943781228047],[78.26699027468473,9.856217889415591],[78.25843774634299,9.834163444143963],[78.24671839341833,9.837469498303573],[78.23921807973517,9.845306078062402],[78.24867725074374,9.860184692439374],[78.22904951184167,9.864942028390288],[78.22516001237562,9.860992077206745],[78.20873426889646,9.87547108473134],[78.19791046803813,9.868701488601365],[78.1879320222863,9.87162351359737],[78.18102514286633,9.867786595688957],[78.16098605641254,9.87597554858764],[78.15128496460638,9.874715003904349],[78.15084154001246,9.852220616260482],[78.12500888232144,9.854644053366108],[78.12323123225686,9.849024932716343],[78.1323800200634,9.833216634578195],[78.1322478356643,9.819650257018578],[78.1278358176385,9.814135138342362],[78.14231619738614,9.812263579039042],[78.15302316964687,9.821688485353441],[78.15173364793797,9.82770546842564],[78.16906844067059,9.830927235717855],[78.19344544042744,9.806625698850088],[78.1754332532919,9.772100029220569],[78.17368834142951,9.776331600123786],[78.15993847975577,9.774569831012773],[78.16160715339662,9.781594777587296],[78.16846164037425,9.782529918267944],[78.17227329183778,9.796950197992304],[78.14088041108437,9.809176011439119],[78.13894315734326,9.800161985428307],[78.14553777877718,9.789221961425868],[78.13841870111744,9.777052676596],[78.13391170242008,9.748093176823595],[78.14605140940552,9.742907766574488],[78.14742787276253,9.750027659183274],[78.16301295573084,9.757530460273367],[78.16358715167391,9.749827705084808],[78.1722133490555,9.748127086425825],[78.17329072911843,9.76016368567829],[78.18302353864065,9.756814857063766],[78.1964781689963,9.767585272752457],[78.20428841672383,9.763587526079686],[78.2102262996165,9.782532055270027],[78.23782305538772,9.757367561340853],[78.27688679228599,9.740598853257675],[78.28013457483895,9.729899621933995],[78.27748357007872,9.726634916203066],[78.27194632502297,9.729124002261084],[78.27837123493681,9.714827332388037],[78.27431069893564,9.702615882222528],[78.27785304266348,9.696084705930593],[78.27124331156648,9.691806096429557],[78.29165999137524,9.67464283602664],[78.30229263792765,9.678971766568038],[78.30276911693076,9.687023088827706],[78.29551401996395,9.693458680310473],[78.32482957357227,9.74266280184395],[78.32823186635409,9.725557442167423],[78.32101284303415,9.707170785380079],[78.32703874734992,9.693487941318507],[78.3427776677089,9.680909214736602],[78.34224110039644,9.672261242898305],[78.3359816978872,9.668449474989401],[78.33925873317904,9.658111340637427],[78.34455725184633,9.65701336481506],[78.34973626763133,9.666014511217881],[78.35606309588918,9.651547475165831],[78.37617894068907,9.657074331192728],[78.38973682340345,9.65285655616784],[78.39390507459375,9.645881181398734],[78.38967268459048,9.631442276420609],[78.4000489690288,9.611903758039656],[78.40598432316393,9.612391674399001],[78.40900953642713,9.61956572705869],[78.4164518288244,9.608864723341922],[78.42338920514995,9.608154224704016],[78.42617353067814,9.617190649633683],[78.42946126221008,9.608827085003231],[78.43911363927668,9.609250600436003],[78.44016231187811,9.61527648497796],[78.45574150728804,9.616878327625473],[78.46148100713162,9.636447009314656],[78.47230240679323,9.627122819205628],[78.47711815465716,9.613198004948408],[78.48607117890204,9.609299215343986],[78.50299082420923,9.61092963793825],[78.49425502427815,9.599780159570715],[78.52010266856304,9.578889934653178],[78.55764821041035,9.574754737615727],[78.57137290218816,9.566724269909122],[78.57578926356834,9.576064691613153],[78.58712638064468,9.572341377756779],[78.59757139428704,9.560905379207771],[78.61683248939914,9.558085923602343],[78.61682896890156,9.536174269860068],[78.6575147119617,9.520139049430446],[78.661805844598,9.536119284598197],[78.65619514340318,9.536472305647257],[78.65422812129016,9.543199179610664],[78.68379270316659,9.562951445558198],[78.69378317915668,9.57676496721288],[78.67894624729301,9.593850772899515],[78.68443668742748,9.605585607214959],[78.70100114785447,9.593544296582024],[78.74597947882168,9.588862794698564],[78.74673896486854,9.58529576987528],[78.75382607418226,9.593321981568414],[78.77386018127443,9.588315525599707],[78.78127475974688,9.59080869395486],[78.78222063274048,9.595885594587283],[78.82127411896306,9.599746445804051],[78.8268242674195,9.614317435880855],[78.8186640135994,9.62446486289505],[78.80743465303466,9.626198518314505],[78.80269829917387,9.62109810675924],[78.787780648292,9.634068543424258],[78.79479975783367,9.637402042991143],[78.79476169441847,9.643455268441775],[78.78546557841375,9.652652256910743],[78.79525239465083,9.666162519609315],[78.79185197665302,9.672377445065887],[78.79918570136002,9.696270843225212],[78.79429890843521,9.705577510654388],[78.77806001543347,9.71955067040301],[78.7551639225585,9.717146908114433],[78.74492076664862,9.707624484384128],[78.74285011668107,9.743478113402121],[78.73279003293455,9.74902796982888],[78.73348192794279,9.758360685840048],[78.74431489700694,9.760292155203881],[78.73755843958301,9.780808740108068],[78.77418245727253,9.78678861212884],[78.7821828657693,9.795402810923738],[78.78037059643029,9.760444500668862],[78.79204190296196,9.775546601903535],[78.78972048379126,9.781698495940162],[78.80014743860153,9.783875669146969],[78.79602004368866,9.794891281279366],[78.81455907117875,9.779810339165383],[78.8282975592827,9.792945160561937],[78.83122546613602,9.780839457678892],[78.82037984969097,9.774784556105356],[78.82643753999476,9.769446835818169],[78.82165395990286,9.760861298368049],[78.80538055632283,9.759506332106533],[78.80829782891982,9.739390579261013],[78.81398040701544,9.738799606957032],[78.81532609498915,9.731553322849138],[78.82633982844467,9.731794959587202],[78.81663606325222,9.743890273569653],[78.82308301602649,9.74976379588728],[78.8333727891097,9.750181345318046],[78.84514900090028,9.742976999862188],[78.85112721096264,9.74704167642585],[78.85388263858646,9.756891973910397],[78.850359519704,9.761190811039995],[78.8553128750964,9.765255259290859],[78.87364693758137,9.755333510031786],[78.88225599690396,9.744565926339542],[78.8949698872561,9.76403110025564],[78.89327489657065,9.772868926148753],[78.88748718594236,9.786358572693363],[78.87262971499804,9.785332244748636],[78.86647689130903,9.789323646667347],[78.86591127697187,9.797989602672773],[78.87208678581673,9.802930900825126],[78.86411483415152,9.81163718755928],[78.87402777744778,9.824724767175834],[78.86608260366286,9.834140796689084],[78.87239531489602,9.844542968600125],[78.8687710771536,9.853371466314055],[78.88030832719711,9.87291873956795],[78.87249009793827,9.875526964814892],[78.873985079624,9.883433504927796],[78.87731308083349,9.886272558306198],[78.89207455511162,9.879012391157142],[78.90158962917863,9.89440460688055],[78.8932060505856,9.911519850342051],[78.89926563723297,9.917893537803472],[78.91329480039991,9.91925782195111],[78.91599019900316,9.927114324401508],[78.92969115459623,9.925955398862998],[78.93554219285876,9.933969504436112],[78.93683962243712,9.92123940580287],[78.94395604557519,9.916848689306475],[78.96293808623082,9.923865176566224],[78.96394130228222,9.942851335076568],[78.98968890478719,9.94014080128102],[78.98869393976165,9.951483139332572],[79.00330674555521,9.956213955254896],[79.00229129085633,9.96415615357499],[78.9963884674126,9.966017178574969],[79.00288739940416,9.978780335404236],[79.0137896986453,9.98172277336699],[79.00969600492867,9.99017467935306],[79.00311206356514,9.987206703892536],[78.99383419234384,9.995927475381723],[78.97395863430604,9.991458158118405],[78.97478637075491,9.999635512587297],[78.96485746978598,10.007491029279947],[78.95167751819311,10.008009345578923],[78.93022652625106,10.021764543641693],[78.93203949537767,10.0373872393081],[78.9236160064332,10.042727118673485],[78.92463367458093,10.047044100833356],[78.93119715681385,10.04717430501833],[78.93805883211039,10.057480046697687],[78.94195350407584,10.053840344255915],[78.94440393569438,10.059436308266097],[78.93422507400605,10.0719056349346],[78.9601215641845,10.095271676614624],[78.97336985421431,10.081810752230549],[78.98697500987222,10.089365049336209],[78.98226152981353,10.100269962657533],[78.97703407686835,10.101840110180946],[78.9676886819821,10.126646645381477],[78.95860687256314,10.114099942697496],[78.95009408119799,10.114246440567689],[78.94786605088422,10.105567511331833],[78.9445599434148,10.112430276135298],[78.92864779642802,10.114290790970692],[78.92810121739171,10.120791374210176],[78.91348928835384,10.127763654802333],[78.91022795561318,10.135909890567282],[78.91352281527689,10.144611567564837],[78.90006407423054,10.15667323537119],[78.90176566663496,10.151795524745014],[78.8965321716212,10.147252678815523],[78.88681853663874,10.148093747213165],[78.88186814658512,10.154530960039773],[78.86227340998994,10.126444417931543],[78.84789325707521,10.12606799390469],[78.84838475411323,10.137468760636516],[78.83305025260017,10.139238821676805],[78.82954833665339,10.15452208223072],[78.81361754782776,10.166615943573227],[78.82323465973128,10.19810305192597],[78.80989741403047,10.212999849906984],[78.76888588615277,10.199060494049222],[78.76528769057045,10.192992732729344],[78.76480176668043,10.174250632405032],[78.7701976097239,10.167209616095882],[78.767187512412,10.163433963629664],[78.74709773133176,10.16430028692562],[78.737319691635,10.158562602342737],[78.72769952815449,10.161353137724516],[78.72664354955486,10.169815210685448],[78.70851539710264,10.175602104138248],[78.69133431509832,10.147751349401036],[78.6783105472957,10.146968758309972],[78.66804290241288,10.154286928962232],[78.67037629343136,10.176015510160521],[78.66421314630311,10.178954568251196],[78.67323092291029,10.204699372157677],[78.65202055190365,10.219647489712884],[78.64724815673533,10.225812047008933],[78.65061144107422,10.236593078803523],[78.64138063079403,10.241039464261341],[78.65167476340132,10.254283584263925],[78.63622403156862,10.269232144023201],[78.61157173141486,10.270367496035552],[78.57792778395057,10.287234916402394],[78.56945396240074,10.281069121086745],[78.57683850659997,10.266254618607308],[78.57062855005888,10.256770112245336],[78.55509167607866,10.254832560790028],[78.55346539842763,10.249485664946912],[78.54060460298386,10.25306028139904],[78.53845408560099,10.257660621924689],[78.52997566827018,10.25043090536898],[78.52759317264331,10.238545352689936],[78.51894699313654,10.23664231673282],[78.51452050504818,10.216678129816293],[78.51615478219678,10.190470502416336],[78.487816246173,10.19052113028912],[78.47599656939738,10.202775264962895],[78.4705206514278,10.202903284985604],[78.47273409220301,10.219863589201907],[78.48774382399476,10.234405969270922],[78.47892912143901,10.242812191880763],[78.48564573229191,10.252402593583426],[78.48232859171418,10.255115936075658],[78.47507789469566,10.245010323413418],[78.46455688358023,10.24040225512739],[78.44775373090077,10.245423785100996],[78.45292942830913,10.267168316276122],[78.47257018559628,10.269866631890112],[78.4923358024197,10.26320650539238],[78.51454938857951,10.267646807135929],[78.51149636976332,10.270030307044962],[78.51702535930157,10.279958532715057],[78.51267416620371,10.28574380118453],[78.51891253825384,10.300219941916685],[78.51536905815715,10.309096469743508],[78.52141175108726,10.326279377758347],[78.50945367267245,10.346962185919288],[78.49774459108478,10.352112717771929],[78.49762112393718,10.364060263849659]]]}},{"type":"Feature","properties":{"id":"theni","district":"Theni","name":"Theni","state":"Tamil Nadu","rep_lat":9.87,"rep_lon":77.4222,"elderly_pct":12.0,"outdoor_worker_pct":32.0},"geometry":{"type":"Polygon","coordinates":[[[77.71255372040137,10.025860401255613],[77.70630823099926,10.038220878771746],[77.71259558458858,10.047884354750916],[77.70889957594652,10.080243153290295],[77.69693577256844,10.086669292292916],[77.70253634975002,10.10273855990811],[77.69419885562935,10.111094067217087],[77.66862985257595,10.122367464978064],[77.6754782696372,10.126611430837265],[77.67637939485154,10.144630067404712],[77.69211107658599,10.145364458278026],[77.69724647018081,10.135223971999466],[77.70786612978915,10.128902092584461],[77.72174141963276,10.134029342567656],[77.7294510497603,10.131382712111016],[77.72426509179476,10.136103654652022],[77.72392565887307,10.146170871023818],[77.72928144873298,10.15906634758893],[77.71224242540934,10.170014988910054],[77.70127400387508,10.195164963401439],[77.71002896487119,10.206301390971712],[77.70654019756518,10.215858495357521],[77.69321122714476,10.196911371832224],[77.68148889271167,10.201483502116382],[77.66443003278995,10.188783033204329],[77.6452654589602,10.204470405702464],[77.6320454299292,10.206301442249519],[77.6222063847432,10.218746154017804],[77.60380270821359,10.205924921324446],[77.59578031614518,10.205793040760113],[77.6030047410349,10.199962334650436],[77.59831889584926,10.194311288321403],[77.59188961203833,10.19131343131337],[77.5890460327357,10.196760257773755],[77.5697466298666,10.181269906425994],[77.56681878140381,10.195373312429119],[77.55566464486266,10.202079213926707],[77.54980590983475,10.199921490161586],[77.54818484331066,10.203994082875669],[77.54636093270388,10.198731744256687],[77.55129561212154,10.191830173913175],[77.54445522869388,10.192520088436154],[77.5462283799955,10.18284668959579],[77.53805903612304,10.187712951961823],[77.5368021196657,10.179620980980289],[77.52315083461964,10.176140413571183],[77.52760497914066,10.173940364018755],[77.51180390344885,10.160897844613345],[77.50001385939954,10.160965540972903],[77.48775175695663,10.147743241596636],[77.48263446082149,10.153933400703819],[77.48070237957978,10.147049272379894],[77.46804463393289,10.14225203204824],[77.46564590844379,10.128767988004583],[77.45212486204595,10.13605815768076],[77.43818162543089,10.132408235192145],[77.42757926467995,10.136080494085787],[77.41142925638232,10.145019339300356],[77.40874754630735,10.158449939572446],[77.39543375741525,10.16279488730188],[77.38467474844505,10.146674996560598],[77.37207786006543,10.139306430652265],[77.3603242085649,10.151032016008775],[77.34146892289083,10.136022109395638],[77.32929080304554,10.142679001782282],[77.3237228418953,10.127566038892535],[77.31301353042157,10.135388944681228],[77.30248338343971,10.136001263023775],[77.28953399344765,10.124958814588403],[77.28414586064424,10.125377657423243],[77.2830396329826,10.117773819024272],[77.2665925958379,10.119341512756288],[77.24459506079218,10.130948432660917],[77.23433398618737,10.128451394219091],[77.23038024100885,10.120502635387075],[77.20789194734022,10.11770195976675],[77.20132563541414,10.106209955390858],[77.20328239427505,10.088807004169896],[77.23143630225347,10.06626983659471],[77.26189970786048,10.029725212381049],[77.26159277418914,10.02120393930395],[77.25319359904616,10.012812329418445],[77.26613127590522,10.001889738308039],[77.2609106762074,9.99267896673502],[77.26682632310182,9.990294242266584],[77.26440135692492,9.987174213185556],[77.2726682659221,9.976336799153655],[77.27285475887003,9.964194675367807],[77.26101230531043,9.952486853604338],[77.24654236129143,9.951396482045391],[77.24789756961053,9.94684540703025],[77.2362288295656,9.935374055406925],[77.23006224458479,9.912467291323546],[77.21825256426166,9.904294420681232],[77.22074646176355,9.884483202398656],[77.21245005658402,9.87688481491778],[77.22132924021088,9.863133288357961],[77.236307480662,9.859603934559003],[77.23718402886846,9.851380753635748],[77.22293527971684,9.844879723109289],[77.2275273587531,9.838093697153074],[77.22177782023621,9.822451408589],[77.24115365805785,9.815634560280305],[77.24679014629122,9.807995013921465],[77.24666602696672,9.797886555973388],[77.24015940809127,9.796920473352689],[77.23601002242029,9.790057606077783],[77.22266345580009,9.787791772396885],[77.2249885553685,9.775559489695297],[77.23239972742938,9.768573655261306],[77.22023381479048,9.74503908158033],[77.2239083635787,9.73037335664191],[77.20355571478507,9.722106368437528],[77.20194643056429,9.703893180712036],[77.20671616222776,9.69465635975218],[77.19411087100697,9.670556006160753],[77.18114623301129,9.659206263827036],[77.17404604782027,9.637305274700427],[77.17626033570681,9.629478459251457],[77.16910777603982,9.623974971195134],[77.16586297769025,9.612862728952683],[77.18867937742314,9.606100974041397],[77.19820105590411,9.61435749156362],[77.20895728997836,9.613443529086252],[77.2098430036957,9.60497052322951],[77.22218428274941,9.597714113203429],[77.23430179595748,9.581545290178026],[77.24277331422691,9.585216853627344],[77.25306707942323,9.582966368301808],[77.26971372222401,9.572769118882999],[77.30380826283819,9.598740761972678],[77.31781874194552,9.602504873256226],[77.3298992517504,9.59899445512822],[77.3245344643646,9.593338225387992],[77.32536116236099,9.58003404092497],[77.33949082275373,9.573313943422807],[77.35458691139034,9.604069557325106],[77.36112810192951,9.602261747710198],[77.3661435569592,9.595955751868647],[77.35747550796684,9.594431709275796],[77.3549710274126,9.586683170372648],[77.3598908172544,9.57738001555824],[77.35026319955362,9.567081123181623],[77.35290553287646,9.559581664603414],[77.36508454115558,9.552729163692787],[77.36561838118283,9.534999140564844],[77.38517837363776,9.519231526043496],[77.4024689944112,9.525055518969866],[77.42786973223214,9.546517605566299],[77.45478457687118,9.541531358303812],[77.47307169699268,9.548497990563211],[77.47761349642417,9.55287279766296],[77.47499408990407,9.567457099167823],[77.4643256293179,9.579832774009901],[77.50627398864584,9.638476430062354],[77.50363189157997,9.65019747861595],[77.5231815884434,9.66030788018972],[77.5353459065727,9.67504432163567],[77.54072552783877,9.695338840774053],[77.54594233484947,9.69578778481019],[77.56631236514552,9.747779422755487],[77.59864582871379,9.776597772396629],[77.60345251886467,9.791317366197125],[77.61206588560906,9.799147653140059],[77.62564241555212,9.835046246691952],[77.6170362946188,9.840393767572472],[77.62000740055582,9.86217409698279],[77.64484790404983,9.888262400771447],[77.65411814587941,9.918563326656729],[77.66860726174318,9.914326339008543],[77.67904605006063,9.932845806934541],[77.6731950944431,9.961805253883442],[77.68185550595891,9.968847109904626],[77.69190108011693,9.968099509960474],[77.69676033788166,9.982754293145772],[77.69792099805969,10.017310757644523],[77.70154601643807,10.013987401164522],[77.71255372040137,10.025860401255613]]]}},{"type":"Feature","properties":{"id":"tenkasi","district":"Tenkasi","name":"Tenkasi","state":"Tamil Nadu","rep_lat":9.0927,"rep_lon":77.4754,"elderly_pct":12.0,"outdoor_worker_pct":32.0},"geometry":{"type":"Polygon","coordinates":[[[77.33937488618317,9.420136716008763],[77.33638848283518,9.411902455191445],[77.34359645777545,9.400836610709103],[77.33455364691791,9.381215672142929],[77.33732348621382,9.364982156911514],[77.3260332306526,9.346549554077773],[77.32528831977126,9.337114704363787],[77.2999727449342,9.33665303427974],[77.29953742494075,9.310911975367404],[77.28298734474483,9.301332729272824],[77.28852884422172,9.274173717573994],[77.28175334610704,9.27231836910804],[77.28254072214851,9.255998745242039],[77.27410668159271,9.235822952976779],[77.28171242784585,9.21657005722735],[77.27034337296621,9.200602745027366],[77.2561057728056,9.199219505236979],[77.2514881546658,9.189057476338405],[77.26515944159995,9.181260479830346],[77.26681438988157,9.15246078999407],[77.25272231140707,9.139188383292906],[77.24728396906751,9.124601681377422],[77.22844487822137,9.116884411221102],[77.22646391964504,9.108191470852358],[77.21240695631501,9.100482391584451],[77.20570393517575,9.084986529789461],[77.20887189882241,9.074041027958545],[77.19689808372047,9.056796532731802],[77.1974557479674,9.04697272840811],[77.18758631367363,9.043136175106703],[77.18232057992095,9.047418055569764],[77.1674670400043,9.045299484392826],[77.16038540682054,9.035838056425117],[77.16109897907492,9.029441077793086],[77.14655534625317,9.021815243201674],[77.1493470029324,9.00958191023831],[77.15685466034301,9.007501942276095],[77.16167433384472,8.995041788202132],[77.17356682715891,8.99122584270039],[77.17820229302679,8.969099866381251],[77.18489975179783,8.970479772014906],[77.19070407856393,8.965620497221112],[77.19696991301058,8.951688225822778],[77.19279559010731,8.926195976900269],[77.21823964918282,8.918687879415893],[77.22123245931542,8.903947981638257],[77.23854603204435,8.897739775800577],[77.23765576297023,8.885674802177887],[77.24498763355449,8.880073224160167],[77.26165350659055,8.881358430071597],[77.2732829336637,8.876086250224594],[77.29488701020829,8.882384737304273],[77.31314891911131,8.872501612136958],[77.33138975802936,8.87555990258374],[77.34167757997177,8.868006909333902],[77.3413590014394,8.87132516275872],[77.3570186814072,8.873021945587691],[77.38649742476663,8.871440641666261],[77.38441096175515,8.848280424151167],[77.39391989763382,8.848614829443255],[77.40726906936837,8.83863675697789],[77.40093705064479,8.828135178442224],[77.41027740867725,8.82973050457972],[77.41500857027569,8.825598098898098],[77.42035898641356,8.78722015472293],[77.44184756566372,8.767795910754478],[77.45010858800086,8.763870463259735],[77.460852931974,8.771223870299124],[77.4558978302567,8.786265710579327],[77.46281554156235,8.79006184557663],[77.46284329501307,8.813931897316568],[77.47614553875717,8.810488525348191],[77.48012524434907,8.804108625995395],[77.48665214538701,8.805978537430498],[77.49020365821896,8.796935873581967],[77.49902175640649,8.801311099577282],[77.50636470681145,8.795113873731056],[77.51116320702191,8.797122754255636],[77.50655176120642,8.806158323270877],[77.51101399864986,8.808799981885953],[77.51997428757042,8.801225864337791],[77.51346910779607,8.791992338570328],[77.52014386344494,8.781781838309428],[77.5376655506724,8.790023668150816],[77.55378197635144,8.785267006573303],[77.55632154060912,8.789264031194948],[77.56836500478997,8.788710197715634],[77.56998351740366,8.811373539344846],[77.58531152589383,8.826633672842785],[77.59434734785845,8.868131550851025],[77.58986444377359,8.875382429863484],[77.57725040835183,8.873197126870776],[77.57252599310117,8.881894464027015],[77.56375794365138,8.877887475155925],[77.56466535976763,8.887173386355055],[77.57092454937616,8.889792069575115],[77.56455927142756,8.89528375031933],[77.57083555867086,8.905167381810429],[77.56164216142562,8.9114451112259],[77.5820277496441,8.906927738920361],[77.59293335558378,8.910740179375363],[77.59323423820338,8.944732246239523],[77.61410759724805,8.942365046720443],[77.6183362421749,8.93409218434752],[77.62167281510884,8.949241527730843],[77.62969762274703,8.946868278060792],[77.63446247925347,8.955186586672864],[77.64501090784971,8.957003847439925],[77.65470450860471,8.956469977995754],[77.65691735918679,8.934326896199789],[77.68478944589764,8.918989493868912],[77.69483209064954,8.91880716121057],[77.69129616268945,8.955032987278384],[77.68097635623135,8.964148403009297],[77.67598684185215,8.989311767228628],[77.69056565539536,8.993948167013611],[77.70303838941621,8.968864714666186],[77.71053577369324,8.967199586647887],[77.71988403959514,8.966618888767446],[77.72166476010136,8.978756747805484],[77.7292275246631,8.9830586964101],[77.72249168986313,9.00243621488554],[77.6891232269504,8.999748272607157],[77.68823872056883,9.014440989144731],[77.6966752234068,9.020334805287206],[77.69395316639917,9.031971821995636],[77.70240792659699,9.035166507293134],[77.70222697805099,9.040275038347723],[77.70843409501744,9.03775571879036],[77.71363384391923,9.045557501305083],[77.70174915965977,9.063046343103894],[77.70423438662255,9.073425539678887],[77.73915516978728,9.07296959185622],[77.74370020405212,9.077651769366707],[77.73997921056706,9.106784712158264],[77.7217078720485,9.108493935608555],[77.72001948398041,9.104701441084572],[77.68628685842452,9.102257508714377],[77.67652215870974,9.110364599602413],[77.6731579131735,9.126485958035536],[77.6741053168963,9.138063541775853],[77.68832471269772,9.13280857728313],[77.70051683817663,9.138077808679508],[77.69344875068903,9.144620586297982],[77.6901119370066,9.158874999862379],[77.70463913784516,9.165622014185],[77.70584468234635,9.188388258343467],[77.7272874870429,9.189870656430797],[77.73477824085482,9.19691195172968],[77.73286919601024,9.219877899860222],[77.74227856262281,9.219423138963746],[77.74471925021548,9.225556970957681],[77.73769022866296,9.259728015244464],[77.74153099093157,9.274988816697793],[77.73918449798465,9.280545525771553],[77.72194128580034,9.28011166942184],[77.71210041344102,9.291424798268784],[77.65510836061372,9.28346722275123],[77.6413740469809,9.292576981257952],[77.62489500196436,9.292830179304408],[77.61343966839328,9.300976046787115],[77.60338632470632,9.301151577412442],[77.60415494841627,9.306965324139757],[77.58563157676494,9.308617874848085],[77.59095555728062,9.315381564299518],[77.58956793415284,9.347568917164626],[77.57302341273186,9.34302769160261],[77.57486036418165,9.354126354245889],[77.5603721798708,9.353459097787532],[77.54982798503451,9.36317172170522],[77.55470151523245,9.370283947865957],[77.53305062837674,9.376087515809038],[77.52932261904935,9.36034534559012],[77.51907300784588,9.356748301387027],[77.52758271619298,9.348948199567113],[77.5221296729238,9.334963944265171],[77.5066100986993,9.331925303263505],[77.49703008092884,9.333790227152331],[77.49583452389696,9.33845597459605],[77.4747249573399,9.340749479187],[77.47151299241398,9.328390663929314],[77.46477704083301,9.329138178255377],[77.45905285277341,9.336268597861654],[77.46294203872739,9.345892345401527],[77.46804008306766,9.346655172669625],[77.44139584872144,9.354273368435534],[77.44336353019786,9.362007973654732],[77.4371047205767,9.362099383798737],[77.43849853309682,9.36809815039903],[77.44708310075151,9.365827324978838],[77.4505114833041,9.369940537819513],[77.43398627656008,9.390883159611716],[77.41974771340544,9.399270795366336],[77.38908292437637,9.392238379602517],[77.37895855539148,9.401862961067186],[77.33937488618317,9.420136716008763]]]}},{"type":"Feature","properties":{"id":"thiruvarur","district":"Thiruvarur","name":"Thiruvarur","state":"Tamil Nadu","rep_lat":10.6494,"rep_lon":79.5003,"elderly_pct":12.0,"outdoor_worker_pct":32.0},"geometry":{"type":"MultiPolygon","coordinates":[[[[79.74813215311995,10.996463143665896],[79.73176390181898,10.994804010775544],[79.72111209330325,10.999089042311429],[79.71612187194988,11.008778174895971],[79.71103352761807,11.006410925136176],[79.7003067142677,11.015422879090966],[79.67100838585495,11.017258215979242],[79.64337031386883,11.009824661572644],[79.64049362805473,10.999965406592688],[79.63391570989518,11.00029137924029],[79.63273346769249,10.98092461313655],[79.60423693956973,10.982181697021092],[79.60836721268474,10.976223480888118],[79.60401728710971,10.971770422440898],[79.5854922113543,10.983242825267823],[79.57746468541401,10.982590953930028],[79.5747533066802,10.97059708256286],[79.56380716516162,10.976476922131694],[79.54496428971318,10.965551062053953],[79.53245871238721,10.96849093023815],[79.53267541028828,10.96100012356333],[79.52845874080249,10.959556840055118],[79.53018990844102,10.969136772252364],[79.5170853084325,10.970448375028472],[79.51887573703202,10.946570400870197],[79.51435843016672,10.941876412662474],[79.50122803323818,10.941654807010709],[79.49874031434882,10.93184435431927],[79.48430072619992,10.920924011588387],[79.4935292610475,10.91644573285483],[79.49325069257958,10.905276237913561],[79.50676921830473,10.904134610837275],[79.50721534143776,10.895997409425508],[79.48827346895008,10.889375656775757],[79.48395263441721,10.879043748932734],[79.48574196797038,10.869170849202284],[79.47778409110906,10.867261338403162],[79.47198687630507,10.872276080154599],[79.46476491818912,10.869037051222904],[79.46627742331106,10.864715245597754],[79.45815069282071,10.863234696252173],[79.40506436033853,10.89309970572091],[79.37018672325688,10.894515143567986],[79.34814960035489,10.910705132146612],[79.3288792669684,10.916330118617857],[79.32658277155528,10.918558207228397],[79.33225864103237,10.920570713856272],[79.32798120860245,10.925013416156963],[79.30937345729816,10.928011001568477],[79.3009505136311,10.935819906875654],[79.28697594377893,10.937397957110612],[79.28502519105402,10.9299660167072],[79.27530661803243,10.926251623877587],[79.287060001835,10.91767603162366],[79.28667458505225,10.90716626672662],[79.29531865621303,10.908081941584603],[79.29570875142178,10.903503008956536],[79.26823860330839,10.905333758302188],[79.27235312087161,10.897813520389152],[79.26789760102992,10.888075202261732],[79.27536746541819,10.884018684644706],[79.27359701624893,10.872938840994305],[79.288647857643,10.871547034296183],[79.29021417634208,10.864089028124496],[79.29532226564382,10.864176402666832],[79.29479803309853,10.842759092335935],[79.28940065213929,10.832957499684849],[79.2984810529999,10.83572201138321],[79.30607920399727,10.823876270799458],[79.32584714476236,10.817411971400322],[79.32636513042317,10.810373942989262],[79.34353820933664,10.812686464711467],[79.35830718364907,10.806571991792193],[79.36978328087964,10.809171857155828],[79.37662344242342,10.803987263403798],[79.370158729956,10.79628445570339],[79.34851934243424,10.795672590586106],[79.35127217302856,10.791129962418507],[79.34511502395146,10.780755146599754],[79.34540482764865,10.766222344285149],[79.36141917057546,10.76505308414226],[79.36113206541741,10.75224245497438],[79.35013949357504,10.750161396634157],[79.34502933275822,10.745703758563131],[79.34908428483159,10.743326462241516],[79.34148736542446,10.739492361764706],[79.32039182426392,10.737251316331278],[79.3130544236508,10.740382349760079],[79.31200617235923,10.746837153252692],[79.30161291515194,10.739538791695706],[79.30838744488278,10.720898614696932],[79.30694570005573,10.710234779689143],[79.32006435420688,10.68487405460975],[79.31789851336192,10.660784624258529],[79.34289672868047,10.658402100434872],[79.34976649959435,10.648304366314099],[79.35742113755511,10.645864085723321],[79.3542738360583,10.631706093958245],[79.34812831657085,10.626940984577391],[79.35421638969417,10.610790347154701],[79.35375529613695,10.606717450385611],[79.34855092630133,10.606838921824366],[79.34673824643221,10.595646293416944],[79.35185685141272,10.583075633232864],[79.36111357808886,10.578732324290375],[79.39664969913838,10.580174794271846],[79.40159722176963,10.572539580357866],[79.39854008597449,10.558910816569421],[79.40504513728978,10.55210728856416],[79.42070519185502,10.549108743230901],[79.42591896076344,10.557864012299211],[79.45250784002357,10.559513754436553],[79.45205823142723,10.551047145348026],[79.42849834284607,10.545685775914041],[79.42315204907706,10.535361954304118],[79.43756368255261,10.530685665051916],[79.44075072641596,10.522647896603164],[79.45684297573574,10.519674638933287],[79.4577504906667,10.513757187006403],[79.46915568027862,10.511353984758049],[79.46907638778512,10.505174629643681],[79.46089046191081,10.503056678046836],[79.45356753315689,10.492261743574035],[79.45538454470231,10.48858172740593],[79.47654702831782,10.493408497748804],[79.483091071008,10.489604844363653],[79.47931024343684,10.46345096979499],[79.46965037981063,10.46176311589964],[79.47610461522692,10.449727964970203],[79.4730497782206,10.435322287768],[79.45467316703218,10.434029589384277],[79.45111022044328,10.42965912662647],[79.46514890665054,10.415967990982198],[79.46158933682881,10.406616130942691],[79.4737994923938,10.406527009279582],[79.47601223068648,10.4001299743175],[79.47717918535967,10.393520772279453],[79.46143513202712,10.39260289225711],[79.46102772179127,10.38840346860622],[79.4700030053906,10.383112254873259],[79.46755297891225,10.373100154981175],[79.47549711424467,10.372040181998786],[79.48565414238003,10.380558105422622],[79.49225267867196,10.369819906224416],[79.50481838742638,10.366326969564518],[79.50253347219558,10.34914843942113],[79.4987556189463,10.348887597329433],[79.4987557698633,10.314827804673882],[79.51394685264626,10.31327856593811],[79.54413041507597,10.324885319017062],[79.54922329140841,10.31780555934688],[79.53074251876615,10.309166178754468],[79.59552762197322,10.30244020320709],[79.70877760820801,10.280905179409721],[79.7220306521223,10.286111270973908],[79.70513427407926,10.29279672692064],[79.66961602860557,10.323148499328344],[79.63880221985066,10.342263003321946],[79.63713639476758,10.378675119377279],[79.62741992200712,10.396173707408053],[79.63325088112644,10.415729190834396],[79.63083056283286,10.445541360212614],[79.65885270143384,10.446665866753685],[79.66356045742758,10.440264488001601],[79.6718179951997,10.447310939423195],[79.69020012204393,10.449898442166235],[79.67723454441045,10.480684484919546],[79.69943694564667,10.483392780727259],[79.68835477224458,10.510359418192614],[79.70032708177011,10.50605046009119],[79.70058873406292,10.511999163855064],[79.72673302361419,10.536131423758798],[79.71501262055895,10.541726387742145],[79.71034797741069,10.553684152165488],[79.69975624372955,10.549039483574482],[79.68815309058184,10.55136970897589],[79.68715806357254,10.55670842823673],[79.67828608173933,10.55578769060184],[79.67574679326447,10.561632918228943],[79.65961057141149,10.55922082216836],[79.66885904975669,10.57552036043478],[79.67974594109408,10.572662094997668],[79.68716738359362,10.583550449410959],[79.66925770411346,10.585153262721397],[79.66737271794884,10.602638325613993],[79.65899307307845,10.60396360597261],[79.65555773127736,10.613497305674942],[79.67266096438085,10.616402176565463],[79.67362624996773,10.624425703387915],[79.66998540057907,10.632906386356712],[79.6494182107394,10.642839404757508],[79.65417177542271,10.657250059211536],[79.66670156773546,10.65039743566218],[79.67782465400882,10.680409768569001],[79.67229171008668,10.693225760032956],[79.65217302571217,10.702327118160875],[79.65525439985032,10.712936163398734],[79.66429079943167,10.713070924124777],[79.66889303392222,10.708111589993841],[79.67784368122484,10.716495702615777],[79.68715443078554,10.715883959826037],[79.68931770424541,10.722632450371423],[79.68127835288274,10.72874979564828],[79.69824052443548,10.745485474234357],[79.69490014803465,10.762846180562416],[79.7003821188526,10.7674832041874],[79.70368153836472,10.783397851611518],[79.72889365243387,10.797107636180298],[79.73171386386102,10.809880626280425],[79.72364815413131,10.80762670658464],[79.7277551536939,10.812145948652834],[79.7276321967894,10.82919545006949],[79.70996014056654,10.829175786735169],[79.70358070157577,10.824389905765171],[79.69819127609668,10.830727544184866],[79.68605152239884,10.829725068779794],[79.68655686786529,10.816142395881657],[79.65896414642799,10.817422023159347],[79.65717569861367,10.805760318873588],[79.64251809743016,10.815780361388358],[79.63127067713495,10.815422160304882],[79.63128422911932,10.822735550031426],[79.65283781495505,10.824581497903239],[79.65421887858463,10.829078974396545],[79.64827486019858,10.829277541785293],[79.64817903690722,10.835094792639941],[79.65447531076734,10.83608048641548],[79.65500158518326,10.843963407027816],[79.65218526885118,10.851963694810275],[79.6420339989168,10.857061591876029],[79.65095998027839,10.85635707829903],[79.65237804731116,10.867173521014388],[79.64622768680266,10.87435996236433],[79.65564360393029,10.875716466074888],[79.6525527381929,10.886148489758776],[79.66764575369294,10.901019625952555],[79.66856637234893,10.914321954778606],[79.67888918906154,10.91538393127451],[79.6807936300403,10.927976531133007],[79.68477749662858,10.928342446230502],[79.69061687026719,10.920296483405211],[79.70100358504426,10.91936439505218],[79.7063804287195,10.925815323593461],[79.70501708435887,10.919589945124912],[79.71440308579093,10.913708121747067],[79.7188059652553,10.925025447104264],[79.71572017859249,10.930865765257835],[79.72408530129802,10.929128651736002],[79.72958918741563,10.934149270144038],[79.72330490157303,10.93518104556965],[79.7274314287133,10.937937445358154],[79.72406595877331,10.941341630803663],[79.73717772284625,10.949063538332648],[79.73670478320537,10.957425590296243],[79.73268665307545,10.951428482860798],[79.72085333717891,10.95187375285057],[79.71969148134325,10.96850740333804],[79.73119687173691,10.970516623419744],[79.7401104293981,10.964353903367849],[79.74477239916011,10.966205937737781],[79.7461045270646,10.956288787013559],[79.76396206922396,10.959762106006442],[79.75284491722135,10.976887706425199],[79.75856410615641,10.983489380215373],[79.74736522363264,10.988298834713564],[79.74813215311995,10.996463143665896]],[[79.71834216237917,10.954832141100528],[79.71973962385597,10.955945360670068],[79.71970024979875,10.954846564437755],[79.71834216237917,10.954832141100528]],[[79.72293297209593,10.936227090827048],[79.72044963429022,10.937235543408468],[79.72246706087384,10.938265680814679],[79.72293297209593,10.936227090827048]]],[[[79.77043357744652,10.901390908335065],[79.76615760477895,10.900611836240808],[79.76663620919604,10.898627482072653],[79.77043357744652,10.901390908335065]]],[[[79.76788598943673,10.901769668725827],[79.76405823028188,10.912219123970697],[79.76217952334108,10.901519807576227],[79.76788598943673,10.901769668725827]]]]}},{"type":"Feature","properties":{"id":"tiruchirappalli","district":"Tiruchirappalli","name":"Tiruchirappalli","state":"Tamil Nadu","rep_lat":10.8473,"rep_lon":78.7211,"elderly_pct":11.0,"outdoor_worker_pct":23.5},"geometry":{"type":"Polygon","coordinates":[[[78.66318572963792,11.373786845608642],[78.64125539755861,11.342084032079256],[78.62187087931633,11.336456403597161],[78.6045246043178,11.338769610274323],[78.5931315590302,11.326870544432756],[78.5836508931335,11.329787076362999],[78.57669346461422,11.31644517096971],[78.56126312094517,11.316360513289064],[78.55292174340757,11.320051364613146],[78.55343789740353,11.358653583285063],[78.5424177571634,11.3694580944239],[78.52348424529609,11.370667636329971],[78.51531075480025,11.384478037951155],[78.5034683290884,11.380497484439111],[78.5098034874239,11.396793151273357],[78.4962820385808,11.408885194735767],[78.48622032978193,11.407419937784551],[78.47910321314444,11.387890934151663],[78.46987591707367,11.385647295602423],[78.46175369522771,11.370281166667995],[78.45470291288576,11.34929140706851],[78.45959778256329,11.342618428303343],[78.4468506752069,11.344800205188083],[78.44726006712625,11.332098468829939],[78.45577037644632,11.332186892567762],[78.46543596234086,11.313339754177534],[78.4525466148441,11.29800173395694],[78.44703650968972,11.274832629122464],[78.43813286044612,11.268528868170764],[78.43955054659322,11.258900552893467],[78.4201617811163,11.220748860858034],[78.4219233621171,11.211667584404484],[78.41516529940375,11.20924555906861],[78.4106681480385,11.197489027668393],[78.381180797022,11.187002121632064],[78.3874074963633,11.177166925780089],[78.37687666217026,11.17623635008927],[78.3806033222281,11.137439426396007],[78.37584756026563,11.13447411678558],[78.34605310489788,11.137974963602103],[78.34752506096625,11.122674412151309],[78.3434436463212,11.112155315873549],[78.3366252258039,11.10485877760022],[78.32728430632439,11.103686485801768],[78.32397653068355,11.097239989913607],[78.33820119330741,11.094864733872186],[78.34181272977006,11.090123546975777],[78.33809300111294,11.083518986180662],[78.34971809471315,11.075424699667778],[78.35074841742828,11.069218538740568],[78.36335159221825,11.065083624056083],[78.3600993118007,11.046645290902681],[78.35012374425105,11.04829429468625],[78.34463094693729,11.026239365137743],[78.32840934470813,11.033125808017477],[78.32387455033921,11.05792302696925],[78.29088439134881,11.077180083897796],[78.27791432303725,11.07941791605165],[78.26551129468916,11.0703005924407],[78.25640262564323,11.074957206602388],[78.25172767702199,11.090180333132247],[78.23867670733422,11.094503179410628],[78.22989427495841,11.094849694161896],[78.22917695672935,11.084516713708231],[78.23668968872299,11.066605090853113],[78.22892001160862,11.054574830125096],[78.22153065243945,11.057569452421287],[78.2188655638922,11.066927138711518],[78.2017755737526,11.075479282072845],[78.19577818555724,11.064614017115886],[78.1817575456057,11.068499469844875],[78.16249408073787,11.046795865259455],[78.18210541101296,11.041857163644503],[78.19663449741532,11.046049218193698],[78.19884081724527,11.02906168526313],[78.19477622355394,11.022051628893744],[78.1649043280188,11.01318750140476],[78.18245503711817,10.978871159374942],[78.19787069243398,10.971270633575335],[78.19789594587324,10.961452943430807],[78.21818334912946,10.95885780182355],[78.25033150732256,10.968809960902682],[78.34154682844598,10.96110166599452],[78.40117606455453,10.961316276646432],[78.42627936389671,10.948855848383033],[78.45274130402066,10.92634900356774],[78.4688357892472,10.921259575377302],[78.46381342527468,10.914133106145378],[78.4893713772535,10.906457145342106],[78.48596171559139,10.903331995660263],[78.47598478799242,10.906430979923963],[78.4781694548308,10.90153032666639],[78.47162815020559,10.898151132072229],[78.47124502592344,10.886280988593283],[78.48452597779867,10.885666622228905],[78.49055254686776,10.895125500071686],[78.50462508159491,10.88551934091016],[78.5506081476647,10.877552216157328],[78.55816659671979,10.863789850404808],[78.57791966138375,10.852701180431842],[78.57293093842031,10.83572997236276],[78.58781440840563,10.828573400400723],[78.57647377891654,10.808053870566836],[78.5546400669342,10.813414747842476],[78.54495638537654,10.79609937007387],[78.54662194365999,10.7913896701911],[78.5573437264448,10.789267911741028],[78.55746925881925,10.780837551598808],[78.56514037817053,10.782493751307245],[78.57170245543837,10.775018500944677],[78.56224142940873,10.764547435930814],[78.56891948456963,10.747461156563203],[78.56538874258364,10.73445542339591],[78.55177455795885,10.722626996599733],[78.54452484190061,10.723398008365464],[78.52947230179231,10.711174926392903],[78.52031271443943,10.710606720911114],[78.51349929035172,10.694891506391974],[78.47061561862468,10.703650711435353],[78.46786899988055,10.688494774245118],[78.43818897640529,10.689952496228612],[78.4249961762089,10.671814409260756],[78.40737377885493,10.673895661700717],[78.39684478800484,10.689939036432525],[78.39924918455831,10.696294523670591],[78.38439507241482,10.716690746585847],[78.37432546472967,10.718476175627188],[78.37782205995504,10.725970968106267],[78.34499384475248,10.721507164575867],[78.34187865443381,10.705247110978146],[78.32050085901776,10.709085877005858],[78.31636596676555,10.701653588389682],[78.29253017142466,10.701801309387406],[78.28940924356625,10.714131871911974],[78.29234657644184,10.73527433158534],[78.28798574442094,10.735227833039318],[78.28345229662666,10.745871792289773],[78.26578816713783,10.628165037014783],[78.25579195360801,10.601409668643583],[78.26260872032688,10.578860226575298],[78.25659977620369,10.570092881993968],[78.25015377115204,10.56923137165498],[78.24310839756643,10.55432507697831],[78.20874825117387,10.550117690173252],[78.1901071687793,10.538454544681503],[78.18489203622825,10.521399996059365],[78.17661438158366,10.517427806213691],[78.17336478443386,10.503726869029833],[78.19172595268421,10.500909786600447],[78.20261198343555,10.486514600979334],[78.19990236989125,10.48150207903314],[78.21758317660328,10.4666890195757],[78.24637030882212,10.467945807562401],[78.25301268289994,10.462382716741155],[78.29547588468353,10.450879079776112],[78.31509328397664,10.439460821418667],[78.30647526485743,10.423230598987145],[78.30681585480919,10.412155632581397],[78.28782749899713,10.402115240877738],[78.28763383389996,10.393345581274737],[78.27720373678288,10.383189375911977],[78.2793394723877,10.372639432646166],[78.29236429840574,10.361202134086778],[78.31783844565338,10.348722771915535],[78.3239901707028,10.337219439685873],[78.33084705438561,10.337591276918133],[78.33780168734776,10.32549564761259],[78.33324972707207,10.300365722180551],[78.36325858784026,10.293705853413902],[78.36706513777128,10.301083366838425],[78.37479780070267,10.300269998097717],[78.37184873043961,10.308619183601518],[78.3904095519568,10.315933381098457],[78.40327061060698,10.340528633916259],[78.40474095240276,10.34524337371254],[78.39382982002743,10.349090765562813],[78.39216357183784,10.354302904014482],[78.41480480368358,10.363143447030575],[78.43663303055281,10.362729218096405],[78.44893990413117,10.374904966419523],[78.43859537962969,10.38367200491353],[78.44022394528977,10.400596223420397],[78.44749961457488,10.408993790395435],[78.4628101113069,10.407937114589634],[78.49035886110934,10.395827893677893],[78.49202275032299,10.387961778397038],[78.50774129778968,10.388971187092775],[78.50556692384782,10.375896815441216],[78.51390372177408,10.371526312598508],[78.52485788434987,10.378223345705887],[78.53028288221587,10.390529116704037],[78.5271225299946,10.40282983691133],[78.51654657432313,10.407845007838889],[78.52314472074626,10.43658360227818],[78.55230830635794,10.433674955642092],[78.55330801628482,10.42660081973459],[78.56248336457935,10.426777313747653],[78.56509482460248,10.442972924598601],[78.57104616874966,10.445616749308206],[78.58507200815006,10.440922888298777],[78.5832774284356,10.451782195923565],[78.58940524662036,10.474474195418397],[78.57076846895261,10.489063774234328],[78.58183416904899,10.521892948797571],[78.56939155733627,10.519576265364424],[78.56457863467392,10.512026207736838],[78.54999309903744,10.514084039784667],[78.54386764342188,10.53002580407191],[78.53648546897837,10.530606778947774],[78.53284094188693,10.513934451934878],[78.53942358787981,10.512584858252067],[78.54094233539467,10.50501816042755],[78.52735531223081,10.486275822378213],[78.51930577397282,10.482836806932703],[78.49606685434101,10.485063286885616],[78.49268828965913,10.48882997502243],[78.49795659259351,10.50666703990896],[78.48814063590693,10.520367230152768],[78.4913130192648,10.526785108092426],[78.48616888506224,10.538842692739092],[78.46386290717547,10.54083364459362],[78.46613429198146,10.578338640436513],[78.458404634813,10.581260752415524],[78.45964500070956,10.590147504853935],[78.45230317140208,10.592260225721404],[78.44683748344694,10.608530194598526],[78.45954522932252,10.611447503151751],[78.45895255413572,10.616813319253017],[78.46689911491946,10.61850642633568],[78.46916355844323,10.627763510320543],[78.48249628561818,10.638414034577451],[78.52701870271407,10.629084606281612],[78.52911082421355,10.644784502559277],[78.51980880268414,10.65172003416723],[78.51782783332803,10.66983235159819],[78.52307739560896,10.674096920406493],[78.53011186993524,10.67131024989337],[78.5338805648602,10.676541502342388],[78.54441077023256,10.675233750415533],[78.55084722888766,10.68638267222059],[78.56844885359901,10.681278790053598],[78.56556037110859,10.660638264029245],[78.57492445724095,10.659812904865955],[78.57946172018026,10.664058319653977],[78.59305370473946,10.659024657015788],[78.60918403364417,10.681099162623381],[78.61604860690582,10.681592320816081],[78.62131382233058,10.675797465301123],[78.62606628657765,10.702539975967271],[78.63518929992208,10.7073587188696],[78.65847221544325,10.704677093707732],[78.65131313670224,10.68140234509103],[78.65640829655213,10.67195446461202],[78.6524999369567,10.65861065439167],[78.6651994794171,10.654780849397769],[78.6657679521935,10.671456374583038],[78.6829471270745,10.671060813381573],[78.6821224413043,10.686574779283847],[78.6931471575625,10.69132372042113],[78.69763097523398,10.702287619576701],[78.69254259227458,10.708148546605319],[78.68918804135687,10.73463833863807],[78.70911768156803,10.733070038978775],[78.70988282879783,10.72206284270793],[78.73593915621478,10.714727827576393],[78.74282015337478,10.707416093600054],[78.74655586934901,10.686820102758434],[78.73809926041834,10.682813530974954],[78.73580575998837,10.671653570591415],[78.74411774644649,10.643380466283444],[78.74882793238304,10.641987152111497],[78.75776737320251,10.644040197189893],[78.75864064704979,10.653388406617822],[78.76532304556507,10.655092572962658],[78.79066211224513,10.649776002077632],[78.80202795744424,10.6716096152811],[78.79971004978796,10.679861627852977],[78.81265109532939,10.672418922698954],[78.8204057759684,10.694576384594326],[78.86274573518318,10.692499824277455],[78.8647792299323,10.688071426559484],[78.87210205717658,10.688129739750407],[78.87345849888253,10.705590330626764],[78.86517751687812,10.720835163811072],[78.86450334024056,10.732831779336038],[78.86842506137751,10.760710788104403],[78.87326814228057,10.761595724659603],[78.87454226596718,10.7730135798636],[78.88096460220773,10.777454386945417],[78.8802741849281,10.788533686842785],[78.86715941239729,10.784948307638071],[78.86564352242334,10.80015728208375],[78.86046217101858,10.80318613958006],[78.86877411974747,10.825581875579614],[78.79705523617093,10.823852636615324],[78.78698971043043,10.828754214983293],[78.77576934559495,10.826992141869255],[78.77648050856773,10.833099311921618],[78.84915180577141,10.841812794978818],[78.92337047979807,10.866108486872545],[78.9406271694066,10.87846418258107],[78.93971427087217,10.88768122155913],[78.96019091502276,10.89464203630801],[78.96628365758893,10.887187337262894],[79.00570955388726,10.89359668089016],[79.00194696301466,10.922154058946798],[78.99033081843133,10.928419374623251],[78.98269839940077,10.921667326176731],[78.977563649898,10.943567502161686],[78.95028648775543,10.95552100239383],[78.94731826990204,10.962467562952023],[78.94679830704929,10.976569255057967],[78.98743134595172,10.966798338363859],[78.98226227272025,10.975530308668075],[78.98962124637494,10.978491406612877],[78.99185646231267,11.001401810286566],[79.01231997039883,11.010092299710484],[79.00598456323004,11.06029150161518],[79.00170586058233,11.060615123948748],[78.99833222495639,11.076213809116124],[78.98473687171487,11.078854016925636],[78.98546235922319,11.085765192203509],[78.98038421256646,11.09099226191943],[78.93933322978314,11.094813368246907],[78.92641720861064,11.089427423983684],[78.91661505992828,11.096159316720563],[78.88646424827722,11.10173919938217],[78.87320563121492,11.096721640691758],[78.87248751438352,11.084236745207097],[78.86387454828775,11.08556077141944],[78.86213059941934,11.090135130411097],[78.84746276822136,11.090188036027126],[78.84003243419716,11.076436544229828],[78.80725153505723,11.078934382078959],[78.8109367064237,11.111738547858913],[78.78725920321905,11.115754997795714],[78.77676990442976,11.112817882601624],[78.77667232133876,11.116899603835366],[78.75967154289005,11.12155349558649],[78.73528722635523,11.105552252835157],[78.73886858661083,11.086679094269243],[78.74548938135888,11.083069546317779],[78.74274982606782,11.075476587951737],[78.72023390201771,11.07397874533541],[78.71765213939955,11.055627349047185],[78.71051835991186,11.056447438923145],[78.7010350915958,11.068573008047494],[78.70032029403941,11.084457253570676],[78.68704953804266,11.114221105143725],[78.68690583724161,11.129051963440745],[78.68096948687482,11.130336722767833],[78.67581565895206,11.161558606060847],[78.67153619543126,11.166368695331498],[78.65204401589887,11.163608770559888],[78.65120202318641,11.168264636563134],[78.66321933740933,11.174709445959017],[78.67590768416639,11.19531092914168],[78.69881140643308,11.191134566635228],[78.71260667435118,11.21273768409324],[78.70884253568136,11.227673365058289],[78.70271649795751,11.228746160708521],[78.7134429995925,11.240012238584866],[78.71007075725358,11.248954050359375],[78.71659406233543,11.258440102174887],[78.7260737993741,11.260995677221567],[78.72869694019084,11.272467024200619],[78.75121104605084,11.284792986433134],[78.73887119082681,11.29406539657652],[78.73803227035265,11.316770435430808],[78.73312928529485,11.323362531171366],[78.68580645833565,11.322981649763303],[78.67843762656905,11.327462369286058],[78.66585441234464,11.317266598188635],[78.66000580582158,11.319350998595873],[78.66119786391539,11.331437782600876],[78.65626961823182,11.333829387372383],[78.63972973121939,11.328559774903049],[78.63640906116093,11.33152054297231],[78.63458154291997,11.336027157822643],[78.65523074086022,11.344650715847681],[78.6596476663824,11.357948614108212],[78.67209846444231,11.359976734153722],[78.67392731218992,11.367611004002345],[78.69007300587927,11.380174258197586],[78.66318572963792,11.373786845608642]],[[78.5577990096988,10.702744799397198],[78.57452162571808,10.70904945893726],[78.5799529468254,10.699991741846008],[78.57495534760861,10.684870581910179],[78.56976811134042,10.68461197514188],[78.558266525312,10.696854989058068],[78.5577990096988,10.702744799397198]]]}},{"type":"Feature","properties":{"id":"tirunelveli","district":"Tirunelveli","name":"Tirunelveli","state":"Tamil Nadu","rep_lat":8.549,"rep_lon":77.581,"elderly_pct":12.0,"outdoor_worker_pct":32.0},"geometry":{"type":"Polygon","coordinates":[[[77.69611541757625,8.926316054045477],[77.69483209064954,8.91880716121057],[77.68478944589764,8.918989493868912],[77.65691735918679,8.934326896199789],[77.65470450860471,8.956469977995754],[77.63446247925347,8.955186586672864],[77.62969762274703,8.946868278060792],[77.62167281510884,8.949241527730843],[77.6183362421749,8.93409218434752],[77.61410759724805,8.942365046720443],[77.59323423820338,8.944732246239523],[77.59293335558378,8.910740179375363],[77.5820277496441,8.906927738920361],[77.560933198427,8.910088755584233],[77.57083555867086,8.905167381810429],[77.56455927142756,8.89528375031933],[77.57092454937616,8.889792069575115],[77.56466535976763,8.887173386355055],[77.56375794365138,8.877887475155925],[77.57252599310117,8.881894464027015],[77.57725040835183,8.873197126870776],[77.58986444377359,8.875382429863484],[77.59434734785845,8.868131550851025],[77.58531152589383,8.826633672842785],[77.56998351740366,8.811373539344846],[77.5663360896522,8.799731661141397],[77.56938739987271,8.78967338538017],[77.55632154060912,8.789264031194948],[77.55378197635144,8.785267006573303],[77.5376655506724,8.790023668150816],[77.52014386344494,8.781781838309428],[77.51346910779607,8.791992338570328],[77.51997428757042,8.801225864337791],[77.51101399864986,8.808799981885953],[77.50655176120642,8.806158323270877],[77.51116320702191,8.797122754255636],[77.50636470681145,8.795113873731056],[77.49902175640649,8.801311099577282],[77.49020365821896,8.796935873581967],[77.48665214538701,8.805978537430498],[77.48012524434907,8.804108625995395],[77.47614553875717,8.810488525348191],[77.46284329501307,8.813931897316568],[77.46281554156235,8.79006184557663],[77.4558978302567,8.786265710579327],[77.4615031235935,8.772864806876498],[77.45010858800086,8.763870463259735],[77.42035898641356,8.78722015472293],[77.41500857027569,8.825598098898098],[77.41027740867725,8.82973050457972],[77.40093705064479,8.828135178442224],[77.4018917882136,8.833605352140916],[77.40680058896454,8.833374526763382],[77.40446937815724,8.842127006147654],[77.39151540765553,8.849523571285067],[77.38441096175515,8.848280424151167],[77.38649742476663,8.871440641666261],[77.3570186814072,8.873021945587691],[77.3413590014394,8.87132516275872],[77.34167757997177,8.868006909333902],[77.33138975802936,8.87555990258374],[77.31314891911131,8.872501612136958],[77.29488701020829,8.882384737304273],[77.2732829336637,8.876086250224594],[77.25947170537793,8.880914692108222],[77.25557449028193,8.861122647399226],[77.26151554692247,8.856514673074672],[77.25847759644687,8.850330413055167],[77.26275776963674,8.841992210982983],[77.24713575333384,8.823717586616112],[77.24707894567192,8.814836329605027],[77.23198437967969,8.807726254247157],[77.22970887699643,8.784587517316591],[77.21306543309638,8.778615917581408],[77.21795359595195,8.768236273431164],[77.20930084077732,8.765348497191665],[77.19732856179452,8.76889827425981],[77.19983853824166,8.760790674914972],[77.19246385305267,8.744440972095155],[77.18266913972592,8.742779889355923],[77.17162526958928,8.75058056500122],[77.1697672247983,8.74742748602633],[77.1807878159927,8.718321944993233],[77.19503057338139,8.707759552342555],[77.20671673804787,8.684195526405913],[77.20069269324473,8.669076371408885],[77.20837302481928,8.663635988206563],[77.21426551314565,8.649139805148284],[77.22483227366189,8.639081838247554],[77.2288508816955,8.640274305086056],[77.2346532797787,8.626849692312616],[77.24408420326314,8.621820759690046],[77.24523830484128,8.603435231720997],[77.26360397095625,8.588623570569233],[77.26772139995934,8.579240014975296],[77.28708956077855,8.566782619299529],[77.28852394660682,8.57029119671459],[77.30160584079823,8.566306792582013],[77.31130884242269,8.559319438628966],[77.33713941961548,8.552664177031927],[77.34685514767256,8.544690362700148],[77.35081083231377,8.546440321306234],[77.35332299166707,8.539387911072607],[77.36090296435638,8.540270027701997],[77.3667540717892,8.524717267836651],[77.37443318255329,8.518063398998528],[77.37757351492013,8.524038396371122],[77.38910876711046,8.524038234683706],[77.43867472955495,8.507159812650071],[77.44699805814187,8.49816115602511],[77.44952833381949,8.487202588620546],[77.44494835059851,8.485282054860932],[77.44513932344479,8.474810237606258],[77.45812135641764,8.467624625003168],[77.46631397294419,8.468782442415895],[77.46436451289497,8.461764451659068],[77.472256591755,8.455267552323951],[77.46364094957801,8.441837253218024],[77.4615996888933,8.428456551344865],[77.46908039235383,8.415270439268884],[77.47293636040524,8.416303989761554],[77.47316181059207,8.397408298756362],[77.48930399636022,8.388396028860015],[77.49148289601447,8.379095291661796],[77.50732149972562,8.386990396253266],[77.51975759056769,8.382224589164947],[77.52339161815009,8.390435667282143],[77.53144934634851,8.3929063201605],[77.5379841956801,8.385362530869683],[77.54169024299541,8.378808074774975],[77.5337304212815,8.367481143832661],[77.54204558058922,8.335266889442256],[77.53271735969457,8.335305241400029],[77.53471287367343,8.324365036809704],[77.53093329116724,8.318654150270014],[77.5420014400711,8.31070905512729],[77.54828679940047,8.29543858323529],[77.56426185720325,8.278560474402376],[77.55639594357251,8.280837575701652],[77.55365540642286,8.276885665258346],[77.56305970563892,8.27559449020546],[77.55843145234448,8.26966215879453],[77.56354633740136,8.269663058436901],[77.56347993303727,8.260413147104368],[77.57428659942987,8.255817114828922],[77.57672524066031,8.24424858581489],[77.56977199290036,8.248375167654755],[77.56965934955362,8.243415636724606],[77.54840656998068,8.244722694686363],[77.54530342696829,8.240237204635976],[77.54172025031916,8.231736949576918],[77.54551509699866,8.227262042562383],[77.54061084890958,8.221465025163177],[77.54988223519285,8.220020380818397],[77.54410630057961,8.216140115424265],[77.54376838940401,8.205488601237954],[77.54976278890447,8.205593896900671],[77.54552672928328,8.195588037427987],[77.5529103185734,8.191751289356015],[77.54174471324099,8.18524768075816],[77.54691882602121,8.179367035152486],[77.53766929395218,8.1693870841663],[77.53982656486932,8.160892652891153],[77.5462292971754,8.158082047849001],[77.57193836105637,8.151852415332067],[77.58377099243667,8.15458024907862],[77.58176212859435,8.150606889079794],[77.58861959887707,8.142107005100682],[77.6492204896279,8.15931674321294],[77.71408673226466,8.166452545369626],[77.74560611916625,8.177367792567697],[77.78131024673344,8.20104072112649],[77.78377355839655,8.221643464091812],[77.80292453622448,8.240165763079467],[77.88814467631315,8.273297999569792],[77.89974357773461,8.284877978718319],[77.95269407955597,8.313890549606024],[77.9736116635604,8.337972149581434],[77.97011703295054,8.340757807314082],[77.96695618755415,8.333782679386285],[77.92580298277973,8.330909239410552],[77.91268425317011,8.326023191790847],[77.91216648759652,8.321710286118677],[77.90145866732621,8.321145725560006],[77.90059190177317,8.325033817444124],[77.89270275681083,8.32206375592068],[77.88667487889641,8.333402381934105],[77.88945755062615,8.342069039033118],[77.88363360195929,8.346585546200432],[77.87379212323717,8.345251639378132],[77.8722622384094,8.350238273043383],[77.86956601784763,8.343800266873515],[77.85873078143574,8.340517502243907],[77.86036855392913,8.356304758990463],[77.84669110455212,8.35441849140551],[77.84980936800739,8.358858284389095],[77.84128360496949,8.363084591378364],[77.85324512213519,8.366969143676597],[77.85486059215505,8.375685681912959],[77.8350306766185,8.378269640078411],[77.83558851244365,8.38231147122577],[77.8427524411889,8.382027440107574],[77.84367809580034,8.386543970302574],[77.85711613606932,8.384763948248604],[77.85986207119552,8.396297025771348],[77.85159424412011,8.402680050733789],[77.85334564002224,8.41499515786896],[77.84814180558253,8.423756279834974],[77.83210431756243,8.432321679418287],[77.84048371359948,8.451382961700759],[77.83262817820521,8.453375662571645],[77.83290011710632,8.456996987686702],[77.84360555414625,8.47120755402682],[77.83828349063536,8.472811906984672],[77.839394630285,8.484353979053347],[77.82675160802565,8.489931043302807],[77.83033765389376,8.500221182691062],[77.8259504347597,8.50277853757114],[77.82581225680104,8.515492484186236],[77.81384951972319,8.519605106626678],[77.81399327172821,8.528177554393043],[77.80726656201489,8.531716585334813],[77.80821501856323,8.53538806639961],[77.81803874837196,8.534069475073332],[77.82029029388492,8.540548861652892],[77.82039744762697,8.551585408831256],[77.81323470286125,8.553392806790624],[77.81212781942943,8.570361103810205],[77.79702217990467,8.565425499283412],[77.80313338644318,8.57612413787518],[77.78107500221505,8.583470884117391],[77.78682493060082,8.62069613133093],[77.80565140191383,8.611910713648909],[77.8077481551269,8.62133799708928],[77.81893494992022,8.631051640020175],[77.81912243640485,8.650253600085751],[77.80610742358297,8.647280902761432],[77.81663349041682,8.672208546608154],[77.82432023865744,8.674823037812859],[77.82427824062128,8.681839573634347],[77.81029805001035,8.683289189802192],[77.82808678121896,8.734403835361718],[77.81810206342982,8.757175498250877],[77.81808054877877,8.775937026070464],[77.84390119509612,8.786686771582147],[77.85166206243248,8.802139793629266],[77.83132865285731,8.833430773363892],[77.81820592394804,8.837574293420657],[77.817489514814,8.853139406794067],[77.80772316040247,8.866492109758033],[77.8121676848651,8.871949601557676],[77.80134277818063,8.879574026150435],[77.76195582923975,8.886832648135085],[77.76432969564999,8.911905874688369],[77.75999189014478,8.927623315219858],[77.74512241501331,8.933054246221273],[77.73721584183615,8.931609838287518],[77.73634530964712,8.923897576575234],[77.69611541757625,8.926316054045477]]]}},{"type":"Feature","properties":{"id":"tiruppur","district":"Tiruppur","name":"Tiruppur","state":"Tamil Nadu","rep_lat":10.7912,"rep_lon":77.5351,"elderly_pct":12.0,"outdoor_worker_pct":32.0},"geometry":{"type":"Polygon","coordinates":[[[77.77656929170179,11.05833467267883],[77.73717235978314,11.08571074042418],[77.730139886005,11.076654574178423],[77.71336346359512,11.078173818346427],[77.70701944607431,11.091537241040824],[77.66136941692142,11.103776823575364],[77.65446403139978,11.11620349972966],[77.64617515500063,11.115751974378957],[77.63238940742792,11.125479805414502],[77.61355009020632,11.12545662107609],[77.59871273433784,11.111627980053045],[77.58422531090005,11.121425849971134],[77.55620815076236,11.108221033408517],[77.5314581507366,11.103937636237958],[77.50325217370934,11.106908713818015],[77.50460184571136,11.125432022916748],[77.49894379521623,11.146557950689465],[77.49369568640945,11.140620584080779],[77.48320906819298,11.140018857660413],[77.48513515677345,11.160828984427637],[77.47911065562616,11.159551940113694],[77.47811420927871,11.163444143900696],[77.47592172530075,11.163910470113011],[77.47148009790489,11.159956796378282],[77.46972859330661,11.164848172863124],[77.47633287522312,11.184931254412428],[77.4879402630291,11.178978808684496],[77.5123225862023,11.18302586664794],[77.51686373974515,11.205633442564183],[77.51073600240875,11.198457759416776],[77.49904106210025,11.205627411700794],[77.50199001827731,11.219258122129592],[77.49448146883962,11.222462143781481],[77.50023211318263,11.22678004718763],[77.48012403611503,11.236534678425643],[77.47001748431548,11.246972791684676],[77.47012227908158,11.253229919822667],[77.46525855130004,11.252279493232892],[77.463201579081,11.25846775325558],[77.46908824362939,11.27008741757281],[77.45635438822008,11.293551640420414],[77.4616146063169,11.29943894642949],[77.45239032858545,11.313299019678778],[77.45454174518188,11.306804555422278],[77.4495373259555,11.306065822768094],[77.44821843742166,11.311453730415659],[77.44396837306518,11.305667239898439],[77.42574009708639,11.319655023567648],[77.42315808024503,11.312123732114319],[77.4175360468029,11.310322040961292],[77.38676430255946,11.322065108086118],[77.37861493721888,11.339410138763391],[77.36318240884711,11.34149764192453],[77.36608097312998,11.317132551581848],[77.33377500160269,11.315073483382193],[77.3332650819148,11.306864679014813],[77.34526621478453,11.300033857391998],[77.34872204715725,11.28591833428612],[77.34428037933722,11.272024867750007],[77.3350406380065,11.262957240348232],[77.33639448627623,11.25708325064508],[77.33132800873504,11.256783123163203],[77.29559150588497,11.272761593044343],[77.30770974313518,11.274496974406032],[77.31437607707825,11.281967934963376],[77.29187644217916,11.286536161050709],[77.28631718390739,11.292370838348342],[77.2881779362206,11.322341485250169],[77.29297436671266,11.330006698201705],[77.28893972824282,11.343746290766179],[77.2877102436393,11.333188876322664],[77.28174528193074,11.334407810615863],[77.25388451668738,11.310772225656265],[77.24989672805451,11.314833889015448],[77.25404913116654,11.321169392603966],[77.24722665655239,11.329179295137669],[77.24775625293825,11.324893918377752],[77.23826957910893,11.322162855019668],[77.24162499869755,11.305206510915701],[77.21912797789594,11.303767505676268],[77.21631415259213,11.297846931198974],[77.20343174727587,11.29997479561449],[77.20201295530264,11.304083897247335],[77.20431809071218,11.309941527145035],[77.22106169137652,11.307016923233427],[77.21918070001995,11.311492460326276],[77.2266756345912,11.31763305804918],[77.23652157973693,11.314063319080846],[77.23454447403486,11.331105018020056],[77.22152543855711,11.340208255431875],[77.23477042009173,11.348204633368514],[77.23397483794014,11.352123852191172],[77.21084170661112,11.349595147422216],[77.19660270687527,11.338673433286445],[77.17873030837775,11.342057832645779],[77.1745147932271,11.33253001763321],[77.18305076741481,11.322191080430345],[77.18249973273468,11.313842421854686],[77.16767901905514,11.317225635228004],[77.15903772189193,11.332287724133543],[77.14708257108667,11.336217153911695],[77.15186471477246,11.329711805015103],[77.15056706241194,11.306279322178996],[77.12633647726663,11.307980477018432],[77.12591778239414,11.302769154802741],[77.11896105186584,11.3026002057133],[77.1171157164395,11.294622027839882],[77.12718464859157,11.28532798995228],[77.13874820310326,11.286084926984783],[77.13915346995883,11.27972538979866],[77.14384291199887,11.287294994204776],[77.15344278343542,11.278240370679384],[77.1700836824083,11.283278951156335],[77.16278056330302,11.252108602578604],[77.16589799581668,11.244278335734297],[77.15949649959238,11.243261920582247],[77.15922075003782,11.231486849188558],[77.14647282790948,11.21874536032401],[77.14502550723948,11.207173778585926],[77.15887421593385,11.197386626982514],[77.16098183876187,11.167996033633914],[77.1734517332081,11.168229666437448],[77.18230858471698,11.161945211741967],[77.17649419232811,11.156698184069935],[77.17871771309915,11.149623719722443],[77.17316363092004,11.13818391416669],[77.18394343319412,11.139493072397961],[77.18957566880293,11.150462642866856],[77.21225364982863,11.137940939975728],[77.21351845888402,11.126739515290597],[77.22505224143056,11.124955280791601],[77.23156599113274,11.126684449747097],[77.23569924216292,11.139809703931],[77.24221206839697,11.13802647322487],[77.26457050789632,11.11063000575494],[77.26402814375533,11.10642362013571],[77.25125684836159,11.109672083423606],[77.2341073771738,11.103390899621333],[77.21684007397016,11.090097777797446],[77.20535264539063,11.088844160770824],[77.19519061274082,11.078825058100982],[77.168385466771,11.067339031847897],[77.16608734810212,11.060238009601076],[77.17889212819809,11.036844101007409],[77.17534676972413,11.015785438398702],[77.16496900576053,11.002171134316109],[77.15377781640886,10.99830680221848],[77.16994255977208,10.968711156784995],[77.16969860518869,10.956791201155696],[77.17790297527245,10.942022442739152],[77.17365771690274,10.93945552391154],[77.18184238423736,10.920573104204955],[77.19893048432155,10.920230843128229],[77.21099169561916,10.902268954637185],[77.22088421661573,10.900896573974503],[77.23683460937578,10.907215419271354],[77.24807127863366,10.904652952200129],[77.25600128436501,10.88874111338837],[77.25778686206196,10.869833368160412],[77.26675440937005,10.859267726707587],[77.28839830284129,10.848092232245184],[77.29015425499848,10.83157945612043],[77.29902960820897,10.814595132661447],[77.27819755190444,10.802743800291573],[77.27591386826384,10.791382577227212],[77.28387236586107,10.786627024954681],[77.25413463640858,10.776391097183167],[77.23009204619434,10.77740839614485],[77.21438572929026,10.78556310842001],[77.21028151091173,10.790929791998902],[77.2152912284017,10.803463302145474],[77.17662836919052,10.797346191797464],[77.17179628366654,10.802170022011786],[77.16122467224778,10.793207362413378],[77.16024957885465,10.779230673432583],[77.15276007729425,10.765674788790218],[77.14534501642649,10.765440166096289],[77.13414915044542,10.750129103255034],[77.14244509568753,10.718482164354894],[77.14511667456271,10.659930006438131],[77.15229551623999,10.650586050871572],[77.18145442612065,10.642468786990332],[77.16632718570658,10.587182175012826],[77.15266126171466,10.583033650232],[77.09056133877449,10.584080170005537],[77.08087744970605,10.571914391817227],[77.0828571452511,10.56257115804893],[77.07714237692555,10.559889543417459],[77.07374086567805,10.549247968119273],[77.07663613943203,10.52999167065883],[77.07338174887185,10.516384660588278],[77.07858932479472,10.514862234772284],[77.07826723115463,10.502232226682029],[77.05854506314654,10.479055147596872],[77.06578712376195,10.465717033293025],[77.07211706827553,10.466152260901039],[77.07320074732525,10.459493900745773],[77.04179834532817,10.426383504314346],[77.04479724244514,10.414825629886918],[77.07939675931819,10.387584132998525],[77.08950347281447,10.371642083262463],[77.08995830780911,10.35086620338242],[77.07818178340483,10.337361852575077],[77.08421369026333,10.329533405611002],[77.08120193106812,10.321970225760744],[77.08836410001373,10.32459315364747],[77.09552803235225,10.308995430405435],[77.10171799868331,10.315613929963682],[77.12038790621872,10.31795924226396],[77.1766231966911,10.35844116216106],[77.23564592535416,10.352251306354143],[77.23637470878123,10.338889045565328],[77.22921192987955,10.330654677062572],[77.2277471396722,10.315416049048235],[77.26292596030905,10.263331916396822],[77.25719030166158,10.259392422364797],[77.25972305309612,10.230274146040665],[77.26926064882564,10.237043594344692],[77.28808816128608,10.231863375776594],[77.29678103432296,10.252693758830246],[77.30411751326463,10.24418144125548],[77.31053850832045,10.246330144774985],[77.32507031032989,10.270076697965147],[77.34809790218942,10.263398715854985],[77.35127818173866,10.273335039581536],[77.34741939926545,10.290128183988696],[77.32990188920405,10.309631516697875],[77.32654467388322,10.32112194156955],[77.3348650137752,10.332108008889405],[77.32984287707642,10.334891786778131],[77.32996962666805,10.341139047898205],[77.33664221558044,10.354136361791618],[77.3156725634255,10.355656067894833],[77.31673079859313,10.403663309034595],[77.32291845355897,10.42543035862354],[77.31997585565749,10.433955303572676],[77.32715454192623,10.434693435268686],[77.32294600758367,10.44852966334428],[77.33226142928217,10.454561531195052],[77.34460602042435,10.453853539853833],[77.34451078822445,10.448320551666926],[77.35714759324374,10.444845617391639],[77.38508283690895,10.448973779269823],[77.38531592457235,10.470906818386787],[77.37666991844047,10.485955247935351],[77.37854246114176,10.493920188229984],[77.40170015869887,10.498824285615518],[77.4056666222252,10.522123690050414],[77.37802126939371,10.525916995577928],[77.36796149287103,10.546660796805032],[77.37760504309166,10.561067598311583],[77.38499252657851,10.591363194077076],[77.39623249984,10.59789485383668],[77.39450562614853,10.60529470996402],[77.40168436990942,10.613363294614643],[77.4128064042556,10.617417175381373],[77.4177422326185,10.625562307302252],[77.43263508640524,10.631418703792347],[77.44513708933468,10.629653578605746],[77.45815427338458,10.642352948263943],[77.47286424904412,10.64263377817147],[77.48250887364985,10.650003585406187],[77.5046494249804,10.64255979427299],[77.50673500225302,10.627024147441064],[77.51613525006718,10.612951345570082],[77.5072889151353,10.613386487872985],[77.50826482240208,10.606986031890804],[77.54283911997184,10.609764251401941],[77.54919612443672,10.638967545405345],[77.57146498842751,10.657876816832912],[77.58007109139449,10.679083395643215],[77.58600720640267,10.683468969234621],[77.59621365894664,10.675907862290035],[77.63678805582731,10.668740623286103],[77.65569505032576,10.673355098439574],[77.66469826344557,10.7162749187203],[77.68906884473971,10.734931473041444],[77.70203224755191,10.73370375900634],[77.7062745315997,10.715965063859311],[77.70870329944684,10.68632003681922],[77.69847427044317,10.662427819755631],[77.71410733512569,10.64152659136331],[77.72305914484834,10.640764723092916],[77.72054768079104,10.631231959943902],[77.73029428124951,10.630361151668454],[77.74341579383992,10.636943028200793],[77.75453046020411,10.651385821285862],[77.75355002632658,10.66802482611536],[77.76654772142642,10.679281028964285],[77.78878944192262,10.685237299292988],[77.80803178829643,10.680771872779273],[77.81000637961402,10.699039037602782],[77.82462002892562,10.715075741019852],[77.82181443129153,10.733558855825146],[77.82708195987811,10.749674816565674],[77.81280366783173,10.758446779815692],[77.79701551710023,10.75243080032096],[77.77109040839345,10.767154300146169],[77.77778002756698,10.789631637176964],[77.79363530939969,10.790296562005503],[77.79854586096711,10.805752876823862],[77.81836811207762,10.797042463859306],[77.82784587731427,10.797546039392945],[77.82847331640426,10.79157933411237],[77.83625501657036,10.790174776637986],[77.83589892618839,10.78678900613247],[77.85492741423576,10.783880200582866],[77.87112136542216,10.77173059887495],[77.87294533441943,10.77569950411398],[77.89202766029841,10.773805491561824],[77.89292397772935,10.781521651383375],[77.8898382943728,10.793595509419756],[77.8813755463555,10.78884473966],[77.87143594195992,10.795394481939981],[77.87553218329872,10.808024359366916],[77.87342818607118,10.833912109875389],[77.86686139264812,10.84410061034449],[77.85641675090824,10.849347972595352],[77.84548918744802,10.836916025370591],[77.83619322505527,10.835350744341952],[77.82071943077425,10.857718993401596],[77.80757658319587,10.858263030215538],[77.7964071717016,10.8659491263886],[77.79535187402497,10.877968277828618],[77.78891016831027,10.886084817961004],[77.78402088166226,10.873123628582874],[77.77493917015964,10.871249185578941],[77.77167028258745,10.8934923410671],[77.76083691916287,10.901579534832985],[77.76999355016017,10.961765887587255],[77.76849577022234,10.966728576638323],[77.75317122833086,10.965605961170475],[77.7502066010437,10.976521104366505],[77.75111481666056,10.981425970383038],[77.75920847297878,10.97967549425464],[77.78129853988868,10.998438159229531],[77.78970128134334,11.018786904416636],[77.791906819639,11.033089574082997],[77.78236463172176,11.038967412804498],[77.77656929170179,11.05833467267883]]]}},{"type":"Feature","properties":{"id":"tirupattur","district":"Tirupattur","name":"Tirupattur","state":"Tamil Nadu","rep_lat":12.5792,"rep_lon":78.6263,"elderly_pct":12.0,"outdoor_worker_pct":32.0},"geometry":{"type":"MultiPolygon","coordinates":[[[[78.85831028639987,12.633359087142646],[78.83765329467619,12.643439981275353],[78.8086456494113,12.636211177342927],[78.83578078611086,12.658034887130949],[78.8414763430657,12.678419467755445],[78.8564176924031,12.682705624938826],[78.8448759256303,12.696751713007908],[78.8536760251728,12.716607445401548],[78.84722418197012,12.737340005718433],[78.84891154326381,12.756486168412463],[78.86105450304893,12.774984321960204],[78.87180838982533,12.774421433089891],[78.87526177967882,12.782423864766082],[78.87254461130297,12.788344561670892],[78.87807889910475,12.790452389322766],[78.88469327628843,12.810522746876012],[78.87425680562438,12.820158629101508],[78.86534031586211,12.818594460576051],[78.86499431356077,12.826246238774882],[78.87491047731731,12.83598649698894],[78.88096737171374,12.83206803290004],[78.89754877526534,12.834196329188533],[78.89305251772379,12.842480055928311],[78.8775173271864,12.841636160645042],[78.88096267442313,12.849025855352018],[78.87621363814714,12.8533736863369],[78.8997290700032,12.85685320623555],[78.90369444566971,12.849183104576017],[78.90177083464279,12.870850457686084],[78.90816995302649,12.875536782637965],[78.91076900462059,12.882790467576411],[78.90604293467318,12.888915123066],[78.91312921574023,12.89473110806057],[78.9178883212322,12.910673587914783],[78.89991706762923,12.907292473936987],[78.88741710477382,12.893761289380603],[78.84530180612671,12.877248607809669],[78.82414689980065,12.860187693986335],[78.78258346408035,12.847294341723822],[78.77322027267,12.833591604100794],[78.74917166733663,12.817707530437676],[78.73413906623438,12.830443061714528],[78.73735753406466,12.842480017391184],[78.73040828021443,12.865650542943497],[78.71868883476331,12.864700878687616],[78.72012780289779,12.851699297724563],[78.71627656627297,12.850181666599612],[78.71676165562809,12.856975897890305],[78.71206821159348,12.859802728815728],[78.6539476286309,12.865324750155752],[78.60290455109339,12.844737097819479],[78.60775766438152,12.821902620417996],[78.60038782201022,12.818422787597676],[78.60116344000296,12.80367905139635],[78.5930667617521,12.798232913323348],[78.59252102443723,12.782675628135172],[78.55562811583034,12.755785068603592],[78.5583422622736,12.749941111213403],[78.56315860033065,12.752219728686633],[78.56319568188727,12.751320267578729],[78.55531612284736,12.739275163947994],[78.56385741955309,12.737623230383758],[78.55441971378823,12.719275251893105],[78.56158587844024,12.710011800272254],[78.55487897657896,12.707519597895615],[78.55587556396188,12.700157271849486],[78.5363647731334,12.690379476818984],[78.52928654995449,12.709115535191678],[78.54422976778764,12.710214607391867],[78.53697316704105,12.713317196568264],[78.53769926091218,12.716874462768484],[78.52507155672502,12.715418842862151],[78.5268599245893,12.721611493815038],[78.51190831738968,12.70767099383522],[78.50330397601897,12.716991094652082],[78.50193378110598,12.704448259428968],[78.4965757346781,12.703252391336104],[78.5039852727035,12.69864146363207],[78.50291137810383,12.691906594697015],[78.50744141858824,12.691407012425069],[78.49933411955581,12.67508547335042],[78.48450136665483,12.671660229980196],[78.46789965399131,12.675892085706893],[78.47051462283392,12.650562699396135],[78.47477561609415,12.647632510431027],[78.47056315611378,12.644592167875674],[78.47172318657279,12.632040430267361],[78.46496906117531,12.624029211679444],[78.45845860290036,12.629644651715687],[78.43482589867891,12.629551009347113],[78.4270675645916,12.635242762435691],[78.4067327527463,12.619977870972395],[78.41043212468074,12.613536865102734],[78.40969299805151,12.588185682756905],[78.42123082840668,12.570227178571773],[78.41305260738257,12.517098522420048],[78.41985050319225,12.508171037711485],[78.41554161355774,12.48822409779282],[78.43510333976113,12.460844545248358],[78.45017679175092,12.449360849293749],[78.4479258121766,12.441307149374145],[78.4555701428678,12.428491561738273],[78.4358299025528,12.393820296357147],[78.4587809902895,12.384951378805159],[78.4647651310294,12.391855871011998],[78.49014899759096,12.386857042023252],[78.49007289411674,12.403083183639152],[78.49609598401072,12.412115757834691],[78.5085836839642,12.39875841340251],[78.51407473944461,12.407149618314032],[78.52568445837875,12.398571267246746],[78.5435163554334,12.397908719379718],[78.56751637179136,12.388997853034862],[78.58452037519194,12.360612323373823],[78.61724621209653,12.347273412830553],[78.61120667943958,12.330011830601144],[78.60458682343099,12.331760401318403],[78.58833036836546,12.312766007252891],[78.59276231641414,12.307374459137058],[78.59840162086591,12.313228382168708],[78.6094523235886,12.309776346616],[78.61309856017401,12.294147010181804],[78.6042015045646,12.27920812974458],[78.60371149513666,12.26266095560452],[78.60975512860291,12.261282879849366],[78.61675874040928,12.267556948387902],[78.62372156510848,12.264822698395951],[78.64142085555582,12.282174359688428],[78.64062525364129,12.267760581093738],[78.6351974179973,12.261225046158623],[78.65127783740313,12.258842274431554],[78.67561416503716,12.269759488717494],[78.69393936564187,12.294063743147792],[78.70349570831306,12.296041106898258],[78.7100111396614,12.304134327778089],[78.72867957216313,12.359111987573568],[78.7291769585562,12.373837390781153],[78.74787021779743,12.381617664390241],[78.76068245121526,12.40212015067751],[78.76943273288703,12.43499643557891],[78.75856210644618,12.442743127901423],[78.77249849789881,12.46085082830448],[78.7775535461746,12.459799735719173],[78.77470538636231,12.485326350835273],[78.78209281864522,12.484352876065703],[78.78981948622041,12.499853924395156],[78.798233644364,12.497275836605953],[78.81771103133866,12.529280710939299],[78.85831028639987,12.633359087142646]]],[[[78.50597147744108,12.722524533721442],[78.51382952721985,12.73446914686165],[78.49316506959784,12.747149268398301],[78.48908796327295,12.741980396924243],[78.49268576808811,12.735642312383627],[78.50160716265184,12.731164071614444],[78.50597147744108,12.722524533721442]]]]}},{"type":"Feature","properties":{"id":"tiruvallur","district":"Tiruvallur","name":"Tiruvallur","state":"Tamil Nadu","rep_lat":13.2553,"rep_lon":80.0534,"elderly_pct":12.0,"outdoor_worker_pct":32.0},"geometry":{"type":"MultiPolygon","coordinates":[[[[80.33188192539187,13.235440511575504],[80.34507052237106,13.27864530977754],[80.34654672836902,13.313273995772464],[80.3260184975649,13.441682190755802],[80.30070347070017,13.478228620370643],[80.26874886172152,13.564628197689208],[80.26404959929883,13.5626373758262],[80.24181401160112,13.470646954258143],[80.22588809344099,13.485070467958684],[80.21383049426915,13.486096132399707],[80.2145985619219,13.490271830056368],[80.20995130297099,13.486278159147071],[80.14514498964175,13.491415240118174],[80.14553341488238,13.49948692402331],[80.13921277601688,13.504273795697596],[80.13170796536737,13.501435034572108],[80.1127714890596,13.505947356597968],[80.10821302318463,13.48891989125315],[80.1051599127403,13.49335316142427],[80.10306394914633,13.48694889922],[80.07819006964628,13.488811434832847],[80.07714188572837,13.526804905828099],[80.08864062319903,13.5353996601981],[80.0812594297158,13.549751227867816],[80.06275136176366,13.54535670664478],[80.05693460321233,13.536636520031355],[80.02843806700474,13.538824563588289],[80.0238980758819,13.546035209418145],[80.01337919197708,13.547150188204538],[79.99859971366403,13.542723824169109],[80.00051907116807,13.525675412747459],[80.017653057197,13.529558577370512],[80.01952036541516,13.519250767870792],[80.02718585322793,13.513700478173151],[80.03552034697552,13.518305431851111],[80.04804904603856,13.512530751319256],[80.04661829838722,13.49368380476529],[80.01590455387012,13.497951506782625],[80.01583955267448,13.489025609092264],[80.00749053676199,13.478640515578974],[79.98407731881223,13.479578614824208],[79.98239685119002,13.470456356048107],[79.97242033232448,13.469091660565198],[79.97333871597206,13.429672477225353],[79.95665178103583,13.422192429135203],[79.93960960821884,13.425029410286685],[79.94183823501395,13.416720040830345],[79.9345709524003,13.416453212283475],[79.94570466574349,13.407730618355934],[79.94128201435969,13.40060902161899],[79.94435636636726,13.396867701261822],[79.96145394367772,13.395598570954009],[79.96275461797084,13.391357676419153],[79.95804795702347,13.379174950713452],[79.94504769543687,13.381776516332323],[79.94947095587843,13.375479984418803],[79.93800714310936,13.355522859250268],[79.93130022418009,13.351513081672127],[79.92528985892208,13.358358089099553],[79.91597242320077,13.359869173380279],[79.91485096101015,13.348138024077384],[79.88350497680618,13.332859263670189],[79.88289966322165,13.323319314278551],[79.86806527269194,13.33106639964278],[79.86280893801207,13.316920846416153],[79.85354557278598,13.320707336046855],[79.85326434889807,13.315962161563423],[79.83608616036726,13.314223054419042],[79.8089021391466,13.317253571736295],[79.80164502905525,13.300504799259238],[79.79173280620785,13.293524142388486],[79.7608290707031,13.318480339151138],[79.75674668408092,13.295288373357268],[79.7442283470847,13.288591186003673],[79.73371243840009,13.288817098848298],[79.73062778900443,13.28293404398679],[79.73503611225944,13.275936220689186],[79.7480824098094,13.270986314744086],[79.76119340043287,13.257521143071816],[79.78159659383427,13.251589429149725],[79.7947320204301,13.242103946059435],[79.79449303892012,13.226321734797427],[79.78478163175956,13.227904594784322],[79.77547748032464,13.215309550137992],[79.77394434988373,13.219164077712394],[79.76425221517927,13.219114621421863],[79.75984325861198,13.207443171607206],[79.75499101489304,13.206478157787085],[79.75008213778528,13.207994284403139],[79.75099563100446,13.216423603599123],[79.73731708208952,13.236534770817668],[79.73027544010559,13.232533310628472],[79.73140153311147,13.222445278566532],[79.72164514101641,13.223456713117578],[79.7183857468401,13.216515849908422],[79.70270782298724,13.222396149130065],[79.70609745671004,13.234195657013517],[79.71406521683615,13.235734318241663],[79.71254583061909,13.244665447983483],[79.70912457619828,13.251043491679205],[79.70098195900214,13.253025465167983],[79.69306698118719,13.243292449822558],[79.69593532165229,13.23855528894702],[79.68427382382521,13.244428815654945],[79.67829334192348,13.261653601744545],[79.68770683000659,13.266704403611673],[79.69112438067346,13.260982023593193],[79.69574914311472,13.267276455663204],[79.68879211165076,13.270925306017382],[79.69393445461263,13.279795719401882],[79.68125625432678,13.28799224982178],[79.68292365325824,13.295552904653405],[79.67828642309914,13.297429366866421],[79.67424591144398,13.281765772686354],[79.66538610178283,13.278716510881685],[79.66387413115847,13.289766700894818],[79.657833215096,13.283846965925378],[79.65179377586384,13.291833351408032],[79.64248173632241,13.29014819721467],[79.64126753116356,13.275586662412676],[79.6384671096221,13.287486406706186],[79.63326205527027,13.282384075660714],[79.63163779882862,13.269698051434037],[79.61411741775159,13.282695366366907],[79.60608889557969,13.279549186651321],[79.60868597357509,13.287494576727157],[79.59605682579532,13.284853812295948],[79.59097575422402,13.260990483919612],[79.57402947925856,13.258998709831687],[79.55840758782149,13.272720247380827],[79.5345147054426,13.275573113239046],[79.54123131360056,13.292437526220741],[79.53486445102376,13.301370084573211],[79.5441066779929,13.316784605859095],[79.53935600498647,13.321880827956004],[79.54184613225911,13.327300482040512],[79.53730509819222,13.338647067773108],[79.52593504169106,13.344386769156655],[79.51108372600305,13.341971343430727],[79.51008144419953,13.334174906294656],[79.49738387443948,13.332038045323314],[79.49970838381475,13.347787401408047],[79.48048623875505,13.339999584172967],[79.45625511731551,13.338570740310582],[79.43542899079016,13.351709701951572],[79.43166884603009,13.33671481905323],[79.42098889239816,13.336287329788837],[79.41472046361696,13.330033314780756],[79.40536137211755,13.335037469068514],[79.39835967911263,13.330202180243619],[79.40202307262163,13.317352930397176],[79.38780904335573,13.318049715275432],[79.3818880128578,13.307487805979576],[79.38865790997673,13.309783529359976],[79.38983893765717,13.297427159433843],[79.4157684436173,13.299580750840647],[79.42003527233358,13.289546841430663],[79.43053982361805,13.300247253143779],[79.44542222909972,13.301251735735333],[79.44631026586039,13.29161588839252],[79.43472287634927,13.289065155637395],[79.43373232833997,13.274987036657954],[79.40841812343375,13.265269615630617],[79.41616883621415,13.26041014908754],[79.41685960563333,13.251682818095837],[79.42263580435126,13.251316343835622],[79.41849621660509,13.242960108420876],[79.43767925171223,13.242888783168764],[79.43149104518085,13.236065619288262],[79.4397859313092,13.235860462383538],[79.42987080780179,13.231211915573677],[79.4308664465638,13.229847966707583],[79.43999689526379,13.230604179019721],[79.44149339510236,13.237993291051446],[79.4532895126613,13.238487858047433],[79.45380044115724,13.216942611723956],[79.43737856133212,13.219554485858337],[79.43621917137193,13.212739284672464],[79.44385234768227,13.20777510141402],[79.43238253416712,13.196971480811742],[79.43842768129458,13.18817512311304],[79.41017174985271,13.190512011352094],[79.40918511131153,13.194037367385288],[79.39906456465818,13.187805848204283],[79.39202172971156,13.192379101212259],[79.37403254483718,13.18925713535477],[79.3877267208448,13.177528976974102],[79.37269519861923,13.178839576291251],[79.36952220440695,13.172914319854392],[79.37923552408073,13.171513524784702],[79.38003813285448,13.162926322130586],[79.35611537071264,13.164579287752082],[79.36552123479392,13.133932918593297],[79.35809791391712,13.12171596842525],[79.3451087052018,13.121266431564914],[79.34464408755368,13.136674111870121],[79.34130595604272,13.136820445166531],[79.33962374389222,13.130454506164691],[79.32901745840182,13.130524942148929],[79.31867123698281,13.123472084910503],[79.32423816866373,13.118538031090042],[79.31192219964309,13.11656903461257],[79.31903412491656,13.113330896937397],[79.30990840943976,13.112012697363499],[79.30718986125162,13.105521888899435],[79.29430542214955,13.109598981153779],[79.30154342776976,13.113664401318568],[79.299263917702,13.118657835974428],[79.312463705893,13.126141606075297],[79.28401760559704,13.12276988758151],[79.29873955400268,13.08674954966544],[79.32473168421619,13.077681158392428],[79.33494694474152,13.060554038948554],[79.35149703212396,13.062490809678232],[79.37930079207601,13.07547274187491],[79.37950821666837,13.080118844114272],[79.41675236565304,13.084631506563476],[79.41522703618207,13.089675574290126],[79.42263296477662,13.096878631739958],[79.42033782941284,13.103812046712713],[79.4041484892788,13.099755418771903],[79.40161290725278,13.104211944377735],[79.40412230698153,13.115302732967308],[79.41331275685434,13.118750196979237],[79.41150275576139,13.136715627582173],[79.41877714135398,13.14995699677141],[79.43406238644334,13.136490583417693],[79.43861128526054,13.12506412859135],[79.45352469609428,13.126484031351199],[79.4517017278202,13.121124353956821],[79.42897652864823,13.116501515848723],[79.43411237858722,13.111492858826653],[79.44366251300148,13.11401264535552],[79.45093762083954,13.093247795822416],[79.46241902531679,13.09540485780339],[79.46454399281632,13.107349352819185],[79.47528774300308,13.107666541234526],[79.47418840362302,13.127123680064747],[79.47519029825263,13.130390934071622],[79.481714556447,13.128160292742413],[79.48268780919213,13.139915302001482],[79.50030581737764,13.136099375249161],[79.52264509581195,13.144186144790652],[79.52251353304702,13.139223615140983],[79.53257712381641,13.13648430667272],[79.56845924177738,13.137498918760254],[79.57091169730025,13.121888937862405],[79.59693751343862,13.123150167292415],[79.59928814941561,13.131678866753507],[79.5889697658889,13.147274347965475],[79.63458445442022,13.147639388009337],[79.63009709469158,13.172867536839345],[79.64494880833325,13.179058900685604],[79.64813271078805,13.19949608763989],[79.65605793119386,13.205542614608095],[79.65401492508252,13.210545895988929],[79.66120642941205,13.210423167835438],[79.67151065818481,13.203791531763969],[79.67013740810155,13.183245909156518],[79.70075689509083,13.191645794583737],[79.7007908702732,13.181187595289426],[79.69181882959205,13.17723975258667],[79.69486286884866,13.159043347799585],[79.73653985521412,13.166943289578544],[79.73605320997696,13.117883772384307],[79.72409128317949,13.11667262633902],[79.7189133920852,13.104910017825201],[79.70222805974342,13.110799610750176],[79.70477973059619,13.100991486596877],[79.70166833386295,13.104300649257178],[79.7014732880552,13.099415052638003],[79.73632938982452,13.095118692614568],[79.74164172727582,13.076007691070044],[79.73811942226702,13.065528278313854],[79.72577426069462,13.067964591264],[79.718614131823,13.053735006076373],[79.72995501643364,13.05449472875389],[79.73721849288542,13.061009091936906],[79.74771501772281,13.049583604646632],[79.76210470086443,13.05178622497295],[79.77588847483847,13.062819948889219],[79.77908708271445,13.053669065410453],[79.78884531455918,13.056574320846371],[79.79201156691525,13.045995102011565],[79.78642666443709,13.040235115132724],[79.78697953707027,13.028909291144505],[79.78988965278936,13.024571495670275],[79.79666913313574,13.027665214968303],[79.80105232422403,13.014948429608515],[79.82655187942117,13.030363088576655],[79.82452285379063,13.011357951862157],[79.83049893484578,12.996991742401006],[79.81296473139146,12.990306825612603],[79.8199891948922,12.98792676075107],[79.82124900661972,12.962016091405328],[79.83185690458605,12.963880419020873],[79.83235570672396,12.958226398984609],[79.84818526080694,12.95643459116768],[79.85257322644098,12.948385670434881],[79.89042356576586,12.945051577396631],[79.89615216455351,12.959030557218743],[79.90352602239413,12.966433168989193],[79.910221947741,12.965926296593294],[79.91404399540727,12.978924262801652],[79.88923629299755,12.993714398776836],[79.90017793395658,12.995792864437341],[79.90841501259813,13.00420276960204],[79.92859086036742,12.990053835349773],[79.94225646096582,13.00133974139018],[79.94183653360479,13.008571968847237],[79.92005914239752,13.014279950217482],[79.92004150757018,13.019500046032396],[79.91101116712542,13.014629157178675],[79.90041004155802,13.016984813907772],[79.89709225509162,13.031782259757506],[79.90067997631773,13.049462611910158],[79.91779165897479,13.047639342328397],[79.9181954507967,13.034979962204845],[79.9489642243115,13.032677804603903],[79.9556266353117,13.03776947530415],[79.96882875822412,13.037476087121407],[79.9698699999615,13.049009782335553],[79.98653789241033,13.056176159990255],[79.99085546875367,13.051573427368144],[79.97887324003078,13.049160185379865],[79.9782288443415,13.040076030423581],[79.97420872893483,13.038911520761554],[79.98191332759846,13.031699850235931],[79.98845882555939,13.03142151584083],[79.99455511018272,13.046744876413156],[80.02378087538177,13.040352348368287],[80.02245582440507,13.023900525143564],[80.04272067276113,13.019040577322034],[80.04201163340568,13.029697542395537],[80.05244062379836,13.022772377056855],[80.06038138236363,13.027285227388292],[80.06234304333104,13.034517109928215],[80.07105454203705,13.03741632687095],[80.08002016335716,13.016117381749632],[80.08179442587483,13.041038800277681],[80.09950589927405,13.03494010792666],[80.1087430552534,13.04177473967764],[80.12794285831367,13.034200831300517],[80.12939475410342,13.045142791387935],[80.14629271857123,13.054038696779841],[80.14848804661541,13.064410874251898],[80.15405693303036,13.062855581714068],[80.14931679366897,13.053405691116396],[80.15335927443127,13.049491344616598],[80.1457152868965,13.039860899215842],[80.15796345467274,13.041292324854435],[80.16136667092263,13.081140735949749],[80.14609740596387,13.088188406826413],[80.14043624100962,13.098552112220718],[80.14798247028195,13.130454919084032],[80.14577911758732,13.139411672999833],[80.15810157513921,13.142054615432917],[80.1658620768613,13.135748896753057],[80.16966309856005,13.142970610171309],[80.17713297462645,13.139629802719616],[80.17596784532991,13.147340337921277],[80.19459176810594,13.153984170760099],[80.19080017332776,13.168718779563585],[80.19956187079016,13.18122688622886],[80.21592809010195,13.172259741689343],[80.22395819959696,13.184264257389668],[80.22275130582624,13.199762080427213],[80.23454867922996,13.196325645625391],[80.23589394769043,13.203861986015466],[80.23854900115765,13.199476941276577],[80.24888145769158,13.198648258787157],[80.2499891226577,13.206092452214277],[80.27043910391238,13.20326838257657],[80.27048548572712,13.223465300675572],[80.27531027064279,13.229325812578676],[80.28280804928023,13.229925855204515],[80.28466800299115,13.219858362413001],[80.30334748656752,13.21284742966859],[80.3102076302365,13.2160767460751],[80.31767646695212,13.229619736801888],[80.33188192539187,13.235440511575504]]],[[[79.85001426216643,13.323523498673378],[79.8456676612563,13.32757667936576],[79.84282762401081,13.322170369993446],[79.85001426216643,13.323523498673378]]]]}},{"type":"Feature","properties":{"id":"tiruvannamalai","district":"Tiruvannamalai","name":"Tiruvannamalai","state":"Tamil Nadu","rep_lat":12.4299,"rep_lon":79.0009,"elderly_pct":12.0,"outdoor_worker_pct":32.0},"geometry":{"type":"Polygon","coordinates":[[[79.55962175704771,12.853552731630208],[79.53917559273471,12.862933621673733],[79.5086235368839,12.857181221397825],[79.50063298290578,12.87200630241259],[79.49867724003946,12.868549602827667],[79.48990764728403,12.874319060037186],[79.4725588596976,12.874266963570337],[79.47416798761155,12.865444000296327],[79.46961980744658,12.861210731413486],[79.47440507187964,12.85883171439385],[79.47288682562468,12.851311553720457],[79.45699762969507,12.844198142858849],[79.46078384895458,12.829431301335182],[79.45736055895131,12.81046777718975],[79.47714923642641,12.807130265939756],[79.47645566516186,12.799528446656765],[79.46229849476188,12.7985298246874],[79.4598023415903,12.783362574385993],[79.46916468139777,12.77079044038786],[79.46752516796933,12.756653395917118],[79.45856832139295,12.753587293408211],[79.45338587673848,12.740260284713669],[79.45556707158825,12.736056367239106],[79.47532651159581,12.731399322623451],[79.46261920319976,12.716963098413219],[79.46671941688874,12.711520093016992],[79.46546359188446,12.700542102704555],[79.45499009895265,12.699098941930233],[79.45900985772812,12.686853908435955],[79.4538675003932,12.685183067596517],[79.45097744674936,12.671181768673785],[79.42679548741037,12.658097891279073],[79.40990765773557,12.656088961693941],[79.40518428542897,12.64578445113397],[79.38291698989664,12.628267034171175],[79.36933095937115,12.632226031884361],[79.35181753394936,12.646366922629102],[79.36243525229837,12.651750891303072],[79.3605699473233,12.667068103920919],[79.3533662079396,12.668238043191709],[79.37001458179397,12.68058261319687],[79.39494656612321,12.689833203677734],[79.38007237932807,12.707768903183947],[79.3923782809293,12.713924499264854],[79.39547287377682,12.72938176262319],[79.39052337575025,12.726195619857007],[79.38718105809008,12.732224979815541],[79.37978223876264,12.733472473383236],[79.37993418609803,12.726191266660846],[79.36545963731487,12.719501649575442],[79.36685950986993,12.714182005587096],[79.35564424566863,12.718949439191615],[79.35774098630527,12.696803101219198],[79.34512772972285,12.694889836594115],[79.33894427797425,12.701225530602086],[79.34781380740674,12.712996145883011],[79.34338681985507,12.731539851352188],[79.28949133257565,12.752873036236295],[79.28362574430042,12.763379198958184],[79.28781020199675,12.779149878241997],[79.26204767039009,12.794122267598647],[79.26423461535602,12.805255132908556],[79.25879584811332,12.814147433116757],[79.26175521396789,12.818713590990535],[79.25025207744727,12.823901203600341],[79.25232352601711,12.808119632578292],[79.24020879039992,12.808595588570507],[79.2381317300545,12.797645240817065],[79.20868150012046,12.784729362692367],[79.21389585203552,12.760805037285309],[79.20724236579765,12.741780669606069],[79.18905672565884,12.748279079234166],[79.1739970825716,12.741501180422413],[79.1717081644479,12.760498472198512],[79.16113275944369,12.772897379877385],[79.15922414399382,12.752766889163109],[79.13204388222263,12.762404325901091],[79.08976450898383,12.7585187056308],[79.07799503904948,12.749056304685794],[79.07346947666672,12.755903268407204],[79.05979229139439,12.73843265401095],[79.06465841588115,12.738692045583177],[79.05695017275244,12.730336107351967],[79.05707281704322,12.718049963435272],[79.05111993587857,12.718655284949937],[79.04267134531013,12.711507672370763],[79.02981123258594,12.689200050838995],[79.02394207620245,12.689046377594796],[79.02655643329233,12.679774314588267],[79.01317645114018,12.666146483396581],[79.01215885216276,12.657267331402522],[79.00860053728746,12.65811475478813],[79.02383961615773,12.692610032138221],[78.99539564576733,12.706021715705363],[78.99401525587422,12.697136620877705],[78.98692580465254,12.697022025276343],[78.97903364135085,12.680098657806688],[78.98105660694651,12.673702507675285],[78.97147971441491,12.66686305638383],[78.9714951537597,12.67137828238377],[78.94793449532231,12.679855154380357],[78.94994319836624,12.686403762734976],[78.92756467972366,12.675877642294807],[78.91186033821485,12.687301252426034],[78.8972719297661,12.67913535418086],[78.89627362839762,12.689937562108033],[78.86577077327492,12.631655622223688],[78.85831028639987,12.633359087142646],[78.81771103133866,12.529280710939299],[78.798233644364,12.497275836605953],[78.78981948622041,12.499853924395156],[78.78209281864522,12.484352876065703],[78.77470538636231,12.485326350835273],[78.7775535461746,12.459799735719173],[78.77249849789881,12.46085082830448],[78.75856210644618,12.442743127901423],[78.76881085975856,12.437454935772454],[78.76871151686791,12.422480781204063],[78.7509839699133,12.385270369887827],[78.7291769585562,12.373837390781153],[78.72867957216313,12.359111987573568],[78.7100111396614,12.304134327778089],[78.70349570831306,12.296041106898258],[78.69393936564187,12.294063743147792],[78.67843638330066,12.271797456835644],[78.64803327890375,12.258377019436619],[78.6529317472323,12.251168555636454],[78.65083998505894,12.240217055624207],[78.66538359542277,12.233331845585505],[78.66872505070029,12.23843888289699],[78.67998092863388,12.22267633314323],[78.68864720794514,12.2219424753893],[78.66967971640386,12.197497755603809],[78.65499958277806,12.196586437914942],[78.65000453298008,12.18817983422511],[78.640673478799,12.197667433358212],[78.63283472932413,12.176785744995486],[78.64786194502625,12.162163441793178],[78.63535659856731,12.146082097607902],[78.63135080410291,12.127862457413688],[78.64875111635908,12.129380605172205],[78.65722570956174,12.125022797687269],[78.66443632105738,12.115444262403098],[78.66120577897135,12.102477095296512],[78.68411198597816,12.105913362591638],[78.69100834073623,12.115100867923449],[78.73763752456568,12.133921448750087],[78.74521727716774,12.123920391272868],[78.7270966516993,12.099370632673113],[78.71987054067179,12.06718222064765],[78.70401208598949,12.030064610381038],[78.70244293580068,12.000076006156547],[78.6977167167329,11.99251068402895],[78.70271482439614,11.986299069754743],[78.73649209442497,11.987965465410221],[78.73476711707708,11.991243006618998],[78.75751223998374,12.011612173092495],[78.78029220584531,12.00768895811637],[78.80431587574304,12.019606724369405],[78.8167800065984,12.009417475986192],[78.82872284239946,12.007729471362534],[78.86137724078105,12.012268452240171],[78.86083574800588,12.007151951422983],[78.8688248673745,12.00370355505061],[78.91202502455927,12.005373487866024],[78.91371527213998,12.009671724132621],[78.92730651918235,12.012819866387325],[78.94330743409229,12.0289569350431],[78.94891269239477,12.04094220965308],[78.94153961519015,12.050572504085078],[78.95971612844565,12.068747158155327],[78.96445425108924,12.064506107581861],[78.98101483259086,12.065562875591331],[78.98847334766384,12.055069351569106],[78.99504558757248,12.06763220096242],[79.03150072917511,12.064417154157297],[79.02090052797409,12.055391326101757],[79.02286357773694,12.050063119405435],[79.05249163636798,12.03653143410864],[79.06048662892191,12.052208654268167],[79.06877094008277,12.052513494194944],[79.06106306256837,12.06062941284267],[79.06304460055806,12.069868633249085],[79.07882421190446,12.071241614246349],[79.08645531130985,12.081078319246025],[79.09848079660863,12.066087501261382],[79.08797260894387,12.042433231746859],[79.08055094186554,12.047092031403032],[79.0768732669401,12.044243740167538],[79.081140265438,12.038938114312508],[79.07891005042146,12.031502424403103],[79.0945455118092,12.030017939845353],[79.09598798157667,12.024847260858365],[79.10709125640473,12.019804235656295],[79.11254104328103,12.026462512976506],[79.12543036113341,12.018774698014061],[79.13643208141863,12.026083435199734],[79.14001402557916,12.038730168384397],[79.14749009642775,12.044122152776751],[79.1726295826045,12.030478391945055],[79.17621395670787,12.047436681581472],[79.19014205132052,12.048211443777006],[79.20073247076637,12.06988660822604],[79.20923344838722,12.070666296067962],[79.21555056585686,12.063816838340463],[79.23361994782823,12.05915978120196],[79.23996634857947,12.070344130806404],[79.23790686467089,12.076555373216989],[79.24270774541687,12.080431559952501],[79.25717840718974,12.079869272727974],[79.27130495671663,12.103582116390555],[79.27879505296178,12.106749004330712],[79.27858195371175,12.123359515607426],[79.2587947422872,12.13065564556267],[79.25896279102571,12.134908880842],[79.23681041067948,12.150044853642585],[79.23800155788163,12.1533754923472],[79.21061625205355,12.166090095904389],[79.21421902095898,12.184091709942894],[79.20994255511633,12.18722072102389],[79.21086794831807,12.193986709019748],[79.21891906222103,12.197821710273077],[79.22231896458588,12.183790919849432],[79.2345725213555,12.184080417829843],[79.23312585106576,12.1978032100781],[79.21573493159421,12.212313395972991],[79.21917758658006,12.215440127380795],[79.2359434241409,12.212193489285958],[79.23673603556387,12.21788364659223],[79.22744028427518,12.217918710889494],[79.22510741966943,12.222023582603791],[79.24840835359856,12.240988944701483],[79.24238958909267,12.243870646797548],[79.24025672360517,12.25386938881825],[79.24504951142875,12.273994407107644],[79.26102883712745,12.276809763759346],[79.2677614676368,12.28868626840998],[79.28013805766773,12.291841424845481],[79.27379876708196,12.305470858128855],[79.28516571900549,12.306410741112153],[79.28933074793882,12.317933210733456],[79.25185532319273,12.323192658891669],[79.24649719142485,12.31639885008427],[79.23413633628446,12.315748424886461],[79.23461073838261,12.329868192896337],[79.22109185333136,12.33254869598986],[79.2168695253576,12.339569384777052],[79.19816454130527,12.342973522760186],[79.22139652684143,12.349656150400653],[79.2269980445591,12.342544556079089],[79.23915008810835,12.346526577067843],[79.23271986376128,12.361860219369861],[79.2246900444221,12.367698242280522],[79.22740448191952,12.372732281765309],[79.23705801421958,12.368489183064419],[79.24850801628943,12.382988542353146],[79.2427068012875,12.397160541241348],[79.22721736374416,12.401930322235458],[79.23454711071108,12.437417119994585],[79.23175778516,12.442959492133712],[79.26948638839085,12.447739323790445],[79.30897161571876,12.438681527035369],[79.32525833412791,12.450775874612475],[79.36184038701893,12.439725583837383],[79.36748301433894,12.443933810102626],[79.4016160630344,12.435707444224954],[79.41125188055706,12.406766249590673],[79.42061009889399,12.410850918948281],[79.4283657901377,12.400924221726015],[79.43306236659772,12.409958498233284],[79.43840510124161,12.407322376156023],[79.43912763059768,12.389089263712489],[79.44822882116887,12.395785500925077],[79.45113829459254,12.374207188189198],[79.46556537459944,12.372101437363195],[79.47287327723359,12.364962282840109],[79.4844427058289,12.369599988086675],[79.48588834844595,12.374620944194008],[79.49326132863254,12.370279055815544],[79.48886195439441,12.349394709872366],[79.49664788023563,12.34493045460944],[79.50697053704812,12.34595593722044],[79.51116871830703,12.354152248122666],[79.51792723107633,12.35327377030332],[79.52953833341599,12.370073974127148],[79.54646429837122,12.36351702875908],[79.55892325672717,12.36437035782975],[79.598220289698,12.348206076564896],[79.60258990544573,12.37173676043167],[79.60815260426503,12.378051512223545],[79.6209850569633,12.374445454258842],[79.6217121946768,12.349491558416236],[79.63830352012069,12.343032812744822],[79.64712195607476,12.358865409025347],[79.66367394608898,12.368061922782076],[79.66756838539075,12.37700330616541],[79.66008912642123,12.3789686821624],[79.66945710764867,12.393806223174565],[79.68244258655895,12.39674203404519],[79.68885848367555,12.403366849800097],[79.69775574230421,12.402248469590019],[79.69876949828884,12.410334180401064],[79.69120604202438,12.413739307584235],[79.6915434321771,12.420939346748895],[79.70732384841402,12.415127508384577],[79.7058571304221,12.431385708435334],[79.71672391387015,12.431576934787909],[79.71783485139888,12.439246666422752],[79.73627103167043,12.42840512669566],[79.73848766595648,12.438975970605478],[79.73336650077742,12.454084404435623],[79.7494646205876,12.456744615606016],[79.74410436699905,12.472511942572627],[79.74728786880522,12.484144564603403],[79.72203017691349,12.494011777234025],[79.72071689566367,12.50050714192348],[79.74975306423545,12.502853127068166],[79.75615046144708,12.514955599563434],[79.75383203276796,12.524134149941775],[79.74865895484696,12.523601178796229],[79.73582744537973,12.53852787063182],[79.71463110426117,12.549590594635298],[79.7169284638536,12.568084728431423],[79.70565148000242,12.56945299936564],[79.71577786301015,12.581151599385302],[79.72492929455859,12.578974617397286],[79.72461482941192,12.587390424262233],[79.69730200684747,12.594467423776289],[79.68836262891006,12.601561023345061],[79.6658082704405,12.593397623278648],[79.6585476775808,12.60092845202231],[79.64567209227418,12.60308081139242],[79.6454431260813,12.625200474574068],[79.63031574642835,12.631017749231578],[79.6465780243736,12.670388572842091],[79.68249007958973,12.667984129376357],[79.74194440023776,12.694867342307829],[79.74377542909485,12.702871012057193],[79.73565031736865,12.703371441123133],[79.73646257315023,12.719289492174372],[79.71453114332962,12.724255395205041],[79.71316514175238,12.728305476785744],[79.74148274074189,12.73462734370333],[79.74482945655369,12.743864161195557],[79.7311133517717,12.755981941788786],[79.70934844355361,12.758701088924758],[79.70749395339622,12.777833448578791],[79.69694829161108,12.77625433542803],[79.67745355457505,12.790197178663737],[79.67054543817497,12.787649225176398],[79.67043807602376,12.777746635431862],[79.65732736657299,12.774692873293382],[79.65946790007975,12.767461216322276],[79.65453130635224,12.764166846747118],[79.64619267765943,12.772488133673265],[79.65019504055941,12.782489988330092],[79.63533466805671,12.78638657779725],[79.64292000099334,12.802580378010962],[79.63832425413575,12.814756586376037],[79.60796734200906,12.829412938316956],[79.59636512760082,12.828887298213532],[79.57681002826925,12.84421920325334],[79.5562641437732,12.852281762581445],[79.55962175704771,12.853552731630208]]]}},{"type":"Feature","properties":{"id":"tuticorin","district":"Tuticorin","name":"Tuticorin","state":"Tamil Nadu","rep_lat":8.8454,"rep_lon":77.9916,"elderly_pct":12.0,"outdoor_worker_pct":32.0},"geometry":{"type":"MultiPolygon","coordinates":[[[[78.28097379535042,9.284194203165018],[78.27629325202157,9.291462112284622],[78.21581421324748,9.301491865604875],[78.21155978487536,9.30527666225931],[78.20880651859815,9.327211722182911],[78.1890176318156,9.33174514056718],[78.17126343723639,9.342276186354967],[78.16580758044374,9.358989783880817],[78.16838945085969,9.368903451634468],[78.14891174857641,9.37197437756541],[78.13329839832109,9.365152956814413],[78.0802834127337,9.357825379217156],[78.07279472504695,9.363235489046167],[78.05695887377385,9.362549756408146],[78.0500214273797,9.345080173621927],[78.03395279656533,9.333710920757316],[78.03597654279697,9.323386219903394],[78.04824934686987,9.313972742172002],[78.04979395778007,9.30657265232333],[78.0105988485597,9.308288210153094],[78.00729637477565,9.303621677391698],[78.01116813880303,9.294201851784402],[78.00844475857697,9.27378986409301],[77.98770988561313,9.268220271408861],[77.98390561291136,9.251498046135197],[77.95683000756567,9.248596951077301],[77.9561437521808,9.230568392576073],[77.94780783819672,9.230597095385184],[77.94480745706294,9.219973876419825],[77.93210871679807,9.222855550733465],[77.91605857960049,9.200841269570017],[77.87822693242002,9.207881461571235],[77.87487319986752,9.226420982785802],[77.88636229392361,9.232600936002777],[77.88114320339544,9.234002364609255],[77.88021029309141,9.245177628638093],[77.80750460837866,9.245210216426301],[77.80674279569523,9.252273364331435],[77.79644870800374,9.256190516402778],[77.7966629795552,9.273012171254203],[77.77350333804382,9.27644156820568],[77.77416992930715,9.269285428091088],[77.7879147433473,9.262707191040958],[77.78965837241549,9.251510246165774],[77.78309986415428,9.249259289027048],[77.78001351155282,9.237730536820779],[77.77026743032063,9.235892168174132],[77.76116246772352,9.248827510432834],[77.75847106303003,9.26660400720303],[77.73851060341808,9.263900393776598],[77.74475128593514,9.226022646249444],[77.74227856262281,9.219423138963746],[77.73286919601024,9.219877899860222],[77.73449600366729,9.196306250104456],[77.7272874870429,9.189870656430797],[77.70584468234635,9.188388258343467],[77.70463913784516,9.165622014185],[77.6901119370066,9.158874999862379],[77.69344875068903,9.144620586297982],[77.70048084627646,9.140184479336542],[77.69652662229588,9.133923910707809],[77.6741053168963,9.138063541775853],[77.67319427068799,9.126174044830304],[77.67991942362092,9.1058207704371],[77.69329150059856,9.101266408864184],[77.72001948398041,9.104701441084572],[77.7217078720485,9.108493935608555],[77.73997921056706,9.106784712158264],[77.7448606692957,9.079857635043696],[77.73915516978728,9.07296959185622],[77.70423438662255,9.073425539678887],[77.70174915965977,9.063046343103894],[77.71363384391923,9.045557501305083],[77.70843409501744,9.03775571879036],[77.70222697805099,9.040275038347723],[77.70240792659699,9.035166507293134],[77.69395316639917,9.031971821995636],[77.6966752234068,9.020334805287206],[77.68826144525056,9.014662537691494],[77.6891232269504,8.999748272607157],[77.72201420744186,9.002540316748252],[77.72684830519208,8.996657848640854],[77.7292275246631,8.9830586964101],[77.72166476010136,8.978756747805484],[77.71988403959514,8.966618888767446],[77.70303838941621,8.968864714666186],[77.69056565539536,8.993948167013611],[77.67598684185215,8.989311767228628],[77.68097635623135,8.964148403009297],[77.69129616268945,8.955032987278384],[77.69510629959342,8.927428356044368],[77.73634530964712,8.923897576575234],[77.73721584183615,8.931609838287518],[77.74512241501331,8.933054246221273],[77.75999189014478,8.927623315219858],[77.76432969564999,8.911905874688369],[77.76195582923975,8.886832648135085],[77.80134277818063,8.879574026150435],[77.8121676848651,8.871949601557676],[77.80772316040247,8.866492109758033],[77.817489514814,8.853139406794067],[77.81820592394804,8.837574293420657],[77.83132865285731,8.833430773363892],[77.85166206243248,8.802139793629266],[77.84390119509612,8.786686771582147],[77.81808054877877,8.775937026070464],[77.81810206342982,8.757175498250877],[77.82808678121896,8.734403835361718],[77.81029805001035,8.683289189802192],[77.82427824062128,8.681839573634347],[77.82432023865744,8.674823037812859],[77.81663349041682,8.672208546608154],[77.80610742358297,8.647280902761432],[77.81912243640485,8.650253600085751],[77.81893494992022,8.631051640020175],[77.8077481551269,8.62133799708928],[77.80565140191383,8.611910713648909],[77.78682493060082,8.62069613133093],[77.78107500221505,8.583470884117391],[77.80313338644318,8.57612413787518],[77.79702217990467,8.565425499283412],[77.81212781942943,8.570361103810205],[77.81323470286125,8.553392806790624],[77.82039744762697,8.551585408831256],[77.82029029388492,8.540548861652892],[77.81803874837196,8.534069475073332],[77.80821501856323,8.53538806639961],[77.80726656201489,8.531716585334813],[77.81399327172821,8.528177554393043],[77.81384951972319,8.519605106626678],[77.82581225680104,8.515492484186236],[77.8259504347597,8.50277853757114],[77.83033765389376,8.500221182691062],[77.82675160802565,8.489931043302807],[77.839394630285,8.484353979053347],[77.83828349063536,8.472811906984672],[77.84360555414625,8.47120755402682],[77.83290011710632,8.456996987686702],[77.83262817820521,8.453375662571645],[77.84048371359948,8.451382961700759],[77.83210431756243,8.432321679418287],[77.84814180558253,8.423756279834974],[77.85334564002224,8.41499515786896],[77.85159424412011,8.402680050733789],[77.85986207119552,8.396297025771348],[77.85711613606932,8.384763948248604],[77.84367809580034,8.386543970302574],[77.8427524411889,8.382027440107574],[77.83558851244365,8.38231147122577],[77.8350306766185,8.378269640078411],[77.85486059215505,8.375685681912959],[77.85324512213519,8.366969143676597],[77.84128360496949,8.363084591378364],[77.84980936800739,8.358858284389095],[77.84669110455212,8.35441849140551],[77.86036855392913,8.356304758990463],[77.85873078143574,8.340517502243907],[77.86956601784763,8.343800266873515],[77.8722622384094,8.350238273043383],[77.87379212323717,8.345251639378132],[77.88363360195929,8.346585546200432],[77.88945755062615,8.342069039033118],[77.88667487889641,8.333402381934105],[77.89270275681083,8.32206375592068],[77.90059190177317,8.325033817444124],[77.90145866732621,8.321145725560006],[77.91216648759652,8.321710286118677],[77.91268425317011,8.326023191790847],[77.92580298277973,8.330909239410552],[77.96695618755415,8.333782679386285],[77.97011703295054,8.340757807314082],[77.97174857203419,8.333260975215346],[78.01427989126911,8.354711703332905],[78.06748418781946,8.373355161814546],[78.05689638965761,8.379411279050073],[78.06388973731356,8.417985279036838],[78.13058942976713,8.49690902168956],[78.12190006914298,8.515695111394582],[78.13797262110357,8.58596380075692],[78.12729328820751,8.615037682164788],[78.13143572361315,8.662913944304357],[78.12563863457329,8.66508837611746],[78.136401565588,8.694108025588303],[78.15405855167367,8.712218100153285],[78.162993752445,8.741345521438827],[78.1810984435969,8.750335673024573],[78.1915769652977,8.747920097055857],[78.19825271987317,8.76108014525009],[78.19913448908805,8.787475299216347],[78.19248176372325,8.786814197995811],[78.19545605598454,8.77491737500721],[78.1965682700193,8.77883894681721],[78.19860428544105,8.775899861944014],[78.19655666019254,8.76927137660473],[78.18705554504673,8.764139952437334],[78.1618091306051,8.777736505405462],[78.16186354785005,8.797642817716628],[78.16155759693564,8.792871809258035],[78.15808082573197,8.796964934011845],[78.1665764287325,8.81174363218614],[78.16326001219689,8.815629752418978],[78.16802433959565,8.82585536243509],[78.16477315512272,8.832781412873072],[78.1669276250928,8.872887245180461],[78.17163835001854,8.885872331728985],[78.17998098789248,8.892687959045052],[78.18664195260509,8.92359091396987],[78.21504443340578,8.96603792641878],[78.2941738763922,9.020709889891837],[78.38488733302084,9.09472233086336],[78.36540185042887,9.103147863794257],[78.35680092984273,9.098613033013159],[78.3563763923277,9.118056856391755],[78.31524840056835,9.13306937908066],[78.27394606557529,9.141485909561807],[78.29082269056354,9.17757533529151],[78.29612056693536,9.20508086539375],[78.26935484622675,9.20209872403283],[78.27224494927795,9.256271530255319],[78.28097379535042,9.284194203165018]]],[[[78.21578727726369,8.842005242421164],[78.20525024200025,8.841780613595612],[78.21327171239716,8.832270649207956],[78.21921643057081,8.833899907758799],[78.21578727726369,8.842005242421164]]],[[[78.22739909196737,8.870817288387363],[78.22180957664023,8.872036799717122],[78.22678366065779,8.866320278556655],[78.22739909196737,8.870817288387363]]],[[[78.27358180771073,8.943292814969752],[78.27022859079122,8.943166864429577],[78.26955110206518,8.939142238415519],[78.27130612626271,8.939611003221195],[78.27358180771073,8.943292814969752]]],[[[78.25057096673628,8.952854863928842],[78.25521815112702,8.954573930606427],[78.25188646233329,8.956394270033257],[78.25057096673628,8.952854863928842]]]]}},{"type":"Feature","properties":{"id":"vellore","district":"Vellore","name":"Vellore","state":"Tamil Nadu","rep_lat":12.9,"rep_lon":79.0615,"elderly_pct":12.0,"outdoor_worker_pct":32.0},"geometry":{"type":"MultiPolygon","coordinates":[[[[79.29338145637081,13.101413797615523],[79.2773587321624,13.15621650441018],[79.26208754660554,13.149041845147405],[79.26036684164511,13.159562611568333],[79.2532732860209,13.160255107044073],[79.25409224233621,13.146131987696592],[79.24527305718719,13.138275816140911],[79.2401845502603,13.144365897188578],[79.24495969786666,13.14882004016519],[79.24268692875677,13.171002970217836],[79.23389566504342,13.169998770859932],[79.22732232290195,13.155615674608839],[79.21468624012813,13.156957802919527],[79.21003004294015,13.148458090673573],[79.23287296992338,13.139370221603963],[79.23037755157374,13.126373018961482],[79.23841168013132,13.118550943319303],[79.2344266663944,13.105228876980052],[79.20086350711856,13.088834125941704],[79.19829339295471,13.081341318392388],[79.19068782816126,13.088732697693496],[79.18765738760145,13.083463602869259],[79.18065877941119,13.084242356154054],[79.18532830220809,13.079672153827682],[79.18400819466042,13.072730378608924],[79.19079941868249,13.073352555215079],[79.19212109019708,13.067431587376488],[79.18731565139937,13.060657793361393],[79.18007390070272,13.0643110985825],[79.17829799157317,13.059186229579334],[79.19209993307551,13.056146237059314],[79.17966167370034,13.054499213635854],[79.18043969738137,13.048849544613546],[79.19299645981391,13.046695497403078],[79.18483340055514,13.029852803961685],[79.16312114169754,13.020270372966094],[79.14831153838142,13.024655800631514],[79.13734135075934,13.034811815247123],[79.11448180763828,13.03927214174082],[79.10746583142034,13.038277330791399],[79.098307975121,13.026064379600905],[79.08090729455559,13.025727123867888],[79.0628663280933,13.040637684404405],[79.06339763397314,13.053107343894203],[79.03868510537283,13.0611355517411],[79.03694811126137,13.070594398380017],[79.00949511737662,13.077226694402894],[79.0039173349454,13.084599965722001],[78.99500118205135,13.086608659611224],[78.97230217326147,13.083806497026245],[78.9702795292627,13.074713863393118],[78.96213429168088,13.078729945980484],[78.95544818312344,13.075839431151602],[78.94919410223393,13.083994463382103],[78.9414793454211,13.07851866874571],[78.92394154780733,13.080809067033083],[78.92173996479386,13.066093664327848],[78.91259782631703,13.06593221960511],[78.90367541306378,13.047705616274541],[78.91751371926715,13.043622871400101],[78.9291631176857,13.045758779432923],[78.94080990560002,13.036409829411019],[78.93710704910056,13.030426710091996],[78.92912447306047,13.036493611369659],[78.89164302061882,13.033058363273168],[78.88895231301795,13.073359697226936],[78.8956893039497,13.095121113614612],[78.89158114196708,13.09708733138845],[78.8750975910011,13.096816373015393],[78.86980010359976,13.089517061293218],[78.87097150583193,13.081883497248787],[78.84203642557738,13.078613089713715],[78.81313985520075,13.08914229620463],[78.79430397223848,13.066583926367697],[78.75177602797406,13.054941809390861],[78.74028895333072,13.063995565124172],[78.71451634262658,13.068678314368533],[78.70527143238968,13.015238620979554],[78.65621469703196,13.031169391068543],[78.65552037657245,13.015248063919396],[78.6208968135959,12.991240366590807],[78.64716929902643,12.966237126149005],[78.63805852073617,12.96475931774742],[78.65701386256325,12.93210639493219],[78.6334356151126,12.931746020246436],[78.61309319633345,12.867936575096683],[78.60155930868403,12.850803828655684],[78.60290455109339,12.844737097819479],[78.6539476286309,12.865324750155752],[78.71206821159348,12.859802728815728],[78.71676165562809,12.856975897890305],[78.71627656627297,12.850181666599612],[78.72012780289779,12.851699297724563],[78.71868883476331,12.864700878687616],[78.73040828021443,12.865650542943497],[78.73735753406466,12.842480017391184],[78.73413906623438,12.830443061714528],[78.74917166733663,12.817707530437676],[78.77322027267,12.833591604100794],[78.78258346408035,12.847294341723822],[78.82414689980065,12.860187693986335],[78.84530180612671,12.877248607809669],[78.88741710477382,12.893761289380603],[78.89991706762923,12.907292473936987],[78.9178883212322,12.910673587914783],[78.91312921574023,12.89473110806057],[78.90604293467318,12.888915123066],[78.91076900462059,12.882790467576411],[78.90816995302649,12.875536782637965],[78.90177083464279,12.870850457686084],[78.90369444566971,12.849183104576017],[78.8997290700032,12.85685320623555],[78.87621363814714,12.8533736863369],[78.88096267442313,12.849025855352018],[78.8775173271864,12.841636160645042],[78.89305251772379,12.842480055928311],[78.89754877526534,12.834196329188533],[78.88096737171374,12.83206803290004],[78.87491047731731,12.83598649698894],[78.86499431356077,12.826246238774882],[78.86534031586211,12.818594460576051],[78.87425680562438,12.820158629101508],[78.88469327628843,12.810522746876012],[78.87807889910475,12.790452389322766],[78.87254461130297,12.788344561670892],[78.87526177967882,12.782423864766082],[78.87180838982533,12.774421433089891],[78.86105450304893,12.774984321960204],[78.84891154326381,12.756486168412463],[78.84722418197012,12.737340005718433],[78.8536760251728,12.716607445401548],[78.8448759256303,12.696751713007908],[78.8564176924031,12.682705624938826],[78.8414763430657,12.678419467755445],[78.83578078611086,12.658034887130949],[78.8086456494113,12.636211177342927],[78.83765329467619,12.643439981275353],[78.86577077327492,12.631655622223688],[78.89627362839762,12.689937562108033],[78.8972719297661,12.67913535418086],[78.91186033821485,12.687301252426034],[78.92756467972366,12.675877642294807],[78.94994319836624,12.686403762734976],[78.9495959393218,12.678647970149283],[78.97633165540161,12.668072719829048],[78.98692580465254,12.697022025276343],[78.99401525587422,12.697136620877705],[78.99528514580086,12.70602172271589],[79.02383961615773,12.692610032138221],[79.00860053728746,12.65811475478813],[79.01215885216276,12.657267331402522],[79.01317645114018,12.666146483396581],[79.02655643329233,12.679774314588267],[79.02394207620245,12.689046377594796],[79.02981123258594,12.689200050838995],[79.04267134531013,12.711507672370763],[79.05111993587857,12.718655284949937],[79.05707281704322,12.718049963435272],[79.05695017275244,12.730336107351967],[79.06465841588115,12.738692045583177],[79.05979229139439,12.73843265401095],[79.07346947666672,12.755903268407204],[79.07799503904948,12.749056304685794],[79.08976450898383,12.7585187056308],[79.13204388222263,12.762404325901091],[79.15922414399382,12.752766889163109],[79.16113275944369,12.772897379877385],[79.1717081644479,12.760498472198512],[79.1739970825716,12.741501180422413],[79.18905672565884,12.748279079234166],[79.20759039829156,12.741942464788963],[79.21389585203552,12.760805037285309],[79.20868149742553,12.784729326774517],[79.19549454256668,12.792456915145678],[79.19083816930889,12.809917582123992],[79.17819784918191,12.82003061664646],[79.17789016990892,12.825043004636187],[79.18400954392997,12.860715468577652],[79.19402757933469,12.875243943259756],[79.19467699391147,12.892870420669219],[79.19963315474247,12.889149528050744],[79.21090365904554,12.895211699427174],[79.20582956828234,12.904853593663994],[79.19133124917846,12.908070751194295],[79.18635301943587,12.918530278723697],[79.1943831001848,12.93352916273446],[79.21000505270726,12.938514601267398],[79.21673353120337,12.954950329413599],[79.24164542111805,12.95531155913812],[79.26785374976929,12.940141038317167],[79.26876783407994,12.946532207098572],[79.26363882121856,12.947140107955033],[79.27009991257708,12.966586299118694],[79.2659796844236,12.98741540405861],[79.27809850468036,13.007332963390727],[79.28482995660006,13.03771629894062],[79.294543849399,13.047188209781654],[79.27245434303785,13.087019997619963],[79.29338145637081,13.101413797615523]]],[[[78.52281872841785,12.71915119641032],[78.5212095582831,12.735380726275626],[78.5191695687145,12.736283887268481],[78.51802818458587,12.724767159392192],[78.5092717162167,12.72423450881605],[78.52281872841785,12.71915119641032]]]]}},{"type":"Feature","properties":{"id":"villupuram","district":"Villupuram","name":"Villupuram","state":"Tamil Nadu","rep_lat":12.117,"rep_lon":79.5996,"elderly_pct":12.0,"outdoor_worker_pct":32.0},"geometry":{"type":"Polygon","coordinates":[[[79.6490790958213,12.340871850298194],[79.6217121946768,12.349491558416236],[79.6209850569633,12.374445454258842],[79.60815260426503,12.378051512223545],[79.60258990544573,12.37173676043167],[79.598220289698,12.348206076564896],[79.55892325672717,12.36437035782975],[79.54646429837122,12.36351702875908],[79.52953833341599,12.370073974127148],[79.51792723107633,12.35327377030332],[79.51116871830703,12.354152248122666],[79.50697053704812,12.34595593722044],[79.49610555023061,12.345134095783095],[79.48886195439441,12.349394709872366],[79.49326132863254,12.370279055815544],[79.48588834844595,12.374620944194008],[79.4844427058289,12.369599988086675],[79.47287327723359,12.364962282840109],[79.46556537459944,12.372101437363195],[79.45113829459254,12.374207188189198],[79.44822882116887,12.395785500925077],[79.43977141183927,12.389075528072226],[79.43620436803435,12.394016458368979],[79.43804657642517,12.408004933976498],[79.43306236659772,12.409958498233284],[79.4283657901377,12.400924221726015],[79.42061009889399,12.410850918948281],[79.41125188055706,12.406766249590673],[79.4016160630344,12.435707444224954],[79.38248488227869,12.442329693282069],[79.36748301433894,12.443933810102626],[79.36184038701893,12.439725583837383],[79.32525833412791,12.450775874612475],[79.30897161571876,12.438681527035369],[79.26948638839085,12.447739323790445],[79.23135756503967,12.442787863255711],[79.23454711071108,12.437417119994585],[79.22721736374416,12.401930322235458],[79.2427068012875,12.397160541241348],[79.24850801628943,12.382988542353146],[79.23705801421958,12.368489183064419],[79.22740448191952,12.372732281765309],[79.2246900444221,12.367698242280522],[79.23271986376128,12.361860219369861],[79.23915008810835,12.346526577067843],[79.2269980445591,12.342544556079089],[79.22139652684143,12.349656150400653],[79.19816454130527,12.342973522760186],[79.2168695253576,12.339569384777052],[79.22109185333136,12.33254869598986],[79.23461073838261,12.329868192896337],[79.23413633628446,12.315748424886461],[79.24649719142485,12.31639885008427],[79.25185532319273,12.323192658891669],[79.28933074793882,12.317933210733456],[79.28516571900549,12.306410741112153],[79.27379876708196,12.305470858128855],[79.28013805766773,12.291841424845481],[79.2677614676368,12.28868626840998],[79.26102883712745,12.276809763759346],[79.24504951142875,12.273994407107644],[79.24025672360517,12.25386938881825],[79.24238958909267,12.243870646797548],[79.24840835359856,12.240988944701483],[79.22510741966943,12.222023582603791],[79.22744028427518,12.217918710889494],[79.23673603556387,12.21788364659223],[79.2359434241409,12.212193489285958],[79.21917758658006,12.215440127380795],[79.21573493159421,12.212313395972991],[79.23312585106576,12.1978032100781],[79.2345725213555,12.184080417829843],[79.22231896458588,12.183790919849432],[79.22232236291259,12.19386572194143],[79.21509623032553,12.197664634181438],[79.21086794831807,12.193986709019748],[79.20994255511633,12.18722072102389],[79.21421902095898,12.184091709942894],[79.21061625205355,12.166090095904389],[79.23800155788163,12.1533754923472],[79.23681041067948,12.150044853642585],[79.25896279102571,12.134908880842],[79.2587947422872,12.13065564556267],[79.27667461297126,12.126048103967834],[79.27921715873737,12.107879073586338],[79.27130495671663,12.103582116390555],[79.25717840718974,12.079869272727974],[79.24270774541687,12.080431559952501],[79.23790686467089,12.076555373216989],[79.23996634857947,12.070344130806404],[79.23361994782823,12.05915978120196],[79.21555056585686,12.063816838340463],[79.20923344838722,12.070666296067962],[79.20073247076637,12.06988660822604],[79.19014205132052,12.048211443777006],[79.17621395670787,12.047436681581472],[79.16840991723723,11.992197886166936],[79.1863827321122,11.985762709384188],[79.18470415095206,11.972754790209859],[79.21047748030844,11.974045267995276],[79.23719630356936,11.952141358614716],[79.2710205258432,11.948787655589246],[79.28451862837036,11.941732177002562],[79.28565579131548,11.945592547398073],[79.29264736569706,11.94412566139633],[79.30552580315471,11.933905098365285],[79.30812713826626,11.920391085610255],[79.34875222618007,11.926007013881831],[79.363997495341,11.918058930597402],[79.37880460583222,11.918027823635505],[79.41457164241878,11.898897416756286],[79.44097926590905,11.872776634837349],[79.46791280808243,11.87177983843561],[79.5099512055513,11.857593382621122],[79.52916058734746,11.857094844596192],[79.56502263065678,11.83992959359678],[79.59081959917984,11.841475745597009],[79.60380678039762,11.829042835396114],[79.61683821532121,11.824749864415047],[79.62432220032744,11.811786776321584],[79.64110059364106,11.798497860415715],[79.66499606496458,11.810483164874489],[79.67480883892011,11.806793008953052],[79.6759301771432,11.81430106562815],[79.68572275876778,11.812505583931785],[79.69080681993233,11.822117944241308],[79.68563319224238,11.832460808116016],[79.70309236121764,11.831910000660267],[79.69473949243094,11.84441882504422],[79.6898235680398,11.880841917586569],[79.67400420624203,11.880695563576147],[79.67384523857271,11.891611360308394],[79.6868420721882,11.888888061134475],[79.68716448742514,11.89453798206577],[79.69538900402573,11.894789374947567],[79.69620257314429,11.919165401270078],[79.71866113257698,11.919037265626777],[79.71795254417583,11.913360447785777],[79.70660186972523,11.913621331907523],[79.70527926216612,11.893919110150621],[79.71119423622241,11.890708363098177],[79.72888439978644,11.890205589778263],[79.73130992022384,11.903208699424596],[79.74069668881715,11.905438149575582],[79.71753057943575,11.928986094971572],[79.72089107181071,11.94489983371562],[79.70967826629835,11.949956484293175],[79.71121570775432,11.933069515604013],[79.69730956976386,11.941751339100929],[79.69166093720617,11.951316849283053],[79.69568975998286,11.963917614386041],[79.69797055823474,11.960486463373975],[79.70260419962425,11.967021250653454],[79.71502698911192,11.967636998623634],[79.70926791138503,11.975810720608365],[79.71242500092518,11.986553743919158],[79.71589530785208,11.984844142728612],[79.72057165425188,11.992739088609854],[79.73343176967103,11.993258982203935],[79.7464959356103,12.007678119846679],[79.76237340583053,12.00268970085109],[79.76042375803344,11.989201026064112],[79.7419467717901,11.977666531379558],[79.72647810509275,11.985758316606255],[79.72350473540124,11.977049382674508],[79.72451735322045,11.971227344588353],[79.74453072180597,11.96495538573736],[79.7502740673373,11.919905608590643],[79.75627752814401,11.920387462604719],[79.75507693785164,11.926009757008021],[79.76219502197468,11.928544046570154],[79.75994373607483,11.943599062438718],[79.77152511226343,11.943888596678915],[79.78472133414276,11.959862463739803],[79.80507349964272,11.953256055817048],[79.81260488784821,11.97789176390776],[79.81850425098148,11.977888636411778],[79.82885144976754,11.958328414762127],[79.84063594043177,11.955785648928845],[79.8567973932661,12.00605501220818],[79.84090256040808,12.012809793622338],[79.84976879571842,12.051311665859433],[79.87364941070378,12.042032014252126],[80.00863868520473,12.254805014174007],[79.99247032342754,12.253737712348496],[79.97309905892898,12.233364372410254],[79.96966745411943,12.236796000158078],[79.95531856706818,12.228831734403025],[79.94420581411553,12.24225846421114],[79.9213571576774,12.25005238084686],[79.92451257814778,12.231590918048552],[79.91426100143046,12.235524567765639],[79.90087430077831,12.229405975930472],[79.86764050790308,12.248913993979777],[79.86242497560177,12.26194283507306],[79.84119425595725,12.279798477402837],[79.84162509156077,12.287757994177015],[79.82742213313244,12.312922045011133],[79.8198516502458,12.311817600408428],[79.809509814402,12.326242388959162],[79.80277481503524,12.32797162493256],[79.79922762759138,12.33739894495824],[79.77881583192283,12.338987523268377],[79.7589992931992,12.325365626275811],[79.75030221604676,12.32483728423896],[79.70620572705798,12.33462502843701],[79.70007754685219,12.333302290392236],[79.69745048758415,12.324932160215093],[79.685548999439,12.323768592947232],[79.67968650855488,12.31576050124477],[79.66063413160916,12.32309889071745],[79.6490790958213,12.340871850298194]],[[79.69111938514217,12.032437476637881],[79.70359062975629,12.031417600800655],[79.7030472612988,12.008153651923868],[79.71961193732146,11.992215079892096],[79.68547172635826,11.991640619779947],[79.68092956490571,11.983410669302636],[79.67390248461251,11.99509585562348],[79.66251561973408,11.989519755240048],[79.65702483105328,11.991386998721627],[79.65976844403448,12.010624654569162],[79.67131591870258,12.010062773816289],[79.67547768495481,12.02136653668215],[79.68341677894188,12.021609306746576],[79.69111938514217,12.032437476637881]],[[79.80185944074387,12.01706811632679],[79.78910810501745,12.018225904703545],[79.78880234634252,12.026375154783635],[79.80566837570198,12.024490953369671],[79.80185944074387,12.01706811632679]],[[79.64147907542981,11.991627554208245],[79.63643774263176,11.977846295262264],[79.64851588178257,11.967590131854315],[79.64730766389512,11.953429134803502],[79.64223066528533,11.95398986967355],[79.64264791656514,11.942099899569868],[79.6574843597453,11.948054141380881],[79.66066905631078,11.937160715305131],[79.66933088896135,11.937512183768026],[79.67069796941526,11.931577323987327],[79.66886925461831,11.918266295310149],[79.66267284557004,11.918190256414718],[79.6626722311224,11.913096255859784],[79.63209006823483,11.901255591341293],[79.62532481001608,11.903027336337761],[79.62837680565113,11.919484623412156],[79.61848510032483,11.926060849815473],[79.61794752510261,11.93603636928836],[79.61885538768159,11.943317869237497],[79.6284039805868,11.945135376235427],[79.62748551159926,11.968146518998973],[79.61860693074198,11.969954261152917],[79.62437265330708,11.981787629133395],[79.61717815668932,11.989552691386892],[79.62361032319401,11.98932244231153],[79.62632342759153,12.000360155941186],[79.61917383416159,12.001411964717192],[79.620713077638,12.013527693331907],[79.62904663534104,12.018798096640577],[79.62552920279431,12.032172583163355],[79.65099944326882,12.021812286812935],[79.64231040064824,11.999225524144018],[79.63644726028218,11.998086653158435],[79.64147907542981,11.991627554208245]],[[79.67667112016593,11.96810682411324],[79.68650562436822,11.973253288165195],[79.68785002056455,11.969600900616246],[79.6846608063715,11.953352258573338],[79.67321577018852,11.94787151811345],[79.65464338915025,11.953487396381465],[79.6537947372266,11.960669695055207],[79.66002397071536,11.958391069386924],[79.66219653724684,11.969166380290009],[79.67667112016593,11.96810682411324]],[[79.60815248209416,11.876864781997117],[79.6212175688066,11.890597264775941],[79.62978156144801,11.88868100716594],[79.62989174161426,11.881290777260503],[79.63450399681183,11.881037677940894],[79.6346968399505,11.888762303100208],[79.64115864457136,11.886633265842253],[79.64052058380146,11.880585550338077],[79.64839117406159,11.880445136084525],[79.64858337759976,11.870528229997818],[79.66272668968986,11.867254545597026],[79.66342353082206,11.861247407235723],[79.65788844711291,11.852655459901047],[79.64713202439246,11.85016121219666],[79.62634007966197,11.854668043221611],[79.62845544057785,11.869796516732615],[79.61915325555508,11.870193967796633],[79.61950692318074,11.862686248856862],[79.60200034112478,11.85786215162061],[79.59940929441817,11.88300658642528],[79.60815248209416,11.876864781997117]],[[79.64732443813642,11.844221986896983],[79.66177828344719,11.839416061016951],[79.65945547637938,11.829399927250279],[79.67131122141194,11.823649084291548],[79.67129160400276,11.814880341044274],[79.64633643056274,11.816243211712344],[79.6409455075921,11.82336695299337],[79.64732443813642,11.844221986896983]]]}},{"type":"Feature","properties":{"id":"virudhunagar","district":"Virudhunagar","name":"Virudhunagar","state":"Tamil Nadu","rep_lat":9.4861,"rep_lon":77.8649,"elderly_pct":12.0,"outdoor_worker_pct":32.0},"geometry":{"type":"Polygon","coordinates":[[[78.13701032510994,9.761741373576902],[78.125257193734,9.765561293034587],[78.12564895172432,9.771135216362016],[78.10700842718353,9.786070296610625],[78.0985276113509,9.779388070380726],[78.08806370523978,9.779382377261228],[78.10430273568376,9.768227280664806],[78.10105470160255,9.75513080398001],[78.08429781665177,9.758180144690005],[78.0781612578593,9.748997239584016],[78.06710968556742,9.752946408751821],[78.06141582642844,9.74153970631968],[78.07131456376678,9.735615139737728],[78.0680177197246,9.72339081573696],[78.0799403829576,9.70828950713313],[78.07629257072719,9.696797394886005],[78.0849774846907,9.692549456415371],[78.08196650882643,9.688118775900305],[78.08783550890308,9.683409118860002],[78.08518502786066,9.675511231138115],[78.08003201830313,9.676527564961194],[78.08184728442193,9.663187533571078],[78.05927333639099,9.661759353921278],[78.06149470030701,9.670611263600422],[78.04055338820265,9.678503777101],[78.01457023215885,9.639460168411311],[78.004510446653,9.642358706141403],[78.00658106517953,9.64809164100359],[78.00069429642653,9.650349768768313],[77.99633595543393,9.640106771201737],[77.99096090928762,9.641645497957922],[77.9854689914245,9.633509980153056],[77.97527287759112,9.629602497419098],[77.96398537985783,9.633167598382448],[77.96456203808313,9.644202336231025],[77.95255458466706,9.64959351759266],[77.94947870013364,9.645783238558092],[77.92316109502134,9.647554852438724],[77.92159737604672,9.637862788410619],[77.91061412961528,9.638216448410303],[77.90068706120954,9.626467983191178],[77.89141271138413,9.642344732760694],[77.84893570698624,9.650367255890991],[77.84185338299802,9.635344363779895],[77.80857459171358,9.63985486598865],[77.79471887975328,9.648739189897013],[77.79096765526396,9.63910920912432],[77.77632575573331,9.640434096432035],[77.76684639598705,9.651633099407464],[77.76388652617761,9.660555768192735],[77.76953915264504,9.664165208024615],[77.76000144642278,9.682737094567704],[77.72579222687943,9.692748679696718],[77.70993931031087,9.705419331558472],[77.70774900834071,9.690953791309433],[77.69946600602523,9.692167005932284],[77.6980002591121,9.699101926406104],[77.69369879944333,9.697407483622177],[77.68122060276724,9.676673323010233],[77.67772695760922,9.682763148278914],[77.66841825530908,9.677239986390951],[77.65090056558464,9.68312267015978],[77.64400331790117,9.706449371955207],[77.63206549290275,9.700843959968113],[77.62876204714155,9.704668371870318],[77.61648750393027,9.695463998714569],[77.60823147622615,9.696566493251861],[77.59015430226803,9.67856357511258],[77.58596892290021,9.666850053089828],[77.57611874129961,9.668914455172452],[77.57507162008868,9.664502176719505],[77.56257594219718,9.65951356084314],[77.55189163892264,9.644367137575644],[77.54330408886122,9.645187713096211],[77.54744170121211,9.658610552210229],[77.54393748467984,9.661742394306318],[77.52816865760842,9.650472542590867],[77.51936277381382,9.6361619385591],[77.51405094391063,9.61081746404972],[77.49984453505331,9.596301009237532],[77.49829797659555,9.57541109443582],[77.47542107712492,9.56308106490026],[77.47498482917179,9.54997126738781],[77.45589129141976,9.541585432886366],[77.42786973223214,9.546517605566299],[77.40348486772496,9.526380270438803],[77.40041577176017,9.517856805897228],[77.41239641495656,9.508977436802807],[77.39930818764238,9.496568778847664],[77.40171601306531,9.476899140334162],[77.391470790132,9.468685417295555],[77.39261336363009,9.459350173316754],[77.3771965351145,9.452777178151123],[77.36600016338195,9.460082177417526],[77.36199818765584,9.457242972266986],[77.33937488618317,9.420136716008763],[77.37895855539148,9.401862961067186],[77.38908292437637,9.392238379602517],[77.41974771340544,9.399270795366336],[77.43398627656008,9.390883159611716],[77.4505114833041,9.369940537819513],[77.44708310075151,9.365827324978838],[77.43849853309682,9.36809815039903],[77.4371047205767,9.362099383798737],[77.44336353019786,9.362007973654732],[77.44139584872144,9.354273368435534],[77.46804008306766,9.346655172669625],[77.46294203872739,9.345892345401527],[77.45905285277341,9.336268597861654],[77.46477704083301,9.329138178255377],[77.47151299241398,9.328390663929314],[77.4747249573399,9.340749479187],[77.49583452389696,9.33845597459605],[77.49703008092884,9.333790227152331],[77.5066100986993,9.331925303263505],[77.5221296729238,9.334963944265171],[77.52758271619298,9.348948199567113],[77.51907300784588,9.356748301387027],[77.52932261904935,9.36034534559012],[77.53085653641445,9.375906053604314],[77.55470151523245,9.370283947865957],[77.54982798503451,9.36317172170522],[77.5603721798708,9.353459097787532],[77.57486036418165,9.354126354245889],[77.57302341273186,9.34302769160261],[77.5866411268374,9.348038721321158],[77.59145729870615,9.343875704281325],[77.59095555728062,9.315381564299518],[77.58563157676494,9.308617874848085],[77.60415494841627,9.306965324139757],[77.60338632470632,9.301151577412442],[77.61343966839328,9.300976046787115],[77.62489500196436,9.292830179304408],[77.6413740469809,9.292576981257952],[77.65570905236609,9.28336318970688],[77.71210041344102,9.291424798268784],[77.72194128580034,9.28011166942184],[77.73918449798465,9.280545525771553],[77.74160057982338,9.264360550697697],[77.75847106303003,9.26660400720303],[77.76116246772352,9.248827510432834],[77.77026743032063,9.235892168174132],[77.78001351155282,9.237730536820779],[77.78309986415428,9.249259289027048],[77.78965837241549,9.251510246165774],[77.7879147433473,9.262707191040958],[77.77416992930715,9.269285428091088],[77.77350333804382,9.27644156820568],[77.7966629795552,9.273012171254203],[77.79644870800374,9.256190516402778],[77.80674279569523,9.252273364331435],[77.80750460837866,9.245210216426301],[77.88021029309141,9.245177628638093],[77.88114320339544,9.234002364609255],[77.88636229392361,9.232600936002777],[77.87487319986752,9.226420982785802],[77.87822693242002,9.207881461571235],[77.90918833437614,9.200055204297104],[77.9196303197977,9.202368943690713],[77.93210871679807,9.222855550733465],[77.94480745706294,9.219973876419825],[77.94780783819672,9.230597095385184],[77.95571139483118,9.230120926022442],[77.95683000756567,9.248596951077301],[77.98390561291136,9.251498046135197],[77.98770988561313,9.268220271408861],[78.00844475857697,9.27378986409301],[78.01116813880303,9.294201851784402],[78.00729637477565,9.303621677391698],[78.0105988485597,9.308288210153094],[78.04979395778007,9.30657265232333],[78.04824934686987,9.313972742172002],[78.03597654279697,9.323386219903394],[78.03395279656533,9.333710920757316],[78.0500214273797,9.345080173621927],[78.05695887377385,9.362549756408146],[78.07279472504695,9.363235489046167],[78.0802834127337,9.357825379217156],[78.13329839832109,9.365152956814413],[78.14891174857641,9.37197437756541],[78.16838945085969,9.368903451634468],[78.16580758044374,9.358989783880817],[78.17126343723639,9.342276186354967],[78.1890176318156,9.33174514056718],[78.20880651859815,9.327211722182911],[78.21155978487536,9.30527666225931],[78.21792554521932,9.299931725376958],[78.26242529243069,9.294961236176635],[78.28054433866086,9.289939872743831],[78.28097379535042,9.284194203165018],[78.31200173641794,9.283094216633943],[78.32862273860555,9.275285316011495],[78.34676413941155,9.297873238583705],[78.34613036270726,9.309405486389588],[78.35333038216736,9.30863767184682],[78.3609388584006,9.325066592858711],[78.36265785386706,9.349193731180483],[78.35609362603243,9.357891131213602],[78.35296696422756,9.352687581244389],[78.33310293157489,9.354064050404036],[78.32435808560886,9.332394898047138],[78.31140400730936,9.33502812630031],[78.30480234308358,9.323507879585213],[78.29781998092525,9.325974588652914],[78.29386779971365,9.331972667689916],[78.295376203128,9.342619311709617],[78.31048254244034,9.345154370919431],[78.3057658338365,9.350329490357941],[78.30825248013744,9.365022349876066],[78.30115553157638,9.367150029213935],[78.30815020604402,9.374818744351975],[78.30418781907247,9.384257051767449],[78.29665337210342,9.386610578349092],[78.29504771527976,9.381678086923829],[78.29621572637173,9.38899289662901],[78.29147634698508,9.391016950066401],[78.28021439644013,9.389978580641468],[78.27872727411484,9.385028005398684],[78.26319928087949,9.386627898171426],[78.25523321138276,9.373641682029351],[78.24303629159517,9.381062529062005],[78.24319451006954,9.40667669569556],[78.22252274375441,9.410122763693543],[78.22101628429431,9.429910187086598],[78.21504389621325,9.433455834922075],[78.21862126255908,9.4474012936147],[78.27190594305601,9.448500895568662],[78.3011786892461,9.44216192082472],[78.30538898428661,9.447538054641212],[78.29849853415487,9.454602262208072],[78.29938469074165,9.461464861362128],[78.30869622093832,9.460481467352336],[78.31103491291532,9.46794108756101],[78.33037796043244,9.462818114422065],[78.33127402813173,9.468970849831585],[78.33935617433623,9.468456645601849],[78.34713855901859,9.460229858108066],[78.35190564244864,9.460980754565853],[78.34685055374864,9.471301016059092],[78.33007128996749,9.47283141874325],[78.32848778110717,9.495203953828753],[78.33953936417886,9.495915303975101],[78.34732443302728,9.511398959442563],[78.36529374357433,9.51203326260773],[78.36727952790037,9.507056147558291],[78.37486152359567,9.507427132575186],[78.37743422939914,9.515826551640266],[78.38226140203682,9.515948649429893],[78.38737105979706,9.536097202609543],[78.37237851457336,9.543176421265555],[78.37650907065769,9.551815566740729],[78.37528358804877,9.5660059116641],[78.36843334022095,9.570481128140779],[78.39387119463281,9.581358011574588],[78.39778429194304,9.595191036983813],[78.41220015917855,9.588042985969478],[78.41688818277873,9.599357781978874],[78.42557015475968,9.600346810400659],[78.42886864361714,9.60556779802836],[78.42733950259439,9.616259225409069],[78.42252824810355,9.607887568005163],[78.41461166410087,9.609778088819992],[78.40900953642713,9.61956572705869],[78.40598432316393,9.612391674399001],[78.39990314640707,9.612025855879777],[78.38967268459048,9.631442276420609],[78.39390507459375,9.645881181398734],[78.38846126061578,9.653611570813514],[78.37617894068907,9.657074331192728],[78.35606309588918,9.651547475165831],[78.34973626763133,9.666014511217881],[78.34455725184633,9.65701336481506],[78.33925873317904,9.658111340637427],[78.3359816978872,9.668449474989401],[78.34224110039644,9.672261242898305],[78.3427776677089,9.680909214736602],[78.32703874734992,9.693487941318507],[78.32101284303415,9.707170785380079],[78.32823186635409,9.725557442167423],[78.32482957357227,9.74266280184395],[78.29551401996395,9.693458680310473],[78.30276911693076,9.687023088827706],[78.30229263792765,9.678971766568038],[78.29165999137524,9.67464283602664],[78.27124331156648,9.691806096429557],[78.27785304266348,9.696084705930593],[78.27431069893564,9.702615882222528],[78.27837123493681,9.714827332388037],[78.27194632502297,9.729124002261084],[78.27748357007872,9.726634916203066],[78.28013457483895,9.729899621933995],[78.27688679228599,9.740598853257675],[78.23782305538772,9.757367561340853],[78.2102262996165,9.782532055270027],[78.20428841672383,9.763587526079686],[78.1964781689963,9.767585272752457],[78.18302353864065,9.756814857063766],[78.17329072911843,9.76016368567829],[78.1722133490555,9.748127086425825],[78.16358715167391,9.749827705084808],[78.16301295573084,9.757530460273367],[78.14742787276253,9.750027659183274],[78.14327616404823,9.742948491310466],[78.13391170242008,9.748093176823595],[78.13701032510994,9.761741373576902]]]}},{"type":"Feature","properties":{"id":"krishnagiri","district":"Krishnagiri","name":"Krishnagiri","state":"Tamil Nadu","rep_lat":12.516,"rep_lon":78.0005,"elderly_pct":12.0,"outdoor_worker_pct":32.0},"geometry":{"type":"Polygon","coordinates":[[[78.41250001502375,12.626874298565953],[78.37142516939325,12.627106439371389],[78.34359228336474,12.64873995574867],[78.33220995857175,12.649262391698715],[78.31836676912651,12.661923761686674],[78.30099437111949,12.665869266940764],[78.27108606417093,12.70505799408357],[78.2445609877539,12.706326289076607],[78.23928757340552,12.70100874929576],[78.2377067514062,12.685759954142931],[78.21058901597202,12.686076694102479],[78.20986294994867,12.690406852886642],[78.2010110760048,12.691738114254202],[78.19936405266061,12.695453672389611],[78.20993976578694,12.700503848018359],[78.20717531728106,12.70817002011715],[78.2311714295608,12.712555214255609],[78.24083275025437,12.729522870785456],[78.23095122823017,12.760659714849554],[78.19516440355453,12.773844827897332],[78.17739920730804,12.775945758331247],[78.16766354922805,12.770080790111821],[78.13423755101803,12.781965723017318],[78.12499039229796,12.798186794667854],[78.09016199726695,12.817360880018017],[78.08619863741993,12.831936226933301],[78.0738597209354,12.83051468813331],[78.07720649693434,12.838849631002132],[78.06020876377443,12.843826401994992],[78.05782506260843,12.852110255356214],[78.05259180564825,12.853762995722736],[78.04999542744044,12.848781501186899],[78.0307306932531,12.852449483567225],[78.03065020779692,12.858022134938956],[78.02386568880013,12.856500916239096],[78.02898787087207,12.845185704073],[78.01914962967825,12.843943372028498],[78.01829765398804,12.83105249611502],[78.00371017888888,12.82478210933922],[78.0151100549659,12.813366172746592],[78.00975275773293,12.805739117334277],[77.99520259236247,12.805857587213518],[77.98852109126415,12.808192580168166],[77.98978419262221,12.8215476563176],[77.97927146756695,12.827043232342856],[77.9803938738869,12.835056157865758],[77.96431827304426,12.832842674906129],[77.96535059271426,12.848182052994607],[77.95277618736957,12.850129306755164],[77.95233599671067,12.857116812105158],[77.9436485450065,12.857819621654492],[77.93999455865513,12.85314264603514],[77.94660957903254,12.838709183882319],[77.94067831672349,12.823344373955047],[77.9185671555741,12.830575519246365],[77.92281345059965,12.855564050429736],[77.94132498515046,12.86873965425632],[77.9416253952562,12.872734951819382],[77.9277228999342,12.874916341415929],[77.92714369857835,12.881519651053297],[77.93610443935152,12.883605947225588],[77.92932457811948,12.890915584437435],[77.92187403110304,12.884738540309838],[77.90875824796755,12.884839760269486],[77.90841204264696,12.878806070084972],[77.89491886288755,12.878573285131695],[77.89034388507932,12.869655142883198],[77.85094858180628,12.8661103863819],[77.83601344162419,12.870329680614597],[77.82307669272478,12.855841725583547],[77.81554531440077,12.855790278624308],[77.80791949529262,12.84767100572803],[77.7991065911641,12.851537276023622],[77.7924627779852,12.84270374895553],[77.79589704001131,12.834533323584838],[77.80988158295979,12.831531832581051],[77.80989520141951,12.815532223294285],[77.80216191056572,12.81700347267074],[77.79973384430279,12.805215452190403],[77.80853720832303,12.796725512112948],[77.79856268461575,12.795118147589964],[77.77884454106012,12.76800684920666],[77.79438908575457,12.757621572027444],[77.79274397761858,12.747863546097326],[77.76241598585415,12.735314227646157],[77.76119956814478,12.727372589745816],[77.77445125829793,12.724214398786438],[77.76955306934543,12.712524472973637],[77.76574521775557,12.713743182620226],[77.76392390238165,12.69963641162755],[77.73988454340747,12.69987737840537],[77.73518192487887,12.694021753580623],[77.74100627329601,12.68576639733746],[77.73992821680166,12.672989633173096],[77.72462241556364,12.671187648688274],[77.72276586826428,12.679649204793115],[77.7115904910582,12.683137577947509],[77.71101461167225,12.667119893402768],[77.70422821609485,12.661404435958522],[77.67865464420987,12.660388908848114],[77.67638432121255,12.679471564781624],[77.65991011182719,12.683839990584636],[77.59887312493852,12.667157641258607],[77.5961227727961,12.650280663614708],[77.60623212284773,12.628912464902315],[77.5910191139853,12.615243012177858],[77.59142292826506,12.592092953618874],[77.5793428343802,12.573085410994333],[77.58035001290034,12.5515896460158],[77.58639655241649,12.545719523409993],[77.58720216964812,12.514754731944398],[77.61241599680451,12.514942851914928],[77.61632649079709,12.509180366250897],[77.58368012335411,12.478795449263622],[77.60742358266359,12.475123835196385],[77.62608818564723,12.496308980182024],[77.63462541118813,12.487599319599573],[77.62717405838289,12.458451259942162],[77.62961629377278,12.418324498060581],[77.62333032897891,12.412263374581007],[77.61680736525686,12.368199513962876],[77.61302387238425,12.361121251587015],[77.60083620704071,12.358426382418157],[77.59154273837115,12.340138070174671],[77.5785749760349,12.335665802788698],[77.56600455921004,12.30624351879408],[77.55790546988102,12.305730774932387],[77.5513367531649,12.291206722959235],[77.53283654187825,12.291458383081592],[77.52722469892471,12.278769200677115],[77.5141871033549,12.275383105950015],[77.4999818200866,12.282567797035092],[77.48759795010864,12.280495233733923],[77.47905950285895,12.27127348997807],[77.47111820171122,12.243510490184175],[77.47849274676302,12.240059257611488],[77.48262450569152,12.229436091564683],[77.47203879970594,12.207893619091399],[77.49271122897777,12.197332071050731],[77.51868368339163,12.194479246704423],[77.54626205873382,12.204663181734244],[77.56531417516811,12.196311040856717],[77.57385925467958,12.200887014071778],[77.59673671739388,12.199268105432918],[77.60931190876444,12.20614404260167],[77.63762507816126,12.19668916669556],[77.66523921633328,12.198210221094199],[77.69863934755472,12.185132422736382],[77.73130873971672,12.180073610362935],[77.74671723725635,12.155849341880272],[77.7610271841367,12.169316656249114],[77.77244727140929,12.171961040402064],[77.77683590269494,12.157404204393],[77.79392411057702,12.147696889403957],[77.7947671408436,12.16878692956619],[77.80349858035228,12.17621570442036],[77.81451955243233,12.234208639203771],[77.83351436623299,12.246493009596676],[77.84525379740256,12.262178068411403],[77.85377900977318,12.261930471829269],[77.8616843172241,12.254477936582141],[77.86773169576672,12.265755273999655],[77.87500603015533,12.303247763864581],[77.8672134271366,12.330244467665777],[77.87924374537158,12.335853937395147],[77.92674818113855,12.325097479373555],[77.94853114369724,12.3365734356173],[77.94983069240128,12.348668173970903],[77.95461718303473,12.351301944330322],[77.94947888338994,12.375091117406038],[77.96783497166739,12.394295059639271],[77.97037066957606,12.41419946680443],[77.96309634506892,12.430283203302622],[77.94512905842625,12.449447498416115],[77.9304289965742,12.441757833212165],[77.9237996543562,12.456055138586233],[77.92593044832869,12.463729286168475],[77.93450925059588,12.469436288802084],[77.92223673308555,12.490699410672306],[77.90580458821167,12.489371839940542],[77.89993290127401,12.499651126982544],[77.90489690439745,12.501327505039594],[77.90036099791422,12.503343030736598],[77.90891803040883,12.51266206506606],[77.92147063633652,12.504158798100049],[77.94240764640897,12.513678027907446],[77.9535231715626,12.502231222242521],[77.9460336529342,12.49925072278601],[77.9588997493365,12.483898210671754],[77.96582760172336,12.486183156072943],[77.9683191330628,12.495276089739791],[77.98180288141005,12.499135886970025],[77.98581825011873,12.509777694286608],[77.99376788134411,12.50043284341757],[78.01184420819091,12.50276367358864],[78.012735804975,12.484482284895577],[78.02706912242581,12.459661120185016],[78.03819410234779,12.461531802620263],[78.04159803455497,12.473474204139904],[78.04911756230375,12.47563710218397],[78.05967644908651,12.46466155668126],[78.06839622666617,12.467362080223515],[78.07784409776679,12.463553888779803],[78.08014664333336,12.448856025914035],[78.09811114430035,12.445410191395471],[78.10833834163917,12.455255354350513],[78.1180518858918,12.45470007242156],[78.11462606533442,12.445258086379697],[78.12737453543505,12.441918394031022],[78.142481426313,12.427242416074986],[78.131702168418,12.412033503917938],[78.13458534456004,12.406379198992141],[78.12777518764503,12.402261635134762],[78.1348839104245,12.381949559382564],[78.14275953843675,12.370726618607684],[78.16672631623089,12.36288271008456],[78.16364451718962,12.350896524754502],[78.1735771380822,12.33715040827662],[78.19480083918934,12.332427590832712],[78.20079631666812,12.335793428588575],[78.20517539976066,12.329130051011916],[78.21597989941681,12.334089694068766],[78.22711015694108,12.348915528215826],[78.23623542415852,12.34788622939334],[78.23970068435018,12.334085792343831],[78.24733129058046,12.332790009244025],[78.2293925101767,12.317438675213381],[78.2355619374271,12.30714018161242],[78.23203904581841,12.302205854198316],[78.2581783236687,12.294546945763694],[78.26303444541475,12.289184057387592],[78.25959661168704,12.27874163531774],[78.26751769265603,12.263449884165004],[78.27705989135306,12.26022200535907],[78.28244775915346,12.268291937242441],[78.30219925805386,12.273952752849599],[78.31689607159785,12.26010322296574],[78.3342766766133,12.2635237462997],[78.35258364680763,12.247273637086776],[78.35879780207433,12.235201745223154],[78.35493866925815,12.226120964113925],[78.36980402741072,12.226659841116664],[78.37499217277397,12.221484773414241],[78.38444431177048,12.228440877032577],[78.40309597901407,12.223947371680014],[78.4016890627689,12.213312145360835],[78.39194744167209,12.204521589939631],[78.37911407538715,12.205497997036883],[78.3744139344121,12.195260465841585],[78.38267960732746,12.194984813651068],[78.3909359233908,12.186062394073135],[78.40863036024066,12.19651572679513],[78.42123710942715,12.189711806085828],[78.44640184185663,12.19106749390101],[78.44752151190822,12.185317950654765],[78.47189552207182,12.172791013072473],[78.46528088168178,12.146686195435361],[78.46929665912394,12.149107632322426],[78.49726897266768,12.139230471903089],[78.50203601926681,12.144429147397059],[78.50636404301689,12.142939606333897],[78.516515275222,12.177186666123756],[78.55464732172842,12.180481390573284],[78.57148289101323,12.193534391216149],[78.57535187834809,12.191993936604028],[78.58249198556861,12.16233555880967],[78.59663716884945,12.168100845867805],[78.61234360882274,12.182489160241447],[78.62106843223935,12.184216289313989],[78.6328807113886,12.17661857316821],[78.640673478799,12.197667433358212],[78.65000453298008,12.18817983422511],[78.65499958277806,12.196586437914942],[78.66967971640386,12.197497755603809],[78.68864720794514,12.2219424753893],[78.67998092863388,12.22267633314323],[78.66872505070029,12.23843888289699],[78.66538359542277,12.233331845585505],[78.65083998505894,12.240217055624207],[78.65247685474544,12.252740453578275],[78.64800567906497,12.258399657012708],[78.6351974179973,12.261225046158623],[78.64062525364129,12.267760581093738],[78.64150357512216,12.282151746976847],[78.62372156510848,12.264822698395951],[78.61675874040928,12.267556948387902],[78.60975512860291,12.261282879849366],[78.60362878724847,12.262764849033056],[78.6042015045646,12.27920812974458],[78.61309856017401,12.294147010181804],[78.6094523235886,12.309776346616],[78.59840162086591,12.313228382168708],[78.59276231641414,12.307374459137058],[78.58833036836546,12.312766007252891],[78.60458682343099,12.331760401318403],[78.61120667943958,12.330011830601144],[78.61724621209653,12.347273412830553],[78.58452037519194,12.360612323373823],[78.56751637179136,12.388997853034862],[78.5435163554334,12.397908719379718],[78.52568445837875,12.398571267246746],[78.51407473944461,12.407149618314032],[78.5085836839642,12.39875841340251],[78.49609598401072,12.412115757834691],[78.49007289411674,12.403083183639152],[78.49014899759096,12.386857042023252],[78.4647651310294,12.391855871011998],[78.4587809902895,12.384951378805159],[78.4358299025528,12.393820296357147],[78.4555701428678,12.428491561738273],[78.4479258121766,12.441307149374145],[78.45017679175092,12.449360849293749],[78.43510333976113,12.460844545248358],[78.41554161355774,12.48822409779282],[78.41985050319225,12.508171037711485],[78.41305260738257,12.517098522420048],[78.42131330902114,12.56752894207123],[78.40981718744457,12.587851184419012],[78.40733847326761,12.602310101226882],[78.41046425113025,12.612953774427561],[78.4067327527463,12.619977870972395],[78.41250001502375,12.626874298565953]]]}},{"type":"Feature","properties":{"id":"nagapattinam","district":"Nagapattinam","name":"Nagapattinam","state":"Tamil Nadu","rep_lat":10.5939,"rep_lon":79.7624,"elderly_pct":12.0,"outdoor_worker_pct":32.0},"geometry":{"type":"Polygon","coordinates":[[[79.74312023385923,10.925042976652259],[79.71572017859249,10.930865765257835],[79.7188059652553,10.925025447104264],[79.71440308579093,10.913708121747067],[79.70501708435887,10.919589945124912],[79.7063804287195,10.925815323593461],[79.70100358504426,10.91936439505218],[79.69061687026719,10.920296483405211],[79.68477749662858,10.928342446230502],[79.6807936300403,10.927976531133007],[79.67888918906154,10.91538393127451],[79.66856637234893,10.914321954778606],[79.66764575369294,10.901019625952555],[79.6525527381929,10.886148489758776],[79.65564360393029,10.875716466074888],[79.64622768680266,10.87435996236433],[79.65237804731116,10.867173521014388],[79.65095998027839,10.85635707829903],[79.6420339989168,10.857061591876029],[79.65218526885118,10.851963694810275],[79.65500158518326,10.843963407027816],[79.65447531076734,10.83608048641548],[79.64817903690722,10.835094792639941],[79.64827486019858,10.829277541785293],[79.65421887858463,10.829078974396545],[79.65283781495505,10.824581497903239],[79.63128422911932,10.822735550031426],[79.63127067713495,10.815422160304882],[79.64251809743016,10.815780361388358],[79.65717569861367,10.805760318873588],[79.65896414642799,10.817422023159347],[79.68655686786529,10.816142395881657],[79.68605152239884,10.829725068779794],[79.69819127609668,10.830727544184866],[79.70358070157577,10.824389905765171],[79.70996014056654,10.829175786735169],[79.7276321967894,10.82919545006949],[79.7277551536939,10.812145948652834],[79.72364815413131,10.80762670658464],[79.73157674681269,10.8100207746893],[79.7318852067217,10.802164927049857],[79.70368153836472,10.783397851611518],[79.7003821188526,10.7674832041874],[79.69490014803465,10.762846180562416],[79.69824052443548,10.745485474234357],[79.68127835288274,10.72874979564828],[79.68931770424541,10.722632450371423],[79.68715443078554,10.715883959826037],[79.67784368122484,10.716495702615777],[79.66889303392222,10.708111589993841],[79.66429079943167,10.713070924124777],[79.65525439985032,10.712936163398734],[79.65217302571217,10.702327118160875],[79.67229171008668,10.693225760032956],[79.67782465400882,10.680409768569001],[79.66670156773546,10.65039743566218],[79.65417177542271,10.657250059211536],[79.6494182107394,10.642839404757508],[79.66998540057907,10.632906386356712],[79.67362624996773,10.624425703387915],[79.67266096438085,10.616402176565463],[79.65555773127736,10.613497305674942],[79.65899307307845,10.60396360597261],[79.66737271794884,10.602638325613993],[79.66925770411346,10.585153262721397],[79.68716738359362,10.583550449410959],[79.67974594109408,10.572662094997668],[79.66885904975669,10.57552036043478],[79.65961057141149,10.55922082216836],[79.67574679326447,10.561632918228943],[79.67828608173933,10.55578769060184],[79.68715806357254,10.55670842823673],[79.68815309058184,10.55136970897589],[79.69975624372955,10.549039483574482],[79.71034797741069,10.553684152165488],[79.71501262055895,10.541726387742145],[79.72673302361419,10.536131423758798],[79.70058873406292,10.511999163855064],[79.70032708177011,10.50605046009119],[79.68835477224458,10.510359418192614],[79.69943694564667,10.483392780727259],[79.67723454441045,10.480684484919546],[79.69020012204393,10.449898442166235],[79.6718179951997,10.447310939423195],[79.66356045742758,10.440264488001601],[79.65885270143384,10.446665866753685],[79.63083056283286,10.445541360212614],[79.63325088112644,10.415729190834396],[79.62741992200712,10.396173707408053],[79.63713639476758,10.378675119377279],[79.63880221985066,10.342263003321946],[79.66961602860557,10.323148499328344],[79.70513427407926,10.29279672692064],[79.72093113397743,10.288001078418235],[79.71835954208498,10.281609813263874],[79.70877760820801,10.280905179409721],[79.71180447167637,10.279355781976177],[79.77782859600198,10.272487128390935],[79.77349982844687,10.290951837012189],[79.76789084483086,10.288630892690898],[79.7487327837869,10.300720204632402],[79.75121936271415,10.314743647709436],[79.76288793657075,10.313021399860295],[79.76071283319689,10.30704000323121],[79.77939230599348,10.292228501313739],[79.78338512698853,10.29605859403195],[79.78746129098074,10.281291479948448],[79.7797182471179,10.272555565579362],[79.79969133794103,10.273930962093724],[79.80185821723845,10.27850177919573],[79.80213320502166,10.274162202216147],[79.8139271872852,10.275615935100198],[79.81005915665612,10.284506841169287],[79.81468331273454,10.282894058436423],[79.8133172806146,10.288743293639394],[79.81919827140369,10.27926952866458],[79.81675702236397,10.275838023788669],[79.85836536037372,10.281923930989008],[79.87613001313946,10.29506575579344],[79.88159829722576,10.321722935933872],[79.86782279404053,10.380140327081625],[79.86330640435517,10.466697163344614],[79.85850132039198,10.472288555341384],[79.86263916360988,10.4730076003733],[79.85805042271322,10.56778784971361],[79.85278651164228,10.575675548721737],[79.85718578437078,10.57385978698571],[79.85333623029047,10.676480180230861],[79.84101759956168,10.676297438217116],[79.85329734401846,10.679417215286664],[79.84912238241301,10.824804102962101],[79.85249660643545,10.827209230614534],[79.83106982139536,10.827382741267636],[79.82808938825076,10.849671515965262],[79.82108157502378,10.845559195113694],[79.8079377105525,10.855616265069111],[79.80749139068843,10.86544360237807],[79.81170421897802,10.859654770931218],[79.82490708659383,10.864828273818983],[79.82240910894392,10.874240882437233],[79.81111022416609,10.875571599661681],[79.81130162371211,10.880337670721001],[79.82858331972322,10.883781766596016],[79.80433321688172,10.891057347851417],[79.79469093328564,10.887538137602265],[79.7903566644477,10.894876899190773],[79.7899634754411,10.890340693440185],[79.78365845199016,10.88847549770262],[79.78256006841751,10.895325189709549],[79.79386354807804,10.898693135059055],[79.79136380613691,10.904836496649144],[79.79540706304361,10.902736634936765],[79.78932710979215,10.908440804236047],[79.77742187836722,10.908949427252091],[79.77700166713853,10.89656436088848],[79.75629047286726,10.891756112646462],[79.76357167397789,10.899738319089725],[79.75703007919688,10.896474624703403],[79.76242658609536,10.914382034936148],[79.74337733888005,10.914832280699388],[79.74312023385923,10.925042976652259]],[[79.7398373927557,10.920052761013771],[79.73903141709627,10.9211854517983],[79.73954433356393,10.92143669092889],[79.7398373927557,10.920052761013771]],[[79.810033199836,10.878367462958096],[79.80605408623384,10.879641190427202],[79.8097628976653,10.88042413275496],[79.810033199836,10.878367462958096]]]}},{"type":"Feature","properties":{"id":"mayiladuthurai","district":"Mayiladuthurai","name":"Mayiladuthurai","state":"Tamil Nadu","rep_lat":11.196,"rep_lon":79.6986,"elderly_pct":12.0,"outdoor_worker_pct":32.0},"geometry":{"type":"Polygon","coordinates":[[[79.74813215311995,10.996463143665896],[79.74680132238272,11.002575421867748],[79.75583830137744,11.00378694262319],[79.76668768176349,10.997334650759434],[79.78607589657315,10.997372555732753],[79.78640984438171,10.989606532252223],[79.79778699757361,10.982494939344605],[79.80406974011056,10.986968803828848],[79.80496659742897,10.998447841562193],[79.81317436134786,10.999149669623776],[79.81549604641988,11.003867635190828],[79.82068154893958,10.998160560091753],[79.83327549084507,11.002759721281823],[79.84013105310609,11.001595680674463],[79.8394415997188,10.995841726199531],[79.85126416008644,10.99428644709924],[79.85381644718348,10.983221369593906],[79.8566228506064,11.171354516074565],[79.83429467175571,11.321735405832568],[79.84259907733117,11.350742487303878],[79.83218634195356,11.356481459375907],[79.81287900157062,11.422687561024162],[79.80336671677257,11.381100938034379],[79.79156839744286,11.37242792494704],[79.76439462510126,11.381973881216712],[79.756922153802,11.372894318382656],[79.75930840887833,11.352622555288722],[79.7245088946837,11.345844264419979],[79.68380902381911,11.31199371833932],[79.65028238734776,11.299277931436075],[79.64241826316106,11.283638525776139],[79.64912149720104,11.261850979713204],[79.64695560784705,11.249260421239176],[79.63361685387487,11.246309105044102],[79.61636655398296,11.255531832396883],[79.60259214404743,11.221392374411764],[79.56194192756017,11.208281538115399],[79.52672008660436,11.183726530769125],[79.53076451940579,11.17782455292657],[79.53783191159734,11.180629386610287],[79.53952691396084,11.162567196641906],[79.55690826367969,11.16289300401958],[79.55778934119179,11.154399758418412],[79.56562139013299,11.154989226433523],[79.56641003998553,11.149171891888965],[79.57278210111288,11.14804316975024],[79.5613012185568,11.131808593638565],[79.55098925169621,11.130178703778343],[79.55014681880927,11.11466509280545],[79.54360124089828,11.116557206116642],[79.54525462341637,11.112842070178187],[79.53804706709104,11.109544660911158],[79.53606290332577,11.10286314776195],[79.54152986778689,11.095307032884367],[79.54165512976843,11.104659409688352],[79.54707401459898,11.104701673898786],[79.54105717877597,11.084729562900032],[79.54977063491103,11.085175055253742],[79.5525688492918,11.077816874170951],[79.53667757286398,11.070426203624406],[79.53109918676488,11.056949574710794],[79.51092500716709,11.042084143724974],[79.5117774904054,11.027466033583266],[79.53012118822012,11.026812817573848],[79.53219824676891,11.014012175907919],[79.52461148281607,11.016233538777355],[79.52312720276034,11.008842405830498],[79.54216051835404,11.008419231097841],[79.54122859799344,11.003745013941925],[79.54690209142663,11.002928497339674],[79.52296948374928,10.997154177694215],[79.52539583512828,10.989505827667353],[79.50859189372801,10.983971557973415],[79.51452542877469,10.980931123083975],[79.51590542071413,10.969801528749041],[79.53018990844102,10.969136772252364],[79.5272786868958,10.959655959434778],[79.53267541028828,10.96100012356333],[79.53245871238721,10.96849093023815],[79.54496428971318,10.965551062053953],[79.56380716516162,10.976476922131694],[79.5747533066802,10.97059708256286],[79.5782422698189,10.98276735729105],[79.59073873912618,10.982895193773857],[79.59116891895955,10.976579754729686],[79.60401728710971,10.971770422440898],[79.60836721268474,10.976223480888118],[79.60423693956973,10.982181697021092],[79.63273346769249,10.98092461313655],[79.6306391075913,10.986706752384617],[79.6353648236025,10.99188271760329],[79.63147219081276,10.992429961836581],[79.63558019559018,10.995191882675265],[79.63391570989518,11.00029137924029],[79.6408962323038,11.000412927000463],[79.6409911042793,11.007989516426436],[79.67100838585495,11.017258215979242],[79.7003067142677,11.015422879090966],[79.71103352761807,11.006410925136176],[79.71612187194988,11.008778174895971],[79.72111209330325,10.999089042311429],[79.73176390181898,10.994804010775544],[79.74813215311995,10.996463143665896]]]}},{"type":"Feature","properties":{"id":"kanchipuram","district":"Kanchipuram","name":"Kanchipuram","state":"Tamil Nadu","rep_lat":12.7928,"rep_lon":79.7722,"elderly_pct":12.0,"outdoor_worker_pct":32.0},"geometry":{"type":"MultiPolygon","coordinates":[[[[80.07983575090745,13.01622131934256],[80.07105454203705,13.03741632687095],[80.06234304333104,13.034517109928215],[80.06038138236363,13.027285227388292],[80.05244062379836,13.022772377056855],[80.04201163340568,13.029697542395537],[80.04272067276113,13.019040577322034],[80.02245582440507,13.023900525143564],[80.02378087538177,13.040352348368287],[79.99455511018272,13.046744876413156],[79.98845882555939,13.03142151584083],[79.98191332759846,13.031699850235931],[79.97420872893483,13.038911520761554],[79.9782288443415,13.040076030423581],[79.97887324003078,13.049160185379865],[79.99085546875367,13.051573427368144],[79.98653789241033,13.056176159990255],[79.9698699999615,13.049009782335553],[79.96882875822412,13.037476087121407],[79.9556266353117,13.03776947530415],[79.9489642243115,13.032677804603903],[79.9181954507967,13.034979962204845],[79.91779165897479,13.047639342328397],[79.90067997631773,13.049462611910158],[79.89709225509162,13.031782259757506],[79.90041004155802,13.016984813907772],[79.91101116712542,13.014629157178675],[79.92004150757018,13.019500046032396],[79.92005914239752,13.014279950217482],[79.94183653360479,13.008571968847237],[79.94225646096582,13.00133974139018],[79.92859086036742,12.990053835349773],[79.90841501259813,13.00420276960204],[79.90017793395658,12.995792864437341],[79.88923629299755,12.993714398776836],[79.91404399540727,12.978924262801652],[79.910221947741,12.965926296593294],[79.90352602239413,12.966433168989193],[79.89615216455351,12.959030557218743],[79.89042356576586,12.945051577396631],[79.85257322644098,12.948385670434881],[79.84818526080694,12.95643459116768],[79.83235570672396,12.958226398984609],[79.83185690458605,12.963880419020873],[79.82124900661972,12.962016091405328],[79.8199891948922,12.98792676075107],[79.81296473139146,12.990306825612603],[79.83049893484578,12.996991742401006],[79.82452285379063,13.011357951862157],[79.82655187942117,13.030363088576655],[79.80105232422403,13.014948429608515],[79.79666913313574,13.027665214968303],[79.76866195328085,13.017028958834233],[79.74758886820578,13.002901828432895],[79.73409904994217,12.98679000029084],[79.70103290156356,12.976301931417359],[79.6752905245586,12.95643025859075],[79.65888470211921,12.950584079888271],[79.66308009860073,12.930435126200644],[79.63539683955923,12.923702821990686],[79.589844973809,12.90285502300367],[79.56827476914053,12.899569444709785],[79.56413660432577,12.885977887401875],[79.55701003741147,12.884900230567759],[79.55667969903372,12.880362480583765],[79.56713781909613,12.859448261379429],[79.5562641437732,12.852281762581445],[79.57681002826925,12.84421920325334],[79.59636512760082,12.828887298213532],[79.60796734200906,12.829412938316956],[79.63832425413575,12.814756586376037],[79.64292000099334,12.802580378010962],[79.63533466805671,12.78638657779725],[79.65019504055941,12.782489988330092],[79.64619267765943,12.772488133673265],[79.65453130635224,12.764166846747118],[79.65946790007975,12.767461216322276],[79.65732736657299,12.774692873293382],[79.67043807602376,12.777746635431862],[79.67054543817497,12.787649225176398],[79.67745355457505,12.790197178663737],[79.69694829161108,12.77625433542803],[79.70749395339622,12.777833448578791],[79.70934844355361,12.758701088924758],[79.7311133517717,12.755981941788786],[79.74482945655369,12.743864161195557],[79.74148274074189,12.73462734370333],[79.71316514175238,12.728305476785744],[79.71453114332962,12.724255395205041],[79.73646257315023,12.719289492174372],[79.73565031736865,12.703371441123133],[79.74377542909485,12.702871012057193],[79.74114304371552,12.694126435421552],[79.68249007958973,12.667984129376357],[79.64643529465134,12.670243936612943],[79.63031574642835,12.631017749231578],[79.6454431260813,12.625200474574068],[79.64567209227418,12.60308081139242],[79.6585476775808,12.60092845202231],[79.6658082704405,12.593397623278648],[79.69082447991251,12.601126562711016],[79.69730200684747,12.594467423776289],[79.72461482941192,12.587390424262233],[79.72492929455859,12.578974617397286],[79.71577786301015,12.581151599385302],[79.70565148000242,12.56945299936564],[79.71921871777216,12.564594744874029],[79.71463110426117,12.549590594635298],[79.74392632540133,12.531894122123088],[79.75495906541164,12.543140260304439],[79.75367549144823,12.56174295027151],[79.76303184488263,12.55650433168804],[79.76369263841912,12.550222165656768],[79.77685961744098,12.551895405612202],[79.78012748812029,12.56048419032924],[79.79276189643441,12.560619734630844],[79.79590190361114,12.568195859781632],[79.8192857295831,12.565494962790034],[79.82061690796837,12.578900852667076],[79.81127621755924,12.595544797096219],[79.81527695810185,12.606112971955794],[79.8052841626617,12.629066051655553],[79.82052424944176,12.620613537892886],[79.84066717036262,12.623889655377997],[79.8478225543329,12.631483803428889],[79.87049831831644,12.626550138403198],[79.87364149924107,12.631020265001046],[79.8919034539582,12.632019028780098],[79.89695737933991,12.641632250097325],[79.92449714059964,12.632580714011704],[79.92855277000272,12.63792686783799],[79.91705023535337,12.696242090264104],[79.93224609358039,12.69531758959014],[79.9311012096154,12.702382110995547],[79.95275098256016,12.699398707233962],[79.95198517956022,12.710047293172925],[79.94133694005112,12.730230469567363],[79.92658819040898,12.745776637883203],[79.88249165830109,12.767012841435358],[79.8910277339984,12.773337286611673],[79.87687380921155,12.780022764061462],[79.90126788234868,12.784463417318424],[79.91027381017729,12.799874907864197],[79.9251817610507,12.794736587772896],[79.92667365343017,12.798385893136516],[79.9393428993093,12.783413004160282],[79.94026113922641,12.79059206879787],[79.95599718856978,12.790771312929255],[79.9637318098285,12.809388936199746],[79.95834783981813,12.81080233141093],[79.9568433476685,12.825269591392642],[79.96778333033751,12.814044615852739],[79.99207158373078,12.809614612905397],[80.00610213479484,12.812956011987486],[80.00937180569798,12.80942618635109],[80.01212620295419,12.816996191044046],[80.03037386457682,12.822630291361234],[80.04016389408767,12.839667394040392],[80.0506422882277,12.83904610566535],[80.06134423531273,12.863679701612902],[80.05194683785297,12.882027278922369],[80.06015203438676,12.900090425432087],[80.07029357826157,12.917483934587361],[80.08399992644128,12.926107476845141],[80.09117371779001,12.9467918155901],[80.10353659413981,12.949378278227307],[80.10416667517504,12.954946182406273],[80.08449382108279,12.961607570354483],[80.08567195169645,12.969462851800321],[80.08050505508292,12.972991610437221],[80.07254710725465,12.969704005751824],[80.06496402010627,12.958305571014572],[80.06275663756932,12.961728816051869],[80.06189608835807,12.95786433131493],[80.0540527323224,12.958341041147344],[80.04762201929182,12.96474763707617],[80.05290507435981,12.982786611040092],[80.0634642099759,12.984566445148316],[80.05848493728924,13.008880675934067],[80.07983575090745,13.01622131934256]]],[[[80.26782690457577,12.97508883812183],[80.25301716830901,12.976666720057407],[80.24335129944514,12.983918243644409],[80.24365558667962,12.979895192134622],[80.22121343856887,12.965084027582694],[80.20415541857191,12.98304860118707],[80.21081602216181,13.008898443715301],[80.19874193890448,13.016136243930687],[80.20000328764944,13.028656803235453],[80.18857535269451,13.023040047110111],[80.14401305758655,13.023577055371218],[80.14484222415332,13.017001024946557],[80.15819048499617,13.01542232718756],[80.16516851637653,13.004240873019528],[80.16068089703474,12.997980950878215],[80.1689655549453,12.980186568585589],[80.17998913483464,12.979091230892621],[80.18602427472985,12.968207039600989],[80.19588023878592,12.96853739565955],[80.19576857639947,12.959927057884936],[80.200953226418,12.958499097090161],[80.19875488722097,12.94621632768832],[80.18793825222365,12.937853394959072],[80.199224718691,12.933359447337113],[80.19882753038476,12.91110441784873],[80.2173793274266,12.91055921104406],[80.21648221319003,12.890209378093704],[80.20893025985276,12.872847486781895],[80.2200163014004,12.852507716977726],[80.23287195758249,12.852210076679572],[80.23638212725011,12.858344575056098],[80.24935015279274,12.85717258608351],[80.26782690457577,12.97508883812183]]]]}},{"type":"Feature","properties":{"id":"thanjavur","district":"Thanjavur","name":"Thanjavur","state":"Tamil Nadu","rep_lat":10.6596,"rep_lon":79.1986,"elderly_pct":12.0,"outdoor_worker_pct":32.0},"geometry":{"type":"MultiPolygon","coordinates":[[[[79.51887573703202,10.946570400870197],[79.51452542877469,10.980931123083975],[79.50856018140183,10.982990547714843],[79.51206696262425,10.988204157099657],[79.52539583512828,10.989505827667353],[79.52296948374928,10.997154177694215],[79.54728598915823,11.000731951383983],[79.54122859799344,11.003745013941925],[79.54216051835404,11.008419231097841],[79.52312720276034,11.008842405830498],[79.52461148281607,11.016233538777355],[79.53219824676891,11.014012175907919],[79.53012118822012,11.026812817573848],[79.5117774904054,11.027466033583266],[79.51092500716709,11.042084143724974],[79.53109918676488,11.056949574710794],[79.53667757286398,11.070426203624406],[79.5525688492918,11.077816874170951],[79.54977063491103,11.085175055253742],[79.54105717877597,11.084729562900032],[79.54707401459898,11.104701673898786],[79.54165512976843,11.104659409688352],[79.54152986778689,11.095307032884367],[79.53606290332577,11.10286314776195],[79.53804706709104,11.109544660911158],[79.54525462341637,11.112842070178187],[79.54360124089828,11.116557206116642],[79.55014681880927,11.11466509280545],[79.55098925169621,11.130178703778343],[79.5613012185568,11.131808593638565],[79.57278210111288,11.14804316975024],[79.56641003998553,11.149171891888965],[79.56562139013299,11.154989226433523],[79.55778934119179,11.154399758418412],[79.55690826367969,11.16289300401958],[79.53952691396084,11.162567196641906],[79.53783191159734,11.180629386610287],[79.53076451940579,11.17782455292657],[79.52672008660436,11.183726530769125],[79.49961743657875,11.175516116635848],[79.45866232020596,11.150554685663923],[79.43111472923023,11.12145930170598],[79.42274461638331,11.097516929406163],[79.39891680257374,11.066939818906185],[79.35803005338394,11.049247083921363],[79.31182548342636,11.017602659071994],[79.30881404582806,11.02087008425832],[79.29101745256406,11.014419377319985],[79.27332497314323,10.997079287424263],[79.26888968066673,10.986446109905959],[79.21299637702636,10.94125954526302],[79.2049457113827,10.940216747605861],[79.2029035065686,10.949008165179068],[79.17862600960255,10.93968704742865],[79.14128598163097,10.940319417289762],[79.10991678496006,10.924954595049229],[79.08520268161305,10.927022549372134],[79.07473846558315,10.920651761659617],[79.06324960778399,10.898079427662799],[79.04995684126615,10.888262671004046],[79.03253233917602,10.886567192049739],[78.99914659537217,10.894845449714778],[78.96628365758893,10.887187337262894],[78.96019091502276,10.89464203630801],[78.93971427087217,10.88768122155913],[78.9406271694066,10.87846418258107],[78.92337047979807,10.866108486872545],[78.84915180577141,10.841812794978818],[78.77648050856773,10.833099311921618],[78.77576934559495,10.826992141869255],[78.78698971043043,10.828754214983293],[78.79705523617093,10.823852636615324],[78.86877411974747,10.825581875579614],[78.86046217101858,10.80318613958006],[78.86564352242334,10.80015728208375],[78.86715941239729,10.784948307638071],[78.8802741849281,10.788533686842785],[78.88096460220773,10.777454386945417],[78.87454226596718,10.7730135798636],[78.87326814228057,10.761595724659603],[78.86842506137751,10.760710788104403],[78.86517751687812,10.720835163811072],[78.8822178140128,10.69527645639772],[78.89376747518033,10.694200414422154],[78.89388140760946,10.685232040816489],[78.90574115822987,10.680548306921276],[78.90819467286649,10.67174247167022],[78.91851236738535,10.670755034048812],[78.92669545458337,10.68009139732867],[78.93981723307508,10.682611624809919],[78.94873694778921,10.675359227930906],[78.93963368300803,10.678660874341508],[78.93757184731002,10.67508112771675],[78.95480907940951,10.668184091809096],[78.9639265896745,10.651461078741438],[78.97119579108957,10.662249186704054],[78.96968684239779,10.675363137709196],[78.98705494555948,10.679154895414522],[78.98329937232589,10.696554930032262],[78.99136954578422,10.705579338614784],[78.99350995083194,10.721679997390465],[79.00350153713971,10.722274618660865],[79.00978247406297,10.719461757970887],[79.00708008387184,10.711826120433766],[79.01049574538172,10.707877330394581],[79.0292394486194,10.704030182092458],[79.02113855637155,10.698900955218479],[79.02065081159648,10.683722490608568],[79.01665820529875,10.6801227315628],[79.04604162123688,10.681007301768112],[79.06297441787984,10.673844291428647],[79.06894167298735,10.67738072843765],[79.06551650999673,10.649111410288395],[79.06998712602679,10.640723509043587],[79.10079852819507,10.629629689973957],[79.1043000093573,10.615206892694502],[79.1192479424474,10.63483526003702],[79.12759108158123,10.636183232964177],[79.14340174678875,10.608387420616332],[79.14279230005558,10.586377349895672],[79.17740012903995,10.58693045866601],[79.1788039595721,10.571280434015694],[79.19078251418549,10.57818575383833],[79.1901034534077,10.565533114793075],[79.1872351093493,10.566442224824982],[79.19056792732533,10.559475610592521],[79.17882264632665,10.550545069741318],[79.18343988088581,10.547976751913932],[79.18463432759995,10.537742222686443],[79.17774229104346,10.538254071067227],[79.16788001901745,10.530127483608199],[79.15165291101394,10.532497549306902],[79.14914451470337,10.523642072936969],[79.15488062430511,10.521788346651762],[79.14046150516826,10.512300501757021],[79.13916958675418,10.498200630110059],[79.1305221478094,10.499004541051194],[79.128801391645,10.495391647404313],[79.12932741812592,10.491682456079639],[79.13289348186888,10.494328523339725],[79.12985760021334,10.487855677684044],[79.14734156808035,10.48585785117722],[79.15184262981204,10.475796771429303],[79.16006625258892,10.473470791632952],[79.17088739802732,10.481679559435442],[79.17235208941999,10.47434829477227],[79.17679818144278,10.477622686935101],[79.17803735437661,10.472282625399426],[79.19027654708485,10.471111984798721],[79.19470406104926,10.46592818885461],[79.19068598841157,10.459614406387535],[79.17321691910355,10.458703479112545],[79.17279328259875,10.45327185809927],[79.16653767996313,10.455417104415657],[79.17220660636139,10.449084160606564],[79.17681914003668,10.451873886838769],[79.17605592867633,10.448021544701577],[79.1666268700944,10.450249774634033],[79.15786160901528,10.446163917563123],[79.15638918672128,10.45242718729685],[79.15117130083391,10.44716276106765],[79.14042275544017,10.449495766883793],[79.1435283562432,10.44567052532652],[79.13746378843759,10.439948708170077],[79.12547511789583,10.435881399905703],[79.15269362364363,10.400748315109736],[79.14417972285906,10.382936721380409],[79.14873104712754,10.373178319407788],[79.14566493806102,10.364992458022275],[79.15095364892203,10.363417171638803],[79.15296304277038,10.350144600240082],[79.1208263488769,10.337437363221087],[79.11442384923448,10.32819973888875],[79.12532070917656,10.32814967565928],[79.13493300341521,10.319028128822419],[79.1328912971661,10.309124074771754],[79.12162740087025,10.305717798058017],[79.12638115509813,10.301216153436783],[79.11864954139895,10.288779580057097],[79.12786495455518,10.281852378350202],[79.13258303129321,10.265050430289016],[79.12913786461782,10.253606753110141],[79.11759440092749,10.253420253331598],[79.11598577427348,10.233878075816234],[79.13363427487297,10.23040772440071],[79.1366558167216,10.236428980605869],[79.14423195540127,10.236343279601536],[79.15055584257487,10.216209659038789],[79.18131943011552,10.216217237311747],[79.18240398681932,10.207420608903584],[79.18930278140172,10.20112761869014],[79.1825064360842,10.193290100713227],[79.17374636457247,10.203407272316534],[79.16085365018999,10.195126617737131],[79.15257130274632,10.196781173564366],[79.15044390979556,10.185303974226192],[79.16018629625698,10.184585184197857],[79.1614771834051,10.179883993602608],[79.15111335141324,10.166585153593857],[79.153503716282,10.158385234925621],[79.19634905869249,10.160893366007036],[79.1965945952091,10.156856399030408],[79.20296916982261,10.15839211160763],[79.20920832071212,10.147274542242974],[79.21043378894798,10.139742923638234],[79.20651386174664,10.13678731992735],[79.22604915142952,10.137108638212057],[79.2274855961964,10.151396169999519],[79.23914644543989,10.16080858637545],[79.23610661658701,10.171595586399732],[79.24153667286639,10.184870407246398],[79.25177903107227,10.194671560241805],[79.26507697368277,10.197432960084043],[79.27869263423959,10.215454663407705],[79.27726854130789,10.223293751855614],[79.2669885320135,10.228908127917439],[79.27007105240193,10.235827616227228],[79.29846141133619,10.263298499867586],[79.32925702471506,10.28436137707897],[79.36033617604197,10.29122709610621],[79.37321694642444,10.307944394702098],[79.38806650410945,10.317518823593861],[79.4987557698633,10.314827804673882],[79.4987556189463,10.348887597329433],[79.50253347219558,10.34914843942113],[79.50481838742638,10.366326969564518],[79.49225267867196,10.369819906224416],[79.48565414238003,10.380558105422622],[79.47549711424467,10.372040181998786],[79.46755297891225,10.373100154981175],[79.4700030053906,10.383112254873259],[79.46102772179127,10.38840346860622],[79.46143513202712,10.39260289225711],[79.47717918535967,10.393520772279453],[79.47601223068648,10.4001299743175],[79.4737994923938,10.406527009279582],[79.46158933682881,10.406616130942691],[79.46514890665054,10.415967990982198],[79.45111022044328,10.42965912662647],[79.45467316703218,10.434029589384277],[79.4730497782206,10.435322287768],[79.47610461522692,10.449727964970203],[79.46965037981063,10.46176311589964],[79.47931024343684,10.46345096979499],[79.483091071008,10.489604844363653],[79.47654702831782,10.493408497748804],[79.45538454470231,10.48858172740593],[79.45356753315689,10.492261743574035],[79.46089046191081,10.503056678046836],[79.46907638778512,10.505174629643681],[79.46915568027862,10.511353984758049],[79.4577504906667,10.513757187006403],[79.45684297573574,10.519674638933287],[79.44075072641596,10.522647896603164],[79.43756368255261,10.530685665051916],[79.42315204907706,10.535361954304118],[79.42849834284607,10.545685775914041],[79.45205823142723,10.551047145348026],[79.45250784002357,10.559513754436553],[79.42591896076344,10.557864012299211],[79.42070519185502,10.549108743230901],[79.40504513728978,10.55210728856416],[79.39854008597449,10.558910816569421],[79.40159722176963,10.572539580357866],[79.39664969913838,10.580174794271846],[79.36111357808886,10.578732324290375],[79.35185685141272,10.583075633232864],[79.34673824643221,10.595646293416944],[79.34855092630133,10.606838921824366],[79.35375529613695,10.606717450385611],[79.35421638969417,10.610790347154701],[79.34812831657085,10.626940984577391],[79.3542738360583,10.631706093958245],[79.35742113755511,10.645864085723321],[79.34976649959435,10.648304366314099],[79.34289672868047,10.658402100434872],[79.31789851336192,10.660784624258529],[79.32006435420688,10.68487405460975],[79.30694570005573,10.710234779689143],[79.30838744488278,10.720898614696932],[79.30161291515194,10.739538791695706],[79.31200617235923,10.746837153252692],[79.3130544236508,10.740382349760079],[79.32039182426392,10.737251316331278],[79.34148736542446,10.739492361764706],[79.34908428483159,10.743326462241516],[79.34502933275822,10.745703758563131],[79.35013949357504,10.750161396634157],[79.36113206541741,10.75224245497438],[79.36141917057546,10.76505308414226],[79.34540482764865,10.766222344285149],[79.34511502395146,10.780755146599754],[79.35127217302856,10.791129962418507],[79.34851934243424,10.795672590586106],[79.370158729956,10.79628445570339],[79.37662344242342,10.803987263403798],[79.36978328087964,10.809171857155828],[79.35830718364907,10.806571991792193],[79.34353820933664,10.812686464711467],[79.32636513042317,10.810373942989262],[79.32584714476236,10.817411971400322],[79.30607920399727,10.823876270799458],[79.2984810529999,10.83572201138321],[79.28940065213929,10.832957499684849],[79.29479803309853,10.842759092335935],[79.29532226564382,10.864176402666832],[79.29021417634208,10.864089028124496],[79.288647857643,10.871547034296183],[79.27359701624893,10.872938840994305],[79.27536746541819,10.884018684644706],[79.26789760102992,10.888075202261732],[79.27235312087161,10.897813520389152],[79.26823860330839,10.905333758302188],[79.29570875142178,10.903503008956536],[79.29531865621303,10.908081941584603],[79.28667458505225,10.90716626672662],[79.28688155060549,10.917892950302177],[79.2753855152672,10.92307389935585],[79.29185641256412,10.938018720382754],[79.30937345729816,10.928011001568477],[79.32798120860245,10.925013416156963],[79.33225864103237,10.920570713856272],[79.32658277155528,10.918558207228397],[79.3288792669684,10.916330118617857],[79.34814960035489,10.910705132146612],[79.37018672325688,10.894515143567986],[79.40506436033853,10.89309970572091],[79.45616154160899,10.863750492113299],[79.46627742331106,10.864715245597754],[79.46476491818912,10.869037051222904],[79.47198687630507,10.872276080154599],[79.47778409110906,10.867261338403162],[79.48574196797038,10.869170849202284],[79.48395263441721,10.879043748932734],[79.48827346895008,10.889375656775757],[79.50777692772921,10.898773349056707],[79.50676921830473,10.904134610837275],[79.49267457244514,10.905723952635443],[79.4935292610475,10.91644573285483],[79.48430072619992,10.920924011588387],[79.49874031434882,10.93184435431927],[79.50122803323818,10.941654807010709],[79.51435843016672,10.941876412662474],[79.51887573703202,10.946570400870197]]],[[[79.15169684491951,10.451834125430784],[79.15269598711112,10.45291820833928],[79.15163276988694,10.452266018202508],[79.15169684491951,10.451834125430784]]],[[[79.16328041569237,10.45444590615913],[79.16269735337744,10.455700886826943],[79.1625450727671,10.454532391280138],[79.16328041569237,10.45444590615913]]],[[[79.16032446433421,10.454928114730807],[79.1594709183889,10.456712810148828],[79.15888100103001,10.45543526535289],[79.16032446433421,10.454928114730807]]],[[[79.16788193961551,10.462348446887749],[79.16818825973752,10.464154908403565],[79.16679482361154,10.462969786816082],[79.16788193961551,10.462348446887749]]],[[[79.17425800902566,10.463538562811625],[79.17324212133886,10.465012510786401],[79.17321220384662,10.463543521206198],[79.17425800902566,10.463538562811625]]],[[[79.17088342388048,10.464571773742513],[79.17171362171327,10.4653001200243],[79.1709100670135,10.465367138792535],[79.17088342388048,10.464571773742513]]],[[[79.15217315414104,10.464426436606413],[79.15385666974704,10.465691901395386],[79.15195206078332,10.466020561969355],[79.15217315414104,10.464426436606413]]],[[[79.15538562931005,10.466302559112487],[79.15683643634168,10.466729652731436],[79.15630510081745,10.46719728875337],[79.15538562931005,10.466302559112487]]],[[[79.17483331618477,10.466521426081806],[79.17421703776388,10.467956370833205],[79.17382609095223,10.467038673192492],[79.17483331618477,10.466521426081806]]],[[[79.17893961775641,10.466850791587387],[79.17975223196581,10.468119202220457],[79.17806151636282,10.468030969175029],[79.17893961775641,10.466850791587387]]],[[[79.15658469875467,10.46902980680609],[79.15829852262003,10.469667692806961],[79.15702680641837,10.470209416935093],[79.15658469875467,10.46902980680609]]],[[[79.17492570611509,10.468771297206091],[79.17682165442116,10.469906965639614],[79.17554907943011,10.470605782025839],[79.17492570611509,10.468771297206091]]],[[[79.15886614828511,10.47194657338183],[79.15835522697569,10.47340826114481],[79.1576972712172,10.472959716619597],[79.15886614828511,10.47194657338183]]],[[[79.13654477507102,10.506093858852996],[79.13843929325914,10.506156037383857],[79.1380715687959,10.507648964026462],[79.13654477507102,10.506093858852996]]],[[[79.13498234697545,10.50616038299998],[79.13612283728037,10.508067941826779],[79.1345592862907,10.508311850293657],[79.13498234697545,10.50616038299998]]],[[[79.13381528809767,10.50853539439087],[79.13398508855099,10.510056939894797],[79.13319459355885,10.5095199419917],[79.13381528809767,10.50853539439087]]],[[[79.14493385404852,10.515824858154474],[79.14457272142285,10.518392356729878],[79.14369621992874,10.515946962588318],[79.14493385404852,10.515824858154474]]],[[[79.14874369540675,10.523898109627245],[79.14818362097994,10.524791112925499],[79.14783485995231,10.52402473110524],[79.14874369540675,10.523898109627245]]],[[[79.14654718787462,10.526140347634371],[79.14480712421981,10.526212758391091],[79.14569303197324,10.525213708010222],[79.14654718787462,10.526140347634371]]],[[[79.14859353302384,10.528409481953522],[79.14861655504795,10.529932856574753],[79.1476913019834,10.529095452597986],[79.14859353302384,10.528409481953522]]],[[[79.17131315275958,10.541796803325553],[79.16960053712829,10.542524803356192],[79.16960042843213,10.541950713054323],[79.17131315275958,10.541796803325553]]],[[[79.18423071544113,10.565653521655767],[79.18476097298706,10.567348577839983],[79.18309380132935,10.56754775732401],[79.18423071544113,10.565653521655767]]]]}},{"type":"Feature","properties":{"id":"pudukkottai","district":"Pudukkottai","name":"Pudukkottai","state":"Tamil Nadu","rep_lat":10.2945,"rep_lon":78.8193,"elderly_pct":12.0,"outdoor_worker_pct":32.0},"geometry":{"type":"MultiPolygon","coordinates":[[[[78.87345849888253,10.705590330626764],[78.87210205717658,10.688129739750407],[78.8647792299323,10.688071426559484],[78.86274573518318,10.692499824277455],[78.8204057759684,10.694576384594326],[78.81265109532939,10.672418922698954],[78.79971004978796,10.679861627852977],[78.80202795744424,10.6716096152811],[78.79066211224513,10.649776002077632],[78.76532304556507,10.655092572962658],[78.75864064704979,10.653388406617822],[78.75776737320251,10.644040197189893],[78.74882793238304,10.641987152111497],[78.74411774644649,10.643380466283444],[78.73580575998837,10.671653570591415],[78.73809926041834,10.682813530974954],[78.74655586934901,10.686820102758434],[78.74282015337478,10.707416093600054],[78.73593915621478,10.714727827576393],[78.70988282879783,10.72206284270793],[78.70911768156803,10.733070038978775],[78.68918804135687,10.73463833863807],[78.69254259227458,10.708148546605319],[78.69763097523398,10.702287619576701],[78.6931471575625,10.69132372042113],[78.6821224413043,10.686574779283847],[78.6829471270745,10.671060813381573],[78.6657679521935,10.671456374583038],[78.6651994794171,10.654780849397769],[78.6524999369567,10.65861065439167],[78.65640829655213,10.67195446461202],[78.65131313670224,10.68140234509103],[78.65847221544325,10.704677093707732],[78.63518929992208,10.7073587188696],[78.62606628657765,10.702539975967271],[78.62131382233058,10.675797465301123],[78.61604860690582,10.681592320816081],[78.60918403364417,10.681099162623381],[78.59305370473946,10.659024657015788],[78.57946172018026,10.664058319653977],[78.57492445724095,10.659812904865955],[78.56556037110859,10.660638264029245],[78.56844885359901,10.681278790053598],[78.55084722888766,10.68638267222059],[78.54441077023256,10.675233750415533],[78.5338805648602,10.676541502342388],[78.53011186993524,10.67131024989337],[78.52307739560896,10.674096920406493],[78.51782783332803,10.66983235159819],[78.51980880268414,10.65172003416723],[78.52911082421355,10.644784502559277],[78.52701870271407,10.629084606281612],[78.48249628561818,10.638414034577451],[78.46916355844323,10.627763510320543],[78.46689911491946,10.61850642633568],[78.45895255413572,10.616813319253017],[78.45954522932252,10.611447503151751],[78.44562640442528,10.607377747008009],[78.45314522430162,10.598213365632784],[78.45241279640946,10.592124590339692],[78.45964500070956,10.590147504853935],[78.458404634813,10.581260752415524],[78.46613429198146,10.578338640436513],[78.46386290717547,10.54083364459362],[78.48616888506224,10.538842692739092],[78.4913130192648,10.526785108092426],[78.48814063590693,10.520367230152768],[78.49795659259351,10.50666703990896],[78.49268828965913,10.48882997502243],[78.49606685434101,10.485063286885616],[78.51930577397282,10.482836806932703],[78.52735531223081,10.486275822378213],[78.54047248955163,10.502902477748366],[78.53942358787981,10.512584858252067],[78.53284094188693,10.513934451934878],[78.53648546897837,10.530606778947774],[78.54078865520913,10.530404638954467],[78.54999309903744,10.514084039784667],[78.56457863467392,10.512026207736838],[78.56939155733627,10.519576265364424],[78.58183416904899,10.521892948797571],[78.57076846895261,10.489063774234328],[78.58940524662036,10.474474195418397],[78.5832774284356,10.451782195923565],[78.58507200815006,10.440922888298777],[78.57104616874966,10.445616749308206],[78.56509482460248,10.442972924598601],[78.5614223239731,10.431683903729907],[78.56458542503914,10.42704860161298],[78.55330801628482,10.42660081973459],[78.55230830635794,10.433674955642092],[78.52490832026149,10.437018662214998],[78.51907432573482,10.43137375083288],[78.51654657432313,10.407845007838889],[78.5271225299946,10.40282983691133],[78.53028288221587,10.390529116704037],[78.52485788434987,10.378223345705887],[78.51390372177408,10.371526312598508],[78.50556692384782,10.375896815441216],[78.49697993882671,10.358649542300824],[78.49774459108478,10.352112717771929],[78.50945367267245,10.346962185919288],[78.52141175108726,10.326279377758347],[78.51536905815715,10.309096469743508],[78.51891253825384,10.300219941916685],[78.51267416620371,10.28574380118453],[78.51702535930157,10.279958532715057],[78.51149636976332,10.270030307044962],[78.51454938857951,10.267646807135929],[78.4923358024197,10.26320650539238],[78.47257018559628,10.269866631890112],[78.45292942830913,10.267168316276122],[78.44775373090077,10.245423785100996],[78.46455688358023,10.24040225512739],[78.4832594664358,10.254496373575488],[78.4857915450322,10.251448785372903],[78.47928904942391,10.24061067086251],[78.48774382399476,10.234405969270922],[78.47273409220301,10.219863589201907],[78.4695125530328,10.204250734574764],[78.487816246173,10.19052113028912],[78.5159859707886,10.190343847821286],[78.51452050504818,10.216678129816293],[78.51894699313654,10.23664231673282],[78.52759317264331,10.238545352689936],[78.52997566827018,10.25043090536898],[78.53845408560099,10.257660621924689],[78.54060460298386,10.25306028139904],[78.55346539842763,10.249485664946912],[78.55509167607866,10.254832560790028],[78.57062855005888,10.256770112245336],[78.57683850659997,10.266254618607308],[78.56945396240074,10.281069121086745],[78.57792778395057,10.287234916402394],[78.61157173141486,10.270367496035552],[78.63622403156862,10.269232144023201],[78.65167476340132,10.254283584263925],[78.64138063079403,10.241039464261341],[78.65061144107422,10.236593078803523],[78.64724815673533,10.225812047008933],[78.65202055190365,10.219647489712884],[78.67323092291029,10.204699372157677],[78.66421314630311,10.178954568251196],[78.67037629343136,10.176015510160521],[78.66804290241288,10.154286928962232],[78.67759436004553,10.147218022737706],[78.69133431509832,10.147751349401036],[78.70851539710264,10.175602104138248],[78.72664354955486,10.169815210685448],[78.72769952815449,10.161353137724516],[78.737319691635,10.158562602342737],[78.74709773133176,10.16430028692562],[78.767187512412,10.163433963629664],[78.7701976097239,10.167209616095882],[78.76480176668043,10.174250632405032],[78.76528769057045,10.192992732729344],[78.76888588615277,10.199060494049222],[78.80989741403047,10.212999849906984],[78.82323465973128,10.19810305192597],[78.81361754782776,10.166615943573227],[78.82954833665339,10.15452208223072],[78.83305025260017,10.139238821676805],[78.84838475411323,10.137468760636516],[78.84789325707521,10.12606799390469],[78.86227340998994,10.126444417931543],[78.88186814658512,10.154530960039773],[78.88681853663874,10.148093747213165],[78.8965321716212,10.147252678815523],[78.90176566663496,10.151795524745014],[78.90006407423054,10.15667323537119],[78.91352281527689,10.144611567564837],[78.91022795561318,10.135909890567282],[78.91348928835384,10.127763654802333],[78.92810121739171,10.120791374210176],[78.92864779642802,10.114290790970692],[78.9445599434148,10.112430276135298],[78.94786605088422,10.105567511331833],[78.95009408119799,10.114246440567689],[78.95860687256314,10.114099942697496],[78.9666761153669,10.127632378680307],[78.98697500987222,10.089365049336209],[78.97336985421431,10.081810752230549],[78.9601215641845,10.095271676614624],[78.93422507400605,10.0719056349346],[78.94440393569438,10.059436308266097],[78.94195350407584,10.053840344255915],[78.93805883211039,10.057480046697687],[78.93119715681385,10.04717430501833],[78.92463367458093,10.047044100833356],[78.9236160064332,10.042727118673485],[78.93203949537767,10.0373872393081],[78.93022652625106,10.021764543641693],[78.95167751819311,10.008009345578923],[78.96485746978598,10.007491029279947],[78.97478637075491,9.999635512587297],[78.97395863430604,9.991458158118405],[78.99383419234384,9.995927475381723],[79.00311206356514,9.987206703892536],[79.00998342359875,9.989862868594157],[79.01392222620085,9.980936237261963],[79.00288739940416,9.978780335404236],[78.99660059288887,9.96717014474027],[79.00229129085633,9.96415615357499],[79.00330674555521,9.956213955254896],[78.98798225307105,9.950226708170417],[79.00604974768198,9.914255260283745],[79.03112773429609,9.893207045334423],[79.04298072239902,9.861168626563558],[79.05988897257686,9.8584784638361],[79.06947259618488,9.849990763213608],[79.09010748935256,9.857376141384425],[79.11545773287138,9.84907412257167],[79.11018307435636,9.85784373158866],[79.12083183129509,9.855308247421068],[79.12220376444813,9.860299015565516],[79.11295449828044,9.860230776774966],[79.11677898307612,9.862771551019675],[79.11582535762162,9.879547364173433],[79.12162869444427,9.880081041575865],[79.1185829879145,9.889578647334128],[79.1143842254456,9.889239395120374],[79.11126567363114,9.892837580860062],[79.11844617180179,9.890654536930654],[79.12403564670477,9.883561959355918],[79.12984806190167,9.895835420146238],[79.12550312736636,9.903705660397868],[79.13145739283486,9.89706954872672],[79.13343602028301,9.90372835262562],[79.13510353419883,9.900369278783815],[79.13967748882594,9.904424458050604],[79.13668218586845,9.909636716233146],[79.13990545070234,9.904677606317856],[79.14701344404979,9.911435637205715],[79.1388708008025,9.920861248842096],[79.14370822591252,9.918704823865424],[79.1452722808571,9.924228900428968],[79.14491645098651,9.918713824949062],[79.15050625107962,9.919635778123887],[79.15519861893253,9.931520060804736],[79.19846306494892,9.973288847058123],[79.21487697312423,10.000051351798264],[79.21658195038064,9.997546550590762],[79.24440856167689,10.027216165948312],[79.26611175743159,10.039233636168422],[79.2556821480997,10.045154551810038],[79.2505290307443,10.042118400866796],[79.25508952411687,10.045430496893752],[79.24558561790548,10.056893112138624],[79.23928665808268,10.057799261223508],[79.24525751902773,10.057883218906039],[79.23821226761298,10.064720548919539],[79.24665554734146,10.064726833228619],[79.2504920381209,10.067573495038342],[79.24806709889349,10.070874266230598],[79.23945009397221,10.070131243347438],[79.23709750415946,10.073988008201814],[79.2368371355592,10.072803708247315],[79.2341132226322,10.07059400099361],[79.23669132641218,10.073337177010423],[79.23203637428918,10.081751337031228],[79.23146620639181,10.081909726830292],[79.22938449187491,10.076309379975163],[79.22720326558407,10.073502742202093],[79.23029870644122,10.08294980028018],[79.22323213980145,10.0812204400082],[79.2274982139329,10.084415276040543],[79.23143914644051,10.082981104186755],[79.22597868129046,10.099288327697108],[79.22893201405955,10.105367597409867],[79.22312908417372,10.105310515130535],[79.21906989384881,10.10926712042782],[79.21948147316591,10.113055235976129],[79.2231247102766,10.106006681233023],[79.22935233128943,10.107465004426437],[79.22717043126214,10.11911961913588],[79.23339121879057,10.127105487329343],[79.22604915142952,10.137108638212057],[79.20651386174664,10.13678731992735],[79.21043378894798,10.139742923638234],[79.20920832071212,10.147274542242974],[79.20296916982261,10.15839211160763],[79.1965945952091,10.156856399030408],[79.19634905869249,10.160893366007036],[79.15143227040708,10.15955598680438],[79.15111335141324,10.166585153593857],[79.1614771834051,10.179883993602608],[79.16018629625698,10.184585184197857],[79.15044390979556,10.185303974226192],[79.15019356639382,10.193906218651101],[79.17374636457247,10.203407272316534],[79.1825064360842,10.193290100713227],[79.18930731879219,10.200996530073771],[79.18240398681932,10.207420608903584],[79.18312177756223,10.214612352747706],[79.15055584257487,10.216209659038789],[79.14423195540127,10.236343279601536],[79.1366558167216,10.236428980605869],[79.13363427487297,10.23040772440071],[79.11598577427348,10.233878075816234],[79.11759440092749,10.253420253331598],[79.12913786461782,10.253606753110141],[79.13258303129321,10.265050430289016],[79.12786495455518,10.281852378350202],[79.11864954139895,10.288779580057097],[79.12638115509813,10.301216153436783],[79.12162740087025,10.305717798058017],[79.1328912971661,10.309124074771754],[79.13493300341521,10.319028128822419],[79.12532070917656,10.32814967565928],[79.11442384923448,10.32819973888875],[79.1208263488769,10.337437363221087],[79.15296304277038,10.350144600240082],[79.15095364892203,10.363417171638803],[79.14566493806102,10.364992458022275],[79.14873104712754,10.373178319407788],[79.14417972285906,10.382936721380409],[79.15269362364363,10.400748315109736],[79.13162722742418,10.424420736578421],[79.12580440704129,10.437936733917578],[79.13746378843759,10.439948708170077],[79.1435283562432,10.44567052532652],[79.14042275544017,10.449495766883793],[79.15117130083391,10.44716276106765],[79.15638918672128,10.45242718729685],[79.15786160901528,10.446163917563123],[79.1666268700944,10.450249774634033],[79.17605592867633,10.448021544701577],[79.17681914003668,10.451873886838769],[79.17220660636139,10.449084160606564],[79.16653767996313,10.455417104415657],[79.17279328259875,10.45327185809927],[79.17321691910355,10.458703479112545],[79.19068598841157,10.459614406387535],[79.19470406104926,10.46592818885461],[79.19027654708485,10.471111984798721],[79.17803735437661,10.472282625399426],[79.17679818144278,10.477622686935101],[79.17235208941999,10.47434829477227],[79.17088739802732,10.481679559435442],[79.16006625258892,10.473470791632952],[79.15184262981204,10.475796771429303],[79.14734156808035,10.48585785117722],[79.12985760021334,10.487855677684044],[79.13289348186888,10.494328523339725],[79.12932741812592,10.491682456079639],[79.128801391645,10.495391647404313],[79.1305221478094,10.499004541051194],[79.13916958675418,10.498200630110059],[79.14046150516826,10.512300501757021],[79.15488062430511,10.521788346651762],[79.14914451470337,10.523642072936969],[79.15165291101394,10.532497549306902],[79.16788001901745,10.530127483608199],[79.17774229104346,10.538254071067227],[79.18463432759995,10.537742222686443],[79.18343988088581,10.547976751913932],[79.17882264632665,10.550545069741318],[79.19056792732533,10.559475610592521],[79.1872351093493,10.566442224824982],[79.1901034534077,10.565533114793075],[79.19078251418549,10.57818575383833],[79.1788039595721,10.571280434015694],[79.17740012903995,10.58693045866601],[79.14279230005558,10.586377349895672],[79.14340174678875,10.608387420616332],[79.12759108158123,10.636183232964177],[79.1192479424474,10.63483526003702],[79.1043000093573,10.615206892694502],[79.10079852819507,10.629629689973957],[79.06998712602679,10.640723509043587],[79.06551650999673,10.649111410288395],[79.06894167298735,10.67738072843765],[79.06297441787984,10.673844291428647],[79.04604162123688,10.681007301768112],[79.01665820529875,10.6801227315628],[79.02065081159648,10.683722490608568],[79.02113855637155,10.698900955218479],[79.0292394486194,10.704030182092458],[79.01049574538172,10.707877330394581],[79.00708008387184,10.711826120433766],[79.00978247406297,10.719461757970887],[79.00350153713971,10.722274618660865],[78.99350995083194,10.721679997390465],[78.99136954578422,10.705579338614784],[78.98329937232589,10.696554930032262],[78.98705494555948,10.679154895414522],[78.96968684239779,10.675363137709196],[78.97119579108957,10.662249186704054],[78.96373921278432,10.651415923387473],[78.95480907940951,10.668184091809096],[78.93757184731002,10.67508112771675],[78.93963368300803,10.678660874341508],[78.94866377192449,10.675119665858064],[78.94468423611417,10.680653386249483],[78.93346006960842,10.683602679348608],[78.91851236738535,10.670755034048812],[78.90819467286649,10.67174247167022],[78.90574115822987,10.680548306921276],[78.89388140760946,10.685232040816489],[78.89376747518033,10.694200414422154],[78.8822178140128,10.69527645639772],[78.87345849888253,10.705590330626764]],[[79.18476097298706,10.567348577839983],[79.18423071544113,10.565653521655767],[79.18309380132935,10.56754775732401],[79.18476097298706,10.567348577839983]],[[79.16960053712829,10.542524803356192],[79.17131315275958,10.541796803325553],[79.16960042843213,10.541950713054323],[79.16960053712829,10.542524803356192]],[[79.14861655504795,10.529932856574753],[79.14859353302384,10.528409481953522],[79.1476913019834,10.529095452597986],[79.14861655504795,10.529932856574753]],[[79.14480712421981,10.526212758391091],[79.14654718787462,10.526140347634371],[79.14569303197324,10.525213708010222],[79.14480712421981,10.526212758391091]],[[79.14818362097994,10.524791112925499],[79.14874369540675,10.523898109627245],[79.14783485995231,10.52402473110524],[79.14818362097994,10.524791112925499]],[[79.14457272142285,10.518392356729878],[79.14493385404852,10.515824858154474],[79.14369621992874,10.515946962588318],[79.14457272142285,10.518392356729878]],[[79.13398508855099,10.510056939894797],[79.13381528809767,10.50853539439087],[79.13319459355885,10.5095199419917],[79.13398508855099,10.510056939894797]],[[79.13612283728037,10.508067941826779],[79.13498234697545,10.50616038299998],[79.1345592862907,10.508311850293657],[79.13612283728037,10.508067941826779]],[[79.13843929325914,10.506156037383857],[79.13654477507102,10.506093858852996],[79.1380715687959,10.507648964026462],[79.13843929325914,10.506156037383857]],[[79.15835522697569,10.47340826114481],[79.15886614828511,10.47194657338183],[79.1576972712172,10.472959716619597],[79.15835522697569,10.47340826114481]],[[79.17682165442116,10.469906965639614],[79.17492570611509,10.468771297206091],[79.17554907943011,10.470605782025839],[79.17682165442116,10.469906965639614]],[[79.17975223196581,10.468119202220457],[79.17893961775641,10.466850791587387],[79.17806151636282,10.468030969175029],[79.17975223196581,10.468119202220457]],[[79.17421703776388,10.467956370833205],[79.17483331618477,10.466521426081806],[79.17382609095223,10.467038673192492],[79.17421703776388,10.467956370833205]],[[79.15683643634168,10.466729652731436],[79.15538562931005,10.466302559112487],[79.15630510081745,10.46719728875337],[79.15683643634168,10.466729652731436]],[[79.15385666974704,10.465691901395386],[79.15217315414104,10.464426436606413],[79.15195206078332,10.466020561969355],[79.15385666974704,10.465691901395386]],[[79.17171362171327,10.4653001200243],[79.17088342388048,10.464571773742513],[79.1709100670135,10.465367138792535],[79.17171362171327,10.4653001200243]],[[79.17324212133886,10.465012510786401],[79.17425800902566,10.463538562811625],[79.17321220384662,10.463543521206198],[79.17324212133886,10.465012510786401]],[[79.16818825973752,10.464154908403565],[79.16788193961551,10.462348446887749],[79.16679482361154,10.462969786816082],[79.16818825973752,10.464154908403565]],[[79.15829852262003,10.469667692806961],[79.15658469875467,10.46902980680609],[79.15702680641837,10.470209416935093],[79.15829852262003,10.469667692806961]],[[79.1594709183889,10.456712810148828],[79.16032446433421,10.454928114730807],[79.15888100103001,10.45543526535289],[79.1594709183889,10.456712810148828]],[[79.16269735337744,10.455700886826943],[79.16328041569237,10.45444590615913],[79.1625450727671,10.454532391280138],[79.16269735337744,10.455700886826943]],[[79.15269598711112,10.45291820833928],[79.15169684491951,10.451834125430784],[79.15163276988694,10.452266018202508],[79.15269598711112,10.45291820833928]]],[[[78.57452162571808,10.70904945893726],[78.5577990096988,10.702744799397198],[78.558266525312,10.696854989058068],[78.56976811134042,10.68461197514188],[78.57495534760861,10.684870581910179],[78.5799529468254,10.699991741846008],[78.57452162571808,10.70904945893726]]]]}},{"type":"Feature","properties":{"id":"kasaragod","district":"Kasaragod","name":"Kasaragod","state":"Kerala","rep_lat":12.4446,"rep_lon":75.1858,"elderly_pct":13.6,"outdoor_worker_pct":28.0},"geometry":{"type":"Polygon","coordinates":[[[74.9896164419431,12.795546750164178],[74.99211828324702,12.788282713801513],[74.98195596762793,12.77970413700399],[74.96688750218627,12.776405693807485],[74.95821464900379,12.784742624254887],[74.93295086563612,12.780618371764968],[74.88233751697767,12.754125232948109],[74.86924563891019,12.76058382024897],[74.86765619847402,12.751435167220304],[74.88527268491342,12.709511873261398],[74.88674104322907,12.712577286355296],[74.8983267124664,12.714293012936603],[74.89146155889307,12.712375522160466],[74.8984207732632,12.698884598545202],[74.90608962706331,12.694546465496325],[74.89691283787106,12.69719310234158],[74.88803827517805,12.707539734660537],[74.92811325816808,12.611812738158404],[74.94239370617112,12.637407545884177],[74.94997810845308,12.636347789578906],[74.94173290005824,12.6323570668814],[74.93212463566198,12.61339718911731],[74.93952841997798,12.595653869474662],[74.94182623321964,12.607525625048039],[74.946454523345,12.608809535965461],[74.95409022841284,12.60521920585212],[74.94783281207869,12.606076052292604],[74.9402657706379,12.595363107885804],[74.94199478770966,12.586549037826767],[74.9385192894187,12.591406302737223],[74.95463874870849,12.549321663675768],[74.95377363605559,12.558387725523431],[74.95988482732274,12.566311112118992],[74.96702520583449,12.567423419272519],[74.97447286836054,12.571423814010922],[74.97573458002486,12.57110316185945],[74.95528708261195,12.558642084744983],[74.95745505246416,12.548103316100866],[74.96067102657118,12.54217783560127],[74.96249610678447,12.536848327493065],[74.96385472870166,12.529501056826991],[74.95625416752434,12.545672406754237],[74.97405111741949,12.501097499304361],[75.0149878443801,12.418121888664423],[75.02196174979835,12.413718069581693],[75.03165759544326,12.391839597236569],[75.04181337671697,12.388598953989524],[75.1166001974316,12.20961867213827],[75.12691596955577,12.20244800480465],[75.16545523316026,12.089501492605299],[75.17657823409365,12.101928883443719],[75.18779276976126,12.09543816719237],[75.19353132457722,12.102577956148751],[75.19388228198567,12.118035918108863],[75.18811471158604,12.12903552568215],[75.19628277086767,12.13998050695793],[75.17350581166733,12.189571101049784],[75.20300641193599,12.190681714789704],[75.23260637665483,12.22133995973579],[75.25215603758562,12.218456544019443],[75.28913902565593,12.233322725783006],[75.29151634069856,12.242642906618883],[75.28730205444323,12.26041112447374],[75.2987078881472,12.269522906828255],[75.31930368843038,12.27423820209564],[75.33020704229364,12.26598787051032],[75.34526800680268,12.266968780969371],[75.3658038499305,12.2778972503636],[75.36987334572832,12.285202523204651],[75.38787010070558,12.287266660893108],[75.3896300880951,12.296134717971242],[75.39272838649315,12.28970128800677],[75.39793374986546,12.293532296834739],[75.41370669930573,12.292355545740893],[75.43197392264203,12.308578763135214],[75.42029262504775,12.319065581279041],[75.41041427856804,12.347276621105015],[75.4196458344499,12.35702825015659],[75.42172933391929,12.373224184032663],[75.41349328744202,12.380107015742775],[75.39921503042994,12.380987096786114],[75.39232526840772,12.389908126791907],[75.37925357189143,12.392363381893803],[75.3659340239,12.411971500260323],[75.37149658617537,12.43779576088043],[75.36618924156043,12.458272545938394],[75.38629885115392,12.458363335800932],[75.39341247693821,12.45144856404121],[75.4133247742745,12.458641716387293],[75.41572628364266,12.466039541245689],[75.42487825867182,12.468993861202138],[75.42483321175358,12.47433569289585],[75.41580101089791,12.50047910447263],[75.38193968011801,12.502070385708311],[75.3677722527541,12.491786299166384],[75.3722002356391,12.47696466706387],[75.3601070811483,12.465040665678943],[75.33633549289236,12.464166704620604],[75.34072112021173,12.470405693672499],[75.33527870491065,12.478291599768504],[75.33217424496804,12.499614234138427],[75.31454051985835,12.497534151886683],[75.31384214889522,12.502011342447751],[75.30421340111384,12.50334649054211],[75.30304949352607,12.522664028339973],[75.2801073045006,12.524187522237156],[75.26974062754424,12.5496147528115],[75.2720706669484,12.570245133326317],[75.2838569245988,12.570844796682078],[75.28971861508398,12.583884593009861],[75.31457185938365,12.573813935468262],[75.32560530996133,12.582668212702236],[75.32722176183978,12.592256495549739],[75.31133572438671,12.59099417052599],[75.30106520309835,12.606683012493402],[75.29074625542968,12.603222410280432],[75.28876526181904,12.61167229680155],[75.28087988708597,12.617709737246688],[75.26634618424137,12.615928608601438],[75.26129649621285,12.597683220236622],[75.2494790203097,12.583627581222078],[75.23878157917419,12.579954068515944],[75.23752371858745,12.568403723711379],[75.22033850702778,12.5682010521295],[75.20868042729033,12.592344172413657],[75.20033539271122,12.58900660472276],[75.20917664228024,12.60150564724788],[75.19845091678965,12.613340211336096],[75.20174170528851,12.628988241894003],[75.18220671654122,12.631673996936648],[75.17028631346946,12.621491142602048],[75.16110704133374,12.620990286350057],[75.13770764126966,12.644704309987917],[75.1500049918077,12.651323899593129],[75.160465422337,12.671618003330332],[75.15013192555398,12.67388168896392],[75.15247030940881,12.6822604542289],[75.13305894860754,12.674571149026107],[75.12491688746856,12.680470519287676],[75.11172880791898,12.680842061214745],[75.11542379248161,12.68279760631002],[75.1106613416635,12.683083659450638],[75.10545347917807,12.698077648049482],[75.08521607255729,12.705296719354994],[75.08015689382782,12.700330965298594],[75.08504799237775,12.69460079608095],[75.0852622980652,12.673885064962747],[75.07321219263945,12.670859246734048],[75.06925072194949,12.663929404162424],[75.0598508433429,12.67086244836175],[75.05757054724931,12.665089382871148],[75.05382822236953,12.669272202026287],[75.04662690304718,12.666750663703596],[75.03971183189019,12.686616261331958],[75.04313648014613,12.693899384151347],[75.05266104132085,12.690987169091374],[75.05479703384387,12.694718917476317],[75.04943983901889,12.705648606891005],[75.05350790200382,12.708392601736266],[75.05029927252255,12.719452718635994],[75.03388985592368,12.722615156502481],[75.0265396201818,12.718361539587455],[75.01882630426665,12.72023833071747],[75.01529849887336,12.713380017033655],[75.0010462211393,12.715473472179102],[75.00017790239913,12.7208202919032],[75.01124135491067,12.727968955745501],[74.99235573223115,12.738734248822709],[74.98645660535477,12.732996713270287],[74.98248703365756,12.738453936151398],[74.98372340025448,12.745216320457166],[74.98660392726474,12.743698784512373],[75.00947547816618,12.76758454726832],[75.00341517017165,12.778049193495967],[75.00511788636854,12.790384350225555],[74.99925535865349,12.790810829475394],[75.0024569785806,12.788407685027478],[74.99832946419181,12.786015616253358],[74.9896164419431,12.795546750164178]]]}},{"type":"Feature","properties":{"id":"wayanad","district":"Wayanad","name":"Wayanad","state":"Kerala","rep_lat":11.7142,"rep_lon":76.1258,"elderly_pct":13.6,"outdoor_worker_pct":28.0},"geometry":{"type":"Polygon","coordinates":[[[76.11246038157375,11.977682783123539],[76.08967278632046,11.96746063502054],[76.07008891395037,11.967154352501955],[76.03351942489694,11.940250898663045],[76.01325742869189,11.941838788843626],[76.00319106302659,11.931470339847428],[75.93740305278855,11.94218459832767],[75.93651067896174,11.934324505513818],[75.92563956653228,11.931598078504809],[75.924609833112,11.920322079739659],[75.93910108786446,11.90257086257435],[75.93616171311824,11.890012698176784],[75.93023537088204,11.881700356770963],[75.91112978672206,11.874126548106506],[75.93108552029727,11.857610537404982],[75.92528412383564,11.8480000964903],[75.9265545374801,11.846395573808534],[75.92703198846037,11.842352417459558],[75.92125512049753,11.846774425591262],[75.89140028846124,11.842226529822065],[75.87167686999827,11.848499295559476],[75.8544579132249,11.847244987621444],[75.84378956223323,11.855414423546817],[75.8283031996231,11.850495902481448],[75.81909670134776,11.858235309977628],[75.80882729846192,11.855864086431618],[75.80449617642245,11.846965496232594],[75.79010922236269,11.840961167916058],[75.79850810465487,11.818857288164857],[75.77250042640044,11.801857434065875],[75.79388557003553,11.789619270410135],[75.78721211335056,11.774474275621905],[75.78810559929173,11.764362797076178],[75.78322027062084,11.759841565142393],[75.79967826361867,11.752092389109132],[75.79234078215718,11.742532980382654],[75.81025156027692,11.742030664084965],[75.83224574101341,11.719222697167293],[75.84574681786248,11.713355803562031],[75.84543515186624,11.705892569174534],[75.85033216761894,11.702211695221811],[75.87529436678281,11.703556487852381],[75.88235494525293,11.698100780517384],[75.90014426485804,11.698484259620468],[75.91525241158074,11.689756520978419],[75.9000010527405,11.675396371627535],[75.90517476846534,11.661252313806235],[75.89690804631775,11.641951075640034],[75.89781728152246,11.62225958434703],[75.90908044658964,11.599791592061784],[75.9514535329772,11.580980099218484],[75.957451364042,11.57445031433939],[75.95759453843033,11.559901635901333],[75.97291229714307,11.545442868455938],[76.01785745153022,11.513743123870253],[76.03218310455499,11.510361032362766],[76.03677371215083,11.50222540408842],[76.04506604347054,11.506160606241155],[76.052021406763,11.502998308583173],[76.07764854608669,11.521272783532776],[76.0903498115158,11.509245740663262],[76.092752397964,11.492785821619707],[76.08683467596128,11.486628001404899],[76.12309775955278,11.47290196260221],[76.14279520772087,11.450858325725346],[76.16439181297723,11.457682596919614],[76.16926625676182,11.465135858171895],[76.18580508196555,11.472754502148414],[76.18154168391534,11.483476493071064],[76.19924302701308,11.505587021605407],[76.22399168765078,11.508454454235933],[76.23390686865037,11.527701788217033],[76.25023547100963,11.527031072934557],[76.25148013085325,11.536925642701922],[76.24479388665021,11.541644356369874],[76.24420901243336,11.553307360057865],[76.23381472036684,11.570656020262719],[76.2649083740957,11.59397143662103],[76.27428340889476,11.593758082072144],[76.2789878321388,11.600891232321787],[76.28607589097176,11.590277170241382],[76.29598738169217,11.59022639170879],[76.30236480486347,11.571306998869511],[76.31590518031129,11.576675556714571],[76.32119352645628,11.58627262413921],[76.33585751825471,11.595816958281443],[76.34123165979754,11.587324630035093],[76.35455837903989,11.589391723591929],[76.37796194010035,11.601989999727678],[76.38807684174046,11.629747244125733],[76.40659822182677,11.634338572812139],[76.43189672058861,11.630994659135087],[76.44403746602653,11.64727319720974],[76.428015809915,11.670197153758524],[76.41591436038085,11.67289289362799],[76.40842310441073,11.689793970856371],[76.4123586335519,11.69509995739054],[76.40886533244868,11.706468141751508],[76.40344433747556,11.707838160707611],[76.40851313267018,11.715132911018424],[76.41398894463855,11.711331027489564],[76.42742528170176,11.726055115521799],[76.41814888192087,11.742681032678988],[76.41046113924526,11.742162132487946],[76.41495817562617,11.755580762682634],[76.41401386480285,11.760177694578404],[76.39862294190344,11.750886112337902],[76.39127464472593,11.754845998372708],[76.37697648643706,11.744622649029639],[76.36280253191428,11.748446066599346],[76.35248714696401,11.738356724048282],[76.3397217759596,11.739082952551996],[76.31839476230654,11.751364450865628],[76.30773300584734,11.784874950772577],[76.28834352171819,11.795159865244377],[76.28019269122541,11.812430347351105],[76.24556581795702,11.803005058824832],[76.22370610603542,11.808283397996988],[76.20974188028373,11.827476509193875],[76.2129186716747,11.842068718506498],[76.20746179439588,11.861614459776476],[76.19037489086763,11.87129129272529],[76.1560162868824,11.870216358620976],[76.11999716056927,11.850388543581065],[76.11280161382096,11.858546685152254],[76.11246038157375,11.977682783123539]]]}},{"type":"Feature","properties":{"id":"kozhikode","district":"Kozhikode","name":"Kozhikode","state":"Kerala","rep_lat":11.4655,"rep_lon":75.8923,"elderly_pct":12.6,"outdoor_worker_pct":21.0},"geometry":{"type":"Polygon","coordinates":[[[75.77690817383534,11.801122107615072],[75.75638800810586,11.80478043476989],[75.74592173852723,11.798284024197532],[75.75758729853602,11.788600963198165],[75.75305361089153,11.783490572766132],[75.73753428460206,11.786519328409769],[75.73791850482884,11.78092127028815],[75.72899518248053,11.779614948735574],[75.71637440610087,11.796406377308633],[75.69137183215656,11.798818857566609],[75.6828034808894,11.774181254957536],[75.66869746146001,11.769878782159736],[75.66575082383471,11.758013099128117],[75.65454530994751,11.755520565340442],[75.6356060048449,11.735651882196684],[75.62650688668707,11.736996515535408],[75.60716399547677,11.71778672638674],[75.60648921247636,11.721843699166214],[75.59467344427055,11.711971400377108],[75.58772760401844,11.711759571956838],[75.59359235326717,11.706218082111137],[75.59331004960428,11.696412175510229],[75.60256585011736,11.693779780827795],[75.6005218423845,11.686075374357316],[75.58774833623688,11.68673009543152],[75.56929245231791,11.674356154399796],[75.56184171665525,11.68036138458579],[75.56360184508026,11.693388158242007],[75.55340417985637,11.702427722456331],[75.54441045743756,11.704809014267502],[75.53658682930386,11.693938824344887],[75.56685368173004,11.629412051707682],[75.61855597176917,11.487497315618233],[75.61802859242542,11.47736258753094],[75.62731824774662,11.473406494591716],[75.63402352365725,11.462173863290316],[75.64540222823965,11.468466630052262],[75.6642523099733,11.462608473873113],[75.68066503237242,11.450866083234699],[75.69784504088997,11.425147903724216],[75.73201649346213,11.356083552720012],[75.736689486451,11.324989724769843],[75.74827890076476,11.318374089823028],[75.80160836856679,11.16636428173462],[75.80931975220575,11.163002101699107],[75.80449033916975,11.156471924085986],[75.81471634983407,11.149260050935991],[75.82615242891535,11.12255722886263],[75.84539930459482,11.14193540657618],[75.85878653076142,11.140726637877481],[75.8521876971271,11.152663030882538],[75.85914662134137,11.15736790811247],[75.86478117729854,11.170892503426295],[75.87049794527393,11.171830024984951],[75.87769974249996,11.165678480407138],[75.88785390680616,11.171503509385126],[75.88460586553845,11.184470542978222],[75.87550011511884,11.181829712409971],[75.87120766645064,11.187213255014395],[75.86193375320649,11.188108029328063],[75.85635847078669,11.204286978696869],[75.85767798454796,11.207642399521552],[75.86478617372816,11.205044977215895],[75.87822271201395,11.222357897143457],[75.89728468117028,11.229291035593393],[75.90063768429079,11.241433536113336],[75.91828269763035,11.235642736951803],[75.9268997429758,11.245232421369248],[75.95905819137052,11.252409836241954],[75.97436545776075,11.26803898458476],[75.99353512773313,11.25555951283117],[76.00880953824188,11.258530049892892],[76.01351956338002,11.267008949324824],[76.04500403995299,11.26401598730675],[76.06075360983971,11.28153296148645],[76.07192136214562,11.285729048349754],[76.06866932247654,11.293100660518833],[76.08335390455962,11.306727479273109],[76.11398371858142,11.314154946786267],[76.11840998029433,11.319282964141507],[76.11732689413269,11.336465862389653],[76.09948806208405,11.340953890653141],[76.09199090328417,11.351058350434574],[76.10188090450639,11.367676290633618],[76.09731745657484,11.38193819117684],[76.09920490232675,11.39504582621268],[76.10604766628992,11.401566350197836],[76.10529416212452,11.409313169272297],[76.11770927191486,11.407661521064703],[76.13115290958635,11.426271732168434],[76.14226332063106,11.419054421261746],[76.14596982968045,11.429234189140692],[76.14011638303462,11.437941123485622],[76.14282125616919,11.450823666533868],[76.12309775955278,11.47290196260221],[76.08683467596128,11.486628001404899],[76.092752397964,11.492785821619707],[76.0903498115158,11.509245740663262],[76.07811033134669,11.520950176707267],[76.07331423682456,11.521790602850807],[76.052021406763,11.502998308583173],[76.04506604347054,11.506160606241155],[76.03677371215083,11.50222540408842],[76.03218310455499,11.510361032362766],[76.01785745153022,11.513743123870253],[75.97291229714307,11.545442868455938],[75.95759453843033,11.559901635901333],[75.957451364042,11.57445031433939],[75.9514535329772,11.580980099218484],[75.90908044658964,11.599791592061784],[75.89781728152246,11.62225958434703],[75.89690804631775,11.641951075640034],[75.90517476846534,11.661252313806235],[75.9000010527405,11.675396371627535],[75.91525241158074,11.689756520978419],[75.90014426485804,11.698484259620468],[75.88235494525293,11.698100780517384],[75.87529436678281,11.703556487852381],[75.85033216761894,11.702211695221811],[75.84543515186624,11.705892569174534],[75.84574681786248,11.713355803562031],[75.83224574101341,11.719222697167293],[75.81025156027692,11.742030664084965],[75.79234078215718,11.742532980382654],[75.79967826361867,11.752092389109132],[75.78322027062084,11.759841565142393],[75.78810559929173,11.764362797076178],[75.78721211335056,11.774474275621905],[75.79388557003553,11.789619270410135],[75.77690817383534,11.801122107615072]]]}},{"type":"Feature","properties":{"id":"malappuram","district":"Malappuram","name":"Malappuram","state":"Kerala","rep_lat":11.1052,"rep_lon":76.1092,"elderly_pct":13.6,"outdoor_worker_pct":28.0},"geometry":{"type":"Polygon","coordinates":[[[76.2342231349192,11.527700487289358],[76.22399168765078,11.508454454235933],[76.19924302701308,11.505587021605407],[76.19115261990129,11.497767904932216],[76.18154168391534,11.483476493071064],[76.18580508196555,11.472754502148414],[76.16926625676182,11.465135858171895],[76.16439181297723,11.457682596919614],[76.14279520772087,11.450858325725346],[76.14011638303462,11.437941123485622],[76.14602882653672,11.427950129225948],[76.14226332063106,11.419054421261746],[76.13115290958635,11.426271732168434],[76.11770927191486,11.407661521064703],[76.10529416212452,11.409313169272297],[76.09734245489257,11.382485071613747],[76.10188090450639,11.367676290633618],[76.09186991728339,11.351764120496519],[76.09948806208405,11.340953890653141],[76.11732689413269,11.336465862389653],[76.11840998029433,11.319282964141507],[76.11398371858142,11.314154946786267],[76.08335390455962,11.306727479273109],[76.06866932247654,11.293100660518833],[76.07192136214562,11.285729048349754],[76.06075360983971,11.28153296148645],[76.04500403995299,11.26401598730675],[76.01351956338002,11.267008949324824],[76.00880953824188,11.258530049892892],[75.99353512773313,11.25555951283117],[75.97436545776075,11.26803898458476],[75.95905819137052,11.252409836241954],[75.9268997429758,11.245232421369248],[75.91828269763035,11.235642736951803],[75.90063768429079,11.241433536113336],[75.89728468117028,11.229291035593393],[75.87822271201395,11.222357897143457],[75.86478617372816,11.205044977215895],[75.85767798454796,11.207642399521552],[75.85635847078669,11.204286978696869],[75.86193375320649,11.188108029328063],[75.87120766645064,11.187213255014395],[75.87550011511884,11.181829712409971],[75.88460586553845,11.184470542978222],[75.88785390680616,11.171503509385126],[75.87769974249996,11.165678480407138],[75.87049794527393,11.171830024984951],[75.86478117729854,11.170892503426295],[75.85914662134137,11.15736790811247],[75.8521876971271,11.152663030882538],[75.85878653076142,11.140726637877481],[75.84539930459482,11.14193540657618],[75.82615242891535,11.12255722886263],[75.86256875970442,11.001685140754123],[75.91000390482026,10.793443581823846],[75.9571943955651,10.685392813155019],[75.96679302463163,10.693935266749351],[75.97703402907636,10.691642998796405],[75.97679140220296,10.695834817524444],[75.98277324864561,10.68676488418349],[76.00097925898179,10.694953806359758],[76.01211900810537,10.69063222221729],[76.03424115924393,10.700719995280114],[76.03701352370412,10.707505777729157],[76.0515168634921,10.704539993669242],[76.06103865695746,10.71984329714202],[76.05926346198854,10.727662950214334],[76.06697998039765,10.723551215761656],[76.0689565219577,10.737767815785094],[76.06379456697657,10.743629548004131],[76.04885204354113,10.741004260582063],[76.04474091711806,10.74700150960784],[76.04730568181442,10.7520052006718],[76.03942628357292,10.755668280224144],[76.04268943630038,10.795270542892048],[76.04989891591873,10.800160541681132],[76.0382347312306,10.804264138452565],[76.03677207991194,10.815123975989213],[76.02720946161023,10.821580113664082],[76.03423756688115,10.826792118011873],[76.0322160412849,10.830727583888939],[76.04309393868965,10.847545436605033],[76.06395067261339,10.837953318409538],[76.09629685991932,10.840715739714021],[76.10269723055451,10.846434568421005],[76.10371706364207,10.871399856276204],[76.11182829639715,10.865837174887545],[76.11557263260482,10.881520172339973],[76.13085305014789,10.877820738639441],[76.13048213397043,10.895928176199092],[76.15086715086039,10.88978120448764],[76.16024718208902,10.91086266395876],[76.16961110562634,10.914597597639409],[76.17400670514365,10.905245405237663],[76.18814889883124,10.909748022625134],[76.18686421185522,10.899499862798763],[76.19319253131643,10.896713234260691],[76.20574279713281,10.897808088324913],[76.21549239526938,10.914311104484167],[76.23307500893435,10.885403485294733],[76.25256343171226,10.88554190987129],[76.26831465090578,10.914748571882921],[76.28463337089863,10.912366295046864],[76.29560988086372,10.919593848197856],[76.30407848859163,10.91169215853221],[76.31926147126572,10.911206932846465],[76.32168919437217,10.904763762682713],[76.33221211440758,10.904510461230865],[76.33316826143307,10.92202790034219],[76.32068996414567,10.93537670840173],[76.32823497350579,10.979012373801028],[76.36077795474101,10.973525973948398],[76.3708973686188,10.996394880108964],[76.33435752756297,10.998695142162966],[76.32418745229644,11.00497561547769],[76.32803655811742,11.024300073609504],[76.31171015213901,11.029716593590035],[76.29837740609946,11.028461197340336],[76.2884185597905,11.02149279975485],[76.28447364235629,11.024257885091895],[76.28902347721798,11.033557293480703],[76.28421850015435,11.035476896314417],[76.29253100763533,11.040614326028761],[76.29456890862089,11.05064518041431],[76.30903409695875,11.046757063823696],[76.31055249143574,11.050558843077331],[76.32288909475842,11.049783934232055],[76.3312438194645,11.054807314184695],[76.33464721627578,11.062799486228172],[76.32935095058325,11.073968028743577],[76.33945478587738,11.077816121304117],[76.34408938307436,11.088118211149453],[76.36046335664366,11.097996230457278],[76.38831659669988,11.098765183118628],[76.38587304258314,11.111602435785539],[76.40849704474175,11.118630025532752],[76.4134568680042,11.142780629976581],[76.40606106252456,11.153756259963792],[76.41365266210856,11.170950158655884],[76.40226469050572,11.187684759976348],[76.40622982183045,11.193397831945347],[76.40467489736245,11.209711119841957],[76.4266004270483,11.208836118148618],[76.4334528667654,11.202041242788399],[76.44893268245373,11.205554602497617],[76.45306208869451,11.2394545086324],[76.48708527971893,11.258369930001809],[76.52166340321345,11.270664462945895],[76.52679273318014,11.288647323998859],[76.54572606807936,11.300396525879169],[76.53932677721912,11.30470678698461],[76.53727212175518,11.314126046727093],[76.54994046572578,11.331075533056229],[76.54783047134538,11.35896837110648],[76.50815900619108,11.354208716200233],[76.51509182536317,11.359771095608444],[76.51772581693027,11.371646331025694],[76.46035580872693,11.388889462120371],[76.41559944517824,11.423255076386527],[76.41868184609073,11.441866009961204],[76.39790351802334,11.43636016756541],[76.36865137289766,11.456295285661321],[76.34220449482609,11.467675752100961],[76.32601222528592,11.454063100160791],[76.30513237411665,11.467872026209776],[76.29483743392393,11.4658322001459],[76.29151937347139,11.469893884047815],[76.29456754228335,11.474150162926582],[76.284414711077,11.483003598940762],[76.27346353360292,11.477119326792229],[76.2646734403944,11.481328161728834],[76.24722594592458,11.467987698647654],[76.2514166055896,11.502397608592112],[76.24050034203738,11.527144955407303],[76.2342231349192,11.527700487289358]]]}},{"type":"Feature","properties":{"id":"palakkad","district":"Palakkad","name":"Palakkad","state":"Kerala","rep_lat":10.7893,"rep_lon":76.4738,"elderly_pct":13.6,"outdoor_worker_pct":28.0},"geometry":{"type":"Polygon","coordinates":[[[76.73551976143386,11.215652279481978],[76.70580407484184,11.240444064160286],[76.69729519743635,11.239376980045561],[76.68424724518962,11.233866182680115],[76.684346650064,11.227947003729875],[76.6763529106599,11.220249954184222],[76.62891880669147,11.194251381096308],[76.615478767671,11.192351260065024],[76.60084907894,11.197600322414283],[76.53384183477418,11.185680250525456],[76.51570288187733,11.194647053275036],[76.50937006994138,11.208279143944479],[76.49903985200915,11.211410398538582],[76.47233793144862,11.208834379580267],[76.47344132672221,11.195016119935286],[76.45841393225535,11.187765637059615],[76.45161286808766,11.19947487685367],[76.43859358826819,11.19904787721422],[76.43817806444868,11.204164757951158],[76.43063741820588,11.202990928947512],[76.42455395613491,11.209369802615099],[76.40467489736245,11.209711119841957],[76.40622982183045,11.193397831945347],[76.40226469050572,11.187684759976348],[76.41365266210856,11.170950158655884],[76.40606106252456,11.153756259963792],[76.4134568680042,11.142780629976581],[76.40849704474175,11.118630025532752],[76.38587304258314,11.111602435785539],[76.38831659669988,11.098765183118628],[76.36046335664366,11.097996230457278],[76.34408938307436,11.088118211149453],[76.33945478587738,11.077816121304117],[76.32935095058325,11.073968028743577],[76.33464721627578,11.062799486228172],[76.3312438194645,11.054807314184695],[76.32288909475842,11.049783934232055],[76.31055249143574,11.050558843077331],[76.30903409695875,11.046757063823696],[76.29456890862089,11.05064518041431],[76.29253100763533,11.040614326028761],[76.28411786368969,11.035268965655552],[76.28902347721798,11.033557293480703],[76.28447364235629,11.024257885091895],[76.2884185597905,11.02149279975485],[76.29837740609946,11.028461197340336],[76.31171015213901,11.029716593590035],[76.32803655811742,11.024300073609504],[76.32418745229644,11.00497561547769],[76.33435752756297,10.998695142162966],[76.3708973686188,10.996394880108964],[76.36077795474101,10.973525973948398],[76.32823497350579,10.979012373801028],[76.32068996414567,10.93537670840173],[76.33316826143307,10.92202790034219],[76.33221211440758,10.904510461230865],[76.32168919437217,10.904763762682713],[76.31926147126572,10.911206932846465],[76.30407848859163,10.91169215853221],[76.29560988086372,10.919593848197856],[76.28463337089863,10.912366295046864],[76.26831465090578,10.914748571882921],[76.25256343171226,10.88554190987129],[76.23307500893435,10.885403485294733],[76.21549239526938,10.914311104484167],[76.20574279713281,10.897808088324913],[76.19319253131643,10.896713234260691],[76.18686421185522,10.899499862798763],[76.18814889883124,10.909748022625134],[76.17400670514365,10.905245405237663],[76.16961110562634,10.914597597639409],[76.16024718208902,10.91086266395876],[76.15086715086039,10.88978120448764],[76.13048213397043,10.895928176199092],[76.13085305014789,10.877820738639441],[76.11557263260482,10.881520172339973],[76.11182829639715,10.865837174887545],[76.10371706364207,10.871399856276204],[76.1000001062876,10.842958572629652],[76.06928544369227,10.837369808762338],[76.04419349456371,10.848111387918232],[76.0322160412849,10.830727583888939],[76.03423756688115,10.826792118011873],[76.02720946161023,10.821580113664082],[76.03677207991194,10.815123975989213],[76.0382347312306,10.804264138452565],[76.04989891591873,10.800160541681132],[76.04268943630038,10.795270542892048],[76.0389767109092,10.76725716079883],[76.03982105451274,10.754785339339035],[76.04730568181442,10.7520052006718],[76.04655237887165,10.742436534993159],[76.06379456697657,10.743629548004131],[76.06957508120111,10.729667610421457],[76.09641142027087,10.728433156557468],[76.12259857922412,10.710498413458094],[76.13287376636205,10.72245462241135],[76.14475785503846,10.719936506377634],[76.15374332193981,10.71171805261815],[76.15697542439946,10.718086835695765],[76.1627011943923,10.706134737919818],[76.17172468248808,10.713583058646162],[76.19177969517354,10.750175761013352],[76.20315123119998,10.751309245698362],[76.20545229724128,10.76783740026338],[76.18855954839202,10.781898675986659],[76.21144170210874,10.777099783889401],[76.2201914187402,10.781401016718009],[76.23129782599366,10.77151101406786],[76.24357926736803,10.771882626567265],[76.2451402024636,10.750083704005782],[76.25150470067459,10.745838721796833],[76.26493711299828,10.75284589712155],[76.28192045604565,10.751818099447847],[76.28836431771703,10.755692835838797],[76.32468528964374,10.745355714438887],[76.33689945349151,10.74945344441213],[76.35340657984382,10.742284946981293],[76.35850744399579,10.744211145301074],[76.36432994278178,10.762272342071423],[76.38097143823596,10.767600930418672],[76.38968927814958,10.76359765588782],[76.39621706941796,10.745649398869574],[76.46904379852197,10.75134941655924],[76.4725181325963,10.748566575624276],[76.46826170637097,10.740838765968606],[76.47886615211172,10.734225201767323],[76.47740929313001,10.729765976364215],[76.46416576327289,10.720783204826791],[76.45617163399996,10.698738618830824],[76.45130839400358,10.701541151153668],[76.44034834746272,10.695679151007885],[76.45151550149065,10.674883573761866],[76.45040013436926,10.664207012361917],[76.44870684329638,10.660779393608959],[76.44070244538139,10.662145170093616],[76.43397417709107,10.649125503124973],[76.42382923039798,10.64905864182221],[76.41728603571744,10.626377385884219],[76.42034625902222,10.622150565164521],[76.4200946454027,10.628028290084908],[76.42546622674699,10.626616211093202],[76.42352698054256,10.619306383258065],[76.42854200078762,10.613940540280488],[76.42188959881629,10.605078907464977],[76.41337964702574,10.60556007870803],[76.41265823427557,10.5946735340344],[76.40405727146864,10.600199699540472],[76.4013628268762,10.595447105689795],[76.40889225405942,10.578394016387758],[76.42024214967067,10.57770132441992],[76.43029691539071,10.557766058923528],[76.43891501356167,10.556298655882687],[76.43135464121355,10.536537765362676],[76.44091461487508,10.52355255300254],[76.45015745988515,10.521119217630947],[76.45949522358308,10.51068864430685],[76.473868681354,10.486433898104435],[76.48670403471233,10.485822807487011],[76.4900331498328,10.478118166922505],[76.502194917645,10.478083759241327],[76.52308334053866,10.468546436442367],[76.53643569500426,10.447897254400855],[76.55721884882135,10.44355683421905],[76.55812776422583,10.434417052087],[76.58825380842622,10.434969798768782],[76.60117325307824,10.418334634258203],[76.60676019024056,10.399240793177603],[76.61811860367732,10.390202356537953],[76.62308310895904,10.379039713032366],[76.62778397128123,10.383197163121233],[76.63269320412186,10.376428332472338],[76.64461870423453,10.382772636672174],[76.65425231100328,10.37684268643059],[76.66105446123417,10.385513298333645],[76.67016539403464,10.373189780128925],[76.68689716747993,10.363086319198464],[76.70223288531187,10.362657736854397],[76.71409387201413,10.372995237644712],[76.76348891470444,10.361176080934733],[76.76229904939825,10.352445851997869],[76.75223073888034,10.346891469024568],[76.75368839287108,10.335651790737263],[76.77140441533889,10.333521308310386],[76.77678453516995,10.341442081812257],[76.78761795967993,10.335353004675659],[76.8037805066623,10.336243965908743],[76.80530038785109,10.34343088606272],[76.81555286108706,10.348363199527105],[76.8323059192147,10.336061015467015],[76.83733267684728,10.337126260480014],[76.83603448459927,10.345440737438347],[76.84861912624666,10.367415641613002],[76.82332847696378,10.394582747961252],[76.83370268180222,10.402830890102052],[76.833272493884,10.40734390256771],[76.82432399624983,10.409591430183188],[76.81603791900115,10.423003113104613],[76.82802766482631,10.449745552019586],[76.83032883597052,10.497251770739558],[76.84308859699598,10.536679351345192],[76.83526184721667,10.544611390169043],[76.83969989033454,10.563631265057857],[76.83392512802274,10.573395449241103],[76.83868178919886,10.595943173229589],[76.83241129878404,10.599242754810097],[76.82632151347183,10.596069158410483],[76.81747601127823,10.602736865086452],[76.81671322122774,10.615929539217854],[76.81012200440875,10.623840723749995],[76.81427234229395,10.635048105047817],[76.83086294998395,10.636917989748017],[76.8595584594337,10.631683304690524],[76.88212093597846,10.638965535985793],[76.8782262756911,10.674403438788131],[76.86704736541105,10.679165901625032],[76.87061359444401,10.69223756602226],[76.86750057086181,10.694280944315857],[76.8821928245574,10.716794665950458],[76.89217887544639,10.718474247936467],[76.88816689967452,10.7317856533655],[76.90365879051693,10.761832364246876],[76.90728614721,10.783407270025698],[76.90075956417569,10.808025012328178],[76.87013074189395,10.80904720112731],[76.8640357373699,10.81799698903727],[76.84824284263537,10.819528153062825],[76.84515578755139,10.826823492599292],[76.85385616421586,10.839684388747225],[76.84848686099915,10.850116577432768],[76.83200956320586,10.860854545551426],[76.82838585187616,10.872638198008037],[76.79186226583546,10.881837623031588],[76.78149170366548,10.89115062038335],[76.76796020087774,10.887764883299102],[76.75247142898601,10.895795784865197],[76.74074814593199,10.891062695353854],[76.71486331229262,10.908699864104143],[76.69517395614861,10.910318372105527],[76.65905766535936,10.930588113269302],[76.65576055272093,10.93909542162447],[76.66468993061257,10.943574007639468],[76.66674702230758,10.968425819197236],[76.68600113391663,10.989292612284412],[76.68909067553734,11.008571459862853],[76.6997058516541,11.026658177893516],[76.71815228260134,11.041000446474293],[76.76656342212057,11.029179068227158],[76.79180419783714,11.037445810586725],[76.80077286803933,11.053978536362855],[76.79619185445074,11.055943529291689],[76.78775711590397,11.044785368578683],[76.77812140348419,11.042178632962937],[76.74648747779064,11.056751507188222],[76.74383627090944,11.07313317541177],[76.75461893341938,11.07909507176706],[76.75162918923687,11.093268967018192],[76.74340625367117,11.102598114502706],[76.74985498960126,11.119149822851824],[76.74806348661669,11.135479816017911],[76.73451871301724,11.136296960887366],[76.7313655877424,11.131710591838175],[76.71890432161449,11.149461950441504],[76.71204553529992,11.150928473443248],[76.70826979937976,11.146724125786438],[76.71209973784751,11.142321928187556],[76.7057170056329,11.141834254594809],[76.6949643944642,11.166808360807101],[76.7143447562016,11.18768896615629],[76.72862158129914,11.191436136207859],[76.72692429272321,11.207481749109126],[76.73551976143386,11.215652279481978]]]}},{"type":"Feature","properties":{"id":"thrissur","district":"Thrissur","name":"Thrissur","state":"Kerala","rep_lat":10.482,"rep_lon":76.2703,"elderly_pct":13.6,"outdoor_worker_pct":28.0},"geometry":{"type":"Polygon","coordinates":[[[76.18989003327785,10.781893653925053],[76.19177298475839,10.77590083806205],[76.20545229724128,10.76783740026338],[76.20315123119998,10.751309245698362],[76.19177969517354,10.750175761013352],[76.16412267951473,10.706355997908354],[76.15690227728085,10.718123052317544],[76.15374332193981,10.71171805261815],[76.14475785503846,10.719936506377634],[76.13287376636205,10.72245462241135],[76.12259857922412,10.710498413458094],[76.09641142027087,10.728433156557468],[76.08260745486417,10.726315805052794],[76.0687796805092,10.730390747499797],[76.06697998039765,10.723551215761656],[76.05926346198854,10.727662950214334],[76.06103865695746,10.71984329714202],[76.0515168634921,10.704539993669242],[76.03701352370412,10.707505777729157],[76.03424115924393,10.700719995280114],[76.00729306256636,10.689712778830227],[76.00097925898179,10.694953806359758],[75.98277324864561,10.68676488418349],[75.97865454313653,10.69524129188376],[75.97542400464378,10.691313454371787],[75.96679302463163,10.693935266749351],[75.9571943955651,10.685392813155019],[76.0326381066363,10.515970350446722],[76.06711712170049,10.4560159094787],[76.10046569411621,10.381759535684132],[76.16286807711758,10.183573530314476],[76.21384670771998,10.193485898003702],[76.21170059926858,10.200379171288441],[76.21967298392174,10.206389585284601],[76.26344877076083,10.20006180587392],[76.25949185093607,10.197631282540438],[76.26119231775147,10.18905316715933],[76.2709289316389,10.184101505475654],[76.27380653193799,10.174456512294222],[76.29682733702555,10.175704655506276],[76.3011614774044,10.18456629852422],[76.3118137539424,10.181689360777725],[76.31052092373834,10.204804705282926],[76.3303356667297,10.20826008475003],[76.34085424251242,10.225707775510356],[76.33915335977704,10.230398235185984],[76.37931998979069,10.244566074330555],[76.37787894475125,10.254354788669284],[76.39134407641257,10.254672845896925],[76.38962880715789,10.263251233734858],[76.4009017117594,10.275621037896688],[76.4131242532955,10.280671896241484],[76.41113430887138,10.287890776403536],[76.41688245050807,10.28824550002896],[76.41509838916727,10.293519720228431],[76.42759249770198,10.288691387455767],[76.45808480839986,10.296204723572549],[76.52441065347324,10.284065894045094],[76.5446240508214,10.289494291883452],[76.5543121502936,10.282631519174465],[76.57347160192961,10.284419784047353],[76.56608505718225,10.293288022300313],[76.57646379132635,10.302459054461934],[76.5896959449187,10.298882316906973],[76.59028162402608,10.29187315197176],[76.60309339660817,10.280175174445105],[76.61867950545252,10.280274214807244],[76.62113208943448,10.273445672843003],[76.66165976673383,10.2799172636503],[76.66919575700852,10.271435240974595],[76.69537290064471,10.263774084880948],[76.74706543048823,10.27759382517052],[76.759178312881,10.268741886081193],[76.76840704266297,10.268194671484066],[76.77472410803034,10.275816854224335],[76.79273433683854,10.279577950238423],[76.79666511209524,10.276636472427292],[76.80928703742016,10.28537994692023],[76.82597815491233,10.280229048693617],[76.82872502787968,10.27461822322297],[76.83705072532402,10.282919048569271],[76.86673386505501,10.268635194371171],[76.87528491926139,10.270131684141797],[76.87965771684185,10.266495393138472],[76.87775556207549,10.259636594724753],[76.88907681131063,10.255101279059556],[76.8956450447331,10.257783881807116],[76.90067690928808,10.251771836434958],[76.89696525558705,10.261879902008994],[76.87326407997803,10.27567536990166],[76.87315101711805,10.297546227649867],[76.85494275380715,10.292118791195762],[76.84856899127064,10.28452150124193],[76.84030216491847,10.299076513749661],[76.82992965969254,10.30315321540764],[76.83732028638458,10.337124797015319],[76.82791808922629,10.336574001806042],[76.81555286108706,10.348363199527105],[76.80530038785109,10.34343088606272],[76.8037805066623,10.336243965908743],[76.78761795967993,10.335353004675659],[76.77678453516995,10.341442081812257],[76.77140441533889,10.333521308310386],[76.75368839287108,10.335651790737263],[76.75223073888034,10.346891469024568],[76.76229904939825,10.352445851997869],[76.76348891470444,10.361176080934733],[76.71409387201413,10.372995237644712],[76.70223288531187,10.362657736854397],[76.68689716747993,10.363086319198464],[76.67016539403464,10.373189780128925],[76.66105446123417,10.385513298333645],[76.65425231100328,10.37684268643059],[76.64461870423453,10.382772636672174],[76.63269320412186,10.376428332472338],[76.62778397128123,10.383197163121233],[76.62308310895904,10.379039713032366],[76.61811860367732,10.390202356537953],[76.60676019024056,10.399240793177603],[76.60117325307824,10.418334634258203],[76.58825380842622,10.434969798768782],[76.55812776422583,10.434417052087],[76.55721884882135,10.44355683421905],[76.53643569500426,10.447897254400855],[76.52308334053866,10.468546436442367],[76.502194917645,10.478083759241327],[76.4900331498328,10.478118166922505],[76.48670403471233,10.485822807487011],[76.473868681354,10.486433898104435],[76.45949522358308,10.51068864430685],[76.45015745988515,10.521119217630947],[76.44091461487508,10.52355255300254],[76.43135464121355,10.536537765362676],[76.43891501356167,10.556298655882687],[76.43029691539071,10.557766058923528],[76.42024214967067,10.57770132441992],[76.40889225405942,10.578394016387758],[76.4013628268762,10.595447105689795],[76.40405727146864,10.600199699540472],[76.41265823427557,10.5946735340344],[76.41337964702574,10.60556007870803],[76.42188959881629,10.605078907464977],[76.42854200078762,10.613940540280488],[76.42352698054256,10.619306383258065],[76.42546622674699,10.626616211093202],[76.4200946454027,10.628028290084908],[76.42034625902222,10.622150565164521],[76.41728603571744,10.626377385884219],[76.42382923039798,10.64905864182221],[76.43397417709107,10.649125503124973],[76.44070244538139,10.662145170093616],[76.44870684329638,10.660779393608959],[76.45040013436926,10.664207012361917],[76.45151550149065,10.674883573761866],[76.44034834746272,10.695679151007885],[76.45130839400358,10.701541151153668],[76.45617163399996,10.698738618830824],[76.46416576327289,10.720783204826791],[76.47740929313001,10.729765976364215],[76.47886615211172,10.734225201767323],[76.46826170637097,10.740838765968606],[76.4725181325963,10.748566575624276],[76.46904379852197,10.75134941655924],[76.39621706941796,10.745649398869574],[76.38968927814958,10.76359765588782],[76.38097143823596,10.767600930418672],[76.36432994278178,10.762272342071423],[76.35850744399579,10.744211145301074],[76.35340657984382,10.742284946981293],[76.33689945349151,10.74945344441213],[76.32468528964374,10.745355714438887],[76.28836431771703,10.755692835838797],[76.28192045604565,10.751818099447847],[76.26493711299828,10.75284589712155],[76.25150470067459,10.745838721796833],[76.2451402024636,10.750083704005782],[76.24357926736803,10.771882626567265],[76.23129782599366,10.77151101406786],[76.2201914187402,10.781401016718009],[76.21144170210874,10.777099783889401],[76.18989003327785,10.781893653925053]]]}},{"type":"Feature","properties":{"id":"idukki","district":"Idukki","name":"Idukki","state":"Kerala","rep_lat":9.8148,"rep_lon":77.0008,"elderly_pct":13.6,"outdoor_worker_pct":28.0},"geometry":{"type":"Polygon","coordinates":[[[77.18088858720463,10.357552565925031],[77.16820979313236,10.35411887362919],[77.12015477363953,10.31803481324859],[77.10200032480405,10.315610826958837],[77.09568781928509,10.308748303613644],[77.09142847623006,10.315060116029677],[77.065978024743,10.298167886199414],[77.06316746661186,10.291716708404792],[77.04361949900537,10.28406357385063],[77.05284560929998,10.272306260564594],[77.05052149518343,10.261850351705009],[77.06150090401192,10.248465806470183],[77.06121834253258,10.241447147981804],[77.05469522609695,10.233959314051651],[77.02033449490116,10.229505581170965],[77.01522435654222,10.222597280712106],[77.03333920494505,10.208455906430908],[77.06438322495782,10.212357336591252],[77.06964338825743,10.196710972997204],[77.0810326121118,10.193269560451535],[77.08893957785274,10.18479387435345],[77.08373221752555,10.176539623338217],[77.0637290879376,10.17175170190134],[77.0590904150842,10.178053377329011],[77.03215476007327,10.17400169851993],[77.02467586941299,10.179664921796522],[77.00360983162132,10.170094801311254],[77.00103783818192,10.163179800880263],[76.98867314454029,10.16031254992077],[76.98298227319793,10.165024407580344],[76.96306665119677,10.162283874316707],[76.92675102334769,10.178330018195904],[76.91398850000269,10.166221657069912],[76.90479484943256,10.142674384089513],[76.86648986106428,10.094646244424515],[76.86460969615774,10.073038093313187],[76.82689581990768,10.088557799637808],[76.81477675081754,10.081790577172828],[76.82235270354597,10.062417987517115],[76.8090357265329,10.0627560484361],[76.81112224793492,10.058610489476957],[76.80435098088519,10.057693675473198],[76.80062883665825,10.060729190996218],[76.80479314514274,10.06564091188389],[76.76931454591585,10.066447471576167],[76.79607186198666,10.041842339734973],[76.8395446183343,10.024370964105042],[76.83069991923458,10.01238698965466],[76.82483046910197,10.012984112707414],[76.78316350074857,10.035388545918924],[76.76424347618692,10.009988178624674],[76.7657771357355,9.996763873663678],[76.77005232597047,9.993938936631816],[76.76477709163535,9.988863865428812],[76.75969633806767,9.991128063776186],[76.76588717037467,9.980794544061332],[76.74547812624581,9.990994983954831],[76.73441593586726,9.983789551987375],[76.72293261618182,9.981585725277899],[76.7163703799122,9.985068551006039],[76.71240826602845,9.972956127843323],[76.72443553088982,9.956973700452533],[76.7193516188456,9.950662543272824],[76.712975687776,9.951929080695505],[76.71425325111183,9.942502865930935],[76.71103238208481,9.944697982903914],[76.70476182878792,9.93902552028136],[76.69954152283917,9.928330392018687],[76.69381691885961,9.932111021294228],[76.684759893061,9.923446237843438],[76.69320617585748,9.920587874022024],[76.69542733585595,9.914587590621132],[76.69851171396039,9.918671702494805],[76.70158833511235,9.915935088785503],[76.69577063153336,9.907756000410904],[76.68395367485645,9.909266236671707],[76.68079986506538,9.916568443475793],[76.66079998378551,9.915429219142354],[76.64823969277059,9.920517993017684],[76.62912212418637,9.912718133516789],[76.6313704600188,9.904588922546596],[76.62772163538705,9.900488697574255],[76.63602922459187,9.874136297425387],[76.6319216581923,9.872126566443017],[76.6347253271435,9.863895243207072],[76.62754067875622,9.850599732863612],[76.64623857689759,9.839927568804422],[76.66342559586762,9.839079749698424],[76.66736489793301,9.84393765381648],[76.68209342919305,9.83908718013368],[76.68485010817004,9.832668399001184],[76.69568574163732,9.833183989647708],[76.69912117057504,9.824967338183642],[76.74206260577147,9.803559241145027],[76.75067000590573,9.805772142472005],[76.74934467195972,9.813366248477795],[76.7540383792007,9.816716303881483],[76.77880623414104,9.807433286150868],[76.8078911758429,9.788644579201904],[76.86026217447443,9.729221880942012],[76.86656033749156,9.734754324324747],[76.86778195285319,9.72812790345763],[76.88766718484828,9.716783062877207],[76.90275874687418,9.684379748679044],[76.90199244171603,9.676885882106264],[76.92669158811353,9.653332723480855],[76.91781325069971,9.643357632207113],[76.93457598907284,9.620720399419154],[76.92929251089836,9.61414677514819],[76.9024823137017,9.633471884907634],[76.89216105197283,9.62996247460751],[76.88726577176524,9.60950138147279],[76.89135975563774,9.609506164309229],[76.8949302876009,9.585749305207935],[76.8818376037446,9.580059693328854],[76.88555828102265,9.539301480356567],[76.90051963404476,9.537688178506173],[76.9034159282849,9.520542824034937],[76.92428836206486,9.503945482656025],[76.93755822603454,9.503049872694259],[76.94973156953746,9.489405518613939],[76.95443555709858,9.491304707719838],[76.96119839076441,9.508608479687744],[76.97756835784756,9.497434640525038],[76.98359752035287,9.485907514529138],[76.98416619525022,9.46998210603977],[76.96873838303367,9.464094045654027],[77.01711122557568,9.441626144948527],[77.01835458016718,9.431372922272276],[77.00790530132382,9.429324528730115],[77.01188478143861,9.418722195925078],[77.00968669466822,9.408709838599052],[77.02870601271314,9.407192557187804],[77.05230190936418,9.418013151549186],[77.0659272456749,9.417179044837859],[77.05794320627923,9.42805518414785],[77.06059458114538,9.448509474176994],[77.09848880496853,9.463066916408623],[77.1049221563511,9.469558942130858],[77.13516111069782,9.458811033082288],[77.1545487577722,9.471033530155042],[77.16629953735875,9.469753879258768],[77.16870599464751,9.461664636726614],[77.18109969758461,9.47217813522003],[77.18363814882966,9.454247424425846],[77.18784702812528,9.456318680240413],[77.19070014304465,9.449517308082543],[77.20902038764392,9.448650769080096],[77.2078206291915,9.44145071280297],[77.2117019459036,9.443847489652327],[77.22399443026775,9.434451007922103],[77.2205259181748,9.421358385670677],[77.2289329302203,9.41972276053054],[77.22859983311632,9.409976802089627],[77.24511265478753,9.389536369042824],[77.24817262297073,9.377562868310427],[77.23471610884798,9.350078032320575],[77.23798728712418,9.339840195808872],[77.23038205470739,9.33111410236265],[77.23496798028397,9.324834948128233],[77.22466499657621,9.312214612615257],[77.22435789941147,9.296148810599542],[77.23577276387903,9.292729150817358],[77.23716410243884,9.282646908246358],[77.24899441436908,9.289650824729645],[77.2827296064117,9.273336509808876],[77.28845925083836,9.275048170838705],[77.2821362116744,9.298682951990395],[77.29945927330768,9.311021161307833],[77.30262524718603,9.319096251190915],[77.29721153665153,9.329334214770611],[77.30091602808481,9.330225183529828],[77.29997996289751,9.336804627972164],[77.32521031456356,9.337223226160404],[77.32595538265011,9.346657917816561],[77.3357077583775,9.361147927740584],[77.3344763172433,9.381323356799921],[77.34381980770114,9.402201197481862],[77.33644384510784,9.412367180132899],[77.34892242985613,9.440576468823236],[77.36592394492337,9.460188301875416],[77.37711998248263,9.452883276506926],[77.3925367067936,9.459456056981326],[77.39152665096964,9.468850659858653],[77.40200397431785,9.477728363778697],[77.39915625378175,9.49646975013189],[77.41232049024705,9.509082635352339],[77.40034025398745,9.517961914005753],[77.40043192706221,9.52746881084054],[77.3851030741557,9.519336810032256],[77.36548900312067,9.53519478813165],[77.3650102397018,9.552834035162052],[77.35283144791667,9.559686570280562],[77.3501893697154,9.567185998199164],[77.35981705119654,9.577484528650148],[77.35489740598348,9.586787590251262],[77.35740206979406,9.594536020478381],[77.36607000559869,9.59605996694169],[77.36105476167307,9.602365849241547],[77.35451365018567,9.60417371941568],[77.33942423962488,9.573424915282233],[77.32531294798308,9.58013422612942],[77.3244955134139,9.593413745542447],[77.32986041129243,9.599069788017328],[77.31774607812049,9.602609345833057],[77.30373576969309,9.598845471316883],[77.26964118955304,9.572874617524327],[77.25299506418183,9.583071783168927],[77.24270154961549,9.585323624800546],[77.23424929302239,9.581648071167141],[77.22214711225962,9.597790980480765],[77.20980157788635,9.6050611308383],[77.20888475551077,9.61355033919148],[77.19813035040642,9.614461238638398],[77.18860863599281,9.606208400267521],[77.16582739901511,9.61294070168897],[77.16907196559933,9.624051916645783],[77.17622459443662,9.629552544544696],[77.17401170971856,9.637382487232788],[77.18111262254492,9.65928355901443],[77.19407597684808,9.670632517685567],[77.20668323358272,9.694728998866912],[77.20191031289998,9.703970107888695],[77.20352284722546,9.722183017835748],[77.22387498667432,9.730446063265012],[77.22020175301967,9.745111638041148],[77.23252664680263,9.7691431251048],[77.22510937607927,9.776144316762824],[77.22278883815588,9.788367107662763],[77.23613845096318,9.790632555883066],[77.24028804324671,9.797493350492964],[77.24679666985682,9.798458529415488],[77.24691881109102,9.808570940863525],[77.24128353648163,9.816212454052827],[77.22187122885606,9.823059737693281],[77.22762359796444,9.838703617219252],[77.22303085417485,9.845490259054234],[77.23728223269532,9.851990989022642],[77.23640510866876,9.860214044099514],[77.22142250599859,9.863744458719104],[77.2125414844187,9.877498074020313],[77.2208404632715,9.885094908356772],[77.21834772998623,9.904908890535514],[77.23015827359035,9.913083174101168],[77.23632542091654,9.935991079022985],[77.24799737513355,9.94746460774829],[77.24664028035235,9.952017253500593],[77.26094725201249,9.952586013663714],[77.2727897980986,9.964293512469489],[77.2726035432042,9.976435396349874],[77.2643369719736,9.987272703589333],[77.2667619525235,9.990392716686001],[77.26102916309506,9.991828232158129],[77.26492640783546,10.004276030240817],[77.25472824853821,10.01244661221902],[77.26389717657342,10.029307110386844],[77.23162566531873,10.066876466631822],[77.20404877309507,10.088492743930303],[77.20118377975268,10.107203462288817],[77.20750044626803,10.119140602793522],[77.2163547762059,10.116430585843096],[77.23853582179285,10.130844223014716],[77.26771637837689,10.122207643029055],[77.26812058611875,10.127808609979578],[77.27485322740789,10.131305088444217],[77.2712317528833,10.142356348519643],[77.2745943967234,10.1849353629334],[77.28348859209694,10.1976901952891],[77.2829423265727,10.20860223287302],[77.2952790897955,10.218546066864459],[77.28093978148009,10.236741185955493],[77.26945725590535,10.237008740286404],[77.25911824975468,10.23045950223318],[77.25729564350168,10.259481886309125],[77.26355594702116,10.263896088071743],[77.22734294720168,10.316573766283017],[77.22876276594927,10.331128984237404],[77.23567741130486,10.340013822071002],[77.23525271029641,10.352869869019992],[77.18088858720463,10.357552565925031]]]}},{"type":"Feature","properties":{"id":"ernakulam","district":"Ernakulam","name":"Ernakulam","state":"Kerala","rep_lat":10.0299,"rep_lon":76.4951,"elderly_pct":12.6,"outdoor_worker_pct":21.0},"geometry":{"type":"Polygon","coordinates":[[[76.57702484132358,10.302384018877655],[76.56608505718225,10.293288022300313],[76.57347160192961,10.284419784047353],[76.5543121502936,10.282631519174465],[76.5446240508214,10.289494291883452],[76.52441065347324,10.284065894045094],[76.45808480839986,10.296204723572549],[76.42759249770198,10.288691387455767],[76.41509838916727,10.293519720228431],[76.41688245050807,10.28824550002896],[76.41113430887138,10.287890776403536],[76.4131242532955,10.280671896241484],[76.4009017117594,10.275621037896688],[76.38962880715789,10.263251233734858],[76.39134407641257,10.254672845896925],[76.37787894475125,10.254354788669284],[76.37931998979069,10.244566074330555],[76.33915335977704,10.230398235185984],[76.34085424251242,10.225707775510356],[76.33090818731479,10.208759500790782],[76.31052092373834,10.204804705282926],[76.3118137539424,10.181689360777725],[76.3011614774044,10.18456629852422],[76.29619667028878,10.175472027144812],[76.27380653193799,10.174456512294222],[76.2709289316389,10.184101505475654],[76.26119231775147,10.18905316715933],[76.25949185093607,10.197631282540438],[76.26393159456478,10.198667528739009],[76.25985435708584,10.201621758040133],[76.21967298392174,10.206389585284601],[76.21170059926858,10.200379171288441],[76.21384670771998,10.193485898003702],[76.18726966645869,10.191060428656263],[76.16762965028167,10.181861884158472],[76.16745670572483,10.171108588163625],[76.2206781349443,9.998922259930604],[76.22566588593061,9.990426959650184],[76.2405691152589,9.982334284270198],[76.23771991699415,9.956803117447588],[76.26096193401709,9.881465976548794],[76.28364798191402,9.75137697038605],[76.2794037494204,9.789406795052521],[76.2840470234447,9.791585809471925],[76.28244584651934,9.804849643221818],[76.29025101068069,9.809904490147078],[76.28089677188049,9.829045302059939],[76.28588907552864,9.849504020370953],[76.29742695439288,9.85283325835744],[76.29262193959995,9.89068668589921],[76.30151854066183,9.89145351415164],[76.3325301728154,9.877954492649648],[76.35330575832626,9.884078999669699],[76.36928708097982,9.860333768648113],[76.37292392298399,9.836902464770475],[76.38836149449779,9.844466821829261],[76.3944551847866,9.830796571870605],[76.41156586941537,9.828132917432427],[76.41424994205953,9.822445769317463],[76.44603506230023,9.834777655416083],[76.45771612273928,9.847753516193306],[76.47369118593198,9.841764343123648],[76.49804475582958,9.851548177765908],[76.50813473101718,9.8502346600988],[76.51432704554436,9.847774980249039],[76.52029459979086,9.823066509055268],[76.52442834938603,9.826045100915701],[76.53913965634878,9.820924849582937],[76.54576575295367,9.800105440199872],[76.55541206190054,9.80102205718782],[76.56103871537816,9.819925412486743],[76.58010546716507,9.821464660296956],[76.57970465325833,9.842666919579557],[76.60171572411878,9.84488259964182],[76.61655813750234,9.836915197938424],[76.60935740388157,9.848299870725572],[76.61101033724202,9.853625930128363],[76.63219345156638,9.856955333618627],[76.6319216581923,9.872126566443017],[76.63602922459187,9.874136297425387],[76.62772163538705,9.900488697574255],[76.63142280215548,9.915197651212576],[76.64823969277059,9.920517993017684],[76.66079998378551,9.915429219142354],[76.68079986506538,9.916568443475793],[76.6812925829139,9.911268336471524],[76.68958482889366,9.906873990101083],[76.69898897719277,9.910442806181821],[76.6991448375895,9.91858260838048],[76.69542733585595,9.914587590621132],[76.69320617585748,9.920587874022024],[76.684759893061,9.923446237843438],[76.69381691885961,9.932111021294228],[76.69954152283917,9.928330392018687],[76.70476182878792,9.93902552028136],[76.71103238208481,9.944697982903914],[76.71425325111183,9.942502865930935],[76.712975687776,9.951929080695505],[76.7193516188456,9.950662543272824],[76.72420427039972,9.956228895764589],[76.71240826602845,9.972956127843323],[76.7163703799122,9.985068551006039],[76.72293261618182,9.981585725277899],[76.73441593586726,9.983789551987375],[76.74547812624581,9.990994983954831],[76.76588717037467,9.980794544061332],[76.75969633806767,9.991128063776186],[76.76477709163535,9.988863865428812],[76.77005232597047,9.993938936631816],[76.7657771357355,9.996763873663678],[76.76424347618692,10.009988178624674],[76.78316350074857,10.035388545918924],[76.82483046910197,10.012984112707414],[76.83069991923458,10.01238698965466],[76.8395446183343,10.024370964105042],[76.79607186198666,10.041842339734973],[76.76931454591585,10.066447471576167],[76.80479314514274,10.06564091188389],[76.80062883665825,10.060729190996218],[76.80435098088519,10.057693675473198],[76.81112224793492,10.058610489476957],[76.8090357265329,10.0627560484361],[76.82235270354597,10.062417987517115],[76.81477675081754,10.081790577172828],[76.82689581990768,10.088557799637808],[76.86460969615774,10.073038093313187],[76.86648986106428,10.094646244424515],[76.90479484943256,10.142674384089513],[76.91398850000269,10.166221657069912],[76.92675102334769,10.178330018195904],[76.96306665119677,10.162283874316707],[76.98298227319793,10.165024407580344],[76.98867314454029,10.16031254992077],[77.00103783818192,10.163179800880263],[77.00360983162132,10.170094801311254],[77.0236015903344,10.179406413865678],[77.03056588916897,10.178930474445348],[77.03215476007327,10.17400169851993],[77.0590904150842,10.178053377329011],[77.0637290879376,10.17175170190134],[77.08227444675384,10.175284538105993],[77.08893957785274,10.18479387435345],[77.0810326121118,10.193269560451535],[77.06964338825743,10.196710972997204],[77.06438322495782,10.212357336591252],[77.03333920494505,10.208455906430908],[77.01522435654222,10.222597280712106],[77.02033449490116,10.229505581170965],[77.0587824896728,10.23667868161463],[77.06150090401192,10.248465806470183],[77.05052149518343,10.261850351705009],[77.03963854206025,10.252879054184396],[77.01248605260434,10.244012746671507],[76.98201881029277,10.219537805721611],[76.97066750252993,10.229047429225037],[76.95072347310452,10.231702543391469],[76.93962575435647,10.238154604674655],[76.9219064781907,10.231588762547368],[76.91279496058696,10.233843300088342],[76.90774630562105,10.24030861417228],[76.90256797525055,10.239575083855183],[76.90333503948517,10.251154110482808],[76.89611943874645,10.253153106218438],[76.8956450447331,10.257783881807116],[76.88907681131063,10.255101279059556],[76.87775556207549,10.259636594724753],[76.87872618275686,10.268706248815946],[76.86673386505501,10.268635194371171],[76.83998299170138,10.282572534696635],[76.82872502787968,10.27461822322297],[76.82597815491233,10.280229048693617],[76.80339413856368,10.284332533331034],[76.79666511209524,10.276636472427292],[76.79273433683854,10.279577950238423],[76.77472410803034,10.275816854224335],[76.76840704266297,10.268194671484066],[76.759178312881,10.268741886081193],[76.74706543048823,10.27759382517052],[76.69537290064471,10.263774084880948],[76.66919575700852,10.271435240974595],[76.66165976673383,10.2799172636503],[76.62113208943448,10.273445672843003],[76.61867950545252,10.280274214807244],[76.60309339660817,10.280175174445105],[76.59028162402608,10.29187315197176],[76.5896959449187,10.298882316906973],[76.57702484132358,10.302384018877655]]]}},{"type":"Feature","properties":{"id":"alappuzha","district":"Alappuzha","name":"Alappuzha","state":"Kerala","rep_lat":9.4898,"rep_lon":76.414,"elderly_pct":13.6,"outdoor_worker_pct":28.0},"geometry":{"type":"Polygon","coordinates":[[[76.29748033408369,9.891646057887268],[76.29236038073194,9.889797255310434],[76.29742695439288,9.85283325835744],[76.28588907552864,9.849504020370953],[76.28089677188049,9.829045302059939],[76.29025101068069,9.809904490147078],[76.28244584651934,9.804849643221818],[76.2840470234447,9.791585809471925],[76.2794037494204,9.789406795052521],[76.30290389823851,9.574220417462799],[76.32027159356504,9.48272775911375],[76.34834003043743,9.38731324733165],[76.48652830717475,9.086881752906402],[76.48886831608195,9.090327211892296],[76.47742972171787,9.122303576188207],[76.50610440821933,9.124745074203958],[76.50222964022566,9.134661393102792],[76.54213910772629,9.135810175350075],[76.55126749030113,9.110379413995465],[76.55869136364184,9.109610919426634],[76.57331900690893,9.117065928086113],[76.58441942329779,9.11666078814209],[76.59206671124291,9.131441107312478],[76.61500710812942,9.130083579949822],[76.62274098019319,9.137521455775493],[76.63331467211012,9.13824272503343],[76.63979556233753,9.150075078058885],[76.67413777027215,9.15323651424026],[76.67426363681987,9.168492020331575],[76.67962312684041,9.173935843450712],[76.68738672146202,9.169140990373137],[76.69058612434699,9.176602505073369],[76.67926940441752,9.181324103758543],[76.67615808673604,9.193209277923335],[76.66845587579444,9.198877084758703],[76.64709329244938,9.206745464444051],[76.646743426494,9.219630047560958],[76.63974963776523,9.232892286657588],[76.65364906983211,9.236179108477808],[76.65856806286828,9.243370597633568],[76.65606263009981,9.263834449433551],[76.66418036845418,9.2658338043495],[76.6629300716822,9.269130142647079],[76.67710050211406,9.270160845725995],[76.68106686862234,9.279101608992626],[76.6746323539215,9.29115281540951],[76.65337618141173,9.291730653400002],[76.65141772293835,9.30785010378621],[76.64483111537504,9.30936759009454],[76.64122177888656,9.322800171633807],[76.63507698613621,9.32651277622823],[76.64178630536392,9.332674933886226],[76.64141746788805,9.34042444617461],[76.62864132518504,9.342047916950905],[76.62762858788993,9.33661372622546],[76.59784729463773,9.345671633969861],[76.59472717705971,9.352100100235257],[76.58128154153503,9.346758077993341],[76.57954764391634,9.352850348668536],[76.56657926443748,9.355506831179424],[76.55006781718866,9.350525163055963],[76.55954120852819,9.342826104182919],[76.55008177790648,9.323786239195805],[76.53582541643114,9.321063064456393],[76.53147501564735,9.32845932012725],[76.49991851934136,9.322192041765934],[76.4736876438748,9.329032424047918],[76.48302050097463,9.344825204332292],[76.50862645532898,9.35441447491166],[76.5165438945278,9.352889085838225],[76.51548865613995,9.364628998051655],[76.5234157010241,9.365264195366708],[76.50899995326454,9.37664065773606],[76.51329896412591,9.4002831670824],[76.50576889913883,9.404248150413995],[76.50424726084536,9.429262548573961],[76.51116944126957,9.436113311995452],[76.49505118482394,9.442967365995637],[76.50886408487443,9.477563362950145],[76.50913544526051,9.496950951276599],[76.49533251022149,9.507261930754446],[76.48026435829186,9.50747450040367],[76.47929881848177,9.537717484887148],[76.465419057723,9.542273378827698],[76.46605263859456,9.561797651855926],[76.42644553683206,9.54973970022185],[76.4140502780129,9.56345655721695],[76.39213815208942,9.547807636102524],[76.39959043285434,9.639923185319674],[76.39644791668303,9.653959652762454],[76.40258678594239,9.68602810983117],[76.37564654413363,9.697497497897855],[76.38088907799577,9.751445247523378],[76.36528672401785,9.79309503456679],[76.38138709680275,9.821136537820907],[76.36967480014467,9.842637223827419],[76.36928708097982,9.860333768648113],[76.35330575832626,9.884078999669699],[76.3325301728154,9.877954492649648],[76.29748033408369,9.891646057887268]]]}},{"type":"Feature","properties":{"id":"kottayam","district":"Kottayam","name":"Kottayam","state":"Kerala","rep_lat":9.6253,"rep_lon":76.6447,"elderly_pct":13.6,"outdoor_worker_pct":28.0},"geometry":{"type":"Polygon","coordinates":[[[76.6253597120785,9.856649253292929],[76.60933312691101,9.850817790536544],[76.61655813750234,9.836915197938424],[76.60171572411878,9.84488259964182],[76.57970465325833,9.842666919579557],[76.58010546716507,9.821464660296956],[76.56103871537816,9.819925412486743],[76.55600335368179,9.801505269475483],[76.54685397388548,9.798911631483975],[76.53913965634878,9.820924849582937],[76.52442834938603,9.826045100915701],[76.52029459979086,9.823066509055268],[76.51432704554436,9.847774980249039],[76.50548073396871,9.850969746573776],[76.47369118593198,9.841764343123648],[76.45771612273928,9.847753516193306],[76.44603506230023,9.834777655416083],[76.41424994205953,9.822445769317463],[76.41156586941537,9.828132917432427],[76.3944551847866,9.830796571870605],[76.38836149449779,9.844466821829261],[76.37292392298399,9.836902464770475],[76.381537473883,9.818523672075642],[76.36528672401785,9.79309503456679],[76.38088907799577,9.751445247523378],[76.37564654413363,9.697497497897855],[76.40258678594239,9.68602810983117],[76.39644791668303,9.653959652762454],[76.39959043285434,9.639923185319674],[76.39213815208942,9.547807636102524],[76.4140502780129,9.56345655721695],[76.42644553683206,9.54973970022185],[76.4661254398618,9.56176592478805],[76.465419057723,9.542273378827698],[76.47929881848177,9.537717484887148],[76.48026435829186,9.50747450040367],[76.49533251022149,9.507261930754446],[76.50913544526051,9.496950951276599],[76.50886408487443,9.477563362950145],[76.49505530449782,9.443916691886834],[76.49731656888385,9.439368443952247],[76.51116944126957,9.436113311995452],[76.50424726084536,9.429262548573961],[76.50627482132367,9.40335544038358],[76.51616997079078,9.39998155851352],[76.51722573379475,9.40826777854805],[76.52534198364069,9.408242018451105],[76.5308258975146,9.416215129223858],[76.53725248278643,9.413918031783203],[76.5431720337591,9.422530948716387],[76.55321368407598,9.424435360755805],[76.55501403277117,9.412714842747496],[76.5591526413537,9.410852267699829],[76.56444389893853,9.410236719162793],[76.57882587004343,9.421745302201794],[76.59046707762322,9.41806771883508],[76.5930808984189,9.412292422052435],[76.59644758647443,9.420834374565734],[76.59190669434135,9.423300395605871],[76.5914477279947,9.44831849574956],[76.60430244453896,9.449977976180609],[76.60266953642285,9.457186416557962],[76.6096437472683,9.45417567580486],[76.60904127774994,9.459720401813222],[76.62571074943703,9.46122142529707],[76.6269139538269,9.471192330746748],[76.63111310526631,9.471529966616469],[76.6348604077111,9.461983749310974],[76.64071450833045,9.467652058460883],[76.6423328242131,9.478646978878892],[76.67221136817965,9.480305137099252],[76.67573177325164,9.484297846019214],[76.68823728500057,9.476653082734527],[76.70008143817272,9.476297697099202],[76.70819966880383,9.453408908336977],[76.73150579589365,9.465874622815038],[76.73265656112882,9.47386953787457],[76.74604937661307,9.473744568418534],[76.75186015418124,9.462401915239315],[76.748451463598,9.451778662480042],[76.75410397328443,9.453319026065145],[76.76497344269521,9.436102218155739],[76.78262374441685,9.448118075508402],[76.79242282894577,9.446070517865143],[76.79997839171386,9.458208801450745],[76.80301840921292,9.454550192453848],[76.81840069121762,9.454710647057128],[76.82306654709154,9.44518569450212],[76.83255569757607,9.451780739545056],[76.84851013005996,9.444926739513884],[76.85383485617734,9.45667286371132],[76.90426164810745,9.431043847318392],[76.91081598189751,9.422791637968372],[76.92280825648024,9.423499407935823],[76.92418137091789,9.415017603120356],[76.93591436925169,9.42071604742354],[76.9840291123379,9.423393605384875],[76.9662575200866,9.433260221470306],[76.96116194970658,9.42614571512282],[76.95293948755305,9.429953505145926],[76.95270838696307,9.435298917403804],[76.94263039530135,9.429502382765037],[76.93950547263488,9.443574645170155],[76.9515107673993,9.449727407540768],[76.96281703543048,9.464190398868158],[76.98246682797274,9.467325196168819],[76.98359752035287,9.485907514529138],[76.97756835784756,9.497434640525038],[76.96119839076441,9.508608479687744],[76.95443555709858,9.491304707719838],[76.94973156953746,9.489405518613939],[76.93755822603454,9.503049872694259],[76.92428836206486,9.503945482656025],[76.9034159282849,9.520542824034937],[76.90051963404476,9.537688178506173],[76.88555828102265,9.539301480356567],[76.8818376037446,9.580059693328854],[76.8949302876009,9.585749305207935],[76.89135975563774,9.609506164309229],[76.88726577176524,9.60950138147279],[76.89216105197283,9.62996247460751],[76.9024823137017,9.633471884907634],[76.92929251089836,9.61414677514819],[76.93457598907284,9.620720399419154],[76.91781325069971,9.643357632207113],[76.92669158811353,9.653332723480855],[76.90199244171603,9.676885882106264],[76.90275874687418,9.684379748679044],[76.88766718484828,9.716783062877207],[76.86778195285319,9.72812790345763],[76.86656033749156,9.734754324324747],[76.86026217447443,9.729221880942012],[76.8078911758429,9.788644579201904],[76.77880623414104,9.807433286150868],[76.7540383792007,9.816716303881483],[76.74934467195972,9.813366248477795],[76.75067000590573,9.805772142472005],[76.74206260577147,9.803559241145027],[76.69912117057504,9.824967338183642],[76.69568574163732,9.833183989647708],[76.68485010817004,9.832668399001184],[76.68209342919305,9.83908718013368],[76.66736489793301,9.84393765381648],[76.66342559586762,9.839079749698424],[76.64623857689759,9.839927568804422],[76.6281992274028,9.849199823652494],[76.6253597120785,9.856649253292929]]]}},{"type":"Feature","properties":{"id":"pathanamthitta","district":"Pathanamthitta","name":"Pathanamthitta","state":"Kerala","rep_lat":9.276,"rep_lon":76.9783,"elderly_pct":13.6,"outdoor_worker_pct":28.0},"geometry":{"type":"Polygon","coordinates":[[[76.67577690550984,9.484225318646322],[76.67221136817965,9.480305137099252],[76.6423328242131,9.478646978878892],[76.64071450833045,9.467652058460883],[76.6348604077111,9.461983749310974],[76.63111310526631,9.471529966616469],[76.6269139538269,9.471192330746748],[76.62571074943703,9.46122142529707],[76.60904127774994,9.459720401813222],[76.6096437472683,9.45417567580486],[76.60266953642285,9.457186416557962],[76.60430244453896,9.449977976180609],[76.5914477279947,9.44831849574956],[76.59190669434135,9.423300395605871],[76.59644758647443,9.420834374565734],[76.5930808984189,9.412292422052435],[76.59046707762322,9.41806771883508],[76.57882587004343,9.421745302201794],[76.56444389893853,9.410236719162793],[76.5591526413537,9.410852267699829],[76.55501403277117,9.412714842747496],[76.55321368407598,9.424435360755805],[76.5431720337591,9.422530948716387],[76.53725248278643,9.413918031783203],[76.5308258975146,9.416215129223858],[76.52534198364069,9.408242018451105],[76.51573285057353,9.407275140046744],[76.50897804604972,9.376844155048113],[76.51402459805956,9.36918297061005],[76.52346487210784,9.36714901081292],[76.51548865613995,9.364628998051655],[76.5165438945278,9.352889085838225],[76.50862645532898,9.35441447491166],[76.48302050097463,9.344825204332292],[76.47333976858609,9.331805040866836],[76.47466959860007,9.32768579184406],[76.4874504682381,9.327994399542526],[76.49991851934136,9.322192041765934],[76.53147501564735,9.32845932012725],[76.53582541643114,9.321063064456393],[76.55008177790648,9.323786239195805],[76.55954120852819,9.342826104182919],[76.55006781718866,9.350525163055963],[76.56657926443748,9.355506831179424],[76.57954764391634,9.352850348668536],[76.58128154153503,9.346758077993341],[76.59472717705971,9.352100100235257],[76.59784729463773,9.345671633969861],[76.62762858788993,9.33661372622546],[76.62864132518504,9.342047916950905],[76.6414900158304,9.340351820352014],[76.64178630536392,9.332674933886226],[76.63507698613621,9.32651277622823],[76.64122177888656,9.322800171633807],[76.64483111537504,9.30936759009454],[76.65141772293835,9.30785010378621],[76.65337618141173,9.291730653400002],[76.6746323539215,9.29115281540951],[76.68106686862234,9.279101608992626],[76.67710050211406,9.270160845725995],[76.6629300716822,9.269130142647079],[76.66418036845418,9.2658338043495],[76.65606263009981,9.263834449433551],[76.65856806286828,9.243370597633568],[76.65364906983211,9.236179108477808],[76.63974963776523,9.232892286657588],[76.646743426494,9.219630047560958],[76.64709329244938,9.206745464444051],[76.66845587579444,9.198877084758703],[76.67615808673604,9.193209277923335],[76.67926940441752,9.181324103758543],[76.69060081359854,9.175891998058466],[76.68738672146202,9.169140990373137],[76.67962312684041,9.173935843450712],[76.67426363681987,9.168492020331575],[76.67413777027215,9.15323651424026],[76.63726387181333,9.148472637516821],[76.63304970683056,9.122832720748137],[76.64442025920175,9.122490830657632],[76.65223806445577,9.113710778607107],[76.6727489164524,9.11830480179658],[76.6778640260881,9.105166924522122],[76.67674418356,9.087906047442345],[76.67096983357494,9.08153120063437],[76.67424619063873,9.077683859802088],[76.6909725427513,9.090115665130588],[76.7221211572059,9.080508298297119],[76.72844430686263,9.083814515535243],[76.73416980646257,9.081016515181137],[76.73691779962908,9.086034497840073],[76.74609618692423,9.079775592739413],[76.7541440731804,9.088540324921698],[76.75846108178848,9.07261995606491],[76.7708677644831,9.074653661472638],[76.76554481074179,9.094642517502152],[76.78326472560974,9.114222311738692],[76.80919291374131,9.10854580665382],[76.82261794371001,9.093494313327822],[76.84203959920444,9.092190373498887],[76.85183623851914,9.099668577930466],[76.85192542056562,9.113202872475341],[76.85671117188555,9.117529110591288],[76.86590602979142,9.11631240573961],[76.87561646856813,9.131346214571767],[76.88452175454218,9.122363472155808],[76.89413046450284,9.124684500121273],[76.89781709114004,9.130779014616856],[76.90260263494916,9.125608503218308],[76.92377731409297,9.122709139899182],[76.9250004458108,9.118848314863392],[76.94818925561944,9.117353011549163],[76.96008240290719,9.130071775742445],[76.95036535252999,9.130864849269598],[76.93946364168538,9.13907030164578],[76.92634748395237,9.139252510538526],[76.92988926802981,9.174266887026828],[76.9594919986614,9.153678913693343],[77.00033636174285,9.137780856345282],[77.00915134906455,9.139756992464958],[77.01857677935104,9.12979820343705],[77.04500532999418,9.122537201448381],[77.05423709518352,9.126697349340686],[77.05720816788285,9.116665657594003],[77.06459581486308,9.118815885752586],[77.06770198699463,9.113379532358783],[77.07910084617875,9.112505826507755],[77.10718847286226,9.094091482036815],[77.12062914968658,9.094235183372918],[77.14545403596938,9.082855841353439],[77.15439270154275,9.086744008652948],[77.15424604797931,9.081217919401375],[77.20444704297293,9.070959282531035],[77.20879007307983,9.07415400203438],[77.20567553763297,9.084505235099373],[77.21206627114182,9.099888866730586],[77.2260796149766,9.10745876075623],[77.22806620149821,9.116240331564782],[77.24693209178419,9.12388342675543],[77.25339670274201,9.139641657767928],[77.26779965130542,9.153421294028597],[77.26428277571418,9.186162688434855],[77.25247399640129,9.189545986568072],[77.2563019271344,9.19942665356135],[77.27067666769958,9.200882944509123],[77.28221741937607,9.216893150524893],[77.27528876209865,9.234843703930592],[77.28332167972727,9.272876800847467],[77.24899441436908,9.289650824729645],[77.23716410243884,9.282646908246358],[77.23577276387903,9.292729150817358],[77.22435789941147,9.296148810599542],[77.22433638026887,9.31123395181401],[77.23496798028397,9.324834948128233],[77.23038205470739,9.33111410236265],[77.23798728712418,9.339840195808872],[77.23471610884798,9.350078032320575],[77.24817262297073,9.377562868310427],[77.24659606886735,9.38466168334273],[77.23148451483476,9.40399329460277],[77.2289329302203,9.41972276053054],[77.2205259181748,9.421358385670677],[77.22399443026775,9.434451007922103],[77.2117019459036,9.443847489652327],[77.2078206291915,9.44145071280297],[77.20690493869314,9.450429361519989],[77.19070014304465,9.449517308082543],[77.18784702812528,9.456318680240413],[77.18363814882966,9.454247424425846],[77.18109969758461,9.47217813522003],[77.16870599464751,9.461664636726614],[77.16629953735875,9.469753879258768],[77.1545487577722,9.471033530155042],[77.13516111069782,9.458811033082288],[77.10055947559735,9.468476772838542],[77.09848880496853,9.463066916408623],[77.06852009170701,9.454757321249728],[77.05852152189621,9.445680711468317],[77.05794320627923,9.42805518414785],[77.0659272456749,9.417179044837859],[77.05230190936418,9.418013151549186],[77.02039288000472,9.406219436741415],[77.0092953211568,9.4090943064622],[77.01188478143861,9.418722195925078],[77.00790530132382,9.429324528730115],[77.01835458016718,9.431372922272276],[77.01711122557568,9.441626144948527],[76.96794323925992,9.464342560510731],[76.93980302699633,9.444689340528125],[76.94263039530135,9.429502382765037],[76.95270838696307,9.435298917403804],[76.95293948755305,9.429953505145926],[76.96116194970658,9.42614571512282],[76.9662575200866,9.433260221470306],[76.9840291123379,9.423393605384875],[76.93591436925169,9.42071604742354],[76.924809183707,9.414969011983253],[76.92280825648024,9.423499407935823],[76.91081598189751,9.422791637968372],[76.90426164810745,9.431043847318392],[76.85383485617734,9.45667286371132],[76.84851013005996,9.444926739513884],[76.83255569757607,9.451780739545056],[76.82306654709154,9.44518569450212],[76.81840069121762,9.454710647057128],[76.80301840921292,9.454550192453848],[76.79997839171386,9.458208801450745],[76.79242282894577,9.446070517865143],[76.78262374441685,9.448118075508402],[76.76497344269521,9.436102218155739],[76.75410397328443,9.453319026065145],[76.748451463598,9.451778662480042],[76.75186015418124,9.462401915239315],[76.74604937661307,9.473744568418534],[76.73265656112882,9.47386953787457],[76.73150579589365,9.465874622815038],[76.70819966880383,9.453408908336977],[76.70008143817272,9.476297697099202],[76.68823728500057,9.476653082734527],[76.67577690550984,9.484225318646322]]]}},{"type":"Feature","properties":{"id":"kollam","district":"Kollam","name":"Kollam","state":"Kerala","rep_lat":8.962,"rep_lon":76.8605,"elderly_pct":13.6,"outdoor_worker_pct":28.0},"geometry":{"type":"Polygon","coordinates":[[[76.9302577830105,9.173909680343394],[76.92634748395237,9.139252510538526],[76.93946364168538,9.13907030164578],[76.95036535252999,9.130864849269598],[76.96008240290719,9.130071775742445],[76.94818925561944,9.117353011549163],[76.9250004458108,9.118848314863392],[76.92377731409297,9.122709139899182],[76.90260263494916,9.125608503218308],[76.89781709114004,9.130779014616856],[76.89413046450284,9.124684500121273],[76.88452175454218,9.122363472155808],[76.87561646856813,9.131346214571767],[76.86590602979142,9.11631240573961],[76.85671117188555,9.117529110591288],[76.85192542056562,9.113202872475341],[76.85183623851914,9.099668577930466],[76.84203959920444,9.092190373498887],[76.82261794371001,9.093494313327822],[76.80919291374131,9.10854580665382],[76.78326472560974,9.114222311738692],[76.76554481074179,9.094642517502152],[76.77135888961863,9.074920567048293],[76.75927082049063,9.072240507028669],[76.7541440731804,9.088540324921698],[76.74609618692423,9.079775592739413],[76.73691779962908,9.086034497840073],[76.73416980646257,9.081016515181137],[76.72844430686263,9.083814515535243],[76.7221211572059,9.080508298297119],[76.6909725427513,9.090115665130588],[76.67424619063873,9.077683859802088],[76.67096983357494,9.08153120063437],[76.67674418356,9.087906047442345],[76.6762100012746,9.114306207902628],[76.67237649559688,9.118437550047933],[76.65223806445577,9.113710778607107],[76.64442025920175,9.122490830657632],[76.633449722135,9.1219482526662],[76.63623980496583,9.12799010577415],[76.63624022717403,9.137824277929019],[76.63411666733454,9.141159950241823],[76.61500710812942,9.130083579949822],[76.59206671124291,9.131441107312478],[76.58441942329779,9.11666078814209],[76.57331900690893,9.117065928086113],[76.55869136364184,9.109610919426634],[76.55126749030113,9.110379413995465],[76.54213910772629,9.135810175350075],[76.51049824703873,9.136656971802338],[76.50222964022566,9.134661393102792],[76.50610440821933,9.124745074203958],[76.47808396473931,9.123227690112142],[76.47656771723585,9.117307209517035],[76.48886831608195,9.090327211892296],[76.48652830717475,9.086881752906402],[76.51861573296648,9.012470124604281],[76.535605438781,8.936339629163376],[76.54414357251866,8.936263967595798],[76.53548840446915,8.934020377251834],[76.54032362691012,8.932264235577717],[76.5477719434097,8.902752135896625],[76.56596151727112,8.87996021180287],[76.57104013823832,8.883437856010845],[76.581818648735,8.880442011594228],[76.6102267188534,8.859738311294082],[76.67349960619599,8.781150627565097],[76.67705265963868,8.788164936594201],[76.68156227063692,8.775483364413912],[76.6896260453955,8.778204888352661],[76.69219198418993,8.790963422578614],[76.70901098584595,8.79040869055918],[76.72075147343432,8.803025732205775],[76.74214250283114,8.794818387010357],[76.75820512840782,8.794843447391328],[76.76031730120278,8.790842282950983],[76.76104085553656,8.79973469632893],[76.77068583587513,8.799404776006778],[76.77092992520582,8.81061368965974],[76.7923392595732,8.813061876642651],[76.78278858347487,8.818920050275844],[76.79413649740258,8.827698513160875],[76.78144617614856,8.842223178310682],[76.77518023570067,8.843333135654635],[76.78166318756163,8.851461267972086],[76.78260935610093,8.862029332851018],[76.78924613906442,8.852975590711232],[76.79414607344351,8.85600784868277],[76.80127475050037,8.848181056345872],[76.80646080817893,8.856775899474735],[76.81173895215724,8.854395505489864],[76.81611581551269,8.85915205041884],[76.82494312682176,8.842941091272438],[76.84659576629056,8.832778388609016],[76.84487447113702,8.825636301944604],[76.85452428980172,8.813461860485297],[76.88381814011272,8.803589783374733],[76.88901841722391,8.808544676320938],[76.89971991155804,8.808780277174803],[76.92088102344609,8.784361076255038],[76.91455829060764,8.774892520136927],[76.93442267809488,8.76027854321264],[76.94616620019227,8.770762979655624],[76.97253704126493,8.77479376471437],[76.98099191195551,8.789424875787741],[76.9949791938673,8.784953731608317],[77.00311231676919,8.77156890844997],[77.02462722923362,8.774880335958617],[77.01103716886577,8.796420656238801],[77.00818523882424,8.811816011815498],[77.0205217109929,8.816215380366561],[77.01953501406125,8.827786160317508],[77.03194513371014,8.84221341783052],[77.05024562255967,8.846063986162596],[77.10699061532766,8.82998659262482],[77.12707316676651,8.810309815749516],[77.14500196778579,8.803551404940889],[77.19107918358552,8.772416880248036],[77.20847826874302,8.76502213131294],[77.21753311882196,8.76768967091441],[77.21302732925695,8.7786031085198],[77.22922698923699,8.784042911526251],[77.23195413070911,8.807153885202998],[77.24230703020396,8.809366299470366],[77.24707721910994,8.823721590957268],[77.26399115562349,8.84206893499998],[77.25727493104617,8.861650015163885],[77.25833876990457,8.874972032966614],[77.23757246488891,8.885792980883378],[77.23846253004545,8.897858591391177],[77.2211487048899,8.904065647688624],[77.21816840289932,8.91665910407752],[77.22379541480474,8.924266442295595],[77.2213048859852,8.927519190106208],[77.21036716617242,8.932000017402112],[77.20294134977573,8.923143711185617],[77.1927129127618,8.926313512430124],[77.1970563578904,8.935544113918873],[77.19620524368457,8.954698625123994],[77.1854686045616,8.970301412868384],[77.17812079606757,8.969217450167667],[77.17348586110406,8.991342464601434],[77.16159106001788,8.995159140869584],[77.1567730097719,9.007618419634326],[77.14926840303997,9.009693892210198],[77.14700999349995,9.021366285015706],[77.16093707301631,9.029217952922114],[77.16701279699942,9.044890538208623],[77.18284811826649,9.046771682017907],[77.18692886276833,9.0427751547668],[77.19717519062944,9.046550661534809],[77.19671144255052,9.056634893988091],[77.20724719501978,9.071721795984413],[77.166685727591,9.077588053309137],[77.1536972447144,9.081438140604428],[77.15439270154275,9.086744008652948],[77.14545403596938,9.082855841353439],[77.12062914968658,9.094235183372918],[77.10718847286226,9.094091482036815],[77.07910084617875,9.112505826507755],[77.06770198699463,9.113379532358783],[77.06459581486308,9.118815885752586],[77.05720816788285,9.116665657594003],[77.05423709518352,9.126697349340686],[77.04500532999418,9.122537201448381],[77.01857677935104,9.12979820343705],[77.00915134906455,9.139756992464958],[77.00033636174285,9.137780856345282],[76.9594919986614,9.153678913693343],[76.9302577830105,9.173909680343394]]]}},{"type":"Feature","properties":{"id":"thiruvananthapuram","district":"Thiruvananthapuram","name":"Thiruvananthapuram","state":"Kerala","rep_lat":8.5725,"rep_lon":77.053,"elderly_pct":12.6,"outdoor_worker_pct":21.0},"geometry":{"type":"Polygon","coordinates":[[[76.78279981061928,8.861942529068951],[76.77518023570067,8.843333135654635],[76.78144617614856,8.842223178310682],[76.79413649740258,8.827698513160875],[76.78278858347487,8.818920050275844],[76.7923392595732,8.813061876642651],[76.77092992520582,8.81061368965974],[76.77068583587513,8.799404776006778],[76.76104085553656,8.79973469632893],[76.76031730120278,8.790842282950983],[76.75820512840782,8.794843447391328],[76.74214250283114,8.794818387010357],[76.72213828718004,8.803231871833537],[76.70897603688984,8.794689565137894],[76.70901098584595,8.79040869055918],[76.69219198418993,8.790963422578614],[76.6896260453955,8.778204888352661],[76.68348087175949,8.775737006835522],[76.67643847069913,8.788009490868124],[76.67349960619599,8.781150627565097],[76.6993413377697,8.738575886597943],[76.95969724933079,8.42159510387135],[76.97284009331594,8.398228834406972],[76.97149846842223,8.391890834951878],[76.9864758923048,8.375797145146047],[76.99773469245801,8.374946479318016],[77.00997379263974,8.357216147610597],[77.02595302760864,8.350124077463194],[77.09779810741458,8.29248867977566],[77.10297102453711,8.306402047633503],[77.11228687652864,8.30400225952254],[77.11615852018177,8.309400726362368],[77.12211477721523,8.308617698915054],[77.11859329865648,8.32026435942262],[77.12868901857033,8.324564705561729],[77.14822419416721,8.331711641557535],[77.15332077066029,8.326934361277125],[77.16848117956958,8.332553534658402],[77.17283108358504,8.318757080693052],[77.17974970039249,8.322791111555865],[77.16654339492412,8.342540308394897],[77.17507657984284,8.35001897508674],[77.17388001759619,8.358523387673078],[77.16760376718379,8.3633676782322],[77.1523848465085,8.35507467547309],[77.16080124235546,8.373644706778098],[77.15937104806633,8.381189724133518],[77.15067447307214,8.384458134764637],[77.16056963870889,8.389355478942917],[77.16766810003286,8.383723029823733],[77.181713313399,8.396144702134563],[77.18257455521133,8.404911647134016],[77.19685899532755,8.419615802270112],[77.1960286708323,8.428892305671754],[77.20597543749562,8.44399788947335],[77.22699535039071,8.446731115514014],[77.22517214945302,8.459625204407711],[77.21298840884894,8.470381766709512],[77.210424206498,8.491866360994857],[77.20127547528531,8.500969788757327],[77.21351972281364,8.512028502525766],[77.2293596964556,8.508198883370302],[77.238725936748,8.496029892456802],[77.25120577105287,8.505539598079848],[77.26161393400568,8.50627529103725],[77.27456159743573,8.537748603615583],[77.28375606367617,8.54685140048988],[77.27420600561872,8.559764954319883],[77.26633663257583,8.58526457406955],[77.2463520882328,8.603589690871823],[77.25198069015629,8.608350636354823],[77.25144280681191,8.620337841286961],[77.23456320929841,8.62697158137469],[77.22933222058431,8.639914279584179],[77.22474258945716,8.639203602574126],[77.21417618557211,8.649261488072668],[77.20828406555499,8.663757471957743],[77.20085477716975,8.668967151607596],[77.20674320690772,8.684534695318167],[77.19494266245104,8.707880387798715],[77.181328240671,8.717236273351682],[77.1787115084355,8.732019693545976],[77.16999157904053,8.741850180160423],[77.17246905084744,8.749632328748504],[77.1769811564672,8.74379282919942],[77.19143274610833,8.742015056716879],[77.19806805583474,8.75276369612009],[77.19952687673701,8.77145055997423],[77.19107918358552,8.772416880248036],[77.14500196778579,8.803551404940889],[77.12707316676651,8.810309815749516],[77.10699061532766,8.82998659262482],[77.05024562255967,8.846063986162596],[77.03194513371014,8.84221341783052],[77.01953501406125,8.827786160317508],[77.0205217109929,8.816215380366561],[77.00818523882424,8.811816011815498],[77.01103716886577,8.796420656238801],[77.02462722923362,8.774880335958617],[77.00311231676919,8.77156890844997],[76.9949791938673,8.784953731608317],[76.98099191195551,8.789424875787741],[76.97253704126493,8.77479376471437],[76.94616620019227,8.770762979655624],[76.93442267809488,8.76027854321264],[76.91455829060764,8.774892520136927],[76.92088102344609,8.784361076255038],[76.89971991155804,8.808780277174803],[76.88901841722391,8.808544676320938],[76.88381814011272,8.803589783374733],[76.85452428980172,8.813461860485297],[76.84487447113702,8.825636301944604],[76.84659576629056,8.832778388609016],[76.82494312682176,8.842941091272438],[76.81611581551269,8.85915205041884],[76.81173895215724,8.854395505489864],[76.80646080817893,8.856775899474735],[76.80127475050037,8.848181056345872],[76.79414607344351,8.85600784868277],[76.78924613906442,8.852975590711232],[76.78279981061928,8.861942529068951]]]}},{"type":"Feature","properties":{"id":"kannur","district":"Kannur","name":"Kannur","state":"Kerala","rep_lat":11.9936,"rep_lon":75.5449,"elderly_pct":13.6,"outdoor_worker_pct":28.0},"geometry":{"type":"Polygon","coordinates":[[[75.39206792174008,12.290197493398036],[75.3896300880951,12.296134717971242],[75.38787010070558,12.287266660893108],[75.36987334572832,12.285202523204651],[75.3658038499305,12.2778972503636],[75.34526800680268,12.266968780969371],[75.33020704229364,12.26598787051032],[75.31930368843038,12.27423820209564],[75.2987078881472,12.269522906828255],[75.28730205444323,12.26041112447374],[75.29151634069856,12.242642906618883],[75.28913902565593,12.233322725783006],[75.25215603758562,12.218456544019443],[75.23260637665483,12.22133995973579],[75.20300641193599,12.190681714789704],[75.17350581166733,12.189571101049784],[75.19628277086767,12.13998050695793],[75.18811471158604,12.12903552568215],[75.19388228198567,12.118035918108863],[75.19353132457722,12.102577956148751],[75.18683706201195,12.095181088485043],[75.17657823409365,12.101928883443719],[75.16545523316026,12.089501492605299],[75.20124565648693,12.006354083315292],[75.22124136868553,12.012612025032428],[75.22761068096811,12.023476912104492],[75.25156017248126,12.00870504286446],[75.29165591823248,11.954421175005308],[75.30369071277251,11.951436325369215],[75.30328651401378,11.942735051720827],[75.32034558054802,11.916201860436844],[75.31935488790998,11.905235475042568],[75.32531312033875,11.904969671931058],[75.3461302125073,11.88045854282265],[75.35640261037628,11.860293955895877],[75.36792514421883,11.852216375983327],[75.37428503047911,11.852654765362788],[75.37461387316193,11.85906017208821],[75.38625347275735,11.85638338080758],[75.4249170596039,11.813202236845187],[75.43793515634215,11.805594692678143],[75.44775359417557,11.78280654888923],[75.46158207191142,11.779859454365207],[75.45394146383872,11.771655497978541],[75.4607925731509,11.765751636969366],[75.46839153802195,11.764844491889702],[75.47067746745071,11.770633968802594],[75.47621825636023,11.766933117935238],[75.47291937583732,11.764609109458636],[75.48545001346473,11.74835146090652],[75.498180768788,11.734503853198705],[75.50917682160208,11.731399144986977],[75.52471092877126,11.708176013369778],[75.53055591598205,11.704027560796984],[75.53843957583125,11.709875168844794],[75.55340417985637,11.702427722456331],[75.56360184508026,11.693388158242007],[75.56184171665525,11.68036138458579],[75.56929245231791,11.674356154399796],[75.58774833623688,11.68673009543152],[75.6005218423845,11.686075374357316],[75.60256585011736,11.693779780827795],[75.59331004960428,11.696412175510229],[75.59359235326717,11.706218082111137],[75.58772760401844,11.711759571956838],[75.59467344427055,11.711971400377108],[75.60648921247636,11.721843699166214],[75.60716399547677,11.71778672638674],[75.62650688668707,11.736996515535408],[75.6356060048449,11.735651882196684],[75.65454530994751,11.755520565340442],[75.66575082383471,11.758013099128117],[75.66869746146001,11.769878782159736],[75.68532922007486,11.778216503699559],[75.69117413901367,11.798670155767818],[75.71637440610087,11.796406377308633],[75.72899518248053,11.779614948735574],[75.73791850482884,11.78092127028815],[75.73753428460206,11.786519328409769],[75.75305361089153,11.783490572766132],[75.75758729853602,11.788600963198165],[75.74613821723933,11.798604459702977],[75.75638800810586,11.80478043476989],[75.77583003469597,11.8028611480855],[75.7975876692552,11.817928531946247],[75.79791225392353,11.827050989376904],[75.78960217908032,11.835388225526629],[75.79010922236269,11.840961167916058],[75.80449617642245,11.846965496232594],[75.80882729846192,11.855864086431618],[75.81909670134776,11.858235309977628],[75.8283031996231,11.850495902481448],[75.84378956223323,11.855414423546817],[75.8544579132249,11.847244987621444],[75.87167686999827,11.848499295559476],[75.89140028846124,11.842226529822065],[75.92125512049753,11.846774425591262],[75.92703198846037,11.842352417459558],[75.92528412383564,11.8480000964903],[75.93108552029727,11.857610537404982],[75.91112978672206,11.874126548106506],[75.93023537088204,11.881700356770963],[75.93616171311824,11.890012698176784],[75.93910108786446,11.90257086257435],[75.92479511063935,11.919444415121085],[75.92492974474426,11.929412376686956],[75.92884401435593,11.93433623617115],[75.93651067896174,11.934324505513818],[75.93938700005985,11.940404497705831],[75.87009146569265,11.951987291654639],[75.85420133461685,11.963717813317114],[75.8469050624707,11.982087092709849],[75.82946603821567,11.984588345684912],[75.82490901234009,12.002750632643291],[75.82035940654879,12.002683159106907],[75.82284254403018,12.012895006179894],[75.8100313840991,12.022872547501825],[75.81083400365263,12.028751064532118],[75.80107932644147,12.03703515399641],[75.79407375630778,12.055172539870577],[75.79866723851251,12.057139455450098],[75.80272633810753,12.07950439282958],[75.78597340484573,12.084933488726438],[75.75356265651864,12.08541465423606],[75.74711554833583,12.078263005112412],[75.73610191728825,12.079027601800442],[75.71472284446786,12.07052089872849],[75.71792543906705,12.08565705979546],[75.70212738530785,12.092370426206369],[75.70325813338353,12.108253216288364],[75.68717228186517,12.110323824089532],[75.67676169166447,12.097433880299446],[75.66164594968605,12.098500870704854],[75.64893148351383,12.108630636391029],[75.64320387377128,12.137952460201927],[75.63836623126896,12.13813672565433],[75.63593251370459,12.14845474818857],[75.61949540204552,12.155675700546002],[75.59520629884595,12.153404869283996],[75.59246747029198,12.14701333584719],[75.58307263033585,12.158286154606062],[75.57702727659587,12.156910788264081],[75.56990925715154,12.171817811017872],[75.5549775772799,12.1820068853292],[75.55263118853756,12.191844926381886],[75.54143187841572,12.196410688703349],[75.53985712453611,12.20173954658505],[75.53261177698509,12.200496696685178],[75.53978247273939,12.215668638212136],[75.52675916397584,12.22498503068797],[75.52810649676485,12.230914446911854],[75.52106164869365,12.235285825364471],[75.50538099665725,12.270802037768199],[75.49387983553196,12.272870969605426],[75.48494460781114,12.289988164913174],[75.4753185010767,12.296137254547007],[75.4652728820029,12.289400109927087],[75.4358177625388,12.29459352512041],[75.42569092947508,12.286797069166395],[75.41542060222285,12.28818390198311],[75.41028879560093,12.29466710115999],[75.39206792174008,12.290197493398036]],[[75.53794956550503,11.762800408235575],[75.54623518281629,11.756346142065834],[75.543286339827,11.734379099081309],[75.55577670328528,11.727695321806593],[75.5555057246832,11.721747549478474],[75.5478813258115,11.715416011873264],[75.53658716976535,11.719389931737817],[75.5325021025704,11.715811400503114],[75.53754375247374,11.712174458902648],[75.53116885177178,11.708435936222598],[75.52663646668445,11.726135068231097],[75.54160290866264,11.738838633216078],[75.54055743496193,11.748579339306165],[75.53126155611245,11.758628541654392],[75.53794956550503,11.762800408235575]]]}},{"type":"Feature","properties":{"id":"bidar","district":"Bidar","name":"Bidar","state":"Karnataka","rep_lat":18.0259,"rep_lon":77.2481,"elderly_pct":10.3,"outdoor_worker_pct":33.5},"geometry":{"type":"Polygon","coordinates":[[[77.32647005622245,18.458838418279793],[77.31994013594687,18.45801896627803],[77.31690652613071,18.44224495390209],[77.27909330968491,18.429789964312214],[77.25942412790556,18.413253369778843],[77.24182368268221,18.412599321358357],[77.23374073518045,18.388193055029326],[77.2395151417594,18.378599466899203],[77.2484798863238,18.376048879018573],[77.246446244251,18.370758281530737],[77.22588637298595,18.365212677621336],[77.22014644105268,18.349266354574333],[77.22964010916479,18.34820146631984],[77.21912234006922,18.325723652899445],[77.21184912498146,18.31627391347931],[77.20172328814938,18.322158420350338],[77.19876781469495,18.315445435294922],[77.2130680930079,18.280313971317227],[77.1975283947244,18.27660353309128],[77.18826872696405,18.284735771546554],[77.17486727777155,18.284855365674105],[77.16980453093373,18.26086508363454],[77.15918908172912,18.255783774582035],[77.15182044040537,18.238017060101015],[77.14868784432973,18.239039707069445],[77.1515769754038,18.21703921465899],[77.14275373975116,18.21703499684188],[77.14019278031839,18.20771287810176],[77.11134600894785,18.204237802364062],[77.09765435540956,18.19671808052649],[77.11639305772604,18.17101134426431],[77.11159808699632,18.1558284777961],[77.09953228171435,18.158188223800025],[77.08490055740093,18.15078379885018],[77.06401365625331,18.150647089776275],[77.05325790277773,18.159446645572412],[77.05203340292574,18.173224089922055],[77.03323418380349,18.181987394899473],[77.03178676701376,18.177427716613007],[77.02314020123141,18.175647583871612],[77.02336030823896,18.15850439342],[77.00117076009786,18.160894272561208],[76.99066627618704,18.189982263902003],[76.95199218893312,18.188093787156273],[76.94241872796589,18.15640717959083],[76.93153421177412,18.159648173137764],[76.92402085904459,18.146628293059123],[76.93185279839132,18.133521267402408],[76.92030680055356,18.12506873762258],[76.92055703795405,18.11817804525277],[76.95433087731685,18.11053969518339],[76.9664063089454,18.098196682449682],[76.9629979687051,18.089567365045593],[76.9452705744641,18.083196433872235],[76.95167686589535,18.06104904367461],[76.94495741367122,18.048357128477363],[76.95236137495533,18.04021542787541],[76.91437200247559,18.03535733684645],[76.91235189352254,18.017335609515477],[76.90570041501933,18.009706069758323],[76.90676385682235,17.996591025125433],[76.91319606015799,17.99688696755649],[76.91449603107024,17.96156185327275],[76.92072395661191,17.941568130352966],[76.91915553855003,17.91619785198095],[76.90132043630648,17.917239844971835],[76.894242821287,17.899824457859648],[76.884041363376,17.898979386247184],[76.88432369847992,17.894290703908947],[76.85270116971236,17.900720334739642],[76.8390124330038,17.899060062298723],[76.8319768878857,17.89525408156883],[76.83125810899594,17.885613534777637],[76.81027250545651,17.887039153574843],[76.80672608607222,17.870573232467258],[76.77510685502007,17.8777108002251],[76.76821839824993,17.901149714488092],[76.74002992579433,17.89969872048157],[76.73853967373859,17.85667967296103],[76.7515514274726,17.858128754317583],[76.76755662195656,17.852125523757678],[76.79045015732795,17.826332607914768],[76.7829196943872,17.817915684778775],[76.77878398287147,17.800479110364915],[76.76656645123967,17.79846750035941],[76.76209500067472,17.787015961114392],[76.74258186344673,17.78422289316478],[76.74439397468224,17.78033898239042],[76.74070254295657,17.77946333903418],[76.72099729381854,17.78805645541399],[76.71414854707557,17.780938966971505],[76.7119690230922,17.773266342629427],[76.72112898324595,17.76949699970231],[76.71884387487732,17.751478769874513],[76.72486402099213,17.75110158636947],[76.72832736238232,17.7375602252923],[76.70030415927775,17.728007546220624],[76.70448296836753,17.722615328413696],[76.70299151256931,17.712668015569534],[76.69259650634216,17.706723416903785],[76.69431097789281,17.662183994668595],[76.70921622573556,17.66254661933411],[76.71240628165,17.65720084066567],[76.69833685239878,17.642510291292957],[76.71440695734852,17.638812936994114],[76.72034222075379,17.65386097304449],[76.73188977716858,17.658820126922553],[76.73278913809168,17.665625465396253],[76.77352723406825,17.666769245795752],[76.7701930928738,17.646302993179997],[76.77851806897097,17.635972180915978],[76.78449317715065,17.636446823353246],[76.79296556139603,17.65317560816762],[76.80792479259745,17.64901309016076],[76.8368374509025,17.649398575994287],[76.8418999677716,17.65371374182762],[76.85248425172408,17.64459812165111],[76.89887591021262,17.64466718979145],[76.90786038447558,17.635091768911575],[76.91485149442818,17.6392099015705],[76.92895129032927,17.63754063951594],[76.9252422911499,17.625964899467064],[76.91789640594892,17.62355636085969],[76.92105238247645,17.610733233623264],[76.94044206782822,17.608892551540336],[76.95138679899179,17.624378701750263],[76.9581294421233,17.620962450725333],[76.95704415239425,17.634154193997446],[76.96193075128295,17.639624235089617],[76.987176830653,17.658056436452295],[76.98805594714285,17.661898390487597],[76.97788172435465,17.664916199911417],[76.97715144433432,17.679915649206364],[76.98102346438158,17.69154388184554],[76.99094055789442,17.69599838244424],[77.00060824943999,17.696001022616347],[77.01761961094107,17.67785928560923],[77.03420702332356,17.680641703583156],[77.03533900029457,17.669375159099122],[77.04097409613924,17.67165914451807],[77.04325693177017,17.66736834207491],[77.05818856852268,17.673129691027132],[77.07373406093977,17.66156477688016],[77.08535988666695,17.659024154599873],[77.08946223205808,17.669153635819015],[77.10462709032296,17.66899786800501],[77.11454636045374,17.677975402393425],[77.11671847962425,17.68728194432969],[77.12361828031976,17.68702017869565],[77.13250676510303,17.682448270093676],[77.13275573677728,17.662240683014257],[77.14479974443891,17.655725495325985],[77.15001765997067,17.632413679731616],[77.17134096088668,17.62777946053248],[77.18892910368221,17.615382723455298],[77.19424799254688,17.615512012801158],[77.19756174467935,17.632014017981287],[77.20736879636651,17.626756215749474],[77.23054751809453,17.632510056507947],[77.25829160475888,17.623325592107037],[77.2749582934652,17.626827138274432],[77.27958507621754,17.61756369187979],[77.28480421705137,17.61922420984162],[77.29153553512211,17.61119026511826],[77.29513772371587,17.615090579108575],[77.30033654196302,17.597717582160847],[77.34044018839714,17.587903153989625],[77.35188015718359,17.600066658889908],[77.35965752747005,17.60019401205859],[77.37926340676798,17.594999444478937],[77.37881098734313,17.583881345971786],[77.44409579010508,17.58435806672298],[77.4448071794533,17.609408533392912],[77.44877377503198,17.609343895535723],[77.45593600865628,17.634179489291057],[77.44826291211307,17.651123726637202],[77.45486529409274,17.67448217132962],[77.4524751717691,17.694704189365932],[77.48493594637603,17.709143788031863],[77.49231374243087,17.708126309081532],[77.49709840409437,17.715514605231096],[77.50918837315916,17.716292747524406],[77.52205174766617,17.726026979089234],[77.54600779328761,17.726841229210482],[77.54865441067598,17.7357663548215],[77.55673904701044,17.73737777639042],[77.56857803756463,17.74890660350295],[77.56919350480683,17.76649200722338],[77.55490318342046,17.763970912706792],[77.5375536798768,17.7799335423131],[77.5066025241048,17.78595242452395],[77.51498423060876,17.805446418787902],[77.52907654713684,17.8129306650109],[77.52826667189076,17.82789708702555],[77.54674157583922,17.828483848881614],[77.54895355236056,17.819378576163174],[77.55407087544513,17.820067271089307],[77.56748003936929,17.845418775120955],[77.5648883889948,17.85118693403911],[77.56936968060373,17.851563279283724],[77.5700439919886,17.8676461082979],[77.57644379309194,17.87541813787924],[77.59912114709354,17.873086073267306],[77.60041478308645,17.88060009228765],[77.58603596506819,17.893843111834943],[77.58610837736491,17.90783405545211],[77.61908327397863,17.904057059048046],[77.62204139656485,17.92957238700192],[77.61872804328439,17.93948831142792],[77.62298976777323,17.94551939181698],[77.63255678242997,17.946671353999815],[77.6329300315322,17.95580131574383],[77.62458970412517,17.95960063069604],[77.63305797139158,17.9673797856942],[77.63725807774014,17.95232263023061],[77.64952962956156,17.95001315474993],[77.65589998388984,17.968836947418062],[77.64825914674678,17.98025374312114],[77.65208495476088,17.99389173271086],[77.64895083693918,17.99887494360134],[77.62783294838928,17.996784519068452],[77.6197075725584,18.00649092859776],[77.60751660949946,18.009851095932675],[77.60597993340812,18.020230025472227],[77.58863648630609,18.012153399510265],[77.58064117035865,18.031579221268384],[77.55383337346044,18.035817664262392],[77.54768303181655,18.056127693723656],[77.54838264065813,18.065206946585104],[77.55747229326785,18.06372776610671],[77.56596897424673,18.076670320847875],[77.59559294733982,18.085787461199818],[77.59885068771769,18.093327496613036],[77.60160112789504,18.105899383627577],[77.59445084455896,18.13271987063806],[77.5968905565812,18.155943056913955],[77.58136189949087,18.162312060796744],[77.57073727758889,18.192164291023712],[77.56350915253849,18.196123948205944],[77.56555405768833,18.204177187789785],[77.57487003903725,18.201622019092337],[77.58536318980245,18.219815010231034],[77.5718286291495,18.243996312484786],[77.60546612491339,18.28134301902875],[77.58189861861864,18.285378164986874],[77.57260658815181,18.293296161660965],[77.56139048402575,18.284943079582106],[77.53276782165732,18.29869285421466],[77.52377791887507,18.308203805820092],[77.51268195992667,18.30959209650403],[77.50887082768938,18.30427596715326],[77.51160783086672,18.282043256533203],[77.49871374475681,18.27674090247854],[77.49271754413424,18.267197577311645],[77.48143019731793,18.272350194023822],[77.47579957957491,18.264657030192268],[77.4650882810278,18.262530130476797],[77.44762917852789,18.2699892231803],[77.44590907903198,18.28380229377495],[77.44039692931202,18.28262290532945],[77.43656320085208,18.29322238096371],[77.43771647867509,18.31030735338345],[77.42835966620156,18.312358242601455],[77.40904724404906,18.301462286541017],[77.3851706247701,18.309304988111702],[77.36584244347259,18.307118267146933],[77.35677739302356,18.320195420916807],[77.37165751858106,18.325201762456267],[77.3756710367603,18.332045714328025],[77.38099281820014,18.331015196724252],[77.38248071756819,18.34224588328576],[77.39503333337733,18.341494594639922],[77.39439271510382,18.347422129227322],[77.40020123161243,18.347439518163796],[77.39492280466479,18.368447489392985],[77.40988882712973,18.377404167489782],[77.41414725839478,18.393100107710712],[77.40021752345842,18.40199059632798],[77.37288648395833,18.401095150939334],[77.36844233858474,18.412517678597183],[77.37069949228002,18.418783604460646],[77.36220338173133,18.429880531223272],[77.36622514015667,18.451002606114937],[77.3535395656006,18.447658453622502],[77.34527272397708,18.433603125002094],[77.33571208646055,18.442308839307657],[77.33608650606759,18.450146806975425],[77.32695022011485,18.45174162551881],[77.32647005622245,18.458838418279793]]]}},{"type":"Feature","properties":{"id":"kalaburagi","district":"Kalaburagi","name":"Kalaburagi","state":"Karnataka","rep_lat":17.2394,"rep_lon":76.7695,"elderly_pct":10.3,"outdoor_worker_pct":33.5},"geometry":{"type":"Polygon","coordinates":[[[76.61446568811776,17.77066693540887],[76.60535450199238,17.75864403090256],[76.60047513184679,17.7256530987691],[76.58208139876906,17.705681686448163],[76.5703540634148,17.705405332031578],[76.56401640506787,17.750832524512433],[76.5727922500977,17.760525752866126],[76.56132176464273,17.764618126069777],[76.52321740600998,17.75975987388431],[76.52741835407996,17.73784287621047],[76.52396159015429,17.715151537238143],[76.50074822040578,17.718417986343393],[76.48728762613499,17.71476304336041],[76.48454734320855,17.67851164567144],[76.48980813353221,17.66049929057734],[76.45292020788021,17.65579030316224],[76.45454268296263,17.649786497262337],[76.4418954314349,17.64930862506493],[76.44506457636622,17.64095154099677],[76.42925153062322,17.644953575490902],[76.41974485310915,17.603710737091728],[76.3817610977949,17.602249875935406],[76.37769851992306,17.597874018683918],[76.35009138142377,17.59410025611666],[76.33134774466141,17.5974191763816],[76.33318782673996,17.564987824832265],[76.34075304819396,17.542475862610416],[76.36280052777289,17.537373984839938],[76.36727903101115,17.519454525771295],[76.36465960113486,17.514970879857923],[76.34663200429893,17.512581087073873],[76.34582454911423,17.492531750970485],[76.37474800966058,17.495651651978072],[76.37557562034533,17.490221865790037],[76.35042102809874,17.47417715791409],[76.33074728647098,17.470195741001763],[76.33332206828108,17.433903631758852],[76.37156943511377,17.436426266859886],[76.36348513564754,17.377671421879462],[76.40917836837573,17.371391261964355],[76.41224623993682,17.351071506866273],[76.39666555242523,17.34710772646865],[76.38321760014541,17.314529891706837],[76.35406980242486,17.31432058967336],[76.34535788779885,17.354451739737204],[76.31440319715621,17.348393491393455],[76.31772228528148,17.332379512360674],[76.27641995208504,17.334577932048074],[76.27206896919293,17.360595293175454],[76.25078768427942,17.360436172928395],[76.25048822728618,17.36968405750075],[76.24464203902785,17.371542526303436],[76.24214758457052,17.378840266234825],[76.22859107987175,17.375846773183518],[76.22950539954098,17.36520865109754],[76.19645298101318,17.363669917192727],[76.17037607049811,17.352627568882554],[76.17663973461507,17.324618658591117],[76.17931717948908,17.31857822895605],[76.18330896831986,17.31943846730611],[76.17637572604127,17.30079147303118],[76.16514031981467,17.30333892720007],[76.16267921531224,17.345223538045],[76.1411133782527,17.353493883731403],[76.11901562625553,17.37050734122461],[76.09980229277045,17.36465376105048],[76.0894412689122,17.35313625510384],[76.09353303664084,17.349354285069712],[76.08704293239359,17.33593684194248],[76.07888210095676,17.331591773521787],[76.07318377359752,17.33651292553743],[76.06518325550628,17.31218571898789],[76.09946461425852,17.291046766821562],[76.09871502405286,17.283252109639957],[76.08692559175623,17.26849564138985],[76.08845587902925,17.256973992228545],[76.11371013845827,17.252398218241023],[76.12758449854559,17.244994871011958],[76.1881977671827,17.186384516838558],[76.220577365529,17.18543649221779],[76.22376505528098,17.174775425907544],[76.24266195271566,17.150800772333326],[76.26380606937687,17.15101417732094],[76.27690280283846,17.1674635851358],[76.33326810019375,17.170790838705024],[76.35636655116289,17.188733494525646],[76.36468926799708,17.181399779771844],[76.36899492728988,17.166749599084543],[76.36004164253353,17.140256295538766],[76.36752602459515,17.137679596238584],[76.38356115992751,17.14659382417318],[76.39463867466651,17.142981390275352],[76.39125575674876,17.130825272750254],[76.36746899055775,17.12384200580462],[76.36232035489732,17.116045321352242],[76.36617287970626,17.10726081648953],[76.3904076734587,17.09712735511536],[76.38803350790947,17.07258368540828],[76.39822314668625,17.070061051765034],[76.41012595715151,17.089171757940516],[76.4294636713708,17.09965215454949],[76.43114762086306,17.05343213505522],[76.42739802951097,17.05354855808757],[76.43120893267786,17.029881757723103],[76.43731469632405,17.026702355677468],[76.43319998562302,17.02549804824938],[76.44048531359407,16.996774315622652],[76.43669127809328,16.98173508455337],[76.40042642571899,16.977093318691676],[76.40232764264418,16.942168986144885],[76.39910666042942,16.93533810124198],[76.42790599805804,16.927408503724834],[76.43415815475622,16.94326051924114],[76.44761030665997,16.940608865691086],[76.4518344375525,16.927821415187065],[76.45853703199202,16.927918273090913],[76.46533094467173,16.902736594737412],[76.43366539738184,16.897633283253658],[76.43321477548587,16.88182029971938],[76.436701164053,16.881349468735834],[76.43810925709117,16.868011821250978],[76.45859018261241,16.86692046016843],[76.46202153050379,16.849298741084755],[76.47071418165682,16.84706758032981],[76.47102908248641,16.838803937114353],[76.4635366730794,16.838527073134053],[76.4600250418528,16.833052644253122],[76.42955140263811,16.83737279935621],[76.4291657900226,16.85076437273831],[76.4040934807611,16.854040187020473],[76.40432410704062,16.85853563574945],[76.3743330805258,16.858844517774486],[76.35888386864255,16.842623887876176],[76.35244985609992,16.819757318822212],[76.41377871191261,16.81343945588526],[76.41023917631831,16.798851267989374],[76.39642646491406,16.80593278515924],[76.37740581017593,16.801700206215795],[76.37097582118751,16.768605234556116],[76.41162648862904,16.768195909655],[76.41127879030842,16.764843538982536],[76.41835074324669,16.76451247574068],[76.41856275373857,16.76890850980445],[76.43613389052749,16.76454886978571],[76.44270162448665,16.7575619585393],[76.43849378544013,16.7533297849591],[76.44045939180826,16.74203884817365],[76.42892797272924,16.737858252861162],[76.42321488694822,16.729582350103502],[76.422677328794,16.716881897062443],[76.44106888884704,16.71369171744621],[76.45091371469192,16.723796467981764],[76.45945151605292,16.72330531794357],[76.4608527270977,16.711155591865086],[76.48138351810039,16.712167420975923],[76.502945186977,16.72299038666883],[76.50336022660458,16.741185193561122],[76.51644985708721,16.75108598100519],[76.54728918338611,16.747911886915],[76.5535955237673,16.753122172087288],[76.58052059662417,16.75845240716158],[76.5813067886861,16.76554145722111],[76.60099849302627,16.76718502318963],[76.62360290652175,16.76554214274531],[76.62304515154501,16.742500832707663],[76.63551833831676,16.745807988121218],[76.63548027669817,16.735077517529934],[76.65877780870734,16.72509486347078],[76.65275679212502,16.75097694767981],[76.66083445483794,16.767021471533976],[76.6755830939873,16.765175204600915],[76.6794106626993,16.78473303625135],[76.69765595546455,16.78646259556032],[76.7020907880036,16.792989652236653],[76.70942626891696,16.792503441780354],[76.7092756448,16.780562244606188],[76.71944235767243,16.777937491213475],[76.72479245760333,16.784748292569322],[76.73494787236443,16.778752300109076],[76.73647848392926,16.77354668199278],[76.7290866031891,16.772339603448078],[76.72892188360703,16.753887857296696],[76.7450660393806,16.751656418321993],[76.74475902935245,16.81586282972094],[76.75466605724255,16.82036495053225],[76.76345085488249,16.84055558313515],[76.75998165198506,16.844136429807108],[76.78896008763019,16.83729713390454],[76.79110781933734,16.849993757370772],[76.80483575852489,16.850274694390233],[76.81319373962388,16.858563582308747],[76.81643116549989,16.873709035465428],[76.84136281745252,16.86645901148077],[76.85463084975733,16.87884035466724],[76.85687731529735,16.89121096246865],[76.87054251075558,16.895888057543935],[76.9015103545306,16.89257057569405],[76.90156939809926,16.87820775140003],[76.92067038108839,16.870017964836375],[76.91442311661527,16.860725573627423],[76.90171632924208,16.854691346715963],[76.90376308132815,16.83038851508381],[76.91077397487821,16.816598400344386],[76.91956975082924,16.8178934836527],[76.92673151463465,16.830461131736044],[76.94441311006752,16.83108416657545],[76.98272410187684,16.809607421088693],[76.9906625014662,16.81223363017121],[76.99519073364196,16.83732342933549],[76.98327594593904,16.839891626627946],[76.97991456782516,16.86143985410946],[77.00699938629238,16.85786517070238],[77.01973266677994,16.867445983131937],[77.04143754777412,16.869977327995343],[77.0428123761973,16.880739851198047],[77.03392328864447,16.883821787208188],[77.0338905360692,16.89334125034503],[77.01764569711861,16.898628280652144],[77.01957715133626,16.927454225265162],[77.04114648104564,16.92304136738221],[77.05697660196553,16.939366500406976],[77.0584056940218,16.946586759287676],[77.06293593572886,16.94536838512995],[77.0638954128091,16.95399806864298],[77.07262250447181,16.952726534212992],[77.0714855175965,16.939700824007648],[77.07585011266008,16.942706451112894],[77.08618290785888,16.93684444246989],[77.09475232722293,16.906216430336418],[77.11063584579995,16.905687203455106],[77.12561159073124,16.917958844623783],[77.16024861765729,16.91557979246141],[77.16567908985664,16.938932455542684],[77.18406635326768,16.94245677223914],[77.19611947074462,16.92676205691694],[77.21141020274372,16.944927780354618],[77.23168281074722,16.94283115035552],[77.23271336612598,16.939062612390547],[77.24196293053437,16.943110293219988],[77.24623739672721,16.932906216319008],[77.26305795875689,16.92825955317875],[77.2891007818002,16.933517902963064],[77.28952153291634,16.937240921358008],[77.31140782778382,16.927418008636018],[77.31871314147332,16.936447227139247],[77.33604901847248,16.92986875576445],[77.34175786061208,16.934193223553688],[77.35165838739448,16.908008662748568],[77.36582257004353,16.90459886904193],[77.3765837762929,16.894614376311672],[77.38407353746643,16.894144405848998],[77.38470258543907,16.898490725416103],[77.38946538570187,16.891184858479637],[77.39578313558545,16.903328848825463],[77.40649715962113,16.90189089046222],[77.40181280114729,16.896695768916043],[77.40146837988084,16.883214013752188],[77.41116162130973,16.87470068692315],[77.4250771700511,16.885143630083096],[77.45593117572007,16.885346518517878],[77.45795011057501,16.909517149545206],[77.45405283349524,16.913908292096366],[77.4694720596143,16.919207960243718],[77.4694482901919,16.928072302880164],[77.46423915209876,16.929863706023912],[77.4683227658196,16.93960275190593],[77.46526568212676,16.956623382590493],[77.47218365035057,16.957152181850454],[77.48137840495019,16.970440143999596],[77.47955361040117,16.996027126779214],[77.50223851204784,17.009378871200393],[77.49498348425129,17.02709848581681],[77.49668885407151,17.042729622335965],[77.48790458284434,17.047632038254434],[77.47902156520786,17.072636132321517],[77.48101826047133,17.07924320651978],[77.46729111449615,17.086338382898965],[77.46289306078147,17.094093057922805],[77.46366159016831,17.110004883839906],[77.44583487100297,17.117963222515538],[77.43604242143074,17.11498897167552],[77.40669820707328,17.124519098383267],[77.40386154120506,17.132922821677553],[77.37795722759881,17.13994988653064],[77.37821115438015,17.15266781838963],[77.36376517561632,17.158789113111894],[77.3723128153263,17.19556975819883],[77.39393437039136,17.194403552264014],[77.39645035566944,17.207536396665983],[77.40378862225852,17.20989887839571],[77.38022890884885,17.22253708343567],[77.40831154089938,17.241211664892514],[77.4204593929095,17.237631288720237],[77.42637058954999,17.256468614726028],[77.45857583747606,17.279003245197124],[77.45491857496884,17.28724734500302],[77.437966976587,17.291924615035885],[77.45605226502707,17.331241623600338],[77.45709895235176,17.34741502739989],[77.45110598296925,17.359385024634793],[77.45364791338935,17.37399468287535],[77.47913718557145,17.370726015120557],[77.47447266998394,17.36151767705168],[77.48385952301886,17.355002449885486],[77.51579938345715,17.36038970474185],[77.52984235373,17.370716213085657],[77.53319195223558,17.380501689532927],[77.52625592338296,17.381934954136],[77.52432618674412,17.388000879447393],[77.53788482943325,17.406097197070704],[77.51421489992471,17.4141855527317],[77.51303975890434,17.43087443006733],[77.5373421212375,17.44375081488876],[77.57590217006104,17.43071858237793],[77.57622668735573,17.456171478695154],[77.6029583861696,17.44415565336888],[77.61431127676401,17.44595041541628],[77.615271280257,17.472894348887117],[77.64482499790836,17.477569867568082],[77.64791541987805,17.496078851224883],[77.65717147461436,17.506586797942536],[77.65235518596464,17.48273789022227],[77.68844119274901,17.475199779097483],[77.69255794352405,17.498938028176998],[77.6888380010679,17.510942206150517],[77.6754937440163,17.50862375498878],[77.66204955298257,17.5228258354269],[77.6280008668721,17.52363751530885],[77.61210337050925,17.534759601331157],[77.5969403960115,17.534306067705888],[77.593841338537,17.564515658076807],[77.55060130603508,17.551736474801444],[77.53747872085623,17.57544447937637],[77.52842600247942,17.575367868275883],[77.50694134707042,17.542281685337247],[77.50007225528289,17.546727349699225],[77.4940133953726,17.568103120951335],[77.47799819635132,17.566548707457496],[77.46185663131905,17.580755189779318],[77.43059183505386,17.58595238726426],[77.37881098734313,17.583881345971786],[77.37926340676798,17.594999444478937],[77.35965752747005,17.60019401205859],[77.35188015718359,17.600066658889908],[77.34044018839714,17.587903153989625],[77.31104963534408,17.594681057799367],[77.30033654196302,17.597717582160847],[77.29513772371587,17.615090579108575],[77.29153553512211,17.61119026511826],[77.28480421705137,17.61922420984162],[77.27958507621754,17.61756369187979],[77.27440697042589,17.62698496990102],[77.25829160475888,17.623325592107037],[77.2376377813932,17.631503300833042],[77.22200540122691,17.63237428231174],[77.20736879636651,17.626756215749474],[77.19756174467935,17.632014017981287],[77.19424799254688,17.615512012801158],[77.18892910368221,17.615382723455298],[77.17134096088668,17.62777946053248],[77.15001765997067,17.632413679731616],[77.15039126660241,17.642573931934052],[77.14372456075681,17.64765247609079],[77.14540748796628,17.654591501647676],[77.13275573677728,17.662240683014257],[77.13258216250149,17.682231419736453],[77.12588521846509,17.68672204489518],[77.11671847962425,17.68728194432969],[77.11454636045374,17.677975402393425],[77.10462709032296,17.66899786800501],[77.08946223205808,17.669153635819015],[77.08535988666695,17.659024154599873],[77.07373406093977,17.66156477688016],[77.05818856852268,17.673129691027132],[77.04325693177017,17.66736834207491],[77.04097409613924,17.67165914451807],[77.03533900029457,17.669375159099122],[77.03420702332356,17.680641703583156],[77.01761961094107,17.67785928560923],[77.00060824943999,17.696001022616347],[76.99094055789442,17.69599838244424],[76.98102346438158,17.69154388184554],[76.97715144433432,17.679915649206364],[76.97788172435465,17.664916199911417],[76.98805594714285,17.661898390487597],[76.987176830653,17.658056436452295],[76.96193075128295,17.639624235089617],[76.95704415239425,17.634154193997446],[76.9581294421233,17.620962450725333],[76.95138679899179,17.624378701750263],[76.94044206782822,17.608892551540336],[76.92105238247645,17.610733233623264],[76.91789640594892,17.62355636085969],[76.9252422911499,17.625964899467064],[76.92895129032927,17.63754063951594],[76.91485149442818,17.6392099015705],[76.90786038447558,17.635091768911575],[76.89887591021262,17.64466718979145],[76.85248425172408,17.64459812165111],[76.8418999677716,17.65371374182762],[76.8368374509025,17.649398575994287],[76.80792479259745,17.64901309016076],[76.79296556139603,17.65317560816762],[76.78449317715065,17.636446823353246],[76.77851806897097,17.635972180915978],[76.7701930928738,17.646302993179997],[76.77352723406825,17.666769245795752],[76.73278913809168,17.665625465396253],[76.73188977716858,17.658820126922553],[76.72034222075379,17.65386097304449],[76.71440695734852,17.638812936994114],[76.69880784539046,17.642182625657977],[76.69880517559741,17.64725377180851],[76.71189197099703,17.65575309622531],[76.71104165629181,17.66126052772939],[76.69459592260263,17.661840519936653],[76.69505895202931,17.677288591327297],[76.68441301310564,17.685888442372402],[76.67266909215626,17.69054032772114],[76.66424582150239,17.687560216355237],[76.65565647121716,17.717853861851722],[76.63331735627618,17.72821963602507],[76.62815564204354,17.750648467869322],[76.63194321147093,17.754640556007207],[76.61446568811776,17.77066693540887]]]}},{"type":"Feature","properties":{"id":"belagavi","district":"Belagavi","name":"Belagavi","state":"Karnataka","rep_lat":16.165,"rep_lon":74.8899,"elderly_pct":9.2,"outdoor_worker_pct":22.0},"geometry":{"type":"Polygon","coordinates":[[[74.99020203750715,16.952258197898857],[74.9644312908072,16.947639283613157],[74.96758907564337,16.941613711738526],[74.96023184202541,16.937261866302894],[74.96462042570037,16.926782663565803],[74.93678754236682,16.9442041444505],[74.923241442854,16.93931261544446],[74.92185239320153,16.929867836223547],[74.93429198208334,16.92423465040547],[74.93273245913942,16.918912020386504],[74.94485132431194,16.91061674988137],[74.95493376443092,16.910176357703183],[74.95550659942636,16.905213537247562],[74.96371520237172,16.911106300121286],[74.96043647734881,16.880954131580335],[74.93599970459128,16.879243218737866],[74.93529736936279,16.871072103152724],[74.92562446579194,16.87203677895853],[74.92657327447989,16.863545338893562],[74.90159212625342,16.862557212080663],[74.91036914538132,16.835149018813592],[74.91089241583096,16.789550300299272],[74.91951971634371,16.772499550153782],[74.86943515828229,16.774073967367904],[74.86575809061804,16.76336846729194],[74.84989692751516,16.772763640007238],[74.84458924243872,16.761823621048194],[74.79882140372789,16.75366343358981],[74.79582646279142,16.747755166833837],[74.77204709961673,16.750690390179233],[74.75284201266595,16.730865645997895],[74.73216960495368,16.718332475166115],[74.68862703064383,16.71279448124536],[74.68947692853077,16.68647290621547],[74.68090338230631,16.685900498742487],[74.68116405453712,16.680917932051415],[74.68894091997042,16.681550613362887],[74.68962851923496,16.67703455540956],[74.67910164032409,16.673104306781116],[74.67958300706069,16.666179495516868],[74.66524239079818,16.665680501151183],[74.65355656479656,16.638838756198954],[74.65912848122902,16.631677100139278],[74.68765020889211,16.617895027936626],[74.68705943723538,16.606797823400026],[74.67390873119487,16.60921162293154],[74.6600651222364,16.602908903932452],[74.64009205836271,16.610463448750462],[74.63343171438595,16.60036859469719],[74.63593539813454,16.58392467411188],[74.62871153918344,16.57774198130988],[74.61887701701488,16.58408192529981],[74.60959389693738,16.56960141805031],[74.59903916845606,16.56432045772277],[74.58795650457387,16.566112365790858],[74.58472070644513,16.559135449366654],[74.56861576482868,16.553878924684625],[74.55492545606837,16.56452195971978],[74.55609576954241,16.57357488993777],[74.56697356364094,16.58539837862152],[74.55885280784554,16.59466287451123],[74.5435724675576,16.59532818096665],[74.54456908189,16.63547774531673],[74.48911473641995,16.630153831111777],[74.47679884914605,16.644478572294243],[74.46882403724497,16.663811479508198],[74.45647951886632,16.65505495449654],[74.45842665766882,16.648690341160297],[74.45486397069305,16.6473041587363],[74.46589027966421,16.62473003233288],[74.46679252238278,16.606831608134115],[74.43551964846651,16.601069190893853],[74.42642023925448,16.595749115966274],[74.42222688015201,16.584520952710317],[74.39670788900541,16.58327688815846],[74.39298876311786,16.564893071286303],[74.38698403838151,16.559947878004035],[74.38723160598899,16.536207130607625],[74.37991433212981,16.528602314958977],[74.35800768682786,16.538351886716644],[74.35632896014066,16.5597569002143],[74.35520326419017,16.55507278982187],[74.34579771362088,16.55501005003473],[74.33977306335326,16.54776710112131],[74.32525583381437,16.556307024061777],[74.31579639600615,16.554464211647026],[74.31520536114304,16.504607698364175],[74.3062253721683,16.503703081196292],[74.30173432665205,16.5290299623679],[74.29167901565461,16.533892098021653],[74.28322158386716,16.524599121550654],[74.28117241441466,16.541107281281782],[74.27062780006514,16.547973390966607],[74.26421475240464,16.539840065217163],[74.26982912052245,16.522182562249554],[74.27618605402043,16.52131811231397],[74.27809513749256,16.50446542329585],[74.24745636187745,16.49692331245357],[74.26085338776552,16.48010696915349],[74.27446457920378,16.485636880618152],[74.27974371312554,16.504835360994065],[74.29097797759343,16.504912200214886],[74.28935781926613,16.46298118420872],[74.29712980235584,16.464547622433237],[74.31253848764332,16.45324619868885],[74.33267346296553,16.45476966866298],[74.32979340487582,16.447210022584642],[74.33631569216645,16.445682073435034],[74.3327758062292,16.4368617934678],[74.33681767883203,16.42881792226801],[74.32893499275663,16.419059023277452],[74.33513577031212,16.401419008876736],[74.36377531561796,16.405102978722034],[74.36298723350068,16.395535582785527],[74.35365724831483,16.381889663672364],[74.353490757255,16.366430893871946],[74.34737817898903,16.368327920465553],[74.3359507300227,16.393753303457245],[74.32757444664813,16.391510953269425],[74.32492206027898,16.3783000906643],[74.31727417495418,16.38101560022987],[74.32484872092085,16.359948212486394],[74.31772096373885,16.353065008619478],[74.32711570218534,16.342521870625287],[74.31540150559042,16.340092373401568],[74.32258591592412,16.3343810897803],[74.31668773227882,16.32657413555307],[74.32882591931482,16.32376012960615],[74.33137430592689,16.320679275484878],[74.32523735636727,16.313694809750892],[74.3332988799478,16.313464029978597],[74.33199769002167,16.305265336563302],[74.33598817270205,16.30710508068012],[74.34262864684305,16.2980403835765],[74.34209343059676,16.291190367684006],[74.32804128762655,16.29325918536811],[74.32585605395123,16.285599854041454],[74.32090643465212,16.28448862229013],[74.32501428132603,16.271769614162658],[74.33423005111342,16.26881227556387],[74.33340757879212,16.275984892055952],[74.33851463592964,16.27141777726414],[74.34386467567339,16.27809012485192],[74.35054041318084,16.275380109370058],[74.35379042714894,16.282835175243736],[74.34317658233542,16.290363681916816],[74.3456772917621,16.293775623515106],[74.35937719183472,16.290597705091848],[74.37308848344342,16.261649322115026],[74.38071549551424,16.261981642864782],[74.38268756256589,16.277371438758987],[74.41447403297451,16.282664537935652],[74.41768966662003,16.25801444210456],[74.43585011530332,16.258848460777827],[74.43563026431563,16.251160606479058],[74.45491322532007,16.25340691758083],[74.45617225371663,16.24387872134953],[74.46869853900651,16.240199598297632],[74.47991676315665,16.250564790735712],[74.50291130330194,16.225877877857393],[74.49588229612252,16.215200764167278],[74.50778587464731,16.20308309932115],[74.50706377558426,16.191301786573693],[74.4938635957278,16.1864635284245],[74.48844436594425,16.157277660841906],[74.47990944458203,16.147140539802113],[74.48518236126371,16.14231907625195],[74.49130762643642,16.10432119531925],[74.48163191203706,16.08890579301382],[74.47280424589344,16.09062019474147],[74.45875829770543,16.103810958244388],[74.4276968665458,16.11198086477634],[74.41004971072427,16.102136253543847],[74.40703417052005,16.09352416848834],[74.39011317235004,16.089478492433717],[74.39093680170144,16.080501051525],[74.38370253576778,16.082941398750368],[74.37229671014862,16.078226433777623],[74.3715930094809,16.068260541644246],[74.36140634951761,16.053852330916623],[74.3774131412061,16.055136948799596],[74.36912670822457,16.039236591049704],[74.37347892360523,16.03646019416998],[74.38106896101898,16.035500020838484],[74.40559586713889,16.051852631209563],[74.4297715274911,16.059168002496875],[74.46229003682136,16.04985435917597],[74.46309205630028,16.04163629514424],[74.4565714246047,16.041075663872213],[74.46329937219649,16.039208649707888],[74.44484986631603,16.00306662809638],[74.4440218208467,15.986427604761701],[74.43089731776472,15.956608488205992],[74.38693204119792,15.905007900983756],[74.39348460800186,15.900062553194074],[74.39680498071793,15.880386969678636],[74.3928589341014,15.878416479201466],[74.40643613149271,15.864474036733816],[74.40623653302309,15.855403537443078],[74.39760253916317,15.851173380146767],[74.38820634275096,15.854279687140194],[74.37681975006205,15.882409029070919],[74.36616963217566,15.89134035702768],[74.36868165318839,15.894386389418216],[74.36476195146422,15.893888570425379],[74.36332309741573,15.87494753180542],[74.33827564992806,15.854945948953327],[74.34506865530935,15.850466490390545],[74.38315140406961,15.849132113321799],[74.38110290655695,15.835411427890126],[74.37999474751742,15.838293373310188],[74.36069078659656,15.817807024761688],[74.36999636455617,15.811485813367348],[74.37203935809109,15.798269759165283],[74.3584941416222,15.774861756551578],[74.3457498190432,15.764583130253182],[74.3231354602992,15.772704624721298],[74.3186841158269,15.758405824817345],[74.30980861169945,15.754923098365435],[74.30796438659084,15.748508959947015],[74.28735099370118,15.742005787759785],[74.2683849655155,15.754765028600934],[74.25409163656958,15.745178589496057],[74.24032146847884,15.743349205723746],[74.22656894060532,15.762656800351872],[74.23464205514794,15.778611160840411],[74.23356827732925,15.787022572696888],[74.22109662577836,15.786025691694352],[74.20903439668953,15.78129726657468],[74.20150034767416,15.758649100225588],[74.18959257311865,15.752150543542752],[74.16162394087094,15.751322996141747],[74.15104220454063,15.73583644311139],[74.12223302766472,15.720760050431986],[74.13219693777692,15.702432663035045],[74.12583775220253,15.680996462072484],[74.10891503196211,15.67272313495294],[74.09143198037671,15.67465908790654],[74.0883423740773,15.669965947284862],[74.10194289622498,15.658420006617314],[74.13561275200038,15.648404924818859],[74.1644844659931,15.6535317440627],[74.16721296302302,15.671783084629528],[74.18103660872093,15.682178177954391],[74.1909090451844,15.678981045205257],[74.18690993508402,15.667482510221959],[74.2041288945523,15.663713371743707],[74.20519544362787,15.651065325279353],[74.22202041009741,15.655544340444633],[74.21499489826272,15.662564014394304],[74.22384481387927,15.669011874101614],[74.22847561749082,15.664471663825895],[74.2364214488425,15.668614056000264],[74.25204156161527,15.654340744417071],[74.24422435913081,15.626137988878876],[74.24832145656408,15.622931987773972],[74.25378836083809,15.626768536162121],[74.26436482765097,15.615542445816493],[74.26031417581282,15.592665779300615],[74.24884955006846,15.580331589185652],[74.24525934320394,15.566636503647416],[74.25839789953021,15.561727847640846],[74.26180373796244,15.564909946888717],[74.27798098856938,15.546139654182427],[74.28271563024124,15.531448161534241],[74.27821644868345,15.522877244953603],[74.29178464226068,15.524991354253581],[74.3269032245695,15.517026502988907],[74.34253887729837,15.517983766921569],[74.37490740121385,15.480781026432204],[74.38677947582164,15.484156551120561],[74.40444814719251,15.473887591122136],[74.41332874476764,15.47393127789393],[74.42193760646086,15.463621549279527],[74.42643189848857,15.39842224133006],[74.44590625634406,15.406698958849649],[74.45651481636877,15.403102289622693],[74.4645953069782,15.41510053485188],[74.47385393898105,15.402493124784273],[74.47261774396235,15.397816802478856],[74.48266713865532,15.395836719805114],[74.50283934734938,15.403728744154128],[74.51698104247197,15.402352588867368],[74.53532687019221,15.418707411659927],[74.54474654137944,15.416845038681053],[74.56839233135962,15.402453980129858],[74.61397238804014,15.358490386234749],[74.63245308881712,15.366990366886313],[74.64938142442637,15.390050868974512],[74.68964015511285,15.397926000111651],[74.69941981626869,15.410068171726694],[74.74087890638052,15.410999432671453],[74.74100871832896,15.41781120405985],[74.72970442659144,15.431481080333608],[74.73084416051489,15.440168689335684],[74.74028876803608,15.446833183602177],[74.74448262660185,15.463503605291109],[74.73195314330957,15.470933541056374],[74.7273642964117,15.488913449923293],[74.74864464438238,15.496234754859435],[74.7611408945007,15.470502671559393],[74.76466154660942,15.47394073364907],[74.77836489711102,15.459338422388738],[74.78865626650047,15.473991922158215],[74.78699342921402,15.48614855567663],[74.79592405396727,15.487538595681087],[74.79805460090303,15.49777766725665],[74.8058837680488,15.498038009718178],[74.80351152758922,15.503011409919786],[74.81391681862803,15.504993857195032],[74.80951053275209,15.512647062592436],[74.81152090756073,15.521861041444541],[74.79795358984092,15.548538854684386],[74.82034166835474,15.56231853078401],[74.8224983113495,15.568505057855615],[74.84095687853625,15.574771733473233],[74.82994718300796,15.590318002295541],[74.83053021478015,15.61032634565365],[74.8383068313801,15.612383843492037],[74.84026574170612,15.608579571599975],[74.87894074075002,15.617963371397945],[74.8777284876303,15.622753045713365],[74.88739471671857,15.629693399178164],[74.90222304901009,15.63187923409168],[74.93276312852151,15.623600310189568],[74.96512425570893,15.627222838159465],[74.96637647487564,15.654347196408342],[75.01941954449374,15.643943354230105],[75.0219623938904,15.650369999521994],[75.02806601325803,15.651827882910215],[75.02833257394553,15.669825319455535],[75.04677748314671,15.6706553940801],[75.04980927477273,15.682486010541643],[75.0598325222027,15.682109817256945],[75.06324580946527,15.66930078109685],[75.05639787569763,15.632508575935592],[75.06399115782617,15.625714985209044],[75.08070783328651,15.622931286156039],[75.09185422634992,15.607909211139047],[75.10148038608496,15.660804882766467],[75.10615334583616,15.660258654638909],[75.10826958440605,15.67200709281477],[75.12391676521499,15.668013559300666],[75.13240917829795,15.660133215050237],[75.17140130868829,15.660576337651557],[75.18400610134411,15.657659030536886],[75.18729596188327,15.648991576577998],[75.20277350034239,15.64908627080762],[75.20268768787655,15.681574680232474],[75.21779920867144,15.681600643893507],[75.21792773692734,15.676978153789031],[75.23633743216936,15.679039257471686],[75.24915976085435,15.647006688206602],[75.2737545364906,15.648730756553233],[75.27892130913663,15.688511886056817],[75.27461856487693,15.740420511358456],[75.29383036583614,15.741052515270685],[75.29316839909993,15.728237848832427],[75.29969040611617,15.727630378533556],[75.31421684518338,15.730066165803596],[75.31840189397116,15.744955752892267],[75.31836098379479,15.764571220540484],[75.30613566287118,15.765986296312985],[75.30369748786637,15.812598267984798],[75.32492370425636,15.811239939242196],[75.3328891817633,15.816374713640998],[75.32993318279443,15.82403742223342],[75.33932785835887,15.827654072727752],[75.34119408410713,15.804781856132609],[75.36474788211065,15.80492462327904],[75.3749634848941,15.845369939086124],[75.390394779879,15.837823787909397],[75.42461433633633,15.841958090995709],[75.42443233676143,15.822741036210214],[75.4142271724016,15.784792234625844],[75.43721218770993,15.778732408264952],[75.44018050797122,15.795337019438806],[75.44723131905928,15.79378502851491],[75.45086842516812,15.81138787741982],[75.45788583509727,15.8184884793518],[75.4573337448967,15.861549676946343],[75.45114881362284,15.862848629933174],[75.45391933833328,15.880980295512217],[75.44332432939466,15.889193780531318],[75.44667321014629,15.893096671801155],[75.43799855404501,15.893614346884467],[75.44158301528498,15.918595808201749],[75.4249275851641,15.92139700526377],[75.43966029987841,15.966487196290567],[75.4324173328629,15.970022465378884],[75.4316853622132,15.97543579562798],[75.43790304426571,16.003043965463576],[75.42612620994265,16.00936985830761],[75.42339421846629,16.03292033228021],[75.41652144178946,16.032826785721923],[75.41559310660516,16.040024747831062],[75.41947475299901,16.056651693579827],[75.44495844843979,16.052881426141262],[75.44528653024952,16.069269499652588],[75.43123482745379,16.069273502385553],[75.42793251985808,16.09295954911601],[75.4358178640484,16.09659934785989],[75.43899256595805,16.115494280831054],[75.41599145373813,16.11577522401115],[75.41193932057811,16.130648072476387],[75.40463776274481,16.113883731722648],[75.35541520467386,16.11533457376293],[75.35442750522235,16.128622957616045],[75.32783338788582,16.115352462355574],[75.27586913024524,16.120299555099844],[75.2923984342053,16.172760289647755],[75.28440667468804,16.176373160681784],[75.28892086260268,16.19202955798095],[75.28594283065482,16.201263656441657],[75.28080452023026,16.199738751481377],[75.2688526267162,16.20803759562607],[75.24915480125568,16.204659041578054],[75.23237600909009,16.21007772296815],[75.22969001315292,16.233379911643137],[75.23846426097813,16.250988530718825],[75.23229003043593,16.250254530517125],[75.23415195864385,16.25948976813404],[75.20323435045616,16.272845584098864],[75.14815905990004,16.28246380587645],[75.16017724908205,16.31128897502416],[75.15947706711532,16.32084522857046],[75.14871491404165,16.315365912553613],[75.12968651223252,16.3308736477169],[75.09633426121574,16.324880025959292],[75.07627818043339,16.33166242370162],[75.06516662583334,16.326720929721663],[75.0559709235111,16.330432002672627],[75.043267432955,16.318246036812567],[75.03466785714687,16.338023367058206],[75.03513195826368,16.386784531971134],[75.0397045456549,16.39803239915249],[75.04857056626788,16.39643648592657],[75.07302997926553,16.404400951826524],[75.07789458290449,16.43780541711348],[75.02803159790119,16.433657908160573],[75.02330430624498,16.440396790232736],[75.01779884987224,16.43978851979975],[75.01687080214884,16.45844824462683],[74.98846749489806,16.45356436588581],[74.99138993460457,16.46286127809163],[74.98660471778219,16.463098750454197],[74.9885835527412,16.500968103733207],[75.00766850439577,16.53841724551721],[75.06682426816249,16.53939180868357],[75.07135530667519,16.567604555890533],[75.08390765209147,16.56012558331533],[75.10443643895276,16.51253432465737],[75.11546179301476,16.506114928614434],[75.12556849034137,16.51164104358808],[75.13323581880216,16.523288886030922],[75.15246794234804,16.527078281520883],[75.16205253074669,16.534527424418563],[75.16594837052202,16.550959365755713],[75.15722403578889,16.568274410813515],[75.15706257888795,16.583825949203895],[75.17102377192721,16.600364494353485],[75.2214026369403,16.616943126792922],[75.25235232576343,16.605138409395053],[75.25864393467224,16.60739216216974],[75.25538943182268,16.618992851680197],[75.26154611018256,16.62043316172639],[75.26831551053311,16.640971767013056],[75.26275726735761,16.680701106009494],[75.26557186161932,16.693479867795563],[75.28998589083045,16.715811127648728],[75.31864556558523,16.71858640895456],[75.36271326087417,16.714374465654473],[75.36624506017725,16.760142455241777],[75.384421594094,16.763431086374545],[75.37894886783863,16.824091895276375],[75.39501445695743,16.863154732307216],[75.35385843416795,16.871145305085694],[75.3356957352049,16.86939396902225],[75.33427221629665,16.91243969807499],[75.34164877626965,16.95617956047361],[75.27967408027672,16.956563008271107],[75.27945384660673,16.92333540488387],[75.28297238587787,16.909723579448098],[75.29000636163919,16.904033151768317],[75.28210063377668,16.880298112742548],[75.26479054112113,16.86280763982717],[75.23773223193795,16.867948549828082],[75.22771094822521,16.84318350153],[75.21427366074444,16.841707203123164],[75.18191942992345,16.84341021044797],[75.18905951019453,16.875287753438705],[75.17664821285432,16.867714593241907],[75.13655613133113,16.874495285507077],[75.1349156055014,16.89471104155571],[75.12039620563277,16.902537442379113],[75.11755597165626,16.913451511713234],[75.09638247379704,16.9137500557103],[75.0894080284913,16.951588448467632],[75.07442686402392,16.950021683063614],[75.06211043506588,16.941527834538082],[75.0446141971104,16.94173586808943],[75.02530995322027,16.928008781753192],[75.0266609376609,16.944142537316477],[74.99020203750715,16.952258197898857]]]}},{"type":"Feature","properties":{"id":"yadgir","district":"Yadgir","name":"Yadgir","state":"Karnataka","rep_lat":16.5777,"rep_lon":76.9249,"elderly_pct":10.3,"outdoor_worker_pct":33.5},"geometry":{"type":"Polygon","coordinates":[[[77.06500796640701,16.953998412352487],[77.06293593572886,16.94536838512995],[77.0584056940218,16.946586759287676],[77.05697660196553,16.939366500406976],[77.04114648104564,16.92304136738221],[77.01957715133626,16.927454225265162],[77.01764569711861,16.898628280652144],[77.0338905360692,16.89334125034503],[77.03392328864447,16.883821787208188],[77.0428123761973,16.880739851198047],[77.04143754777412,16.869977327995343],[77.01973266677994,16.867445983131937],[77.00699938629238,16.85786517070238],[76.97991456782516,16.86143985410946],[76.98327594593904,16.839891626627946],[76.99519073364196,16.83732342933549],[76.9906625014662,16.81223363017121],[76.98086196076821,16.80976649453273],[76.94441311006752,16.83108416657545],[76.92673151463465,16.830461131736044],[76.91956975082924,16.8178934836527],[76.91077397487821,16.816598400344386],[76.90376308132815,16.83038851508381],[76.90171632924208,16.854691346715963],[76.91442311661527,16.860725573627423],[76.92067038108839,16.870017964836375],[76.90156939809926,16.87820775140003],[76.9015103545306,16.89257057569405],[76.87054251075558,16.895888057543935],[76.85687731529735,16.89121096246865],[76.85463084975733,16.87884035466724],[76.84136281745252,16.86645901148077],[76.81643116549989,16.873709035465428],[76.81319373962388,16.858563582308747],[76.80483575852489,16.850274694390233],[76.79110781933734,16.849993757370772],[76.78896008763019,16.83729713390454],[76.75998165198506,16.844136429807108],[76.76345085488249,16.84055558313515],[76.75466605724255,16.82036495053225],[76.74475902935245,16.81586282972094],[76.74760065841262,16.75539593177479],[76.74376614392679,16.750976926174882],[76.72892188360703,16.753887857296696],[76.7290866031891,16.772339603448078],[76.73647848392926,16.77354668199278],[76.73494787236443,16.778752300109076],[76.72479245760333,16.784748292569322],[76.71944235767243,16.777937491213475],[76.7092756448,16.780562244606188],[76.70942626891696,16.792503441780354],[76.7020907880036,16.792989652236653],[76.69765595546455,16.78646259556032],[76.6794106626993,16.78473303625135],[76.6755830939873,16.765175204600915],[76.66083445483794,16.767021471533976],[76.65275679212502,16.75097694767981],[76.65877780870734,16.72509486347078],[76.63548027669817,16.735077517529934],[76.63551833831676,16.745807988121218],[76.62304515154501,16.742500832707663],[76.62360290652175,16.76554214274531],[76.58224469272477,16.765668173358787],[76.58052059662417,16.75845240716158],[76.5535955237673,16.753122172087288],[76.54728918338611,16.747911886915],[76.51644985708721,16.75108598100519],[76.50336022660458,16.741185193561122],[76.502945186977,16.72299038666883],[76.48138351810039,16.712167420975923],[76.4608527270977,16.711155591865086],[76.46200478051698,16.70831324012623],[76.45219455867516,16.714149869795953],[76.42538605120954,16.695525114192606],[76.42656098292248,16.686049233535247],[76.40635148516097,16.656627575938103],[76.40340086710066,16.639291884958784],[76.43404293324463,16.51884975843089],[76.42987824656937,16.498611740940692],[76.43482810841363,16.435920293407182],[76.40311865237098,16.43293544074193],[76.39034293726607,16.43805572779268],[76.38528605912202,16.425617289741464],[76.35757695015988,16.42225486779893],[76.35056834461881,16.426849155688206],[76.33217020710124,16.42697242034947],[76.33059538854297,16.409646830132324],[76.33870370446833,16.40591190716054],[76.33468652116275,16.393370845775433],[76.31050511249103,16.39671701822994],[76.30548762008227,16.38289404755211],[76.31427982163679,16.345408949605297],[76.3057240234274,16.345883022217986],[76.29162246233676,16.332419959583053],[76.29519762870848,16.320353062319786],[76.30288093101164,16.31899142214694],[76.29968969291426,16.2832506375362],[76.32018314095058,16.28697578211265],[76.32022193739104,16.282100597347814],[76.34783220112924,16.277700991626286],[76.34616669045647,16.249703063293804],[76.35281007064741,16.235443937441893],[76.34743428518762,16.215743114892266],[76.33152938580851,16.19405494050892],[76.35144366931989,16.200559604720816],[76.36875866408192,16.217992782920742],[76.41581912638433,16.24551966836817],[76.41668594403966,16.253007108771918],[76.4821533419595,16.29431380322668],[76.51785916913924,16.30224687834272],[76.56820183384303,16.32989449551654],[76.61129122965158,16.34163175063182],[76.7016331421804,16.39227360606555],[76.74431698636744,16.409572686550217],[76.76083441010788,16.428657471284353],[76.78552969464799,16.41777634594973],[76.84105171290332,16.430458010199605],[76.86475292444496,16.456842720196327],[76.86326702832004,16.482582868927892],[76.87077338227519,16.489758157847877],[76.88229358319293,16.492396858944897],[76.91187493302243,16.484902959964604],[76.94124140134441,16.499634483266906],[76.97137052856284,16.50376848703501],[76.97659913763974,16.516670045521373],[76.96809289409471,16.544591696108704],[76.97062711696968,16.554200732331882],[76.97847725887901,16.560933683581897],[76.99435323340427,16.560202497828506],[77.00744694672987,16.55004814753508],[77.01014482468332,16.542770917447765],[77.00534157238502,16.515573249772896],[77.01325489101161,16.49959402170408],[77.02561936187107,16.501613912084505],[77.04401286318344,16.518312287194426],[77.05768394889499,16.519799287839827],[77.09218385338279,16.493469334973316],[77.15609975660242,16.472664135604848],[77.1641512981035,16.46017455957915],[77.1622334596506,16.4452783252122],[77.17337796265865,16.432593554609216],[77.24152410351807,16.4180416197658],[77.26738497639386,16.403716207380025],[77.2882455613952,16.408718778218542],[77.2689853062079,16.4304784937631],[77.2621097330756,16.451855008311618],[77.23591259653445,16.472661392766984],[77.23969837651778,16.475963764706243],[77.2660727874954,16.472521177189147],[77.29403171075154,16.476686583581014],[77.29874813009785,16.49617753950066],[77.32033378399257,16.492231159768025],[77.32959831253693,16.485921572044305],[77.35146672464207,16.49107621525131],[77.36904680326133,16.488687557996847],[77.37010465125505,16.50459806900865],[77.37912965750368,16.514565575055535],[77.40223934280375,16.52153119364335],[77.41691979802643,16.517315733380705],[77.41905095581657,16.54893985022237],[77.40378928431687,16.551201899083324],[77.39753744921558,16.564776705237218],[77.39265546497249,16.564007491742206],[77.39290897763053,16.56998952650212],[77.42151929535031,16.568255024136015],[77.43974462934655,16.58716195691095],[77.46225722873181,16.585492816098522],[77.46783023751563,16.6097710165071],[77.45821992675714,16.610728287754284],[77.45368173226487,16.61676171743506],[77.47614459193285,16.650121234707292],[77.46243790239335,16.654285461282758],[77.44439729435884,16.6391477633357],[77.4343780641948,16.64139625212857],[77.43863013538763,16.64534389690365],[77.42975651682396,16.656216932411606],[77.41904722870645,16.658451297895283],[77.41889546462741,16.668586128617854],[77.44258665636038,16.669859022338112],[77.44775121915079,16.679323240826232],[77.46393190401707,16.67631689098646],[77.46999580437443,16.687748430987963],[77.47408425192981,16.71657207169433],[77.4638458355314,16.71918805261001],[77.45782906079388,16.715955513283973],[77.44721956023304,16.720741032416196],[77.43849716406432,16.711692493459257],[77.426056770292,16.721156682104944],[77.4310004678968,16.72313751990099],[77.42699114844325,16.72892473741234],[77.44318468640459,16.76252316657888],[77.43791755756828,16.774723584386287],[77.43953473528548,16.789143870631662],[77.46723016380413,16.780465309486715],[77.4745332999774,16.781252681962947],[77.47653666253693,16.788380359644176],[77.47429725326346,16.802328684560916],[77.46573866398846,16.805933419800724],[77.46327417553235,16.82222205352131],[77.45711901083372,16.830191558160045],[77.46409422689396,16.850604081932886],[77.46039359282655,16.88476194084267],[77.4250771700511,16.885143630083096],[77.41116162130973,16.87470068692315],[77.40146837988084,16.883214013752188],[77.40181280114729,16.896695768916043],[77.40563784828834,16.898818753351488],[77.40649715962113,16.90189089046222],[77.39578313558545,16.903328848825463],[77.38946538570187,16.891184858479637],[77.38470258543907,16.898490725416103],[77.38407353746643,16.894144405848998],[77.3765837762929,16.894614376311672],[77.36582257004353,16.90459886904193],[77.35165838739448,16.908008662748568],[77.34175786061208,16.934193223553688],[77.33604901847248,16.92986875576445],[77.31871314147332,16.936447227139247],[77.31140782778382,16.927418008636018],[77.28952153291634,16.937240921358008],[77.2891007818002,16.933517902963064],[77.26305795875689,16.92825955317875],[77.24623739672721,16.932906216319008],[77.24196293053437,16.943110293219988],[77.23271336612598,16.939062612390547],[77.23168281074722,16.94283115035552],[77.21141020274372,16.944927780354618],[77.19611947074462,16.92676205691694],[77.18406635326768,16.94245677223914],[77.16567908985664,16.938932455542684],[77.16024861765729,16.91557979246141],[77.12561159073124,16.917958844623783],[77.11063584579995,16.905687203455106],[77.09475232722293,16.906216430336418],[77.08618290785888,16.93684444246989],[77.07585011266008,16.942706451112894],[77.0714855175965,16.939700824007648],[77.07262250447181,16.952726534212992],[77.06500796640701,16.953998412352487]]]}},{"type":"Feature","properties":{"id":"bagalkote","district":"Bagalkote","name":"Bagalkote","state":"Karnataka","rep_lat":16.2933,"rep_lon":75.5915,"elderly_pct":10.3,"outdoor_worker_pct":33.5},"geometry":{"type":"Polygon","coordinates":[[[75.42068987354111,16.76789359402426],[75.40775929157614,16.76146930530061],[75.36624506017725,16.760142455241777],[75.36271326087417,16.714374465654473],[75.31864556558523,16.71858640895456],[75.28796079083769,16.715105419033282],[75.26463067244163,16.69163144887937],[75.26831551053311,16.640971767013056],[75.26154611018256,16.62043316172639],[75.25538943182268,16.618992851680197],[75.25892018458842,16.607744735468252],[75.25235232576343,16.605138409395053],[75.2214026369403,16.616943126792922],[75.16881646305211,16.59869322210478],[75.15725017496703,16.58500063543321],[75.15702271884213,16.56905606872813],[75.16598049158164,16.54771982793065],[75.16205253074669,16.534527424418563],[75.15485691303147,16.52839278008544],[75.13565740102534,16.52462619549572],[75.12142366182384,16.50863183640191],[75.11050203892259,16.506973028215853],[75.09029686654918,16.538209093974903],[75.08448406866995,16.55926719387617],[75.07135530667519,16.567604555890533],[75.06682426816249,16.53939180868357],[75.00766850439577,16.53841724551721],[74.9885835527412,16.500968103733207],[74.98634144223368,16.469474077796086],[74.98660471778219,16.463098750454197],[74.99138993460457,16.46286127809163],[74.98846749489806,16.45356436588581],[75.01687080214884,16.45844824462683],[75.01779884987224,16.43978851979975],[75.02330430624498,16.440396790232736],[75.02803159790119,16.433657908160573],[75.07789458290449,16.43780541711348],[75.07302997926553,16.404400951826524],[75.04857056626788,16.39643648592657],[75.0397045456549,16.39803239915249],[75.03513195826368,16.386784531971134],[75.03466785714687,16.338023367058206],[75.043267432955,16.318246036812567],[75.0559709235111,16.330432002672627],[75.06516662583334,16.326720929721663],[75.07627818043339,16.33166242370162],[75.09633426121574,16.324880025959292],[75.12968651223252,16.3308736477169],[75.14871491404165,16.315365912553613],[75.15947706711532,16.32084522857046],[75.16017724908205,16.31128897502416],[75.14815905990004,16.28246380587645],[75.20323435045616,16.272845584098864],[75.23415195864385,16.25948976813404],[75.23229003043593,16.250254530517125],[75.23846426097813,16.250988530718825],[75.22969001315292,16.233379911643137],[75.23237600909009,16.21007772296815],[75.24915480125568,16.204659041578054],[75.2688526267162,16.20803759562607],[75.28080452023026,16.199738751481377],[75.28594283065482,16.201263656441657],[75.28892086260268,16.19202955798095],[75.28440667468804,16.176373160681784],[75.2923984342053,16.172760289647755],[75.27586913024524,16.120299555099844],[75.32783338788582,16.115352462355574],[75.35442750522235,16.128622957616045],[75.35541520467386,16.11533457376293],[75.40463776274481,16.113883731722648],[75.41193932057811,16.130648072476387],[75.41599145373813,16.11577522401115],[75.43899256595805,16.115494280831054],[75.4358178640484,16.09659934785989],[75.42793251985808,16.09295954911601],[75.43123482745379,16.069273502385553],[75.44528653024952,16.069269499652588],[75.44495844843979,16.052881426141262],[75.41947475299901,16.056651693579827],[75.41546940320066,16.05244129940831],[75.41652144178946,16.032826785721923],[75.42339421846629,16.03292033228021],[75.42612620994265,16.00936985830761],[75.43790304426571,16.003043965463576],[75.4316853622132,15.97543579562798],[75.4324173328629,15.970022465378884],[75.43966029987841,15.966487196290567],[75.4249275851641,15.92139700526377],[75.44158301528498,15.918595808201749],[75.43799855404501,15.893614346884467],[75.44667321014629,15.893096671801155],[75.44332432939466,15.889193780531318],[75.44796403261572,15.886174004466316],[75.46149908195221,15.886774706527751],[75.45982482348522,15.880146790487423],[75.46547442712173,15.881387153192172],[75.4656687443958,15.877261648132238],[75.4757196293938,15.876331128792847],[75.47887758850317,15.87109727619852],[75.48028147562917,15.877689013601694],[75.49789741768952,15.87231210531688],[75.50525072297474,15.86181018836302],[75.50238417285199,15.858340954286865],[75.51968417652856,15.857730714759043],[75.52061964972609,15.852887489162665],[75.51239258819828,15.851352244872656],[75.52237062252172,15.840105174147343],[75.53148092650147,15.842058291014903],[75.52994006515927,15.83489783372761],[75.54701032739689,15.836473641699659],[75.55645478849266,15.83253979230889],[75.5521803375712,15.824866657095816],[75.56307449358428,15.830430020275518],[75.5665097599269,15.838358256568098],[75.57132957536243,15.833766813684104],[75.56601398421316,15.829663011661234],[75.5767789741665,15.830601877069814],[75.57692119364567,15.82480229065966],[75.58715701840445,15.833353913155005],[75.60005283107635,15.82683691524134],[75.60902873990308,15.830631378913418],[75.6054663323034,15.827154708751753],[75.61661549217786,15.821203676027197],[75.6177892309281,15.835614834957044],[75.63126378591672,15.830834476208343],[75.63708038366961,15.84087462596175],[75.64247968432858,15.8413604287288],[75.64285633445249,15.831989217864837],[75.65686043192808,15.826604631278467],[75.66161114266372,15.82876818850936],[75.66273809086576,15.837825473989865],[75.6721976014375,15.836284858101486],[75.6760936002146,15.821139646360217],[75.6832496148022,15.830179964627977],[75.69674150997076,15.824667768847277],[75.70860110069107,15.829222723299289],[75.72197219850503,15.817940745612553],[75.74484258788485,15.812787467834987],[75.77964659455418,15.817188330018434],[75.77444254182386,15.827313337399469],[75.78032504896916,15.852734427579373],[75.797680351138,15.84783063850779],[75.7999744579308,15.857675483130809],[75.80914276523015,15.854712668994537],[75.80611144971124,15.848617662237865],[75.82079171359273,15.849805654551206],[75.82953856100518,15.839873928657518],[75.84708048458106,15.838834534026176],[75.84878341008537,15.871958260579218],[75.84011116057074,15.87184281770375],[75.83827093745673,15.864988856097572],[75.82805545325088,15.866546627983919],[75.83528380288008,15.882324834387104],[75.82976348657593,15.886793483055312],[75.82738114006939,15.900375578964344],[75.81192030039308,15.899945761396358],[75.81038218789566,15.89372311604071],[75.77911952243427,15.89742613360134],[75.77359963821975,15.90243572374677],[75.77891082403083,15.907519585989862],[75.77620573709724,15.918277366704974],[75.78857249776232,15.925044242042066],[75.83656499361304,15.925669405862735],[75.83957640066865,15.93095953008575],[75.85324497469064,15.9355933850534],[75.87821943316318,15.931728913752154],[75.89154824458178,15.916280158766648],[75.90283225415685,15.918217742501431],[75.9017349862918,15.923555764593655],[75.91408623574686,15.912435060939389],[75.92711732122582,15.89503730931992],[75.92833621020056,15.875660135253222],[75.94154659761357,15.874518441048199],[75.94446263682366,15.866948638757894],[75.96347064328256,15.865477624275057],[75.96639195739998,15.859218205802465],[75.97435187253872,15.861804141315837],[75.97909123036582,15.87334912584052],[75.97365262931145,15.986355319228087],[75.98712346347817,15.99597585750998],[75.98969184389354,16.005261836217162],[76.01219592455494,16.002151123902838],[76.0216581040214,16.009205300519728],[76.05217372600092,16.00329856827306],[76.0566833926947,16.011835360281722],[76.07883200550663,16.010806842271617],[76.08451111610525,15.996168934863489],[76.05819941651764,15.907433707675635],[76.10121331431647,15.900575272910789],[76.10305837485828,15.893928823795],[76.11728031289196,15.88636616196313],[76.12540398911035,15.89369079045561],[76.14528904593396,15.895334814832259],[76.16057045701369,15.921246330762768],[76.17205838505654,15.924696460917444],[76.17237752054437,15.931618601665694],[76.19970183884952,15.93514016053736],[76.20042424423805,15.94382888589259],[76.22659860399517,15.940890508560804],[76.22998461391413,15.923239997656047],[76.2569318796501,15.922791898108512],[76.26211982918063,15.90668883447993],[76.27161765289925,15.905001510527441],[76.27601329733234,15.910489036414326],[76.27614267898778,15.90383341947643],[76.28468304503889,15.902766418479242],[76.2853296631602,15.928978170699892],[76.30184595951492,15.930647385539347],[76.30237619550127,15.923607870029782],[76.31209398429361,15.922639598889036],[76.31328265394217,15.929413149694456],[76.32853813155799,15.932281834636694],[76.32273197582195,15.9559886099466],[76.30948172207493,15.957263499024517],[76.29807340902077,15.98955273025021],[76.2979529458395,15.999072939450924],[76.3119387302597,16.00013048192247],[76.30296852842996,16.038239286298612],[76.30324671511386,16.073474014172593],[76.25885951602781,16.07401003859109],[76.25675431146453,16.085824578531643],[76.25818631855388,16.090470385814175],[76.29386054569686,16.088413361597976],[76.32800388189898,16.077538844616335],[76.33232282098658,16.09196742908261],[76.26784709217345,16.109732307219076],[76.26189045245769,16.096833759792162],[76.25551075295546,16.097087767163426],[76.25422986405646,16.110249857122994],[76.24418039480332,16.113696082126005],[76.2465260963345,16.128126379870206],[76.23421057557321,16.130730902640018],[76.23873250067736,16.16674430126836],[76.16474506288628,16.186049661331104],[76.13929000304182,16.18112306128318],[76.06318010944074,16.210496064848304],[76.05790867587761,16.227691159279264],[76.06807589989145,16.243761309372267],[76.06536223225025,16.262092031991568],[76.03248959266192,16.2894289936223],[76.02646310084799,16.30069025580309],[76.00951074069478,16.30454453512477],[75.95607631373493,16.297216460798992],[75.930504796297,16.315785444140687],[75.89127847511207,16.327028490462986],[75.87332464523237,16.344713394375788],[75.84053457788664,16.34906114801593],[75.81034870588837,16.370307519978713],[75.78924444298474,16.37407244340228],[75.77324270342137,16.3832326081337],[75.72086724555274,16.391009427524352],[75.67787533132555,16.424205928154894],[75.63282693086786,16.444331447548976],[75.59948691670188,16.446529898718925],[75.58404421940105,16.432570476063013],[75.575154313483,16.412796630490423],[75.56739775177178,16.412555095686262],[75.55602221105582,16.426698031281894],[75.55225669526865,16.455938619940756],[75.53637947927167,16.46625640466637],[75.49912055928878,16.45358396222152],[75.49568447458095,16.446706585670363],[75.49853042543594,16.430728599338227],[75.48857979781351,16.418557490968986],[75.44770135444685,16.414043221472166],[75.43240986876118,16.436620814145808],[75.46328826907998,16.473804454165723],[75.45556516152827,16.506705949330527],[75.48593177725667,16.508610966628787],[75.49079812003403,16.526036960925392],[75.48842070887164,16.555112946994786],[75.47230768331595,16.56337644884633],[75.48393279039091,16.573115738463464],[75.493675691587,16.59316661895304],[75.48498228764576,16.60644557978976],[75.46211813347239,16.62256781557187],[75.45500740295824,16.66386627925531],[75.4472786800377,16.66511148669335],[75.43786791744314,16.697861697246484],[75.4626637728709,16.699922386133753],[75.48836522622474,16.69449749967135],[75.49207542106177,16.744203605819646],[75.4653547850006,16.75492792373228],[75.44281870904373,16.757279676526785],[75.42068987354111,16.76789359402426]]]}},{"type":"Feature","properties":{"id":"raichur","district":"Raichur","name":"Raichur","state":"Karnataka","rep_lat":16.0559,"rep_lon":76.9014,"elderly_pct":10.3,"outdoor_worker_pct":33.5},"geometry":{"type":"Polygon","coordinates":[[[76.99892709191164,16.557501354633796],[76.97602675449691,16.560189327148073],[76.96930477261694,16.551490415327365],[76.9696899962619,16.5344205783499],[76.97659913763974,16.516670045521373],[76.97137052856284,16.50376848703501],[76.94124140134441,16.499634483266906],[76.91187493302243,16.484902959964604],[76.88229358319293,16.492396858944897],[76.86988831444653,16.489319859712108],[76.86326702832004,16.482582868927892],[76.86475292444496,16.456842720196327],[76.84105171290332,16.430458010199605],[76.78552969464799,16.41777634594973],[76.76083441010788,16.428657471284353],[76.74431698636744,16.409572686550217],[76.7016331421804,16.39227360606555],[76.61129122965158,16.34163175063182],[76.59015011426172,16.338759897173478],[76.58331983238942,16.331438970297416],[76.56820183384303,16.32989449551654],[76.51785916913924,16.30224687834272],[76.47827391709939,16.292169494447826],[76.41668594403966,16.253007108771918],[76.41581912638433,16.24551966836817],[76.36875866408192,16.217992782920742],[76.35144366931989,16.200559604720816],[76.29821699843075,16.185495823050044],[76.28821777734134,16.1592538563589],[76.28057239921453,16.152685334364023],[76.26852505251502,16.15273827039852],[76.24187430448464,16.166774225474665],[76.23759777935318,16.16091622228853],[76.23421057557321,16.130730902640018],[76.2465260963345,16.128126379870206],[76.24418039480332,16.113696082126005],[76.25422986405646,16.110249857122994],[76.25551075295546,16.097087767163426],[76.26189045245769,16.096833759792162],[76.26784709217345,16.109732307219076],[76.33232282098658,16.09196742908261],[76.32800388189898,16.077538844616335],[76.29386054569686,16.088413361597976],[76.2572855176314,16.088441132898954],[76.25885951602781,16.07401003859109],[76.30324671511386,16.073474014172593],[76.30296852842996,16.038239286298612],[76.3119387302597,16.00013048192247],[76.2979529458395,15.999072939450924],[76.29807340902077,15.98955273025021],[76.30948172207493,15.957263499024517],[76.32273197582195,15.9559886099466],[76.32901380836556,15.934825848315441],[76.31328265394217,15.929413149694456],[76.31209398429361,15.922639598889036],[76.30237619550127,15.923607870029782],[76.30184595951492,15.930647385539347],[76.2853296631602,15.928978170699892],[76.28539280933477,15.902735150940071],[76.28983267064277,15.89279189001404],[76.31362019411355,15.894729621486746],[76.31602635226331,15.90500534376455],[76.3339186188,15.905506768042004],[76.34489671968144,15.90050229810197],[76.34525356734322,15.887186421150396],[76.3379077917367,15.871795363961027],[76.35124641635146,15.863731921790952],[76.35548509546003,15.864608952840031],[76.3588588568501,15.8817613498997],[76.35878715422241,15.901412174155102],[76.35349227013879,15.902789743859898],[76.37357404812818,15.917417276784583],[76.3751337121076,15.902239877896463],[76.40373674988031,15.902080164336903],[76.4268507183477,15.890328203153214],[76.4182181546057,15.868948701339933],[76.44788960905147,15.853781686085423],[76.45149969293826,15.845945475151742],[76.44222226368811,15.82406095637056],[76.4223273334812,15.811997081477394],[76.42049476401338,15.805353544719026],[76.41325313908091,15.804475475000213],[76.4130090838862,15.796753349951999],[76.41518273198929,15.791597400227225],[76.42198646145843,15.790945514866698],[76.42220927958151,15.785595579620873],[76.43952606468592,15.784448188069865],[76.43915146721245,15.7499737620682],[76.44745881926204,15.744047560497279],[76.44325794575221,15.738219959835025],[76.44726708374613,15.734270313087038],[76.48223306564435,15.719244122358957],[76.49152944036385,15.707481378226376],[76.51039282974011,15.71676680923293],[76.53190595186219,15.699263518027985],[76.53998752583983,15.704160529390098],[76.54437249559238,15.703403142334464],[76.54155231560628,15.69873890053813],[76.55302190544091,15.699881814645218],[76.56188262599373,15.705695483265655],[76.58607956384175,15.697577159142567],[76.59701740672375,15.699648497198542],[76.59948825704872,15.673960990813724],[76.65389626014718,15.665733016649506],[76.6534617486375,15.660324315298412],[76.67184992922846,15.658247481713856],[76.67023676338732,15.638926469534216],[76.69061746656726,15.64818915516646],[76.69359427321307,15.624660135483841],[76.68043653605883,15.627063043854706],[76.67960280335545,15.612716819150927],[76.68020263631843,15.606648203649083],[76.69084989396893,15.601281935869956],[76.68880151054233,15.59586022067738],[76.7003338926153,15.591044425139149],[76.7009225631126,15.594509946921994],[76.74896775234124,15.58987089543262],[76.75442433407432,15.586887217341744],[76.75888785431195,15.566922051993764],[76.8107566174446,15.547460145457865],[76.83469805286624,15.564333735910948],[76.8343310389704,15.627806117890309],[76.85765804919562,15.642417993085461],[76.86163031494036,15.653909051330785],[76.8894498735633,15.684874946429211],[76.906815369814,15.690367902439203],[76.91691075555457,15.699683529467862],[76.9223046393724,15.72811755440368],[76.9428657251597,15.761904676540247],[76.9670266145137,15.774294886147207],[76.99879303542346,15.811213673203325],[77.01601449759815,15.822184918370997],[77.03372423365562,15.858905856613578],[77.0559286587961,15.881562344057938],[77.07106524887567,15.908847777748655],[77.10258996817676,15.928743990919042],[77.13588094690465,15.937596917284564],[77.1551043280462,15.950052683432885],[77.1741263590033,15.950790498880377],[77.18532270558305,15.956761165852102],[77.23550517372217,15.957157558354064],[77.24890027002901,15.964573791658447],[77.28470915014148,15.953825394726566],[77.30110514590999,15.958015898230892],[77.32409500942592,15.9501743849055],[77.36127821580338,15.949439179986568],[77.37950710622984,15.939820256218654],[77.39772530580613,15.944500488888856],[77.41437375781386,15.94204477805687],[77.42962804875518,15.94908139589652],[77.46602872550213,15.93451946613532],[77.49877441158122,15.933196185543222],[77.51346826787129,15.926810324278092],[77.51983846858766,15.966930909284615],[77.5095855956014,15.9804126059721],[77.51407893361826,16.008099248238334],[77.504439495885,16.01135168896451],[77.49402889041295,16.037010377141602],[77.5069030482966,16.07965748062088],[77.49368598101111,16.086365400649964],[77.50095991115785,16.106209973856863],[77.51330345666105,16.10804531177579],[77.50025067507137,16.120612497292235],[77.48982141608242,16.11964067253974],[77.49070449953258,16.15960487980468],[77.4861808568496,16.163004998641725],[77.49951414996319,16.198580408123146],[77.50117833741749,16.2217377456381],[77.51502093846622,16.221976006327786],[77.5156864571411,16.22780942094581],[77.49237244374143,16.229317138623387],[77.49009577234997,16.255199968496616],[77.50243397287724,16.263077190497846],[77.50484452109379,16.275820141844523],[77.52189881308229,16.278047814171394],[77.53692700345648,16.26682339121203],[77.54510504930914,16.2917305264456],[77.56323484567831,16.301654448353663],[77.56890920957896,16.30362151697841],[77.58202816107251,16.291357501166896],[77.59783801240631,16.29313162333594],[77.59204478791881,16.302185425179495],[77.59541082918732,16.31813997441898],[77.5880620963269,16.333392393167287],[77.59486884952528,16.343193657492947],[77.57342355020718,16.340753871694826],[77.55503056362947,16.348786316468686],[77.53194858955925,16.3633168775161],[77.52269893352272,16.37616234215732],[77.5143968339226,16.374992335539783],[77.48933816557869,16.385010088507293],[77.44167094520077,16.380936495275158],[77.42596496426661,16.367629863746618],[77.41147082771873,16.367465516486078],[77.37869674769014,16.385428294977235],[77.34974355919607,16.38365072361599],[77.33461409275674,16.39489857957251],[77.3116352596542,16.39872410947583],[77.29716360254798,16.407046166848332],[77.26349019393562,16.404242729857],[77.24290946109474,16.417607125065707],[77.17393966034118,16.432335915679204],[77.1622334596506,16.4452783252122],[77.1641512981035,16.46017455957915],[77.15609975660242,16.472664135604848],[77.09218385338279,16.493469334973316],[77.05768394889499,16.519799287839827],[77.04401286318344,16.518312287194426],[77.02561936187107,16.501613912084505],[77.01325489101161,16.49959402170408],[77.0051672057951,16.517308128584745],[77.0098110439614,16.54476779580391],[76.99892709191164,16.557501354633796]]]}},{"type":"Feature","properties":{"id":"koppal","district":"Koppal","name":"Koppal","state":"Karnataka","rep_lat":15.5774,"rep_lon":76.3118,"elderly_pct":10.3,"outdoor_worker_pct":33.5},"geometry":{"type":"Polygon","coordinates":[[[76.0580242432406,16.011609849887947],[76.05217372600092,16.00329856827306],[76.0216581040214,16.009205300519728],[76.01219592455494,16.002151123902838],[75.98969184389354,16.005261836217162],[75.98712346347817,15.99597585750998],[75.97376300800533,15.986964942673435],[75.97909123036582,15.87334912584052],[75.9736872144499,15.86147716239269],[75.96639195739998,15.859218205802465],[75.96347064328256,15.865477624275057],[75.94446263682366,15.866948638757894],[75.94154659761357,15.874518441048199],[75.92833621020056,15.875660135253222],[75.92711732122582,15.89503730931992],[75.91408623574686,15.912435060939389],[75.9017349862918,15.923555764593655],[75.90283225415685,15.918217742501431],[75.89154824458178,15.916280158766648],[75.87667972974936,15.932137386863133],[75.85324497469064,15.9355933850534],[75.83957640066865,15.93095953008575],[75.83656499361304,15.925669405862735],[75.78857249776232,15.925044242042066],[75.77620573709724,15.918277366704974],[75.77891082403083,15.907519585989862],[75.77357694677566,15.902598514363142],[75.77911952243427,15.89742613360134],[75.81038218789566,15.89372311604071],[75.81192030039308,15.899945761396358],[75.82738114006939,15.900375578964344],[75.82976348657593,15.886793483055312],[75.83528380288008,15.882324834387104],[75.82805545325088,15.866546627983919],[75.83827093745673,15.864988856097572],[75.84011116057074,15.87184281770375],[75.84878341008537,15.871958260579218],[75.84631737023875,15.839443136846246],[75.9078208603393,15.808857602819453],[75.92899845182126,15.790955204944837],[75.96100082512187,15.783850879732258],[75.96385265904364,15.79462718304424],[75.98449527951942,15.802439889910966],[75.98838906394934,15.801586039257824],[75.99458408689713,15.780734687173188],[76.00988707551001,15.783968236620572],[76.03952076118797,15.768384454208762],[76.0347721480185,15.754664247617143],[76.03995151145155,15.75386667478898],[76.03732269687548,15.73691837835964],[76.04353702282208,15.736568390959409],[76.04160374861765,15.718321922517179],[76.023233222617,15.70929038038562],[76.01906463635511,15.715017810135679],[76.00494386299549,15.71555705420467],[75.98447543932807,15.693792998258635],[75.98829779960806,15.68819830611418],[75.98338310411224,15.667261557230306],[75.99504127817278,15.677925910619985],[76.01420886046044,15.680204578689414],[76.01617147903193,15.673147713292343],[76.0112571060313,15.662381922205448],[75.96803958081881,15.664265067514078],[75.96704930410073,15.67890944096391],[75.94364567746322,15.676380350768035],[75.94037292084711,15.693244510375907],[75.9259240216603,15.692343002470075],[75.91546420737527,15.697724700167814],[75.9214653487319,15.726134322918593],[75.91041188548633,15.73172166464658],[75.91061278741142,15.744453340536086],[75.89743275407184,15.750488836472861],[75.89275482484051,15.738433604080868],[75.88312349440267,15.737514223484453],[75.89110156808654,15.728428765940523],[75.88698274849139,15.716874473220248],[75.87105596345704,15.714429530458059],[75.87108479308947,15.672638459625981],[75.88750162617931,15.668297114624762],[75.8857984437568,15.633759035549541],[75.8947402597219,15.632438530738794],[75.89399621481644,15.625422163420408],[75.89841077597278,15.624870798054186],[75.89754525817969,15.607101962775996],[75.88245723192276,15.597065427051518],[75.86686756664821,15.59604259092549],[75.86774512096781,15.560747419679648],[75.86028495119804,15.513787293749939],[75.85053666190687,15.51583200416903],[75.83138274658793,15.506779448886581],[75.81914168089234,15.507889096660518],[75.82407598301755,15.495739191766035],[75.81491105967189,15.495506146817577],[75.81578684161543,15.486937691732226],[75.80960080541374,15.486725067372129],[75.81292933123939,15.467571021993503],[75.81875445041103,15.468607372419385],[75.81927020196171,15.456234354234505],[75.8238058272723,15.45175650618514],[75.83991774879851,15.442760529948007],[75.85897385554928,15.444184205288073],[75.85896563057456,15.423925714539196],[75.86539066625252,15.423765308882198],[75.86580038156539,15.407848865742897],[75.8844323604329,15.408833505418],[75.90403194972721,15.40292426283967],[75.90282194598895,15.354415957410927],[75.88741246659073,15.353194056338445],[75.89332567545745,15.318596851623651],[75.88872170452345,15.290432785740531],[75.89924738059017,15.276627088881465],[75.89479126067384,15.273358925222148],[75.90003124781215,15.245317778190334],[75.90328387767434,15.239443170940099],[75.91175020637638,15.240531096506038],[75.92448561048127,15.205893079267453],[75.92475025596057,15.182702973244842],[75.94825396929377,15.173099180021138],[75.95168902183734,15.1376895097892],[75.97851986501419,15.152803269431505],[76.02721424783407,15.142788325991352],[76.04336082097403,15.144769751003997],[76.05687599867812,15.156993070811733],[76.09375925937887,15.162790220656184],[76.10346380969885,15.168408350850676],[76.11173415924355,15.198653009930112],[76.1250798158704,15.203389212869943],[76.15592148317893,15.195854841104913],[76.16022188912389,15.200847418235663],[76.15989381000911,15.214936881731049],[76.18749585775568,15.235048688820264],[76.23119135676788,15.231332030768387],[76.21887549464681,15.196615495224508],[76.2296903581664,15.18847717819104],[76.24903547001209,15.190765310082524],[76.25718929548803,15.206303073862589],[76.26825046717707,15.206634113903252],[76.2913667074838,15.223066509659887],[76.30287401847552,15.255726748394364],[76.31970717668213,15.264430355663913],[76.3336808940331,15.263656344913288],[76.35073023271114,15.31044567215015],[76.3640307894191,15.328431242801043],[76.38894599411721,15.330853482593744],[76.40461349571615,15.325705353110857],[76.43183658287192,15.33917520538257],[76.45063915001523,15.33926030169565],[76.47718557938659,15.349543610279552],[76.49335085634911,15.344999063046032],[76.548660543414,15.386929947180308],[76.55500539457138,15.39668334578377],[76.59236191112,15.413049995609722],[76.59610058524645,15.425454247787087],[76.61230577705201,15.442852822703111],[76.66602664351828,15.449862994956275],[76.68396005289496,15.471774609887527],[76.70902473366306,15.488571554739805],[76.78015033030006,15.49287109836548],[76.8115744409843,15.51372425569616],[76.80788471156607,15.524301148794716],[76.8107566174446,15.547460145457865],[76.75888785431195,15.566922051993764],[76.75350069079076,15.58793045379633],[76.73825582048184,15.592818052800332],[76.7009225631126,15.594509946921994],[76.7003338926153,15.591044425139149],[76.68880151054233,15.59586022067738],[76.69084989396893,15.601281935869956],[76.68020263631843,15.606648203649083],[76.67960280335545,15.612716819150927],[76.68043653605883,15.627063043854706],[76.69359427321307,15.624660135483841],[76.69061746656726,15.64818915516646],[76.67023676338732,15.638926469534216],[76.67184992922846,15.658247481713856],[76.6534617486375,15.660324315298412],[76.65389626014718,15.665733016649506],[76.59948825704872,15.673960990813724],[76.59701740672375,15.699648497198542],[76.58607956384175,15.697577159142567],[76.56188262599373,15.705695483265655],[76.55302190544091,15.699881814645218],[76.54155231560628,15.69873890053813],[76.54437249559238,15.703403142334464],[76.53998752583983,15.704160529390098],[76.53190595186219,15.699263518027985],[76.51039282974011,15.71676680923293],[76.49152944036385,15.707481378226376],[76.48223306564435,15.719244122358957],[76.44726708374613,15.734270313087038],[76.44325794575221,15.738219959835025],[76.44745881926204,15.744047560497279],[76.43915146721245,15.7499737620682],[76.43952606468592,15.784448188069865],[76.42220927958151,15.785595579620873],[76.42198646145843,15.790945514866698],[76.41518273198929,15.791597400227225],[76.4130090838862,15.796753349951999],[76.41325313908091,15.804475475000213],[76.42049476401338,15.805353544719026],[76.4223273334812,15.811997081477394],[76.44222226368811,15.82406095637056],[76.45149969293826,15.845945475151742],[76.44788960905147,15.853781686085423],[76.4182181546057,15.868948701339933],[76.4268507183477,15.890328203153214],[76.40373674988031,15.902080164336903],[76.3751337121076,15.902239877896463],[76.37357404812818,15.917417276784583],[76.35349227013879,15.902789743859898],[76.35878715422241,15.901412174155102],[76.3588588568501,15.8817613498997],[76.35548509546003,15.864608952840031],[76.35124641635146,15.863731921790952],[76.3379077917367,15.871795363961027],[76.34525356734322,15.887186421150396],[76.34489671968144,15.90050229810197],[76.3339186188,15.905506768042004],[76.31602635226331,15.90500534376455],[76.31362019411355,15.894729621486746],[76.29077603374346,15.892290690642602],[76.28539280933477,15.902735150940071],[76.27614267898778,15.90383341947643],[76.27601329733234,15.910489036414326],[76.27161765289925,15.905001510527441],[76.26211982918063,15.90668883447993],[76.2569318796501,15.922791898108512],[76.22998461391413,15.923239997656047],[76.22659860399517,15.940890508560804],[76.20042424423805,15.94382888589259],[76.19970183884952,15.93514016053736],[76.17237752054437,15.931618601665694],[76.17205838505654,15.924696460917444],[76.16057045701369,15.921246330762768],[76.14528904593396,15.895334814832259],[76.12540398911035,15.89369079045561],[76.11728031289196,15.88636616196313],[76.10305837485828,15.893928823795],[76.10121331431647,15.900575272910789],[76.05821808620418,15.907388464443022],[76.08451111610525,15.996168934863489],[76.07883200550663,16.010806842271617],[76.0580242432406,16.011609849887947]]]}},{"type":"Feature","properties":{"id":"gadag","district":"Gadag","name":"Gadag","state":"Karnataka","rep_lat":15.4163,"rep_lon":75.6818,"elderly_pct":10.3,"outdoor_worker_pct":33.5},"geometry":{"type":"Polygon","coordinates":[[[75.45153571621907,15.886466536043764],[75.45114881362284,15.862848629933174],[75.4573337448967,15.861549676946343],[75.45788583509727,15.8184884793518],[75.45086842516812,15.81138787741982],[75.44723131905928,15.79378502851491],[75.44018050797122,15.795337019438806],[75.43721218770993,15.778732408264952],[75.4142271724016,15.784792234625844],[75.42443233676143,15.822741036210214],[75.42461433633633,15.841958090995709],[75.390394779879,15.837823787909397],[75.3749634848941,15.845369939086124],[75.36474788211065,15.80492462327904],[75.34119408410713,15.804781856132609],[75.33932785835887,15.827654072727752],[75.32993318279443,15.82403742223342],[75.3328891817633,15.816374713640998],[75.32492370425636,15.811239939242196],[75.30369748786637,15.812598267984798],[75.30613566287118,15.765986296312985],[75.31836098379479,15.764571220540484],[75.31421684518338,15.730066165803596],[75.29316839909993,15.728237848832427],[75.29383036583614,15.741052515270685],[75.27461856487693,15.740420511358456],[75.27367569135812,15.722617214558825],[75.27714670795409,15.722094765369924],[75.27893068754821,15.688491548256565],[75.2956181623719,15.691928018761386],[75.3131171824098,15.68007768104541],[75.33704475862325,15.673848221079405],[75.33570181410441,15.648761142899032],[75.35949887858183,15.645601774377234],[75.36249584072765,15.668696128681338],[75.41309978761834,15.655396411692404],[75.4244149911916,15.662488439421931],[75.42519108529143,15.670481557036021],[75.44137032297178,15.672321143931546],[75.44762805551292,15.682296197207583],[75.45055547547938,15.678056967145931],[75.4701330039469,15.684172337664426],[75.46855937835134,15.700787525859818],[75.48765208156846,15.70256372111141],[75.50259848931921,15.647413913970738],[75.55441538193068,15.64729904920481],[75.54930735551099,15.614465399892302],[75.54382048528146,15.612158876304726],[75.5344487131635,15.591604585955018],[75.52865661246842,15.565778322797977],[75.52952625802025,15.537899475025192],[75.50537870236003,15.529749308404813],[75.48178039642742,15.531730065546432],[75.47507112750536,15.516595916531916],[75.4718269004843,15.492739218975574],[75.4870814366657,15.489302729753073],[75.49515488448328,15.469827827249265],[75.49280875086251,15.448636516485408],[75.49899972420498,15.423848477646969],[75.49243344012667,15.368751096741336],[75.48174112747309,15.378611441560924],[75.48179827469819,15.393192779570297],[75.4753175722187,15.395794346887278],[75.46979900493439,15.397509237152736],[75.46897412422979,15.385892021454367],[75.4446203962287,15.386121763214872],[75.44903569041031,15.359514449300368],[75.45420999902326,15.360895437077804],[75.4577186173004,15.342119052630961],[75.45277269187372,15.340128014765341],[75.44850309365141,15.327666694366009],[75.44974659736323,15.301865631357646],[75.41241306510949,15.299767253124937],[75.40612023089864,15.277671484751398],[75.41612425617816,15.279215485752623],[75.41680769893789,15.274954236121403],[75.40202795202858,15.273351967396632],[75.40287810054546,15.26032433493868],[75.40646278277099,15.26415587063884],[75.41652134297478,15.26249154752317],[75.41587430713687,15.234621405721564],[75.4220504421075,15.235266451411587],[75.42273722660009,15.22598487707278],[75.44024557833714,15.22725957172555],[75.44916055803145,15.208129119248143],[75.43319952832012,15.210017873067704],[75.43291262438468,15.198924511609272],[75.39889447021407,15.201291862203604],[75.40077862633538,15.17318224376403],[75.39525569503539,15.172125335267463],[75.39581339611324,15.165573136140742],[75.40175478602877,15.165649332495283],[75.40317920864219,15.171632054756136],[75.40351795255604,15.164655048630117],[75.41008680581605,15.161391655860797],[75.41198708849333,15.146023154368258],[75.42917184730211,15.126331738651391],[75.43354456942411,15.109444091874066],[75.4166821045797,15.084901476720688],[75.41714588230303,15.061518265435113],[75.44871010412041,15.060731985566896],[75.45206778297195,15.049935390060048],[75.46029676599613,15.04997322012624],[75.46110112289145,15.043963090617503],[75.49518216901342,15.047120268807268],[75.50721854728332,15.044569259694217],[75.5210863649404,15.033256728407535],[75.53289017836639,15.03457696325261],[75.54280419335277,15.013586711562574],[75.54136930177302,14.978721709413705],[75.5655321243015,14.979280927006108],[75.5652694254714,14.971400005703929],[75.58372864393672,14.96845811185453],[75.59792159962434,14.954813631147754],[75.61074658283104,14.958463751262412],[75.60896388423454,14.973021188908252],[75.61810723813191,14.973871256580814],[75.61753984243552,14.980595271559903],[75.62937400813834,14.983614089888771],[75.63185770347354,14.99145873176076],[75.65113153669638,14.991073503188524],[75.68945604365916,14.97486196307456],[75.70111899136711,14.948468638458806],[75.72138029676773,14.951195222875974],[75.73936400371547,14.944119773309621],[75.7607368718722,14.968427801889257],[75.7792099136131,14.977212134403768],[75.78486477508899,15.002372734714376],[75.8077218846739,15.024531967094045],[75.83328902192649,15.028691229460426],[75.83854545542103,15.041652036602866],[75.84617093406767,15.044933806321596],[75.85958221532094,15.036408415583756],[75.87396872920623,15.035333667257536],[75.8837060096436,15.052342240034823],[75.90671605201577,15.059782958148887],[75.90883926510556,15.076750598949529],[75.88493118502869,15.105631886045694],[75.90096150089957,15.121559387039607],[75.90231642085945,15.131694714930774],[75.92810905141803,15.141943486437988],[75.95168902183734,15.1376895097892],[75.94825396929377,15.173099180021138],[75.92475025596057,15.182702973244842],[75.92448561048127,15.205893079267453],[75.91175020637638,15.240531096506038],[75.90328387767434,15.239443170940099],[75.90003124781215,15.245317778190334],[75.89479126067384,15.273358925222148],[75.89924738059017,15.276627088881465],[75.88872170452345,15.290432785740531],[75.89332567545745,15.318596851623651],[75.88741246659073,15.353194056338445],[75.90282194598895,15.354415957410927],[75.90403194972721,15.40292426283967],[75.8844323604329,15.408833505418],[75.86580038156539,15.407848865742897],[75.86539066625252,15.423765308882198],[75.85896563057456,15.423925714539196],[75.85897385554928,15.444184205288073],[75.83991774879851,15.442760529948007],[75.82747338177771,15.449374453746008],[75.81927020196171,15.456234354234505],[75.81875445041103,15.468607372419385],[75.81292933123939,15.467571021993503],[75.81054997791937,15.47541721222228],[75.80960080541374,15.486725067372129],[75.81578684161543,15.486937691732226],[75.81491105967189,15.495506146817577],[75.82407598301755,15.495739191766035],[75.81914168089234,15.507889096660518],[75.83138274658793,15.506779448886581],[75.85053666190687,15.51583200416903],[75.86028495119804,15.513787293749939],[75.86774512096781,15.560747419679648],[75.86686756664821,15.59604259092549],[75.88245723192276,15.597065427051518],[75.89754525817969,15.607101962775996],[75.89841077597278,15.624870798054186],[75.89399621481644,15.625422163420408],[75.8947402597219,15.632438530738794],[75.8857984437568,15.633759035549541],[75.88750162617931,15.668297114624762],[75.87108479308947,15.672638459625981],[75.87105596345704,15.714429530458059],[75.88698274849139,15.716874473220248],[75.89110156808654,15.728428765940523],[75.88312349440267,15.737514223484453],[75.89275482484051,15.738433604080868],[75.89743275407184,15.750488836472861],[75.90215676328398,15.748768453150712],[75.91061278741142,15.744453340536086],[75.91041188548633,15.73172166464658],[75.9214653487319,15.726134322918593],[75.91546420737527,15.697724700167814],[75.9259240216603,15.692343002470075],[75.94037292084711,15.693244510375907],[75.94364567746322,15.676380350768035],[75.96736109136954,15.678740778669907],[75.96803958081881,15.664265067514078],[76.0112571060313,15.662381922205448],[76.01617147903193,15.673147713292343],[76.01420886046044,15.680204578689414],[75.99504127817278,15.677925910619985],[75.98338310411224,15.667261557230306],[75.98829779960806,15.68819830611418],[75.98447543932807,15.693792998258635],[76.00494386299549,15.71555705420467],[76.01906463635511,15.715017810135679],[76.023233222617,15.70929038038562],[76.04171565804081,15.71847553962347],[76.04353702282208,15.736568390959409],[76.03732269687548,15.73691837835964],[76.03995151145155,15.75386667478898],[76.0347721480185,15.754664247617143],[76.04047950075136,15.763184012606237],[76.0389224329031,15.770824244863945],[76.0199241821482,15.775709154106591],[76.00988707551001,15.783968236620572],[75.99458408689713,15.780734687173188],[75.98838906394934,15.801586039257824],[75.98449527951942,15.802439889910966],[75.96385265904364,15.79462718304424],[75.96100082512187,15.783850879732258],[75.92899845182126,15.790955204944837],[75.9078208603393,15.808857602819453],[75.87199476940427,15.82916287655217],[75.84784565606535,15.83870948897315],[75.82953856100518,15.839873928657518],[75.82079171359273,15.849805654551206],[75.80611144971124,15.848617662237865],[75.80914276523015,15.854712668994537],[75.7999744579308,15.857675483130809],[75.797680351138,15.84783063850779],[75.78043716320818,15.852729461311336],[75.77679538765649,15.84917184330696],[75.77444254182386,15.827313337399469],[75.77964659455418,15.817188330018434],[75.73696641010363,15.813445247525133],[75.72197219850503,15.817940745612553],[75.71390546379756,15.827664431711566],[75.69599600350637,15.824713816269734],[75.68791185765205,15.830785629166952],[75.67715451056516,15.820921582859327],[75.6721976014375,15.836284858101486],[75.66273809086576,15.837825473989865],[75.66161114266372,15.82876818850936],[75.65686043192808,15.826604631278467],[75.64285633445249,15.831989217864837],[75.64247968432858,15.8413604287288],[75.63708038366961,15.84087462596175],[75.63126378591672,15.830834476208343],[75.6177892309281,15.835614834957044],[75.61661549217786,15.821203676027197],[75.6054663323034,15.827154708751753],[75.60902873990308,15.830631378913418],[75.60005283107635,15.82683691524134],[75.58715701840445,15.833353913155005],[75.57692119364567,15.82480229065966],[75.5767789741665,15.830601877069814],[75.56601398421316,15.829663011661234],[75.57132957536243,15.833766813684104],[75.5665097599269,15.838358256568098],[75.56307449358428,15.830430020275518],[75.55270302411587,15.824761401216888],[75.55066652719711,15.827921576505464],[75.55645478849266,15.83253979230889],[75.54701032739689,15.836473641699659],[75.52994006515927,15.83489783372761],[75.53148092650147,15.842058291014903],[75.52237062252172,15.840105174147343],[75.51239258819828,15.851352244872656],[75.52061964972609,15.852887489162665],[75.51968417652856,15.857730714759043],[75.50238417285199,15.858340954286865],[75.50525072297474,15.86181018836302],[75.49789741768952,15.87231210531688],[75.48028147562917,15.877689013601694],[75.47887758850317,15.87109727619852],[75.4757196293938,15.876331128792847],[75.4656687443958,15.877261648132238],[75.46547442712173,15.881387153192172],[75.45982482348522,15.880146790487423],[75.46149908195221,15.886774706527751],[75.45153571621907,15.886466536043764]]]}},{"type":"Feature","properties":{"id":"vijayanagara","district":"Vijayanagara","name":"Vijayanagara","state":"Karnataka","rep_lat":15.017,"rep_lon":76.0894,"elderly_pct":9.4,"outdoor_worker_pct":34.0},"geometry":{"type":"Polygon","coordinates":[[[76.36671496896278,14.984505214782487],[76.37606331571307,14.982363560271489],[76.37469213804319,14.95733844172151],[76.3940095647101,14.958512807849088],[76.39411151900327,14.954979119295409],[76.40785512211444,14.951019247524881],[76.39799490273887,14.9330896165526],[76.42589822836374,14.930762821862604],[76.4345251363127,14.935175743666067],[76.46185814222494,14.924977375146232],[76.46992226463159,14.926998702257924],[76.45297899902228,14.917583224325766],[76.45297197689175,14.910719102205515],[76.46062745926886,14.891669593834914],[76.45912353126121,14.88391137321683],[76.46517949769797,14.876340077717945],[76.47534318863777,14.881144053859662],[76.4750957333197,14.868446200012404],[76.48187462437127,14.859396527354969],[76.49565082375081,14.860953396713288],[76.49954399822468,14.868445514973022],[76.51768939563537,14.873095763918844],[76.52353133037086,14.869555746486158],[76.53338937492512,14.871963962248147],[76.5303258790578,14.875695234325168],[76.53850781281898,14.87609172385808],[76.54171631204456,14.881511069786189],[76.56499968211324,14.880343648784452],[76.57000281764714,14.86563159972803],[76.58692036269318,14.858789221021183],[76.59269897967584,14.86405008916199],[76.59485691804126,14.881610608897763],[76.63310142643472,14.883452016004794],[76.63778553427859,14.892588913806037],[76.64831520784831,14.8966325586503],[76.6747967878393,14.896981084969292],[76.67796818305037,14.887206192838008],[76.69754889784224,14.888235812229961],[76.71339354452029,14.865351567601742],[76.71172842551303,14.837344459930012],[76.74242222293928,14.823691299958032],[76.73419116750172,14.813574963817535],[76.71681644106147,14.818367867923273],[76.69248886661155,14.81331033500068],[76.68278908904067,14.808667548296246],[76.67483840049822,14.794145638684437],[76.66749074202288,14.793821671163743],[76.67288648804826,14.788370892255063],[76.6669391997946,14.775298927877179],[76.65986095325948,14.771743714484147],[76.65543330544607,14.757749248482872],[76.6488250628575,14.756285872756052],[76.65155117126706,14.737303092241323],[76.64709754417561,14.730818744733268],[76.65121548791336,14.725300777391064],[76.64482552515904,14.713005259479472],[76.63035359765989,14.700809155604077],[76.62410464525236,14.702463004854794],[76.60835350061896,14.687653565135532],[76.61060637204527,14.668769017946198],[76.59804536147978,14.669314455251367],[76.5973651292989,14.65346642043561],[76.6121441997768,14.648415761434965],[76.596017591694,14.630613749598814],[76.60087800020058,14.620871527556902],[76.58507631275606,14.617443649619538],[76.56748175239608,14.587356797685493],[76.55066393471961,14.578910210079185],[76.53528956327932,14.561203657012125],[76.510064185585,14.560423889041243],[76.50509243449223,14.565401224675291],[76.46230292057999,14.576286668193807],[76.42362158122678,14.581688597391121],[76.43225254506928,14.604769998320693],[76.43216791658298,14.61834510854835],[76.42169021773898,14.624827580079495],[76.39363561132868,14.626914380196768],[76.389896435044,14.64864647692254],[76.37455162356643,14.646595113436646],[76.37933732278408,14.662050154343712],[76.34296385510879,14.665757549261484],[76.33816551030687,14.685703591681484],[76.32217125460814,14.692442646861124],[76.31522619768691,14.69237302639084],[76.31235863246788,14.687256743532291],[76.30161074104767,14.690023594276468],[76.27951073966904,14.684678336209108],[76.27334416816294,14.688322455151976],[76.2723472412168,14.695769275307581],[76.2579321600072,14.696074139435376],[76.25692222545577,14.700755203350287],[76.24903981606143,14.697536757688965],[76.23052865970133,14.64934414079334],[76.20446323324884,14.677914084905948],[76.19356952998666,14.682016150265875],[76.1934538817753,14.69800427502971],[76.18371516493177,14.700337194578815],[76.18715633859573,14.72254394032868],[76.19716283963216,14.725026607507255],[76.20097040016788,14.739178829946487],[76.20060470050728,14.753260356317185],[76.19236225533025,14.768373848731235],[76.18092770877482,14.764092843801292],[76.16897851200325,14.785184717311209],[76.14939324904111,14.7839310861572],[76.14292910430895,14.793240336879908],[76.14643397750966,14.823516477938686],[76.15336893916371,14.82137392128516],[76.1605981044632,14.82994978939545],[76.17616262858787,14.822061792189267],[76.19434323456784,14.820855294583422],[76.19071850185368,14.846514335639762],[76.15936053412383,14.847193846282295],[76.154744642546,14.861238953246247],[76.13055781074492,14.860797515703673],[76.12891330987006,14.869152862548894],[76.08777117233991,14.872601574097063],[76.07275557904093,14.86887482325119],[76.06627478044172,14.88398861301676],[76.08469704401287,14.913383306262983],[76.06974391686381,14.908951500108408],[76.06215340064801,14.915881290786828],[76.05131152119458,14.91619409366356],[76.04479038195088,14.931971481515045],[76.03260326817293,14.924533236730936],[76.01269019469224,14.896362789823765],[76.01053867568785,14.905263683135754],[75.99732825503719,14.898150262330384],[75.98455458449783,14.908201920981895],[75.97712414087914,14.898476135297635],[75.96595746026338,14.90849901329755],[75.96536501324867,14.903049509601152],[75.94007108780995,14.9000436207939],[75.93434407365045,14.892064816886052],[75.89775978934429,14.880836947470854],[75.88741624490481,14.86864116785965],[75.87320370414734,14.868031220300985],[75.86915267771174,14.854393087206493],[75.85376469769322,14.863624089765299],[75.85394846694922,14.883597500729687],[75.84482656841406,14.889882077103803],[75.83225880072101,14.883499312550496],[75.82569901325884,14.89923699469972],[75.81606132993534,14.899803984909326],[75.8017272165772,14.868895133020972],[75.8097900849357,14.84807929332152],[75.8103259156296,14.842720004059645],[75.80537873435817,14.841326772661201],[75.81114274473433,14.82931734975111],[75.81803966722767,14.834534046431564],[75.83311828812359,14.813122581922272],[75.83373468063053,14.796737226811556],[75.82702655885709,14.781787294020413],[75.82259721053282,14.776078868864587],[75.79879829732258,14.76893200314086],[75.77295749281025,14.791651735349037],[75.77154544359155,14.782292518131035],[75.75984984571627,14.775779539407823],[75.756252342735,14.738800705599376],[75.71926859918158,14.720002816822644],[75.70713750883631,14.722772709636423],[75.70214898889212,14.730646264919898],[75.72065288237314,14.7511188382358],[75.72241627168258,14.77197670311446],[75.71340487491055,14.77887606640421],[75.69178688076731,14.782299259204422],[75.6777183642044,14.797996850597695],[75.66360885751506,14.803530574999538],[75.69031347661468,14.856874764843452],[75.69372888659629,14.858898239163308],[75.6952087208897,14.852196366916152],[75.71256107209283,14.852737426564545],[75.72158827651893,14.864229974191618],[75.73271527765029,14.863619725037923],[75.73433240146856,14.882964138134268],[75.73910666692932,14.887331616159669],[75.7281361747783,14.897513112362128],[75.69622516373536,14.892088557974517],[75.68327496525953,14.92751980283154],[75.68344122635061,14.940981418351383],[75.7203716504004,14.9512137014121],[75.74164189771402,14.945040440045686],[75.76073687097391,14.968427802757077],[75.7792099136131,14.977212133535973],[75.78486477508899,15.002372734714376],[75.8077218837756,15.024531967094045],[75.83328902192649,15.028691228592821],[75.83854545542103,15.04165203573535],[75.84617093406767,15.044933807189125],[75.85958221532094,15.036408415583756],[75.87396872920623,15.035333667257536],[75.8837060096436,15.052342240034823],[75.90352091972163,15.056710553401144],[75.90883926510556,15.076750598082166],[75.88857736591856,15.096915083019708],[75.88489873249073,15.107615549045565],[75.90096150089957,15.121559387039607],[75.90231642085945,15.131694714930774],[75.9281090505197,15.141943486437988],[75.95421983291087,15.13792813920382],[75.97851986501419,15.152803269431505],[76.0248510147818,15.14274659478644],[76.04143504949886,15.14442105921409],[76.05687599867812,15.156993071678828],[76.09375925937887,15.162790220656184],[76.10346380969885,15.168408350850676],[76.11173416014188,15.198653009930112],[76.1250798158704,15.203389212869943],[76.15592148317893,15.195854841104913],[76.16022188912389,15.200847418235663],[76.15989381000911,15.214936881731049],[76.18749585775568,15.235048689686991],[76.23119135676788,15.231332030768387],[76.21887549374847,15.196615495224508],[76.22969035906472,15.18847717819104],[76.24903547091039,15.190765310082524],[76.25718929638636,15.206303073862589],[76.26825046717707,15.206634113903252],[76.29136670658546,15.223066509659887],[76.30287401847552,15.255726748394364],[76.31970717668213,15.264430355663913],[76.3336808940331,15.263656344913288],[76.35073023360943,15.31044567215015],[76.3640307894191,15.328431242801043],[76.38894599411721,15.330853482593744],[76.40461349481782,15.325705353110857],[76.43183658287192,15.33917520538257],[76.45063915091353,15.33926030169565],[76.47718557938659,15.349543610279552],[76.49335085634911,15.344999063046032],[76.548660543414,15.386929947180308],[76.5550053954697,15.39668334578377],[76.59236191201832,15.413049995609722],[76.59610058434816,15.42545424865305],[76.61144395133473,15.442382719583001],[76.6660266444166,15.449862994090426],[76.6823848004504,15.470356095348233],[76.69465044135721,15.477288838572623],[76.69440916644832,15.46649845322857],[76.70741742214264,15.453629673705656],[76.7102695722714,15.444387992035653],[76.71928829210964,15.442170795867908],[76.71751405743976,15.434155013857561],[76.69685370242365,15.434478715878985],[76.68637383594485,15.429777350017984],[76.6967912524434,15.415071207802644],[76.69361608340986,15.405994144756338],[76.65054946618194,15.407353793642091],[76.640687638822,15.391778743445107],[76.6390752500236,15.378091744472401],[76.64734643140822,15.37761225992552],[76.66099528381652,15.367931670068101],[76.66287305561112,15.373525478976196],[76.67431146671885,15.375751082466683],[76.67831931922358,15.367698035485708],[76.67614194131545,15.357106750031337],[76.69623104596425,15.356116409292818],[76.7015657334998,15.32474607719321],[76.7210980596406,15.324901480410665],[76.7188147020885,15.310085676543402],[76.75582953992719,15.311241422171724],[76.75672809416317,15.290022459570979],[76.71633408887304,15.290471018166611],[76.71752690783988,15.27160051185484],[76.71223464683688,15.272497218140295],[76.71082311145452,15.246501049989261],[76.70218558452056,15.262089708235441],[76.68915209514992,15.261022696178587],[76.68943105438501,15.275179666442078],[76.652121192739,15.274179167086015],[76.64119545196053,15.266706138661556],[76.60899334903628,15.269041829638088],[76.63510136910796,15.244306489074107],[76.6151784464985,15.201699172344101],[76.60365736433344,15.195512064419155],[76.5737608064505,15.193405551002765],[76.55542441643061,15.202198424747477],[76.55000220513863,15.191794401090581],[76.53491361384135,15.199000581499055],[76.51811010453072,15.1815416483464],[76.50949975702403,15.18592500338265],[76.49974484804748,15.181735290069602],[76.4804178677975,15.2096607340423],[76.44826566988056,15.220644553186672],[76.43188286677031,15.232939923622125],[76.42768278108296,15.22399837461236],[76.4313435586979,15.217133589204657],[76.42322993193261,15.207126359928735],[76.40916032211996,15.19378496085745],[76.39586141561718,15.193393279804035],[76.4401521580996,15.137185793507491],[76.45957478916442,15.09169829688974],[76.47995901284193,15.070496970507413],[76.46117378947181,15.04249718742989],[76.45166339472912,15.038655017240533],[76.42199911692417,15.0459605125036],[76.40984192423171,15.06184157897719],[76.39239886204948,15.06471272638178],[76.39254681278015,15.053677893395982],[76.40486174244998,15.02939277324066],[76.39382295587951,15.022498034017023],[76.3786842987765,15.022489548746343],[76.3791304955714,15.011481750044586],[76.37152768231769,14.996923903006003],[76.36144959184128,14.995901315235368],[76.36671496896278,14.984505214782487]]]}},{"type":"Feature","properties":{"id":"ballari","district":"Ballari","name":"Ballari","state":"Karnataka","rep_lat":15.3496,"rep_lon":76.8761,"elderly_pct":9.2,"outdoor_worker_pct":35.2},"geometry":{"type":"Polygon","coordinates":[[[76.79882952731386,15.095223067921019],[76.79237662859069,15.087597302664857],[76.78605111726306,15.08784339298184],[76.77526788162801,15.072283380768473],[76.77363256243366,15.059151150174552],[76.79015610998934,15.020744227249141],[76.78714400584109,15.007959409399207],[76.77876311770235,15.004593936340772],[76.7749325432274,14.992735394755698],[76.75078178507316,14.983202552776051],[76.73408230336737,14.985480037106944],[76.72752409873675,14.997380919393926],[76.72817265811736,15.009873799470867],[76.73612019177651,15.022924979779708],[76.73069900186898,15.032665535324613],[76.70373109823765,15.03340358207208],[76.7016093844361,15.01610635628864],[76.68598377307546,15.018813094772867],[76.68811035035597,15.025039416404601],[76.67770924007647,15.024517764378349],[76.67156139844404,15.018703356959879],[76.67275963245541,15.012937102174956],[76.68874232593812,14.978605545848017],[76.70872998743518,14.976583930796156],[76.71687575592135,14.969829789941093],[76.71297293533796,14.939645722407395],[76.70602106379702,14.942327803341207],[76.70695100427072,14.931084703909331],[76.6972366560259,14.927626497285985],[76.67933786502532,14.938874053258859],[76.65986948725467,14.941882626283567],[76.66530241005813,14.91586244810401],[76.67736056079556,14.911250992347227],[76.67756204303231,14.89441157614771],[76.64831520784831,14.8966325586503],[76.63778553427859,14.892588913806037],[76.63310142643472,14.883452016004794],[76.59485691804126,14.881610608897763],[76.59269897967584,14.86405008916199],[76.58692036269318,14.858789221021183],[76.57000281764714,14.86563159972803],[76.56499968211324,14.880343648784452],[76.54171631204456,14.881511069786189],[76.53850781281898,14.87609172385808],[76.5303258790578,14.875695234325168],[76.53338937492512,14.871963962248147],[76.52353133037086,14.869555746486158],[76.51768939563537,14.873095763918844],[76.49954399822468,14.868445514973022],[76.49565082375081,14.860953396713288],[76.48187462437127,14.859396527354969],[76.4750957333197,14.868446200012404],[76.47534318863777,14.881144053859662],[76.46517949769797,14.876340077717945],[76.45912353126121,14.88391137321683],[76.46062745926886,14.891669593834914],[76.45297197689175,14.910719102205515],[76.45297899902228,14.917583224325766],[76.46992226463159,14.926998702257924],[76.46185814222494,14.924977375146232],[76.4345251363127,14.935175743666067],[76.42589822836374,14.930762821862604],[76.39799490273887,14.9330896165526],[76.40785512211444,14.951019247524881],[76.39411151900327,14.954979119295409],[76.3940095647101,14.958512807849088],[76.37469213804319,14.95733844172151],[76.37606331571307,14.982363560271489],[76.36314011250984,14.985584983691483],[76.36595690584737,14.992309162700083],[76.36144959184128,14.995901315235368],[76.37152768231769,14.996923903006003],[76.3791304955714,15.011481750044586],[76.3786842987765,15.022489548746343],[76.39382295587951,15.022498034017023],[76.40486174244998,15.02939277324066],[76.39254681278015,15.053677893395982],[76.39239886204948,15.06471272638178],[76.40984192423171,15.06184157897719],[76.42199911692417,15.0459605125036],[76.45166339472912,15.038655017240533],[76.46117378947181,15.04249718742989],[76.47995901284193,15.070496970507413],[76.45957478916442,15.09169829688974],[76.4401521580996,15.137185793507491],[76.39586141561718,15.193393279804035],[76.40916032211996,15.19378496085745],[76.42322993193261,15.207126359928735],[76.4313435586979,15.217133589204657],[76.42768278108296,15.22399837461236],[76.43188286677031,15.232939923622125],[76.44826566988056,15.220644553186672],[76.4804178677975,15.2096607340423],[76.49974484804748,15.181735290069602],[76.50949975702403,15.18592500338265],[76.51811010453072,15.1815416483464],[76.53491361384135,15.199000581499055],[76.55000220513863,15.191794401090581],[76.55542441643061,15.202198424747477],[76.5737608064505,15.193405551002765],[76.60365736433344,15.195512064419155],[76.6151784464985,15.201699172344101],[76.63510136910796,15.244306489074107],[76.60899334903628,15.269041829638088],[76.64119545196053,15.266706138661556],[76.652121192739,15.274179167086015],[76.68943105438501,15.275179666442078],[76.68915209514992,15.261022696178587],[76.70218558452056,15.262089708235441],[76.71082311145452,15.246501049989261],[76.71223464683688,15.272497218140295],[76.71752690783988,15.27160051185484],[76.71633408887304,15.290471018166611],[76.75672809416317,15.290022459570979],[76.75582953992719,15.311241422171724],[76.7188147020885,15.310085676543402],[76.7210980596406,15.324901480410665],[76.7015657334998,15.32474607719321],[76.69623104596425,15.356116409292818],[76.67614194131545,15.357106750031337],[76.67831931922358,15.367698035485708],[76.67431146671885,15.375751082466683],[76.66287305561112,15.373525478976196],[76.66099528381652,15.367931670068101],[76.64734643140822,15.37761225992552],[76.6390752500236,15.378091744472401],[76.640687638822,15.391778743445107],[76.65054946618194,15.407353793642091],[76.69361608340986,15.405994144756338],[76.6967912524434,15.415071207802644],[76.68637383594485,15.429777350017984],[76.69685370242365,15.434478715878985],[76.71751405743976,15.434155013857561],[76.71928829210964,15.442170795867908],[76.7102695722714,15.444387992035653],[76.70741742214264,15.453629673705656],[76.69440916644832,15.46649845322857],[76.6926424596605,15.478175117984941],[76.72317148270741,15.492177979871556],[76.78122196833175,15.493147216967648],[76.8115744409843,15.51372425569616],[76.80788471156607,15.524301148794716],[76.81059922901353,15.54719325854787],[76.8350348860635,15.565968528819221],[76.83365519505965,15.626676343889732],[76.85765804919562,15.642417993085461],[76.86163031494036,15.653909051330785],[76.8894498735633,15.684874946429211],[76.906815369814,15.690367902439203],[76.91691075555457,15.699683529467862],[76.92230463847407,15.72811755440368],[76.94407460780047,15.763309595367387],[76.96702661361537,15.774294886147207],[76.99879303542346,15.811213673203325],[77.01601449759815,15.822184918370997],[77.0252201793049,15.837529638812036],[77.03588926152523,15.829572910290112],[77.04072808980375,15.832764904940586],[77.04812324220816,15.827991790365537],[77.0631751795469,15.829605370607032],[77.06720588159921,15.78775633715436],[77.06097656726207,15.786276928264087],[77.0569833411268,15.768725810868048],[77.05234490542861,15.769894528775854],[77.05109161816505,15.764539699912463],[77.05649074724582,15.762847099837646],[77.05434207949415,15.75619509765928],[77.0480245739523,15.756238068973811],[77.04597782456119,15.74037722629657],[77.04941636526303,15.740062234721734],[77.04913084473313,15.730279550567001],[77.07972115623862,15.727532122807553],[77.07889810719891,15.716276305512451],[77.08743966261949,15.715509853521686],[77.07872588488758,15.695165664410794],[77.1092602448256,15.681483762419175],[77.12140342020636,15.671110870046322],[77.12017002703308,15.667630509800205],[77.12891461877582,15.665886452811431],[77.1214536980145,15.631106996135646],[77.10627984491869,15.637463697422808],[77.10139153563767,15.64852457943771],[77.08322083088882,15.659167329714764],[77.07175645936766,15.64667537464774],[77.0304640507585,15.634515061458835],[77.03294441154736,15.60500535930425],[77.02626992629139,15.581758812168635],[77.0313455621569,15.544098635170734],[77.03006961039871,15.50267159999615],[76.97456138038464,15.510530322639397],[76.97386698536498,15.499550463888408],[76.97712893704488,15.489788832471058],[76.9973313237426,15.478030540997416],[77.010799934579,15.448766415183233],[77.0320376610827,15.435580721670577],[77.03515589758852,15.42319982326738],[77.029256978223,15.404384986960686],[77.0472763644572,15.39004674026124],[77.04185653010744,15.36194736415906],[77.04477080951791,15.355715777078451],[77.0649234951259,15.34357729833815],[77.06375418327337,15.328043670705217],[77.07441578162909,15.325913509719584],[77.11312731515562,15.333703383711644],[77.11840090287883,15.294876130797292],[77.15160282442608,15.292460442130379],[77.15196919602653,15.275709785245157],[77.14716056192134,15.272947127972191],[77.16695576206372,15.268609857119882],[77.16769624514905,15.258521417478102],[77.14380230545308,15.257239522373451],[77.13624252419642,15.240985424011049],[77.12641174440932,15.240464757575603],[77.12514504529852,15.22696557206009],[77.14768085265916,15.223935635451488],[77.16590805874446,15.189378557800113],[77.1691569174791,15.171375305638623],[77.16285474438256,15.157386326320731],[77.14077925623138,15.158613228727894],[77.13474454393427,15.148319830786091],[77.13797292736865,15.143493680615453],[77.15730194679435,15.140496034486082],[77.15635039554984,15.122958808138518],[77.14210568522373,15.10459592776157],[77.13014262924396,15.100796066678122],[77.12823532623271,15.072341269230085],[77.11295122380037,15.034084721656061],[77.09367788375263,15.036165791568378],[77.09087515084597,15.029359991480485],[77.08476993517208,15.030737141207972],[77.08247333645268,15.006109269594784],[77.07205977103176,15.004615707481426],[77.04414001611863,15.009871525318648],[77.04958530063874,15.033104631040104],[77.00410157030615,15.033861594465293],[76.98605653178069,15.02651515926904],[76.98524555969165,15.01521768836609],[76.96594218267575,15.018068303788162],[76.94962657804034,15.030401754920927],[76.92224888992587,15.03131249417688],[76.91839038682872,15.035551975339557],[76.90724421475085,15.032548511808708],[76.89500158149511,15.037100311932978],[76.8771876471529,15.030236680813172],[76.8659105590971,15.059713407567232],[76.83604200170157,15.079263180808544],[76.82379144261007,15.080042351677955],[76.79882952731386,15.095223067921019]]]}},{"type":"Feature","properties":{"id":"dharwad","district":"Dharwad","name":"Dharwad","state":"Karnataka","rep_lat":15.3716,"rep_lon":75.1338,"elderly_pct":9.2,"outdoor_worker_pct":22.0},"geometry":{"type":"Polygon","coordinates":[[[75.059832474592,15.682109822446224],[75.04980927477273,15.682486010541643],[75.04677748314671,15.6706553940801],[75.02833257394553,15.669825319455535],[75.02806601325803,15.651827882910215],[75.0219623938904,15.650369999521994],[75.01941954449374,15.643943354230105],[74.96637647487564,15.654347196408342],[74.96512425570893,15.627222838159465],[74.93276312852151,15.623600310189568],[74.90222304901009,15.63187923409168],[74.88739471671857,15.629693399178164],[74.8777284876303,15.622753045713365],[74.87894074075002,15.617963371397945],[74.84026574170612,15.608579571599975],[74.8383068313801,15.612383843492037],[74.83053021478015,15.61032634565365],[74.82994718300796,15.590318002295541],[74.84095687853625,15.574771733473233],[74.8224983113495,15.568505057855615],[74.82034166835474,15.56231853078401],[74.79795358984092,15.548538854684386],[74.81152090756073,15.521861041444541],[74.80951053275209,15.512647062592436],[74.81391681862803,15.504993857195032],[74.80351152758922,15.503011409919786],[74.8058837680488,15.498038009718178],[74.79805460090303,15.49777766725665],[74.79592405396727,15.487538595681087],[74.78699342921402,15.48614855567663],[74.78865626650047,15.473991922158215],[74.77836489711102,15.459338422388738],[74.76466154660942,15.47394073364907],[74.7611408945007,15.470502671559393],[74.74864464438238,15.496234754859435],[74.7273642964117,15.488913449923293],[74.73195314330957,15.470933541056374],[74.74448262660185,15.463503605291109],[74.74028876803608,15.446833183602177],[74.73084416051489,15.440168689335684],[74.72970442659144,15.431481080333608],[74.74141373006302,15.41233757956154],[74.7543274982608,15.410988095657965],[74.76852468231847,15.4161801181127],[74.77072469238192,15.40788198441937],[74.76528115239012,15.399640333248835],[74.78243425995815,15.394353387996981],[74.79711592161827,15.377173095601458],[74.82101461879196,15.385117970857282],[74.83095785687286,15.37282869372471],[74.82441588749437,15.374790317192756],[74.81919165141622,15.370386159527587],[74.8284506301688,15.340673948165959],[74.83589575405585,15.33459532955044],[74.85367953824219,15.341221339864996],[74.86076123430799,15.32727489646315],[74.87625097727853,15.316676567537439],[74.87840867309883,15.310030720301318],[74.87373599721525,15.298516506254881],[74.88198545464142,15.298787769786726],[74.88891099835803,15.307083509093125],[74.89650130706298,15.301703765363596],[74.90626668051424,15.27650713517175],[74.91028609523498,15.25106056414479],[74.88772394657528,15.23428553681677],[74.88737154108257,15.228874315443184],[74.87312579679558,15.216381085301151],[74.87742468638436,15.19320761400951],[74.85066469692724,15.171051331890899],[74.84845766832652,15.162944731791447],[74.83505541424354,15.150328200958231],[74.83748306817972,15.143931842436796],[74.82931951305096,15.139661206417573],[74.8311904486662,15.13241834214193],[74.84334692090981,15.121930339562377],[74.85130333531387,15.120901202579223],[74.85934678209593,15.102752418882657],[74.8906470465435,15.098636789816549],[74.89326666057445,15.093601172118838],[74.88187341136928,15.087091431767474],[74.87850533900993,15.07380306715169],[74.88724338562753,15.065621807945128],[74.88799800999205,15.050278418675964],[74.89097761578827,15.044795489224661],[74.90818624103754,15.050869631455805],[74.91074499510628,15.041177167314341],[74.91673890232997,15.038728773630654],[74.92398265267641,15.048471872823479],[74.94046245048116,15.051798393124463],[74.94067183879073,15.066477695349676],[74.95765729647228,15.064868383727337],[74.96371263408831,15.069411465465555],[74.9940836398835,15.073525292429903],[75.01298281095417,15.068315579579192],[75.05404272209306,15.082914207579561],[75.05825980300726,15.072337522011573],[75.07099386772401,15.07037099604626],[75.08208944309179,15.074648143309444],[75.0774909734406,15.110348429894563],[75.09533888027022,15.110234332726245],[75.09532439852951,15.113962151318038],[75.11352124335487,15.117194794662566],[75.1036712279426,15.140333530192644],[75.13180302119534,15.144821758863126],[75.13673053115873,15.160776717945286],[75.1410304070977,15.161445997193775],[75.15291039765975,15.145660887402936],[75.13311871172678,15.118998200911017],[75.13916962693669,15.104366815666163],[75.15871555536751,15.109683408732224],[75.15823526391434,15.101518373483884],[75.18615323656992,15.104291902523531],[75.18826309889793,15.097911172237353],[75.22489782989554,15.101278391746025],[75.22586356823331,15.107459404375346],[75.23890696781817,15.108971609705963],[75.25120333559927,15.107648229424848],[75.25331124948146,15.098037954320866],[75.2584563880005,15.098513917901032],[75.26057463430506,15.118313077729267],[75.26991551605533,15.117654825088795],[75.28801836745754,15.130544385801347],[75.2871473286187,15.136912013420112],[75.30981431696024,15.138297202186406],[75.30712468554111,15.155151319187489],[75.3364332969689,15.161805759980053],[75.3370797668682,15.112207985414184],[75.35060266649046,15.101057732192016],[75.35006859829112,15.09470875707021],[75.33299625106372,15.086698774432126],[75.33971029632816,15.069754559859998],[75.35721054166811,15.065219999376328],[75.36929270077981,15.050150608763268],[75.39922162226749,15.059973728762198],[75.41668323645695,15.059533107877522],[75.4166821045797,15.084901476720688],[75.43354456942411,15.109444091874066],[75.42917184730211,15.126331738651391],[75.41198708849333,15.146023154368258],[75.41008680581605,15.161391655860797],[75.40351795255604,15.164655048630117],[75.40317920864219,15.171632054756136],[75.40175478602877,15.165649332495283],[75.39581339611324,15.165573136140742],[75.39525569503539,15.172125335267463],[75.40077862633538,15.17318224376403],[75.39889447021407,15.201291862203604],[75.43291262438468,15.198924511609272],[75.43319952832012,15.210017873067704],[75.44916055803145,15.208129119248143],[75.44024557833714,15.22725957172555],[75.42273722660009,15.22598487707278],[75.4220504421075,15.235266451411587],[75.41587430713687,15.234621405721564],[75.41652134297478,15.26249154752317],[75.40646278277099,15.26415587063884],[75.40287810054546,15.26032433493868],[75.40202795202858,15.273351967396632],[75.41680769893789,15.274954236121403],[75.41612425617816,15.279215485752623],[75.40612023089864,15.277671484751398],[75.41241306510949,15.299767253124937],[75.44974659736323,15.301865631357646],[75.44850309365141,15.327666694366009],[75.45277269187372,15.340128014765341],[75.4577186173004,15.342119052630961],[75.45420999902326,15.360895437077804],[75.44903569041031,15.359514449300368],[75.4446203962287,15.386121763214872],[75.46897412422979,15.385892021454367],[75.46979900493439,15.397509237152736],[75.4753175722187,15.395794346887278],[75.48179827469819,15.393192779570297],[75.48174112747309,15.378611441560924],[75.49243344012667,15.368751096741336],[75.49899972420498,15.423848477646969],[75.49280875086251,15.448636516485408],[75.49515488448328,15.469827827249265],[75.4870814366657,15.489302729753073],[75.4718269004843,15.492739218975574],[75.47507112750536,15.516595916531916],[75.48178039642742,15.531730065546432],[75.50537870236003,15.529749308404813],[75.52952625802025,15.537899475025192],[75.52865661246842,15.565778322797977],[75.5344487131635,15.591604585955018],[75.54382048528146,15.612158876304726],[75.54930735551099,15.614465399892302],[75.55441538193068,15.64729904920481],[75.50259848931921,15.647413913970738],[75.48765208156846,15.70256372111141],[75.46855937835134,15.700787525859818],[75.4701330039469,15.684172337664426],[75.45055547547938,15.678056967145931],[75.44762805551292,15.682296197207583],[75.44137032297178,15.672321143931546],[75.42519108529143,15.670481557036021],[75.4244149911916,15.662488439421931],[75.41309978761834,15.655396411692404],[75.36249584072765,15.668696128681338],[75.35949887858183,15.645601774377234],[75.33570181410441,15.648761142899032],[75.33704475862325,15.673848221079405],[75.3131171824098,15.68007768104541],[75.2933043779828,15.69184141763069],[75.27795646462255,15.687144617656768],[75.2737545364906,15.648730756553233],[75.24915976085435,15.647006688206602],[75.23633743216936,15.679039257471686],[75.21792773692734,15.676978153789031],[75.21779920867144,15.681600643893507],[75.20268768787655,15.681574680232474],[75.20277350034239,15.64908627080762],[75.18729596188327,15.648991576577998],[75.18400610134411,15.657659030536886],[75.17140130868829,15.660576337651557],[75.13240917829795,15.660133215050237],[75.12391676521499,15.668013559300666],[75.10826958440605,15.67200709281477],[75.10615334583616,15.660258654638909],[75.10148038608496,15.660804882766467],[75.09185422634992,15.607909211139047],[75.08070783328651,15.622931286156039],[75.06399115782617,15.625714985209044],[75.05639787569763,15.632508575935592],[75.06321349616617,15.66837898417349],[75.059832474592,15.682109822446224]]]}},{"type":"Feature","properties":{"id":"uttara_kannada","district":"Uttara Kannada","name":"Uttara Kannada","state":"Karnataka","rep_lat":14.7235,"rep_lon":74.6402,"elderly_pct":10.3,"outdoor_worker_pct":33.5},"geometry":{"type":"Polygon","coordinates":[[[74.29204621819667,15.524935295870526],[74.27821644868345,15.522877244953603],[74.27474855552973,15.512740905614292],[74.25368885355574,15.501433407290428],[74.25097302007642,15.491624031724239],[74.27551326258502,15.449219261167961],[74.27695473612083,15.435243007404484],[74.26884600966541,15.419133215409708],[74.27836086634012,15.405726828508062],[74.27593541776793,15.391622487568421],[74.28305670797822,15.382977558048102],[74.29876847046957,15.381972739752525],[74.32326258448832,15.367711693663626],[74.31632877716937,15.36283321589696],[74.32190243004526,15.343627341661001],[74.31708562396594,15.329153085759316],[74.32449039103884,15.309946928206696],[74.33649918743629,15.294979120108835],[74.32621092531937,15.283416163959972],[74.30780161275968,15.283012897678448],[74.29431146571267,15.288846481383752],[74.29319733107984,15.28418875001371],[74.28163172481608,15.280096105618563],[74.27616992926106,15.283210949481179],[74.26086798988044,15.25986653413857],[74.25139839751627,15.25859097983875],[74.25960927140265,15.24106138597021],[74.2915601604577,15.23385280204575],[74.30167386194859,15.224378061376528],[74.29991749297307,15.219964323200797],[74.31702169805368,15.186298646762069],[74.2955080917397,15.150917648176103],[74.28514557398312,15.14872976373377],[74.28494398574513,15.11394966216896],[74.27270271703031,15.097532494235045],[74.27974920722183,15.088112427821988],[74.28078535551154,15.068852681705378],[74.28956730369543,15.064859385749738],[74.29655158824848,15.041243196535694],[74.2833215977993,15.031501607171705],[74.28346881640303,15.02356557034482],[74.26653528763309,15.006755276314252],[74.26790991303707,15.00167995358279],[74.25353406484915,14.997850770040804],[74.25217712547649,14.992716537996788],[74.26437669619247,14.97856087881805],[74.25516681126851,14.97008463362724],[74.25243483596184,14.958763082619964],[74.23653845800153,14.966514505075828],[74.22964168373021,14.950168037337487],[74.21353419179664,14.947345011459548],[74.20138210153499,14.925391948295095],[74.19149428860884,14.93271115487395],[74.19459648479695,14.939610894160326],[74.17955871389023,14.950469339136307],[74.1792952200511,14.956719181524932],[74.16344500202165,14.95815010040927],[74.1542225873961,14.943270974657233],[74.165968307671,14.91862939684525],[74.16195468528721,14.911807932599327],[74.13998309987505,14.922895213956178],[74.12406074712831,14.92499220856217],[74.11981311540964,14.916564097561317],[74.10463059087637,14.91256824574374],[74.10146552609312,14.915455503217151],[74.08568785959928,14.900641739228085],[74.09586882693861,14.898272225910105],[74.11181026978346,14.849761451484904],[74.12508831560876,14.840650547645785],[74.12461112154669,14.80552555803222],[74.11307670478956,14.796911043840277],[74.11327671468759,14.805131300516544],[74.09300140724666,14.80419293318401],[74.1096155804415,14.792542435773239],[74.11019060013969,14.785286578145309],[74.11808513229876,14.785859492115403],[74.11917074901459,14.774606941682183],[74.1290683454925,14.78096643957043],[74.1415654391289,14.779288480101897],[74.1573732252359,14.760037737120943],[74.15045497763603,14.751568050857516],[74.15213169569026,14.747275858701292],[74.15718053031927,14.74489848005771],[74.16164920958157,14.75195995326657],[74.17759983500525,14.750478877720303],[74.19306308935303,14.734473927798794],[74.19195697398077,14.726564374560454],[74.20181061140028,14.71985034287539],[74.20831140829435,14.717923441390273],[74.20485687308886,14.736935429772558],[74.21040014763679,14.733270502077632],[74.2277345415174,14.73751188972612],[74.22674607490461,14.748039695107737],[74.23433707800727,14.748231094882689],[74.25001371637101,14.739458549869795],[74.26310601574838,14.719243771051168],[74.26527336576302,14.711747406881987],[74.2566502522978,14.707737159998628],[74.27229006871802,14.70017244308607],[74.2828275971566,14.675101311899194],[74.27557833295094,14.666410158629802],[74.28092575680057,14.661047196039616],[74.28042301016026,14.649328106534327],[74.28569242610727,14.645688963399582],[74.28182753329351,14.627155274907278],[74.27144232409283,14.630460212907366],[74.27000597095413,14.627181767268377],[74.2932147143789,14.596892996769943],[74.31469361338358,14.545994019927509],[74.31083439971903,14.536765786098865],[74.31627909853756,14.527842687049393],[74.30993268970144,14.521310849729993],[74.32575032583554,14.51990786343457],[74.32659328513522,14.515475678777705],[74.3367973283976,14.519140544485182],[74.35539062760557,14.508923293987936],[74.35452699447796,14.502173814194537],[74.36372422034293,14.494343445349992],[74.38366947417204,14.43959477115168],[74.38236881515026,14.421139162848503],[74.39451496664957,14.418530854139698],[74.41338779731947,14.316215576440646],[74.44538051103582,14.231204794268072],[74.44154748236349,14.22424644862963],[74.44944546225663,14.216033531218272],[74.4536270669036,14.20001806324864],[74.46386434693316,14.200681817458483],[74.46950170024417,14.188249643926124],[74.48782193226702,14.106218388994275],[74.48577574881455,14.094653219906034],[74.50047462039885,14.045717761259798],[74.50117653970734,14.023273665284188],[74.51505215833436,13.98687310733901],[74.51745383928075,13.984563881369624],[74.516061617677,13.987982788015225],[74.51703159696122,13.991721067538524],[74.53192891717156,13.965302745899951],[74.53918640635197,13.96510918045001],[74.54920169740346,13.948266270761039],[74.55736838405933,13.951876765524524],[74.56239895683694,13.94576084069102],[74.56684818667503,13.950216622252075],[74.56868260128242,13.950062307448587],[74.58253267900929,13.925693348546291],[74.59572963121892,13.941317689937208],[74.59712356590991,13.931705502620739],[74.60557593928404,13.94070421543572],[74.61895716919611,13.941143487418225],[74.62364437173612,13.936154416624083],[74.63048771870594,13.945473087282192],[74.63768707610765,13.937708919287838],[74.64743625742591,13.940428935482641],[74.6516103988695,13.94597817468639],[74.64431437196342,13.957543409999708],[74.66521549613692,13.982197950875376],[74.6631533595033,13.993934606398478],[74.67754510877008,14.034823695895088],[74.65525363777682,14.039130961949654],[74.66087664499273,14.058405573773788],[74.63739312219388,14.09463278772249],[74.65570186925581,14.113315127195602],[74.64633905423958,14.114458226685416],[74.64492014099379,14.14211666313277],[74.62903465330967,14.144279289086986],[74.62525721508206,14.16253026872583],[74.65060845932409,14.170100837697555],[74.66553677949659,14.184458440187257],[74.69057686888377,14.166218444637032],[74.69751921828275,14.17313110999214],[74.70751062941906,14.170048101446026],[74.72341158249911,14.152623379509675],[74.7430585426533,14.149065764294201],[74.7479463713356,14.142699544254555],[74.74845560471061,14.156895553133111],[74.72877274877598,14.174935431223274],[74.71875418965348,14.2139790104288],[74.71596004913249,14.23327543871106],[74.73003099743487,14.263867364578003],[74.76372716486493,14.237938959595121],[74.77298487339968,14.23940372080969],[74.79180211811642,14.22739660140433],[74.80337853740129,14.232067561391956],[74.83231566311976,14.230065122327131],[74.85342267486814,14.211260265560313],[74.85926553935992,14.218799804192885],[74.86633163079097,14.219753390002257],[74.86842456885906,14.238058618461183],[74.87324044069044,14.241278008937314],[74.88027617804804,14.234634011074279],[74.8753168794017,14.227814211558488],[74.87612767003108,14.219441853661014],[74.88004334550618,14.2195323577458],[74.87767768790098,14.215808806588536],[74.89009577380983,14.216859417676474],[74.90020078679528,14.229726377845408],[74.919846360849,14.227530723980982],[74.9353643711066,14.243158669839406],[74.93833590823493,14.256328526977315],[74.92843077309512,14.264743887082378],[74.92726193645142,14.276616165941363],[74.9166439486078,14.27315467143739],[74.90761190585557,14.285389508556992],[74.90696329976255,14.294713192042463],[74.91357754219895,14.299318318679926],[74.92037745203149,14.315732690195906],[74.93682515033618,14.322379410498995],[74.95181426579214,14.316921249103778],[74.95784944611154,14.323408775455402],[74.9681817220841,14.31513035827533],[74.97678898118285,14.319724031427496],[74.96965773224933,14.325740975796924],[74.9762701421225,14.331598472695367],[74.9744096422359,14.337553072327447],[74.95913200228372,14.342185870121785],[74.95512929353232,14.349890002679027],[74.9392840377965,14.35851786493215],[74.94073488704892,14.367694830607364],[74.94984006075013,14.376029603004472],[74.94871076255531,14.399017855944415],[74.93361252065694,14.403967920574232],[74.91717929331315,14.431534219898897],[74.88081430753078,14.429214063146214],[74.87461585571354,14.447604298313138],[74.89066406871981,14.462205342434759],[74.9209900761058,14.459190466240685],[74.91833202406215,14.466482694682949],[74.89345278251817,14.474009663037528],[74.88928944780746,14.47935800191198],[74.89467229941529,14.507426492383642],[74.90211511822531,14.51521011024659],[74.90096735965142,14.529375426206956],[74.92684716182686,14.529062457494934],[74.93576437113967,14.518732506595008],[74.94106087668239,14.534558339479412],[74.94866868636572,14.536451169603293],[74.95428532811952,14.551234562469217],[74.97684377302528,14.548712797938418],[74.97971814118597,14.524240314579309],[74.97182062572185,14.520798449278423],[74.99064340046746,14.501143189592742],[74.99114216128288,14.493432240575041],[74.98453507123281,14.48636695845744],[74.98955408448931,14.472728434051227],[75.0055236625689,14.480557054274515],[75.00649390595781,14.487485232228371],[75.01860883291613,14.4967732026487],[75.04067658118281,14.500216937382723],[75.03690313237337,14.52943786337069],[75.05238670571455,14.533591859971988],[75.06133719671035,14.543617716709793],[75.05478019312726,14.548898423523786],[75.04410130759221,14.546070488198534],[75.03356475921562,14.558800902182819],[75.02432626294987,14.561115197156113],[75.02103739145585,14.569509971644063],[75.02670562884627,14.58350324733668],[75.02327261637672,14.602043051111991],[75.02678400326157,14.615737014856837],[75.05088600265881,14.649534517219202],[75.03101832464269,14.664963755502963],[75.03049523565272,14.672374616666323],[75.0360039367403,14.675625890258216],[75.03219297248796,14.707952842996141],[75.01725630516985,14.709952473708915],[75.01517104590083,14.720403724973474],[75.03041914475489,14.729963700363884],[75.03829948263419,14.727915294485292],[75.03784951561005,14.738371861608963],[75.04718046558655,14.744507491004143],[75.04114173602345,14.774053229185444],[75.06298235515202,14.776469017675364],[75.06995631985906,14.783009710358758],[75.06853568094962,14.798459529948342],[75.05585827387614,14.805021783688968],[75.05546499773294,14.81472828751577],[75.07491506244824,14.80860598886511],[75.09167801641703,14.81117602074994],[75.09038989967324,14.82024973323295],[75.07387517267532,14.82584076184196],[75.06788358041015,14.840082759407542],[75.07443624513044,14.868968996421733],[75.06739317662183,14.918715319297535],[75.08479645331843,14.921484773774392],[75.08229073758065,14.925976034391164],[75.10130770473452,14.926873789867322],[75.1029660648176,14.934271351642334],[75.0945188935873,14.951369482238606],[75.09896633667631,14.956363388077396],[75.0838741107954,14.956460344445302],[75.07621942252898,14.97384717827129],[75.06931564858493,15.015207595929105],[75.07718516805326,15.03728075206031],[75.07413739360169,15.052442031220863],[75.08208944309179,15.074648143309444],[75.07099386772401,15.07037099604626],[75.05825980300726,15.072337522011573],[75.05404272209306,15.082914207579561],[75.01298281095417,15.068315579579192],[74.9940836398835,15.073525292429903],[74.96371263408831,15.069411465465555],[74.95765729647228,15.064868383727337],[74.94067183879073,15.066477695349676],[74.94061123754335,15.051972379662905],[74.92398265267641,15.048471872823479],[74.91711094409646,15.038819111444834],[74.91074499510628,15.041177167314341],[74.90818624103754,15.050869631455805],[74.89097761578827,15.044795489224661],[74.88724338562753,15.065621807945128],[74.87850533900993,15.07380306715169],[74.88015553879697,15.084786384895622],[74.8895190877368,15.088839823966955],[74.89203109796973,15.097005756939971],[74.85934678209593,15.102752418882657],[74.85130333531387,15.120901202579223],[74.83151857898498,15.131860745689188],[74.82931951305096,15.139661206417573],[74.83748306817972,15.143931842436796],[74.83505541424354,15.150328200958231],[74.84845766832652,15.162944731791447],[74.8511294241698,15.171615767188792],[74.87742468638436,15.19320761400951],[74.87312579679558,15.216381085301151],[74.88737154108257,15.228874315443184],[74.88772394657528,15.23428553681677],[74.91028609523498,15.25106056414479],[74.90446874020233,15.282249929464312],[74.89650130706298,15.301703765363596],[74.88891099835803,15.307083509093125],[74.88198545464142,15.298787769786726],[74.87373599721525,15.298516506254881],[74.87840867309883,15.310030720301318],[74.87625097727853,15.316676567537439],[74.86076123430799,15.32727489646315],[74.85367953824219,15.341221339864996],[74.83589575405585,15.33459532955044],[74.8284506301688,15.340673948165959],[74.81919165141622,15.370386159527587],[74.82441588749437,15.374790317192756],[74.83095785687286,15.37282869372471],[74.82101461879196,15.385117970857282],[74.79405012516546,15.378458023708154],[74.78243425995815,15.394353387996981],[74.76528115239012,15.399640333248835],[74.77072469238192,15.40788198441937],[74.76672193961305,15.417244232651012],[74.73391875147432,15.408616631032297],[74.69941981626869,15.410068171726694],[74.68964015511285,15.397926000111651],[74.64938142442637,15.390050868974512],[74.63245308881712,15.366990366886313],[74.61397238804014,15.358490386234749],[74.56839233135962,15.402453980129858],[74.54474654137944,15.416845038681053],[74.53532687019221,15.418707411659927],[74.51698104247197,15.402352588867368],[74.50283934734938,15.403728744154128],[74.48266713865532,15.395836719805114],[74.47261774396235,15.397816802478856],[74.47385393898105,15.402493124784273],[74.4645953069782,15.41510053485188],[74.45651481636877,15.403102289622693],[74.44590625634406,15.406698958849649],[74.42643189848857,15.39842224133006],[74.42193760646086,15.463621549279527],[74.41332874476764,15.47393127789393],[74.40444814719251,15.473887591122136],[74.38677947582164,15.484156551120561],[74.37490740121385,15.480781026432204],[74.34253887729837,15.517983766921569],[74.3269032245695,15.517026502988907],[74.29204621819667,15.524935295870526]]]}},{"type":"Feature","properties":{"id":"haveri","district":"Haveri","name":"Haveri","state":"Karnataka","rep_lat":14.7148,"rep_lon":75.3861,"elderly_pct":10.3,"outdoor_worker_pct":33.5},"geometry":{"type":"Polygon","coordinates":[[[75.15291039765975,15.145660887402936],[75.13673053115873,15.160776717945286],[75.13180302119534,15.144821758863126],[75.12171228872798,15.140316735543143],[75.10426660436345,15.141300574753393],[75.11352124335487,15.117194794662566],[75.09532439852951,15.113962151318038],[75.09533888027022,15.110234332726245],[75.0774909734406,15.110348429894563],[75.08208944309179,15.074648143309444],[75.07413739360169,15.052442031220863],[75.07718516805326,15.03728075206031],[75.06931564858493,15.015207595929105],[75.07621942252898,14.97384717827129],[75.0838741107954,14.956460344445302],[75.09896633667631,14.956363388077396],[75.0945188935873,14.951369482238606],[75.1029660648176,14.934271351642334],[75.10130770473452,14.926873789867322],[75.08229073758065,14.925976034391164],[75.08479645331843,14.921484773774392],[75.06739317662183,14.918715319297535],[75.07443624513044,14.868968996421733],[75.06799592282127,14.837118357326741],[75.07387517267532,14.82584076184196],[75.09038989967324,14.82024973323295],[75.09167801641703,14.81117602074994],[75.07491506244824,14.80860598886511],[75.05546499773294,14.81472828751577],[75.05585827387614,14.805021783688968],[75.06853568094962,14.798459529948342],[75.06995631985906,14.783009710358758],[75.06298235515202,14.776469017675364],[75.04114173602345,14.774053229185444],[75.04718046558655,14.744507491004143],[75.03784951561005,14.738371861608963],[75.03829948263419,14.727915294485292],[75.03041914475489,14.729963700363884],[75.0152636891561,14.720742744850217],[75.01725630516985,14.709952473708915],[75.03219297248796,14.707952842996141],[75.0360039367403,14.675625890258216],[75.03049523565272,14.672374616666323],[75.03101832464269,14.664963755502963],[75.05088600265881,14.649534517219202],[75.07262536638348,14.655252681464535],[75.09942181486471,14.652745071093877],[75.10301980293622,14.6451536273881],[75.11455860347192,14.64159366346622],[75.12422656810533,14.63119144169398],[75.1425266877473,14.633807531623043],[75.14410359758358,14.620386132437183],[75.15279208324863,14.626187723953828],[75.16023023531078,14.617320597510268],[75.16479275887588,14.620831199841028],[75.16541222990931,14.633348621953715],[75.17195650346649,14.634368827074264],[75.18781211408259,14.622566298446598],[75.20243286188158,14.627772457692352],[75.20075157050422,14.637981286313149],[75.20553203883199,14.637681531889868],[75.21059933923,14.623323153668197],[75.20514173880736,14.597490027697994],[75.18173553669996,14.597763168937826],[75.18413153220892,14.585873212592944],[75.19776331752507,14.582737921219145],[75.19736255392402,14.57740113387396],[75.20755463522009,14.572115226014338],[75.2215911672673,14.584907798558655],[75.22740944037817,14.58381183197134],[75.23059065058203,14.579734374903355],[75.22515640545849,14.567711615308689],[75.24046576402505,14.554929693252639],[75.24355863659879,14.577988498697506],[75.26547416623887,14.579783652677673],[75.27438028944279,14.565480704931497],[75.28562450095578,14.56053267810646],[75.29722598144046,14.540504363974541],[75.29012680056593,14.531603862282408],[75.28456541867685,14.529608823071422],[75.27829609876686,14.534165898776758],[75.26780562677783,14.527789393201859],[75.26751036491699,14.514919159991072],[75.27504995204605,14.510905209622551],[75.28315678395457,14.51452385809154],[75.29740343464167,14.511045069007997],[75.31960321010229,14.513478333881856],[75.32946892896406,14.494538967051819],[75.34612151501875,14.485314038000348],[75.33995093253488,14.4687780327222],[75.34723823051135,14.457458936943741],[75.3401649265069,14.435789188443268],[75.35611709793123,14.428348470602211],[75.35765580241846,14.43648728923755],[75.36462042554486,14.441684654530695],[75.38208836028066,14.433568889409157],[75.37794268555014,14.407828558009115],[75.35940599906968,14.40929644523521],[75.34861016276611,14.38800155107493],[75.37369609857213,14.370279706870866],[75.3974257579622,14.3661621401703],[75.41026433178081,14.35247249725801],[75.42930081393592,14.349102533283586],[75.45432872396445,14.328610952006425],[75.47736349965135,14.317472053813322],[75.48007638935148,14.331041632761984],[75.47658269927776,14.343859146907011],[75.48868717074448,14.338729290087882],[75.48980384132133,14.347373696686539],[75.50100422133671,14.34436946394027],[75.50272517602878,14.307865378644175],[75.5341307257226,14.289559631657651],[75.53567874214608,14.277485219853126],[75.55164781627076,14.274282400703875],[75.58244733193119,14.278276162398198],[75.58771870530722,14.289403056894061],[75.60345092872579,14.293007024934056],[75.61088715839321,14.315910367358784],[75.63494523017306,14.317234954671836],[75.62289946271181,14.344218479106312],[75.62617658244528,14.37234966997921],[75.63515666574317,14.390647192051595],[75.64288350759153,14.431291092738292],[75.63462519187834,14.432968004961129],[75.6365544757663,14.441029907490393],[75.63041037022712,14.44478083060445],[75.63686647952908,14.465617913481182],[75.65478604227397,14.463723072406465],[75.66126872104712,14.459198789078263],[75.66163391765113,14.451873352736332],[75.68976645111567,14.49187455558066],[75.70021135336698,14.491175660821268],[75.70801143935205,14.47510814592639],[75.71558413748417,14.472303595551052],[75.75753822447037,14.514476192856039],[75.77446306383652,14.518275805200162],[75.7973792448379,14.509452409062368],[75.7996575403834,14.541223923217979],[75.81951249286523,14.562848618176972],[75.81940324604857,14.572790313307179],[75.80450558627504,14.598444808729855],[75.8113585515066,14.649194807207525],[75.7988850269683,14.667619041063585],[75.79886298680282,14.681248820496648],[75.76355175269647,14.675345201265836],[75.7392714835294,14.68555533174288],[75.74113637078788,14.700850943132606],[75.7638804866831,14.72231520553385],[75.76209111180742,14.734863219040365],[75.7556858974562,14.738746125075544],[75.7178430276229,14.71957853718482],[75.70629738372133,14.723337812499475],[75.70246508717598,14.731649361586479],[75.72065288237314,14.7511188382358],[75.72241627168258,14.77197670311446],[75.71340487491055,14.77887606640421],[75.69178688166559,14.782299259204422],[75.6777183642044,14.797996849729161],[75.66360885841337,14.803530574999538],[75.69031347661468,14.856874764843452],[75.69372888659629,14.858898239163308],[75.69520872178799,14.852196366916152],[75.71256107209283,14.852737425696228],[75.72158827741721,14.864229974191618],[75.7327152785486,14.863619725037923],[75.73433240146856,14.882964138134268],[75.73910666692932,14.887331616159669],[75.7281361747783,14.897513112362128],[75.69622516463366,14.892088557974517],[75.68224575016716,14.936982508695854],[75.68626762178017,14.94334856983144],[75.70111899136711,14.948468638458806],[75.6914077926157,14.973144338808497],[75.66862406640635,14.986678869947458],[75.63185770347354,14.99145873176076],[75.62937400813834,14.983614089888771],[75.61753984243552,14.980595271559903],[75.61810723813191,14.973871256580814],[75.60896388423454,14.973021188908252],[75.61074658283104,14.958463751262412],[75.59792159962434,14.954813631147754],[75.58372864393672,14.96845811185453],[75.5652694254714,14.971400005703929],[75.5655321243015,14.979280927006108],[75.54136930177302,14.978721709413705],[75.54280419335277,15.013586711562574],[75.53289017836639,15.03457696325261],[75.5210863649404,15.033256728407535],[75.50721854728332,15.044569259694217],[75.49518216901342,15.047120268807268],[75.46110112289145,15.043963090617503],[75.46029676599613,15.04997322012624],[75.45206778297195,15.049935390060048],[75.44871010412041,15.060731985566896],[75.39922162226749,15.059973728762198],[75.36929270077981,15.050150608763268],[75.35721054166811,15.065219999376328],[75.34444506556079,15.066117691059821],[75.33299625106372,15.086698774432126],[75.35006859829112,15.09470875707021],[75.35060281291585,15.100181046551494],[75.3367398677209,15.113672043137639],[75.3364332969689,15.161805759980053],[75.30712468554111,15.155151319187489],[75.30981431696024,15.138297202186406],[75.2871473286187,15.136912013420112],[75.28801836745754,15.130544385801347],[75.26991551605533,15.117654825088795],[75.26057463430506,15.118313077729267],[75.2584563880005,15.098513917901032],[75.25331124948146,15.098037954320866],[75.25120333559927,15.107648229424848],[75.23890696781817,15.108971609705963],[75.22586356823331,15.107459404375346],[75.22489782989554,15.101278391746025],[75.18826309889793,15.097911172237353],[75.18615323656992,15.104291902523531],[75.15823526391434,15.101518373483884],[75.15871555536751,15.109683408732224],[75.13916962693669,15.104366815666163],[75.13311871172678,15.118998200911017],[75.15291039765975,15.145660887402936]]]}},{"type":"Feature","properties":{"id":"chitradurga","district":"Chitradurga","name":"Chitradurga","state":"Karnataka","rep_lat":14.3026,"rep_lon":76.5326,"elderly_pct":10.3,"outdoor_worker_pct":33.5},"geometry":{"type":"Polygon","coordinates":[[[76.71773708217535,15.035938062413933],[76.70373109823765,15.033403581204501],[76.70189298526626,15.016169490143232],[76.68598377307546,15.018813094772867],[76.68811035125431,15.025039417272193],[76.67795567670498,15.024626169163033],[76.6715613975457,15.018703356959879],[76.68874232503983,14.978605545848017],[76.71551502925146,14.972753965843092],[76.71674100413718,14.947900076338176],[76.71297293533796,14.939645721539435],[76.70602106469532,14.942327803341207],[76.7069510033724,14.931084703909331],[76.6972366560259,14.927626497285985],[76.67933786412702,14.938874052390897],[76.65981365516315,14.941783249583038],[76.66530241095646,14.91586244810401],[76.67736056079556,14.911250992347227],[76.67796818305037,14.887206192838008],[76.69754889784224,14.888235812229961],[76.71358382027388,14.8650261663851],[76.71172842551303,14.837344459930012],[76.74060356927353,14.826012687580594],[76.74173517613859,14.818352553007678],[76.73419116750172,14.813574963817535],[76.70463698721795,14.81791587467748],[76.68278908904067,14.808667548296246],[76.67483840049822,14.794145638684437],[76.66749074202288,14.793821671163743],[76.67288648804826,14.78837089312361],[76.6669391997946,14.775298927877179],[76.65986095325948,14.771743714484147],[76.65543330544607,14.757749248482872],[76.64882506195916,14.756285872756052],[76.65155117036873,14.737303092241323],[76.64709754417561,14.730818744733268],[76.65121548791336,14.725300777391064],[76.6448255242607,14.713005259479472],[76.63035359765989,14.700809156473005],[76.62410464435405,14.702463004854794],[76.60835350061896,14.687653566004473],[76.61060637204527,14.668769017946198],[76.59804536237809,14.66931445612037],[76.59736512840055,14.65346642043561],[76.6121441997768,14.648415762304097],[76.596017591694,14.630613749598814],[76.60087800109888,14.62087152668767],[76.58507631275606,14.617443649619538],[76.56748175239608,14.587356797685493],[76.55066393471961,14.578910210079185],[76.53528956327932,14.56120365614265],[76.510064185585,14.560423888171806],[76.51478271058237,14.551144198757498],[76.52387044169566,14.553177524615082],[76.53315386360708,14.542697506480142],[76.52145296567163,14.524376838423322],[76.48484554525533,14.504569476635178],[76.46138936537707,14.506124468566012],[76.45562298075365,14.471604402541837],[76.45967373859297,14.451683499066387],[76.42350928732472,14.450005796240921],[76.42396777217438,14.4385565102195],[76.3964970922583,14.43442539146876],[76.39325064909346,14.426372834426815],[76.3832350014108,14.427019407546748],[76.38389325091839,14.420444328689646],[76.34947527817435,14.416248976373208],[76.3392370701851,14.419008631617183],[76.3326454895484,14.409571837183087],[76.29309164800077,14.40880175562263],[76.2812010492335,14.404205891016993],[76.26617789571313,14.423857964105807],[76.26130027907895,14.444300229864194],[76.24744911169564,14.444035190289691],[76.23807822890984,14.450437773994816],[76.21850512464505,14.44190728872017],[76.2077280559444,14.457429637158372],[76.17337772813795,14.460675112701926],[76.1720279654061,14.448035741391006],[76.13626182443987,14.427003378894467],[76.14929873549343,14.407765204397354],[76.15530965950353,14.386895741586864],[76.15077335776158,14.366361665233326],[76.1567757217253,14.360395881214716],[76.15657097321416,14.320045302111666],[76.11614680788668,14.32322903530714],[76.10637842328258,14.310316058756081],[76.12009688165061,14.294888880192113],[76.11706694953723,14.277499385747632],[76.12492579522335,14.282533884022584],[76.12991644417477,14.27997619408028],[76.1348970257068,14.256083713851185],[76.10520944470503,14.24658303385571],[76.0789999644136,14.24516903016826],[76.07211504790403,14.226042658057022],[76.06104377735458,14.222519378874255],[76.06557428765788,14.206288034357113],[76.05777936608743,14.201830016894144],[76.05633172651547,14.194612631247766],[76.05754930664483,14.181290690799742],[76.06593295440813,14.181302030431564],[76.06331271245479,14.159550885534982],[76.04629397039537,14.154976804548498],[76.04640390532148,14.145116042308386],[76.03265416761528,14.133899011090756],[76.03190493404075,14.120336819346754],[76.02498074678019,14.113157561913852],[76.0253013186742,14.100061275139264],[76.03494762133285,14.099553970604848],[76.0332322469753,14.090131493278177],[76.0469391044998,14.097471144729996],[76.0545767894545,14.089000145836641],[76.05652672291588,14.071516206588125],[76.04766464141541,14.04720938103966],[76.05083776049351,14.023742346711865],[76.04325879930724,13.987356444494868],[76.0508513942246,13.97863695112476],[76.07220760851429,13.98225369601723],[76.06562359618383,13.94155668232369],[76.04461203402762,13.942413445152885],[76.02938519290646,13.918473966937404],[76.0283941535187,13.898702038118726],[76.05043763289967,13.899152923158598],[76.0555273238061,13.880819992783588],[76.07737512945694,13.880265192964169],[76.09861402197387,13.863945198291088],[76.11521723123066,13.812106325021125],[76.12951599228909,13.814298495950332],[76.13249799658713,13.786627068170613],[76.14697256962477,13.7524606617656],[76.14892621492487,13.732556878689058],[76.17000089630623,13.726923214465904],[76.17362310834766,13.716799386220925],[76.19505176368018,13.711366810048201],[76.21967633194282,13.713370092186956],[76.22169299585674,13.682172660302632],[76.23588952144934,13.677900704358267],[76.26316490762262,13.648883119283498],[76.28655850367163,13.646660324153865],[76.28009266022525,13.63709955235035],[76.27312880605673,13.605041050570874],[76.28195310890791,13.606847913595205],[76.28769151190856,13.594819562252951],[76.29251400073039,13.597474124968565],[76.29295541938625,13.590505457965085],[76.3002649147334,13.588903512987372],[76.33317132917975,13.596370825949446],[76.3412380387344,13.576168232017656],[76.34764677897311,13.576018679021644],[76.37353463634172,13.593145942276944],[76.38271905043409,13.576912446848313],[76.3994723654799,13.594903072590618],[76.41332109483554,13.57824780151068],[76.4244464161173,13.58142311133062],[76.43032098035886,13.593176768057337],[76.45513509494305,13.590906202501428],[76.4616851302945,13.600200380938528],[76.45530366380612,13.611482655125208],[76.46070765097596,13.618937837280193],[76.5000922651954,13.6217383632172],[76.49722891936327,13.62714826411578],[76.51699970868611,13.634300029062938],[76.51853861170103,13.641157707938241],[76.53399698999343,13.650907728457046],[76.52954052063247,13.666099945315235],[76.53975522240566,13.663184336942948],[76.55549496472314,13.68265410667813],[76.57658772290294,13.690156992750317],[76.56938997618052,13.714627356117942],[76.6038082130292,13.725709971516894],[76.60945737289796,13.723527674890423],[76.62086131924153,13.734044693706757],[76.62446253585817,13.734098999263674],[76.62982476933361,13.713694415472538],[76.66179059108363,13.721356890406007],[76.67305082494805,13.718697823549991],[76.67249823708077,13.706161387581437],[76.68505332235867,13.690494924364474],[76.68978106856241,13.722449752193778],[76.68445755786561,13.729767805373713],[76.6875405678359,13.746013857940309],[76.6977615335616,13.760416646057905],[76.69392588989345,13.763332895317737],[76.69804494933878,13.771420448953206],[76.72375122484908,13.79972896139737],[76.73099864750843,13.784671004547421],[76.74898380343872,13.780676304204976],[76.76454025440395,13.782040099681442],[76.76879746755344,13.795174987280669],[76.76395714717326,13.821768475065165],[76.76660049559231,13.835878755231198],[76.76231359761427,13.835099464472089],[76.75281736032044,13.855250543612543],[76.74679628265271,13.856428276232943],[76.73577175504073,13.870153816634827],[76.7231165138969,13.89015471760312],[76.72287480869497,13.89848971299365],[76.75247104630368,13.90659309363034],[76.749467989987,13.916185806764975],[76.76380342297027,13.920454519195554],[76.76467589462194,13.92446350384336],[76.81537658018728,13.91607428976246],[76.81136465202611,13.936524498560718],[76.81939690130814,13.936612432036942],[76.82190146360908,13.950550201258741],[76.8498850375349,13.96361561605781],[76.84851793192819,13.980467526042915],[76.82344621375816,13.994332473614234],[76.82494814301431,14.001194850582833],[76.83338083609718,14.003231254106035],[76.83725680064681,14.01821307968689],[76.8727855096969,14.009196201308407],[76.88864437041772,14.047889334904523],[76.91010750488745,14.064332706747985],[76.92302214984096,14.057050331054528],[76.9283969498489,14.077828430928088],[76.95344635925717,14.099247255519174],[76.94427109450595,14.120783619210426],[76.92499286582644,14.13714744163007],[76.91285383167912,14.128852357362252],[76.885926316303,14.138277165000476],[76.89052982460461,14.142863828688366],[76.89454694592644,14.16784994484616],[76.91976047394384,14.16449823054758],[76.92193365851625,14.169459838128798],[76.94238322744421,14.173368862255847],[76.94271852362398,14.19544016085386],[76.94757851531227,14.19821349927798],[76.9606165815993,14.18180949579378],[76.98378362253366,14.178853975407245],[77.00547179396523,14.184006613967108],[77.02276944495411,14.179265298045074],[77.02147279331679,14.188827177658013],[77.00280661289149,14.19799463013572],[77.00642354822898,14.215094015937742],[76.9993001891986,14.2291401947867],[77.00567604121645,14.23582281004444],[76.98560911866693,14.247371875048074],[76.95195193542524,14.24193911436398],[76.93977708275261,14.244893565189072],[76.93581035871487,14.259402661531931],[76.92491106703326,14.273820940858334],[76.95673799846058,14.294383426449603],[76.94566364938466,14.313217839266779],[76.90340262782881,14.322720591117834],[76.88477208087589,14.347572231563136],[76.88483375291507,14.39574476586198],[76.89865039265213,14.397986017842246],[76.91584566803792,14.420728211234525],[76.9428437011639,14.399754052407108],[76.9478088424528,14.413192250607437],[76.94480669972275,14.450931527319321],[76.95992895718192,14.450628551687469],[76.971682912313,14.468171483432414],[76.97483029465822,14.485365120706206],[76.90070508135372,14.489243075385888],[76.8865259345686,14.483563569758516],[76.88429161964113,14.47711084230949],[76.86797879079992,14.4740735883859],[76.85562038536527,14.509626296712378],[76.83551005442462,14.521332246682409],[76.83102707937286,14.530396488712379],[76.82348033895917,14.52685642704025],[76.8063009646522,14.531099652773156],[76.80283657402975,14.542233347890837],[76.79138219536782,14.554688162140502],[76.78186267194522,14.596530144820402],[76.78025400396871,14.593090565112343],[76.7650152484919,14.602157763892087],[76.77529215680191,14.680993241147936],[76.78624076239933,14.695813258712601],[76.78653005315847,14.70846263935168],[76.80296546879829,14.74191666387698],[76.7895516938218,14.760090336076793],[76.78270952095005,14.785970067848332],[76.81768452732366,14.787633971857922],[76.81909755660432,14.793149029930397],[76.83677040783623,14.790806597961407],[76.83739044660487,14.81059570568022],[76.853999412266,14.809475799719946],[76.85458566809179,14.818123872139939],[76.84603418628735,14.822079932693356],[76.84181157803923,14.836583713145108],[76.8540865380688,14.843258645663477],[76.85721633679064,14.869137828197408],[76.8539038494861,14.869207562192235],[76.85249775789437,14.88700568639962],[76.84550278338943,14.889324767602002],[76.84735639409617,14.89601361575008],[76.86386687026615,14.895612503617507],[76.86964518361827,14.937740177534371],[76.86748299173001,14.969852122631869],[76.84196192098348,14.966435209500297],[76.83413912648635,14.956485469638267],[76.82852801565978,14.956487357282153],[76.81830398398402,14.969468051054486],[76.76715006512022,14.974929239000348],[76.76059489140535,14.98988752547283],[76.75078178507316,14.983202552776051],[76.73408230336737,14.985480036239162],[76.72776109317329,15.004659343466251],[76.73612029418443,15.023164476360261],[76.73273512958018,15.031796999914889],[76.71773708217535,15.035938062413933]]]}},{"type":"Feature","properties":{"id":"davanagere","district":"Davanagere","name":"Davanagere","state":"Karnataka","rep_lat":14.3694,"rep_lon":75.8886,"elderly_pct":10.3,"outdoor_worker_pct":33.5},"geometry":{"type":"Polygon","coordinates":[[[76.04526487657553,14.930638621673092],[76.03260326817293,14.924533236730936],[76.01269019469224,14.896362790691905],[76.01053867568785,14.905263683135754],[75.99732825503719,14.898150262330384],[75.98455458449783,14.908201920981895],[75.97712414087914,14.898476135297635],[75.96595746026338,14.908499012429463],[75.96536501235033,14.903049510469264],[75.94007108780995,14.9000436207939],[75.93434407275215,14.892064816886052],[75.89775978934429,14.88083694660265],[75.88741624490481,14.86864116785965],[75.87320370414734,14.868031220300985],[75.86915267681341,14.854393087206493],[75.85376469769322,14.863624089765299],[75.85394846694922,14.883597500729687],[75.84482656841406,14.889882077103803],[75.83225880072101,14.883499312550496],[75.82569901325884,14.89923699469972],[75.81606132993534,14.899803984909326],[75.8017272165772,14.868895133020972],[75.8101807649477,14.846267361107344],[75.80537873435817,14.841326772661201],[75.81114274473433,14.82931734975111],[75.81803966722767,14.834534046431564],[75.83311828902191,14.81312258105379],[75.83333079538383,14.795480881360655],[75.82318228866727,14.776458577894838],[75.79879829732258,14.76893200314086],[75.77295749281025,14.791651734480478],[75.77154544448987,14.782292518131035],[75.7597804823016,14.775296005000897],[75.75603343587667,14.740546399439497],[75.7638059947865,14.732080397719717],[75.7643397611519,14.72334112182904],[75.74113637078788,14.700850943132606],[75.7379931754902,14.691222714808315],[75.73964274376162,14.685256925899056],[75.76355175269647,14.675345201265836],[75.79713900388991,14.682535515535792],[75.7988850269683,14.667619041063585],[75.81068390055856,14.654671474703296],[75.81132755873097,14.628326252641562],[75.80450558627504,14.598444808729855],[75.82027703732543,14.567054809785509],[75.7996575403834,14.541223923217979],[75.79926901632807,14.510779378626475],[75.77297853854071,14.51844229928621],[75.75753822447037,14.514476192856039],[75.71558413748417,14.472303595551052],[75.70801143935205,14.47510814592639],[75.70021135336698,14.491175660821268],[75.68976645111567,14.49187455558066],[75.66163391765113,14.451873352736332],[75.66126872104712,14.459198789078263],[75.65478604227397,14.463723072406465],[75.63686647952908,14.465617913481182],[75.63041037022712,14.44478083060445],[75.6365544757663,14.441029907490393],[75.63462519187834,14.432968004961129],[75.64288350759153,14.431291092738292],[75.63515666574317,14.390647192051595],[75.62617658244528,14.37234966997921],[75.62289946271181,14.344218479106312],[75.634264142796,14.324144650601403],[75.6340738131435,14.314975452519068],[75.61088715839321,14.315910367358784],[75.60345092872579,14.293007024934056],[75.58771870530722,14.289403056894061],[75.58244733193119,14.278276162398198],[75.55164781627076,14.274282400703875],[75.5299189152242,14.27743779126181],[75.52679131378156,14.20284690191208],[75.52088994201533,14.20254149490042],[75.50731339141103,14.219165346316032],[75.47625226567858,14.21495964302673],[75.45612106507723,14.206828068079794],[75.45295197763812,14.2047277084055],[75.4842296243035,14.176268175384102],[75.46117235210696,14.174699967754906],[75.44376312586823,14.163488879312556],[75.42430340965353,14.149538291159734],[75.42061070142184,14.14105655575575],[75.41543788401228,14.141238196165387],[75.39898621156078,14.118165305445874],[75.43292987203813,14.106500648974947],[75.44850273791856,14.095420223985826],[75.4647940997194,14.102383436349617],[75.47990156551913,14.100276215179928],[75.49053939894398,14.10479059054674],[75.49280554208032,14.09953828892952],[75.51003717138735,14.101099960339576],[75.52363440749771,14.094494767843454],[75.53130975971061,14.097548338398397],[75.54325795036907,14.078097930474792],[75.55367919369074,14.07880188658933],[75.58524858621092,14.057903972489536],[75.59132598645033,14.063960666057742],[75.60360865671998,14.056582420118538],[75.61113100338214,14.061436648803138],[75.61756061867143,14.076630532332576],[75.63073669313553,14.073539699257594],[75.63431566566912,14.079884500668747],[75.67301753242486,14.064989844820763],[75.72550663526178,14.075820430374531],[75.72116244453153,14.083427878616517],[75.73822072324327,14.087438308846641],[75.73881539718157,14.101121953217802],[75.75314902455113,14.101787981041626],[75.75599703344642,14.110326783663844],[75.76818368818525,14.109443673292905],[75.76854191565931,14.103627822319567],[75.80587269637334,14.098178525271555],[75.81414014795294,14.10567599285056],[75.8209795953361,14.065050453084323],[75.81394256350619,14.048820338277352],[75.80101500167724,14.043736989253246],[75.79878266663661,14.033306019400785],[75.80343229534326,14.026117476337955],[75.82388349201848,14.018982648781618],[75.83087860755892,13.986753165711319],[75.82916484657562,13.971698873235415],[75.85967005887764,13.910407830936354],[75.8553357900397,13.872697691997498],[75.86288134916877,13.872698247532936],[75.8713735062319,13.851139540238869],[75.87055122704837,13.835568673491357],[75.87877688989924,13.810157101364345],[75.8955087172435,13.806252277041397],[75.9202776348908,13.807099102864735],[75.9275876512608,13.813918597119374],[75.9523226072005,13.816025307673259],[75.9497607647238,13.833876278597621],[75.97020534620526,13.856398919749632],[75.980390790748,13.847851625235544],[75.98884085814677,13.84853692132292],[76.00809602078475,13.868599256157507],[76.01084946403009,13.865983954045017],[76.01579130122393,13.871978793111422],[76.0223773320688,13.863503643028617],[76.03009517010304,13.868487105755134],[76.03332143261503,13.897741402456257],[76.0283941535187,13.898702038118726],[76.02938519290646,13.918473966937404],[76.04461203402762,13.942413445152885],[76.06562359618383,13.94155668232369],[76.07220760851429,13.98225369601723],[76.05078197511436,13.978650493177293],[76.04265589680091,13.990881227542573],[76.05083776049351,14.023742346711865],[76.04766464141541,14.04720938103966],[76.05636495070624,14.070530966072912],[76.0545767894545,14.089000145836641],[76.0469391044998,14.097471144729996],[76.0332322469753,14.090131493278177],[76.03494762133285,14.099553970604848],[76.0253013186742,14.100061275139264],[76.02498074678019,14.113157561913852],[76.03190493404075,14.120336819346754],[76.03265416761528,14.133899011090756],[76.04640390532148,14.145116042308386],[76.04629397039537,14.154976804548498],[76.06331271245479,14.159550885534982],[76.06593295440813,14.181302030431564],[76.05754930664483,14.181290690799742],[76.05633172651547,14.194612631247766],[76.05777936608743,14.201830016894144],[76.06557428765788,14.206288034357113],[76.06104377735458,14.222519378874255],[76.07211504790403,14.226042658057022],[76.0789999644136,14.24516903016826],[76.10520944470503,14.24658303385571],[76.1348970257068,14.256083713851185],[76.12991644417477,14.27997619408028],[76.12492579522335,14.282533884022584],[76.11706694953723,14.277499385747632],[76.12009688165061,14.294888880192113],[76.10637842328258,14.310316058756081],[76.11614680788668,14.32322903530714],[76.15657097321416,14.320045302111666],[76.1567757217253,14.360395881214716],[76.15077335776158,14.366361665233326],[76.15530965950353,14.386895741586864],[76.14929873549343,14.407765204397354],[76.13626182443987,14.427003378894467],[76.1720279654061,14.448035741391006],[76.17337772813795,14.460675112701926],[76.2077280559444,14.457429637158372],[76.21850512464505,14.44190728872017],[76.23807822890984,14.450437773994816],[76.24744911169564,14.444035190289691],[76.26130027907895,14.444300229864194],[76.26617789571313,14.423857964105807],[76.2812010492335,14.404205891016993],[76.29309164800077,14.40880175562263],[76.3326454895484,14.409571837183087],[76.3392370701851,14.419008631617183],[76.34947527817435,14.416248976373208],[76.38316987265436,14.420200276778582],[76.3832350014108,14.427019407546748],[76.39325064909346,14.426372834426815],[76.3964970922583,14.43442539146876],[76.42396777217438,14.4385565102195],[76.42350928732472,14.450005796240921],[76.45967373859297,14.451683499066387],[76.45562298075365,14.471604402541837],[76.46138936537707,14.506124468566012],[76.48484554525533,14.504569476635178],[76.52145296567163,14.524376838423322],[76.5336557020507,14.54083585945178],[76.52387044169566,14.553177524615082],[76.51478271058237,14.551144198757498],[76.50509243449223,14.565401224675291],[76.42362158122678,14.58168859826052],[76.43225254506928,14.60476999918999],[76.43216791748131,14.61834510854835],[76.42169021863731,14.624827580079495],[76.39363561132868,14.626914380196768],[76.389896435044,14.64864647692254],[76.37455162356643,14.646595113436646],[76.37933732278408,14.662050154343712],[76.34296385510879,14.665757549261484],[76.33527762878936,14.687804401855153],[76.31621029219922,14.692648960404924],[76.31235863246788,14.687256743532291],[76.30161074104767,14.690023594276468],[76.27951073966904,14.684678335340118],[76.27334416816294,14.688322456020916],[76.2723472412168,14.695769274438641],[76.2579321600072,14.696074139435376],[76.25692222545577,14.70075520421919],[76.2465155941305,14.694567022892278],[76.23052866059966,14.649344141662446],[76.20446323324884,14.677914084905948],[76.19356952998666,14.682016149396897],[76.19345388267364,14.698004274160821],[76.18371516493177,14.700337194578815],[76.18715633859573,14.72254394032868],[76.19716284053048,14.725026607507255],[76.20097040016788,14.739178829946487],[76.20060470140561,14.753260357185871],[76.19236225443193,14.768373848731235],[76.18092770877482,14.764092843801292],[76.16897851200325,14.785184717311209],[76.14939324904111,14.7839310861572],[76.14292910430895,14.79324033601135],[76.14643397750966,14.823516477938686],[76.15336893916371,14.82137392128516],[76.1605981044632,14.829949790263855],[76.17616262768959,14.822061792189267],[76.19434323456784,14.820855294583422],[76.19071850275202,14.846514335639762],[76.15936053502215,14.847193846282295],[76.154744642546,14.861238953246247],[76.13055781074492,14.860797515703673],[76.12891330987006,14.869152862548894],[76.08777117233991,14.872601574097063],[76.07275557904093,14.86887482325119],[76.06627478044172,14.88398861301676],[76.08469704401287,14.913383305394946],[76.06974391596549,14.908951500108408],[76.06215340154634,14.915881291654879],[76.05131152119458,14.916194094531583],[76.04526487657553,14.930638621673092]]]}},{"type":"Feature","properties":{"id":"shivamogga","district":"Shivamogga","name":"Shivamogga","state":"Karnataka","rep_lat":14.0527,"rep_lon":75.2374,"elderly_pct":10.3,"outdoor_worker_pct":33.5},"geometry":{"type":"Polygon","coordinates":[[[75.07272752189925,14.655234613099916],[75.05088600265881,14.649534517219202],[75.02353032955698,14.606638974078034],[75.02678876163762,14.584452293827038],[75.02083565679247,14.574209618034786],[75.02302646002256,14.56265555570276],[75.03356475921562,14.558800902182819],[75.044579312833,14.545817562745702],[75.05478019312726,14.548898423523786],[75.06133719671035,14.543617716709793],[75.05238670571455,14.533591859971988],[75.03690313237337,14.52943786337069],[75.04067658118281,14.500216937382723],[75.01860883291613,14.4967732026487],[75.00649390595781,14.487485232228371],[75.0055236625689,14.480557054274515],[74.98955408448931,14.472728434051227],[74.98453507123281,14.48636695845744],[74.99114216128288,14.493432240575041],[74.99064340046746,14.501143189592742],[74.97182062572185,14.520798449278423],[74.97971814118597,14.524240314579309],[74.97684377302528,14.548712797938418],[74.95428532811952,14.551234562469217],[74.94866868636572,14.536451169603293],[74.94106087668239,14.534558339479412],[74.93576437113967,14.518732506595008],[74.92684716182686,14.529062457494934],[74.90096735965142,14.529375426206956],[74.90211511822531,14.51521011024659],[74.89467229941529,14.507426492383642],[74.88928944780746,14.47935800191198],[74.89345278251817,14.474009663037528],[74.91833202406215,14.466482694682949],[74.9209900761058,14.459190466240685],[74.88985700879384,14.461937379761553],[74.87461585571354,14.447604298313138],[74.87806362750325,14.435522827709493],[74.88081430753078,14.429214063146214],[74.91717929331315,14.431534219898897],[74.93361252065694,14.403967920574232],[74.94704281295658,14.400877051215431],[74.94984006075013,14.376029603004472],[74.94073488704892,14.367694830607364],[74.9392840377965,14.35851786493215],[74.95512929353232,14.349890002679027],[74.95913200228372,14.342185870121785],[74.9744096422359,14.337553072327447],[74.97632064271284,14.331951056647286],[74.96966239270901,14.325941816323535],[74.97696334058624,14.320670149449064],[74.97141354247273,14.315709305472625],[74.95784944611154,14.323408775455402],[74.95181426579214,14.316921249103778],[74.93699456361561,14.322379347830566],[74.92520260884969,14.319427325763478],[74.907022804167,14.294849276725955],[74.9100318684163,14.278205688352035],[74.9166439486078,14.27315467143739],[74.92634678134898,14.277464323590078],[74.92843077309512,14.264743887082378],[74.93833590823493,14.256328526977315],[74.92889147049533,14.235341103615289],[74.919846360849,14.227530723980982],[74.90060011309193,14.2299391001222],[74.89283865376575,14.21764736212217],[74.87767768790098,14.215808806588536],[74.88004334550618,14.2195323577458],[74.87612767003108,14.219441853661014],[74.8753168794017,14.227814211558488],[74.88027617804804,14.234634011074279],[74.87324044069044,14.241278008937314],[74.86842456885906,14.238058618461183],[74.86633163079097,14.219753390002257],[74.85926553935992,14.218799804192885],[74.85342267486814,14.211260265560313],[74.83231566311976,14.230065122327131],[74.80337853740129,14.232067561391956],[74.79180211811642,14.22739660140433],[74.77298487339968,14.23940372080969],[74.76372716486493,14.237938959595121],[74.73003099743487,14.263867364578003],[74.71596004913249,14.23327543871106],[74.71875418965348,14.2139790104288],[74.72877274877598,14.174935431223274],[74.74845560471061,14.156895553133111],[74.7479463713356,14.142699544254555],[74.7430585426533,14.149065764294201],[74.72341158249911,14.152623379509675],[74.70751062941906,14.170048101446026],[74.69751921828275,14.17313110999214],[74.69057686888377,14.166218444637032],[74.66553677949659,14.184458440187257],[74.65060845932409,14.170100837697555],[74.62525721508206,14.16253026872583],[74.62903465330967,14.144279289086986],[74.64492014099379,14.14211666313277],[74.64633905423958,14.114458226685416],[74.65570186925581,14.113315127195602],[74.63739312219388,14.09463278772249],[74.66087664499273,14.058405573773788],[74.65525363777682,14.039130961949654],[74.67754510877008,14.034823695895088],[74.66322267081567,13.993247679752889],[74.66581674933634,13.980069317542752],[74.67479693773711,13.969000258582733],[74.6987434171991,13.950678208622092],[74.69960503271061,13.939059069758995],[74.69053467770982,13.933539058880996],[74.69676067007701,13.92779799732437],[74.70777659182858,13.926881794613834],[74.71381975278094,13.916381619274558],[74.71177996443497,13.905138498389215],[74.74184635061901,13.914860819743968],[74.75501130483822,13.9090937567213],[74.76267380305772,13.916011927098562],[74.78788461816298,13.913265899773712],[74.79150068393128,13.905534830627706],[74.79463095786187,13.91044380755358],[74.80870114708783,13.905775375534272],[74.81966032944942,13.907843562402912],[74.83988828220012,13.89743080165951],[74.85618775938127,13.87844303051287],[74.86513959605333,13.85723489210734],[74.87633289195436,13.860570462460899],[74.87872891890436,13.867493956519722],[74.91065737073855,13.856650215452479],[74.92440530103443,13.796325017235214],[74.93342948891781,13.787659742479192],[74.92801532293748,13.768847152735278],[74.93534906561078,13.771778588134346],[74.93777443063962,13.763937075691022],[74.9481196737933,13.756965656473717],[74.99857854905379,13.738393953731055],[74.99347551367381,13.721232166351989],[74.98869521422935,13.72024010156485],[74.99115413852059,13.710093149452188],[75.01125889182163,13.7075555829807],[75.02133524405795,13.698146474916541],[75.02077781516965,13.693983958898343],[75.01100344059925,13.691091668564148],[75.01208265592034,13.676793111298503],[75.02903476005372,13.666989099076801],[75.02435122892824,13.660538123128754],[75.01574463368448,13.663611992615259],[75.01275265629016,13.657821375245543],[75.01782101490355,13.640505681665719],[75.01545309983204,13.634724403979673],[75.0282239397799,13.627173594999693],[75.03944940974117,13.610393100070741],[75.0557966871769,13.610515924466137],[75.06129720551054,13.602658368228255],[75.05901380394097,13.589610401933163],[75.03782040480493,13.580013524523041],[75.03501642144339,13.567168518580694],[75.0425734313974,13.556107879459],[75.04958176924049,13.554094570423985],[75.04904207848578,13.537377304992658],[75.06267989778574,13.528731228295436],[75.05957855948871,13.519497328422315],[75.0682885094992,13.52350374703312],[75.07686293068274,13.51432231837799],[75.07989697348688,13.492512208271942],[75.08763216876905,13.494475007991905],[75.09681423556363,13.486495127524908],[75.10230028832625,13.488994984703321],[75.11580053962358,13.456854189101728],[75.12669330414629,13.462187398626524],[75.14075856701123,13.461378142303467],[75.13627996944987,13.472500553351162],[75.14666128355546,13.478085971746271],[75.16975642782606,13.507992769134262],[75.17618538824351,13.49913757577478],[75.1884246141894,13.50880705158795],[75.20273751832367,13.509033632897856],[75.2110906467235,13.517039435190126],[75.20412143590092,13.518212129663825],[75.20881625076464,13.5247094566907],[75.21971631409907,13.523643738679157],[75.22605974861327,13.527997972144531],[75.22076863835211,13.533287662048137],[75.22439616662344,13.548606917844069],[75.21596021804596,13.557901809987628],[75.22205856340456,13.559639553499393],[75.22647385938279,13.568373688146032],[75.21176374448443,13.578190585452067],[75.21068982652857,13.585358619585191],[75.22379189149137,13.596073809457222],[75.22129941871754,13.602099001271267],[75.22574114852132,13.605983973928971],[75.2354960673793,13.598491447571515],[75.24479068409579,13.60515783583354],[75.24917798767147,13.596039007765023],[75.25496561565477,13.594818440259681],[75.25649588406318,13.583760362225055],[75.26456554638015,13.586670109929685],[75.27147102981814,13.569043260049863],[75.27888747049818,13.564526992344298],[75.29499840567422,13.584761547889338],[75.3079946293336,13.584042406780716],[75.32620477371674,13.592588499991553],[75.32820667920888,13.585900291791532],[75.34081006689956,13.585794091325994],[75.34432658675796,13.580656129771624],[75.35738131320024,13.595652726799596],[75.36976341080215,13.597122288148471],[75.36395540453668,13.604244431715154],[75.36603845664503,13.621987501078069],[75.37273382773134,13.62679181031816],[75.3791289396289,13.620717905886949],[75.37826018700245,13.615059691675503],[75.38611514837328,13.613288034503247],[75.38668388615271,13.623510708776143],[75.39212255817397,13.623957930421785],[75.39434098998893,13.630565008733116],[75.4073111625051,13.62565583767551],[75.41470419758039,13.652910999765885],[75.39422151495447,13.700307136158825],[75.38227771436279,13.702671148740537],[75.38296201411531,13.710909848071275],[75.4025465503404,13.703804366750184],[75.41921035365804,13.706129640987692],[75.42661735484107,13.71516239929409],[75.45436925954336,13.723692441034508],[75.46120344549387,13.74177192893803],[75.48864524457355,13.75977575341128],[75.4867906789577,13.768372194912134],[75.49832583233332,13.758117166721387],[75.5069312166481,13.765726660361702],[75.51071850490278,13.75501783284701],[75.52098832191197,13.751818371297544],[75.521666938922,13.743660691216354],[75.5409462482748,13.728049642236869],[75.56583666036934,13.740882976098147],[75.56730372421268,13.753140330060441],[75.5714317766923,13.755423570384917],[75.61087299196119,13.760988285088914],[75.60902468850118,13.746006033459022],[75.6279101225345,13.733262428582615],[75.61731485937264,13.72299434376807],[75.6225525998244,13.705789522954348],[75.63490338844376,13.701288364399474],[75.64796198303166,13.709106050517553],[75.65117557929814,13.718740921240315],[75.6747009096903,13.723211754180312],[75.6746141593833,13.728381839244424],[75.65588021903615,13.746177064676091],[75.66313002133262,13.750785827494335],[75.66919811322907,13.764108452411302],[75.6743944898553,13.761960857000394],[75.67649587208706,13.7511937537848],[75.6865187592926,13.749922820755742],[75.68865568875846,13.753954170335122],[75.68198148467519,13.761344683845444],[75.68717954833748,13.766771213761023],[75.70964531495373,13.766538909025932],[75.71811295250114,13.771407745476013],[75.73177005952856,13.76909305832866],[75.74911229659992,13.78098543732161],[75.76458199096994,13.781538010058041],[75.76688305701126,13.79002484616791],[75.76070808805386,13.794259341158307],[75.767074834748,13.797110069012138],[75.77262062278207,13.796974695862147],[75.77760696790496,13.788533402741804],[75.79179574552822,13.796959276260923],[75.80777570184426,13.794484106919132],[75.82546492307559,13.818694569632058],[75.83554183316568,13.813822118848885],[75.87877688989924,13.810157101364345],[75.87055122704837,13.835568673491357],[75.8713735062319,13.851139540238869],[75.86288134916877,13.872698247532936],[75.8553357900397,13.872697691997498],[75.85967005887764,13.910407830936354],[75.82916484657562,13.971698873235415],[75.83087860755892,13.986753165711319],[75.82388349201848,14.018982648781618],[75.80343229534326,14.026117476337955],[75.79878266663661,14.033306019400785],[75.80101500167724,14.043736989253246],[75.81394256350619,14.048820338277352],[75.8209795953361,14.065050453084323],[75.81414014795294,14.10567599285056],[75.80587269637334,14.098178525271555],[75.76854191565931,14.103627822319567],[75.76818368818525,14.109443673292905],[75.75599703344642,14.110326783663844],[75.75314902455113,14.101787981041626],[75.73881539718157,14.101121953217802],[75.73822072324327,14.087438308846641],[75.72116244453153,14.083427878616517],[75.72550663526178,14.075820430374531],[75.67301753242486,14.064989844820763],[75.63431566566912,14.079884500668747],[75.63073669313553,14.073539699257594],[75.61756061867143,14.076630532332576],[75.61113100338214,14.061436648803138],[75.60360865671998,14.056582420118538],[75.59132598645033,14.063960666057742],[75.58524858621092,14.057903972489536],[75.55367919369074,14.07880188658933],[75.54325795036907,14.078097930474792],[75.53130975971061,14.097548338398397],[75.52363440749771,14.094494767843454],[75.51003717138735,14.101099960339576],[75.49280554208032,14.09953828892952],[75.49053939894398,14.10479059054674],[75.47990156551913,14.100276215179928],[75.4647940997194,14.102383436349617],[75.44850273791856,14.095420223985826],[75.43292987203813,14.106500648974947],[75.39882408721155,14.116899946625578],[75.40138107788742,14.126240866013175],[75.41543788401228,14.141238196165387],[75.42061070142184,14.14105655575575],[75.42430340965353,14.149538291159734],[75.44376312586823,14.163488879312556],[75.46117235210696,14.174699967754906],[75.4842296243035,14.176268175384102],[75.45295197763812,14.2047277084055],[75.47625226567858,14.21495964302673],[75.50690111769619,14.219183160144395],[75.52088994201533,14.20254149490042],[75.52679131378156,14.20284690191208],[75.52701265327767,14.258356909787175],[75.5299189152242,14.27743779126181],[75.53567874214608,14.277485219853126],[75.5341307257226,14.289559631657651],[75.50272517602878,14.307865378644175],[75.50100422133671,14.34436946394027],[75.48980384132133,14.347373696686539],[75.48868717074448,14.338729290087882],[75.47658269927776,14.343859146907011],[75.48007638935148,14.331041632761984],[75.47736349965135,14.317472053813322],[75.45432872396445,14.328610952006425],[75.42930081393592,14.349102533283586],[75.41026433178081,14.35247249725801],[75.3974257579622,14.3661621401703],[75.37369609857213,14.370279706870866],[75.34861016276611,14.38800155107493],[75.35940599906968,14.40929644523521],[75.37794268555014,14.407828558009115],[75.38208836028066,14.433568889409157],[75.36462042554486,14.441684654530695],[75.35765580241846,14.43648728923755],[75.35611709793123,14.428348470602211],[75.3401649265069,14.435789188443268],[75.34723823051135,14.457458936943741],[75.33995093253488,14.4687780327222],[75.34612151501875,14.485314038000348],[75.32946892896406,14.494538967051819],[75.31960321010229,14.513478333881856],[75.29740343464167,14.511045069007997],[75.28315678395457,14.51452385809154],[75.27504995204605,14.510905209622551],[75.26751036491699,14.514919159991072],[75.26780562677783,14.527789393201859],[75.27829609876686,14.534165898776758],[75.28456541867685,14.529608823071422],[75.29012680056593,14.531603862282408],[75.29722598144046,14.540504363974541],[75.28562450095578,14.56053267810646],[75.27438028944279,14.565480704931497],[75.26547416623887,14.579783652677673],[75.24355863659879,14.577988498697506],[75.24046576402505,14.554929693252639],[75.22515640545849,14.567711615308689],[75.23059065058203,14.579734374903355],[75.22740944037817,14.58381183197134],[75.2215911672673,14.584907798558655],[75.20755463522009,14.572115226014338],[75.19736255392402,14.57740113387396],[75.19776331752507,14.582737921219145],[75.18413153220892,14.585873212592944],[75.18173553669996,14.597763168937826],[75.20514173880736,14.597490027697994],[75.21059933923,14.623323153668197],[75.20553203883199,14.637681531889868],[75.20075157050422,14.637981286313149],[75.20243286188158,14.627772457692352],[75.18781211408259,14.622566298446598],[75.17195650346649,14.634368827074264],[75.16541222990931,14.633348621953715],[75.16479275887588,14.620831199841028],[75.16023023531078,14.617320597510268],[75.15279208324863,14.626187723953828],[75.14410359758358,14.620386132437183],[75.1425266877473,14.633807531623043],[75.12422656810533,14.63119144169398],[75.11455860347192,14.64159366346622],[75.10301980293622,14.6451536273881],[75.09942181486471,14.652745071093877],[75.07272752189925,14.655234613099916]]]}},{"type":"Feature","properties":{"id":"udupi","district":"Udupi","name":"Udupi","state":"Karnataka","rep_lat":13.5261,"rep_lon":74.8722,"elderly_pct":10.3,"outdoor_worker_pct":33.5},"geometry":{"type":"Polygon","coordinates":[[[74.66529863341984,13.981226311319533],[74.65538970020303,13.97465668202388],[74.64431437196342,13.957543409999708],[74.6516103988695,13.94597817468639],[74.64723264887688,13.94019847044193],[74.63768707610765,13.937708919287838],[74.63048771870594,13.945473087282192],[74.62364437173612,13.936154416624083],[74.61895716919611,13.941143487418225],[74.60557593928404,13.94070421543572],[74.59712356590991,13.931705502620739],[74.59572963121892,13.941317689937208],[74.58253267900929,13.925693348546291],[74.59589862229018,13.885679641223323],[74.61006424404037,13.866907052976703],[74.64559988179624,13.683082321388893],[74.66969696651057,13.63482999321461],[74.68946337834305,13.464558139336027],[74.69531703429632,13.456059421797978],[74.69171422676332,13.455641405314335],[74.69723995092552,13.404451529022689],[74.6957121492909,13.373268217861753],[74.69864710522423,13.376057774644424],[74.70336948579077,13.375451089059396],[74.69575818974585,13.371240597977778],[74.69767184743938,13.347679348850379],[74.71038804736013,13.331895135107644],[74.7167278957997,13.314154023816654],[74.71991365776708,13.285549742032053],[74.77635920521995,13.07157945818157],[74.78079226538294,13.089322796701063],[74.77750876491599,13.102771591077465],[74.78252031856239,13.103916951821738],[74.79180993076446,13.096586435485934],[74.7982801166669,13.104356241808308],[74.79210645296163,13.117026933387733],[74.80963890110789,13.11328106231729],[74.82607854421941,13.129609423249327],[74.85983368964118,13.127969054978935],[74.86827260355736,13.12156088452159],[74.87827408660462,13.095366013350336],[74.91187705382399,13.108106848171179],[74.91057642264997,13.13296585749864],[74.93333622941826,13.14976599205491],[74.93565115197282,13.144333141939866],[74.9427568258702,13.143361810012347],[74.94019070831109,13.133313129381573],[74.95334129667228,13.1211006364368],[74.97488526334793,13.12942386340423],[74.9942363525835,13.157337956185764],[75.00293605191827,13.152398530621491],[75.01520382183229,13.130882427596848],[75.03666119810106,13.141701661038894],[75.05853664940476,13.13158942377574],[75.07124911772381,13.136555004244489],[75.07053742654162,13.143297936836968],[75.07643473702447,13.147863903212945],[75.08365696104177,13.145980648373186],[75.0809101060407,13.16184809734043],[75.09748968960554,13.164928441854032],[75.09708489436547,13.156002390492208],[75.10369810284094,13.157788327959514],[75.10369871459366,13.151140149193282],[75.11289916181725,13.15086519941473],[75.11071801817141,13.147570339944522],[75.12068872763201,13.136263064213813],[75.11514596961538,13.1313049296105],[75.13643679104398,13.133827077989785],[75.15080971341901,13.124918316699246],[75.16768881057091,13.136291923268397],[75.18031055084286,13.158096288431896],[75.20582042498765,13.177338422337844],[75.18985898025468,13.183132162974573],[75.1735860186458,13.204029078101785],[75.16676820179639,13.202855110717918],[75.16885005465384,13.211640658751474],[75.15292749529458,13.26436208679633],[75.139963846344,13.288126255336604],[75.11249049663492,13.282521862930063],[75.07855031443434,13.343010100650691],[75.0888645711006,13.349958300715958],[75.08975368853454,13.361243422651711],[75.11207088458256,13.356455326623182],[75.12770402023203,13.366195248150643],[75.12711790903502,13.385258180206026],[75.1319280603947,13.391232796513096],[75.13958622154802,13.386826173354747],[75.1463725084293,13.392868226061752],[75.13991048551782,13.406820027573197],[75.15498175010987,13.430319799525705],[75.14876324250562,13.436882540985918],[75.15454581387215,13.453183476207208],[75.14415201408244,13.454757059381333],[75.14075856701123,13.461378142303467],[75.12669330414629,13.462187398626524],[75.11580053962358,13.456854189101728],[75.10230028832625,13.488994984703321],[75.09681423556363,13.486495127524908],[75.08763216876905,13.494475007991905],[75.07989697348688,13.492512208271942],[75.07686293068274,13.51432231837799],[75.0682885094992,13.52350374703312],[75.06009601155029,13.518937070356625],[75.06267989778574,13.528731228295436],[75.04904205782455,13.537377337306877],[75.04958176924049,13.554094570423985],[75.0425734313974,13.556107879459],[75.03365563278977,13.573892775963046],[75.04518734202462,13.585353453844139],[75.05591013271918,13.586206469322908],[75.06123242709707,13.603006337649845],[75.0557966871769,13.610515924466137],[75.03944940974117,13.610393100070741],[75.0282239397799,13.627173594999693],[75.01549473225391,13.634629517672755],[75.01782101490355,13.640505681665719],[75.01275265629016,13.657821375245543],[75.01574463368448,13.663611992615259],[75.02435122892824,13.660538123128754],[75.02902063224923,13.667630835982724],[75.01208265592034,13.676793111298503],[75.01100344059925,13.691091668564148],[75.02077781516965,13.693983958898343],[75.02133524405795,13.698146474916541],[75.01125889182163,13.7075555829807],[74.99115413852059,13.710093149452188],[74.98869521422935,13.72024010156485],[74.99347551367381,13.721232166351989],[74.99891130928955,13.738104566607376],[74.9481196737933,13.756965656473717],[74.93777443063962,13.763937075691022],[74.93534906561078,13.771778588134346],[74.92801532293748,13.768847152735278],[74.9333047865867,13.788256313454243],[74.92440530103443,13.796325017235214],[74.92366875077343,13.812721041771905],[74.91647027911056,13.82320693277174],[74.91248387567985,13.853450344355876],[74.90695296913681,13.860288661142306],[74.87872891890436,13.867493956519722],[74.87633289195436,13.860570462460899],[74.86513959605333,13.85723489210734],[74.85618775938127,13.87844303051287],[74.83988828220012,13.89743080165951],[74.81966032944942,13.907843562402912],[74.80870114708783,13.905775375534272],[74.79463095786187,13.91044380755358],[74.79150068393128,13.905534830627706],[74.78788461816298,13.913265899773712],[74.76267380305772,13.916011927098562],[74.75501130483822,13.9090937567213],[74.74184635061901,13.914860819743968],[74.71177996443497,13.905138498389215],[74.71381975278094,13.916381619274558],[74.70777659182858,13.926881794613834],[74.69676067007701,13.92779799732437],[74.69053467770982,13.933539058880996],[74.69960503271061,13.939059069758995],[74.6987434171991,13.950678208622092],[74.68461840918123,13.957795091934308],[74.6832504914975,13.965008054971527],[74.66529863341984,13.981226311319533]]]}},{"type":"Feature","properties":{"id":"chikkamagaluru","district":"Chikkamagaluru","name":"Chikkamagaluru","state":"Karnataka","rep_lat":13.4037,"rep_lon":75.6379,"elderly_pct":10.3,"outdoor_worker_pct":33.5},"geometry":{"type":"Polygon","coordinates":[[[76.05043763289967,13.899152923158598],[76.03332143261503,13.897741402456257],[76.03240341278514,13.879808753483562],[76.02774796569044,13.873416649703543],[76.03058972770124,13.869327856565956],[76.02336252522068,13.863531201119546],[76.01859359575272,13.863822842409526],[76.01579130122393,13.871978793111422],[75.98884085814677,13.84853692132292],[75.980390790748,13.847851625235544],[75.97020534620526,13.856398919749632],[75.9497607647238,13.833876278597621],[75.9523226072005,13.816025307673259],[75.9275876512608,13.813918597119374],[75.9202776348908,13.807099102864735],[75.8955087172435,13.806252277041397],[75.83554183316568,13.813822118848885],[75.82546492307559,13.818694569632058],[75.80777570184426,13.794484106919132],[75.79179574552822,13.796959276260923],[75.77760696790496,13.788533402741804],[75.77262062278207,13.796974695862147],[75.767074834748,13.797110069012138],[75.76070808805386,13.794259341158307],[75.76688305701126,13.79002484616791],[75.76458199096994,13.781538010058041],[75.74911229659992,13.78098543732161],[75.73177005952856,13.76909305832866],[75.71811295250114,13.771407745476013],[75.70964531495373,13.766538909025932],[75.68717954833748,13.766771213761023],[75.68198148467519,13.761344683845444],[75.68865568875846,13.753954170335122],[75.6865187592926,13.749922820755742],[75.67649587208706,13.7511937537848],[75.6743944898553,13.761960857000394],[75.66919811322907,13.764108452411302],[75.66313002133262,13.750785827494335],[75.65588021903615,13.746177064676091],[75.6746141593833,13.728381839244424],[75.6747009096903,13.723211754180312],[75.65117557929814,13.718740921240315],[75.64796198303166,13.709106050517553],[75.63568915021266,13.701455524398574],[75.6225525998244,13.705789522954348],[75.61731485937264,13.72299434376807],[75.6279101225345,13.733262428582615],[75.60902468850118,13.746006033459022],[75.61087299196119,13.760988285088914],[75.5714317766923,13.755423570384917],[75.56730372421268,13.753140330060441],[75.56583666036934,13.740882976098147],[75.5409462482748,13.728049642236869],[75.521666938922,13.743660691216354],[75.52098832191197,13.751818371297544],[75.51071850490278,13.75501783284701],[75.5069312166481,13.765726660361702],[75.49832583233332,13.758117166721387],[75.48730865833029,13.768611532809865],[75.48864524457355,13.75977575341128],[75.46120344549387,13.74177192893803],[75.45436925954336,13.723692441034508],[75.42661735484107,13.71516239929409],[75.41921035365804,13.706129640987692],[75.4025465503404,13.703804366750184],[75.38296201411531,13.710909848071275],[75.38227771436279,13.702671148740537],[75.39422151495447,13.700307136158825],[75.4054783253393,13.676661146921669],[75.41470419758039,13.652910999765885],[75.40911096322795,13.642205412351352],[75.41196645598791,13.639692294480822],[75.40541716084824,13.630066975196065],[75.4073111625051,13.62565583767551],[75.39434098998893,13.630565008733116],[75.39212255817397,13.623957930421785],[75.38668388615271,13.623510708776143],[75.38879960549637,13.613319535170206],[75.37826018700245,13.615059691675503],[75.3746144588635,13.6268189457901],[75.36603845664503,13.621987501078069],[75.36395540453668,13.604244431715154],[75.36976341080215,13.597122288148471],[75.35738131320024,13.595652726799596],[75.34432658675796,13.580656129771624],[75.34081006689956,13.585794091325994],[75.32820667920888,13.585900291791532],[75.32620477371674,13.592588499991553],[75.3079946293336,13.584042406780716],[75.29499840567422,13.584761547889338],[75.27888747049818,13.564526992344298],[75.27147102981814,13.569043260049863],[75.26456554638015,13.586670109929685],[75.25649588406318,13.583760362225055],[75.25496561565477,13.594818440259681],[75.24917798767147,13.596039007765023],[75.24479068409579,13.60515783583354],[75.2354960673793,13.598491447571515],[75.22589367167677,13.60594774529253],[75.22140579811177,13.602379159891507],[75.22379189149137,13.596073809457222],[75.21068982652857,13.585358619585191],[75.21176374448443,13.578190585452067],[75.22647385938279,13.568373688146032],[75.22205856340456,13.559639553499393],[75.21596021804596,13.557901809987628],[75.22439616662344,13.548606917844069],[75.22076863835211,13.533287662048137],[75.22620764454666,13.528210326004826],[75.21971631409907,13.523643738679157],[75.20881625076464,13.5247094566907],[75.20412143590092,13.518212129663825],[75.2110906467235,13.517039435190126],[75.20273751832367,13.509033632897856],[75.1884246141894,13.50880705158795],[75.17618538824351,13.49913757577478],[75.16975642782606,13.507992769134262],[75.14666128355546,13.478085971746271],[75.13627996944987,13.472500553351162],[75.14415201408244,13.454757059381333],[75.15454581387215,13.453183476207208],[75.14876324250562,13.436882540985918],[75.15498175010987,13.430319799525705],[75.13991048551782,13.406820027573197],[75.1463725084293,13.392868226061752],[75.13958622154802,13.386826173354747],[75.1319280603947,13.391232796513096],[75.12711790903502,13.385258180206026],[75.12770402023203,13.366195248150643],[75.11207088458256,13.356455326623182],[75.08975368853454,13.361243422651711],[75.0888645711006,13.349958300715958],[75.07855031443434,13.343010100650691],[75.11249049663492,13.282521862930063],[75.139963846344,13.288126255336604],[75.15292749529458,13.26436208679633],[75.16885005465384,13.211640658751474],[75.16676820179639,13.202855110717918],[75.1735860186458,13.204029078101785],[75.18985898025468,13.183132162974573],[75.20630452350102,13.176795942447974],[75.21126772442892,13.164673131598146],[75.20756520030615,13.15327165208572],[75.21725573690772,13.156603855278696],[75.23373058589354,13.13844738735814],[75.24468239667988,13.13734896855131],[75.25226087008096,13.128982871155255],[75.26130258679048,13.131355372079568],[75.26840670211087,13.125437987749265],[75.27754565516167,13.12687893704532],[75.28479159739742,13.13497160733293],[75.29428082873031,13.124458024160566],[75.29748298854491,13.132788495511072],[75.31115601012591,13.131983470933804],[75.316462583088,13.13645461307416],[75.31690339807601,13.144503937367213],[75.32382025059228,13.147239809450424],[75.3218301741158,13.158244345288356],[75.32807219691928,13.170913793491529],[75.33307651553434,13.169839100868716],[75.34234981433086,13.181650011689154],[75.35200765225608,13.185217083455337],[75.38229700119193,13.178864082416066],[75.40961609848864,13.149562436118517],[75.41065400657803,13.11816528477363],[75.40714411359149,13.11173897937678],[75.42469259127564,13.106349176601178],[75.43373354262056,13.121740859073425],[75.4427739450948,13.113761896295332],[75.44483726930123,13.104740420640189],[75.45510274654924,13.110138375991177],[75.47086732728432,13.09712157771977],[75.47040349296715,13.077683312683638],[75.4796978231211,13.077277625716002],[75.48609916124187,13.092447037643575],[75.51521986038358,13.066063811728068],[75.51574972536572,13.056396888967617],[75.52554403355228,13.049603684189725],[75.51968985837274,13.027342781092466],[75.53107745447984,13.021318314511884],[75.53251266046992,13.004583183818717],[75.52460483953284,13.000462795251263],[75.52513762853123,12.993796685252073],[75.51430430014096,12.978990598888098],[75.5562613928901,12.94302098079078],[75.55675356995279,12.912857553898366],[75.57223412585293,12.934785795003254],[75.59545139608639,12.943828929069518],[75.60292865810106,12.958455101091138],[75.60413466972618,12.973550564338462],[75.63142203762872,13.011696678316635],[75.63758905110595,13.01124460502352],[75.64267880489447,13.031374232455702],[75.65457575025926,13.029429959179694],[75.65564434030712,13.022560205656676],[75.66493360665781,13.031905411456354],[75.69057678180762,13.033726460298032],[75.68844396932072,13.039367288335697],[75.69468728120661,13.046081736268743],[75.69645483061416,13.036870608391174],[75.71040855056857,13.038222397222752],[75.71654596904877,13.030998248399596],[75.72477411574145,13.031492474596009],[75.72790994844702,13.023518924029538],[75.74023371035275,13.03004462542964],[75.7425153907502,13.069494169023516],[75.72707871845002,13.099446473466044],[75.72829393421354,13.105664849563155],[75.7383292046953,13.110162165435524],[75.7353426360573,13.12354554464141],[75.75371489311152,13.136093017136975],[75.75185624285608,13.145709624923526],[75.74081419001124,13.149191113769106],[75.73020911904308,13.164444180401288],[75.72875030532735,13.183218473423805],[75.74322627344861,13.2078387627396],[75.75064466706607,13.206477961011638],[75.7583612205095,13.2174685108228],[75.76603960094322,13.212184217438445],[75.77583116297997,13.216161010745036],[75.77897959365909,13.209988643525733],[75.80570939523109,13.215976911358844],[75.81249118963763,13.230798095535649],[75.80880326403651,13.254537712000845],[75.81603180410858,13.25896414252058],[75.82453626359947,13.253059217516887],[75.83893101503591,13.25196365887711],[75.85732052603183,13.25834733806737],[75.85468166290094,13.255156351827738],[75.86004753365499,13.253213426720158],[75.86155701953929,13.240075585689686],[75.87169255458312,13.248057459372758],[75.87677211878137,13.260350345202811],[75.89940798229499,13.266364894860141],[75.9034026412431,13.257949322104565],[75.91610976548453,13.263113533020949],[75.91841110371534,13.257423199125931],[75.93608143427456,13.256208640555476],[75.98392018975262,13.264617625891141],[75.99009053418293,13.258183855031906],[76.01486428746139,13.261274112782369],[76.01635863852981,13.250928050167877],[76.03642420641987,13.248608632493534],[76.04433270019508,13.275069921382563],[76.0381849259363,13.280125057963241],[76.03533499284966,13.300529275659352],[76.03994624552736,13.309827409130069],[76.03718806097393,13.318643897821175],[76.04161350432166,13.319318837428863],[76.04292722933924,13.32380257971364],[76.02696493929157,13.321392347908732],[76.02697188776028,13.326991877128773],[76.03474927331811,13.33658513657418],[76.0287734940969,13.345694013143762],[76.04163125952321,13.374406127478782],[76.05586036072296,13.380905015163318],[76.08890369997816,13.37155721476275],[76.08995738967046,13.393734149627846],[76.09962879485144,13.392551386486659],[76.11051378086209,13.395923857754548],[76.11123826585053,13.400673811132746],[76.12886387288503,13.400407773963211],[76.13945898243496,13.406648850294433],[76.14069343292536,13.437105048122627],[76.13724003768199,13.442329608203263],[76.1578399378761,13.460030524522784],[76.16220040967255,13.469746693388734],[76.19342558035227,13.468954200091659],[76.18728445182994,13.452699472715665],[76.19637092889513,13.450396823354138],[76.19967698605885,13.450391399573538],[76.1979925487814,13.46895750233089],[76.23114302471065,13.467938361878197],[76.23409607900204,13.483483750226052],[76.22915968020894,13.484077822914736],[76.23831768742524,13.494843685186401],[76.2338990883417,13.507563339916866],[76.26009163089846,13.511470366302813],[76.2620690528075,13.505253491356891],[76.2898676842776,13.504889775869172],[76.29317142558455,13.527184951809316],[76.2999983495543,13.522109236846612],[76.31204923651435,13.52546428113582],[76.3159601419353,13.53978989993734],[76.32973946565542,13.522196602663618],[76.34574520541676,13.513896895691625],[76.34846424049175,13.525579804173912],[76.36269464784192,13.530561495408822],[76.36387623966436,13.547179178996313],[76.35311386560515,13.579515281591235],[76.3412380387344,13.576168232017656],[76.33317132917975,13.596370825949446],[76.3002649147334,13.588903512987372],[76.29295541938625,13.590505457965085],[76.29251400073039,13.597474124968565],[76.28769151190856,13.594819562252951],[76.28195310890791,13.606847913595205],[76.27312880605673,13.605041050570874],[76.28009266022525,13.63709955235035],[76.28655850367163,13.646660324153865],[76.26316490762262,13.648883119283498],[76.23588952144934,13.677900704358267],[76.22169299585674,13.682172660302632],[76.21967633194282,13.713370092186956],[76.19505176368018,13.711366810048201],[76.17362310834766,13.716799386220925],[76.17000089630623,13.726923214465904],[76.14892621492487,13.732556878689058],[76.14697256962477,13.7524606617656],[76.13249799658713,13.786627068170613],[76.12951599228909,13.814298495950332],[76.11521723123066,13.812106325021125],[76.09861402197387,13.863945198291088],[76.07737512945694,13.880265192964169],[76.0555273238061,13.880819992783588],[76.05043763289967,13.899152923158598]]]}},{"type":"Feature","properties":{"id":"chikkaballapura","district":"Chikkaballapura","name":"Chikkaballapura","state":"Karnataka","rep_lat":13.5827,"rep_lon":77.7841,"elderly_pct":10.3,"outdoor_worker_pct":33.5},"geometry":{"type":"Polygon","coordinates":[[[77.97048534221705,13.960179368729698],[77.96194582148058,13.955003464074984],[77.9573350943173,13.936761023283978],[77.94619856385742,13.935382222607844],[77.9267624248257,13.90536506572061],[77.89581385171013,13.920400126304957],[77.8989055367111,13.930681075052522],[77.89569088492416,13.941080004213147],[77.83882200190207,13.935926433028813],[77.8265856209207,13.94476277717894],[77.81484067948517,13.93196614698474],[77.81348950011015,13.914661761405117],[77.81617330775128,13.903022532376855],[77.83195260828062,13.895707886018235],[77.8355356304195,13.881007526888464],[77.8273260905313,13.87448019524464],[77.83706854346808,13.869779997044969],[77.82019121959054,13.863248331524897],[77.81202639244732,13.849015204647323],[77.79300299335605,13.848982196192908],[77.78226520349119,13.84412004807057],[77.7890828900849,13.830510699403732],[77.78875255350377,13.823202974283852],[77.78153071755868,13.818333011438742],[77.7635045903666,13.817258694911164],[77.74792505988509,13.810426136441329],[77.74072126211088,13.812463108974695],[77.72928980486174,13.802250055439279],[77.71930533231267,13.800315120156196],[77.72221957129894,13.768891992309843],[77.71735858966723,13.741115207691573],[77.70845464308124,13.74105950410237],[77.7032909893859,13.769829257156402],[77.69518148498942,13.770739877512877],[77.67171492777302,13.760521657077161],[77.67987054269301,13.772375705708098],[77.68007524359345,13.786818219419796],[77.6512910434757,13.784115305403597],[77.62106976887206,13.768479486571254],[77.6188412507731,13.755003243765008],[77.64223090591298,13.74684308481269],[77.64142561836303,13.741989540089126],[77.62771372039154,13.734641554997241],[77.6136035848815,13.75195679927564],[77.59996983854303,13.750800792916205],[77.58684296121376,13.733535343760806],[77.5716788323809,13.738245914607178],[77.56092572624047,13.722380584915463],[77.54928440547295,13.740680144995308],[77.54744012466877,13.752942083534764],[77.5253593104063,13.753281618378471],[77.52195142381522,13.744601612927731],[77.53663513093923,13.730643002129428],[77.52833457374643,13.693053018745399],[77.51236785500444,13.697289641361428],[77.51416669902153,13.71325283601668],[77.48503841899712,13.71482457034979],[77.49211297615139,13.689851631620245],[77.454494359949,13.681950882709177],[77.4371090226086,13.68434334769596],[77.43504875896235,13.672659053276105],[77.39724493170793,13.673493915099725],[77.39328084153061,13.664926649523261],[77.38332976115728,13.662458973174443],[77.37847243746538,13.645230730997502],[77.36889697684832,13.641631271334814],[77.36960695943483,13.63373861204938],[77.36017767896902,13.615728833092339],[77.3630506475545,13.590222336629648],[77.37420755360169,13.59006530074938],[77.38243682049348,13.575353209964945],[77.38273141310947,13.537197438638408],[77.39140904892253,13.534189157469424],[77.389936719155,13.519721269696637],[77.38085873745747,13.515158118229397],[77.38260476323082,13.50036063569035],[77.39862528297351,13.492920915837916],[77.40795919559379,13.496838338240442],[77.41552322498342,13.49205578726612],[77.4155869568596,13.48611725123783],[77.42482688593822,13.481609848222995],[77.4228578300394,13.471974777688056],[77.43439701864732,13.46878627942039],[77.43301522738234,13.464027619899518],[77.44606870965796,13.46166531062701],[77.45813704190083,13.469155000613943],[77.46133038385257,13.462917153616234],[77.47146863180862,13.469408034785983],[77.50469545106229,13.457842271363138],[77.50410139696153,13.445531178901026],[77.51593630377445,13.443927850316024],[77.52246907081118,13.431575273289667],[77.54843531606977,13.435918369258513],[77.55146454659892,13.41969015932191],[77.59136321634983,13.41887215182674],[77.58978165413869,13.436298718812925],[77.59956537927289,13.436187050312498],[77.60306467752896,13.441344060373098],[77.6074430500541,13.425282523386914],[77.61543974761044,13.421125217004475],[77.606682115923,13.414557915078413],[77.59920757400702,13.415189872090489],[77.6023763075099,13.398256000970367],[77.60744228019789,13.40723235833418],[77.61910605974582,13.402406000923891],[77.61274998863053,13.38717074513689],[77.62091147943079,13.384721600537421],[77.6209347556781,13.375402563060891],[77.63390104567563,13.37596303097523],[77.6384487093093,13.393846221498494],[77.64783560815832,13.39187086738868],[77.6575515895403,13.397867029891076],[77.65195073837258,13.387084292219305],[77.66194800113465,13.377502009493513],[77.65704518675678,13.372757217591854],[77.65593558053129,13.35827711288589],[77.66704833348393,13.348039171030655],[77.67992937605592,13.344923002422206],[77.68428512001904,13.35191789078302],[77.69987945024486,13.33742044897468],[77.70343538458468,13.34429799250283],[77.69865363436098,13.359028161439314],[77.71094767999709,13.366273609374447],[77.71674028734199,13.36567509625934],[77.71637971706167,13.35182319968665],[77.72853697712777,13.351737346790056],[77.726478646656,13.363362094373718],[77.74387998119498,13.353796204041203],[77.7427753696025,13.360295626282213],[77.75060830697748,13.359337965642641],[77.75413244993938,13.363841025992542],[77.77470492636448,13.353098681387525],[77.78896757065694,13.351811582024059],[77.79636534704031,13.340718979915207],[77.81023503948137,13.33838654228904],[77.81022234718475,13.334450169224692],[77.82715714168089,13.32706042767162],[77.8172664298913,13.310223450904415],[77.81017107763654,13.310120207062472],[77.81443065694847,13.309478771265029],[77.81443196489552,13.304297593320891],[77.82761909402753,13.305534036467844],[77.82954084644012,13.290720334784611],[77.8225730666338,13.290804765064044],[77.82216101749779,13.296996270829146],[77.81587587915398,13.297604919326613],[77.80878402763386,13.26152908154327],[77.82095531489314,13.258219853800803],[77.80754403184322,13.243172262622549],[77.81439594514757,13.239558506864388],[77.82131725151099,13.252665090939391],[77.85075862854791,13.241106197716611],[77.85000892515447,13.219548245349564],[77.85828001940256,13.220416774669468],[77.86363010046884,13.241166030815677],[77.87658460636644,13.234355624227517],[77.8784714978578,13.239385799859468],[77.87409795916722,13.243973017784631],[77.88005869070912,13.250499159255872],[77.88858004301893,13.25083340966786],[77.89077689999573,13.257606507358101],[77.90563193740395,13.250606199742492],[77.90218005043195,13.242123507928413],[77.89090893078293,13.234576789332879],[77.91156686573763,13.231384215624654],[77.9141054598148,13.23979008355293],[77.92899259762142,13.238278078250907],[77.94139015792433,13.258511930569544],[77.93820443278784,13.267998964029875],[77.95616723234569,13.269734107077818],[77.96122003842657,13.284289558245385],[77.98453092209579,13.2861112453169],[77.98961650141317,13.304381077352344],[78.01126764608537,13.30149589303904],[78.01550064873965,13.282949187441686],[78.0468905309166,13.27833729424949],[78.05209238996099,13.293454098758646],[78.05904797513732,13.29281976057566],[78.06056748711852,13.299045653233225],[78.08676796808747,13.302233451396292],[78.0919529612624,13.310271197986593],[78.13380327576529,13.287685623124752],[78.13645709764225,13.30438990158405],[78.12317223270561,13.308468522524407],[78.12173495789543,13.315546712215408],[78.1089558812947,13.3233076104543],[78.13082231351297,13.328470245320016],[78.13405105807007,13.331264763801551],[78.13184877347238,13.352504523226752],[78.15032403225538,13.350662663053802],[78.15007168471232,13.357984548953128],[78.14261177096242,13.375909238675886],[78.12237244823513,13.375243426557484],[78.12459332706092,13.38604321844684],[78.13571882800578,13.40529761753414],[78.18253821572358,13.42066849301488],[78.18549650449812,13.438970072955502],[78.18862335315255,13.442518618564794],[78.19431148104,13.438478369501084],[78.19339696733469,13.447147806520496],[78.20152178980337,13.449961633592498],[78.21037140987423,13.471082397324832],[78.20067126399408,13.48414283708822],[78.19814734299875,13.512633648815424],[78.18775966702431,13.513636502715496],[78.1903948470625,13.52074008782141],[78.19907838390866,13.52093406532231],[78.20363698992082,13.527809796230986],[78.2011356894027,13.541351957074127],[78.19375484985568,13.548587541569185],[78.20132334746553,13.563934588201203],[78.19295901887074,13.564887992574484],[78.18959258593677,13.575253465721094],[78.19024313239082,13.590177502301394],[78.20332175491795,13.606550144532104],[78.20418442235665,13.628462172566532],[78.16821212521926,13.632892405343135],[78.16905555074456,13.653983482435722],[78.15611529572062,13.658657149454644],[78.11428183720571,13.657402728903044],[78.10224014270597,13.6510998841635],[78.09893543391348,13.642839733605747],[78.08709825256628,13.643107123059998],[78.08973272113874,13.659139764709256],[78.0770029243179,13.673393582055052],[78.06570685755513,13.676181114519283],[78.07357572125326,13.687766840455184],[78.06959972570348,13.690844693163248],[78.07085745423784,13.69848416987584],[78.09240853377389,13.691214664786516],[78.11321000513794,13.692775442099512],[78.12078997603064,13.715657850380033],[78.10431928265129,13.736583921419347],[78.09151427438327,13.742316517518606],[78.09987232914412,13.758498540195125],[78.11379307463942,13.763470966603698],[78.12639210370439,13.786415754780387],[78.12267891837577,13.798816572327743],[78.11374456381746,13.807506750265807],[78.12539316543032,13.831647932421935],[78.12362642540488,13.845392071200344],[78.11653589620485,13.851913108001291],[78.11476853903677,13.862926418098818],[78.08992964442547,13.864735992689255],[78.08189872644667,13.861279206423543],[78.07899171440688,13.881193098661123],[78.04885893014695,13.896130252111975],[78.05082686674491,13.876024821473859],[78.04618600020555,13.862171542341784],[78.02122320905195,13.863865940349354],[78.01157052835477,13.871982587683267],[78.00047776201887,13.872966750660165],[77.99205811696552,13.868855285640633],[77.97609651862062,13.829531357342233],[77.95297639040535,13.827392839074239],[77.95624449464665,13.835969330568782],[77.94907363180573,13.886487394608611],[77.98438404305527,13.89763255627713],[77.98661184429861,13.903041069311005],[77.98024360280785,13.927894897299248],[77.9875211486736,13.955535634869172],[77.97048534221705,13.960179368729698]]]}},{"type":"Feature","properties":{"id":"hassan","district":"Hassan","name":"Hassan","state":"Karnataka","rep_lat":13.0297,"rep_lon":76.174,"elderly_pct":10.3,"outdoor_worker_pct":33.5},"geometry":{"type":"Polygon","coordinates":[[[76.38771947485245,13.534247587626583],[76.36387623966436,13.54717922004244],[76.36269464155373,13.530561457853342],[76.34846424049175,13.525579804173912],[76.34574520541676,13.513896895691625],[76.32973946565542,13.522196602663618],[76.3159601419353,13.53978989993734],[76.31204923651435,13.52546428113582],[76.2999983495543,13.522109236846612],[76.29317142558455,13.527184951809316],[76.2898676842776,13.504889775869172],[76.2620690528075,13.505253491356891],[76.26009163089846,13.511470366302813],[76.2338990883417,13.507563339916866],[76.23831768742524,13.494843685186401],[76.22915968020894,13.484077822914736],[76.23409607900204,13.483483750226052],[76.23114302471065,13.467938361878197],[76.1979925487814,13.46895750233089],[76.19967698605885,13.450391399573538],[76.19637092889513,13.450396823354138],[76.18728445182994,13.452699472715665],[76.19342558035227,13.468954200091659],[76.16220040967255,13.469746693388734],[76.1578399378761,13.460030524522784],[76.13724003768199,13.442329608203263],[76.14069343292536,13.437105048122627],[76.13945898243496,13.406648850294433],[76.12886387288503,13.400407773963211],[76.11123826585053,13.400673811132746],[76.11051378086209,13.395923857754548],[76.09962879485144,13.392551386486659],[76.08995738967046,13.393734149627846],[76.08890369997816,13.37155721476275],[76.05586036072296,13.380905015163318],[76.04163125952321,13.374406127478782],[76.0287734940969,13.345694013143762],[76.03474927331811,13.33658513657418],[76.02697188776028,13.326991877128773],[76.02696493929157,13.321392347908732],[76.04292722933924,13.32380257971364],[76.03718806097393,13.318643897821175],[76.03994624552736,13.309827409130069],[76.03533499284966,13.300529275659352],[76.0381849259363,13.280125057963241],[76.04433270019508,13.275069921382563],[76.03642420641987,13.248608632493534],[76.01635863852981,13.250928050167877],[76.01486428746139,13.261274112782369],[75.99009053418293,13.258183855031906],[75.98392018975262,13.264617625891141],[75.93608143427456,13.256208640555476],[75.91841110371534,13.257423199125931],[75.91610976548453,13.263113533020949],[75.9034026412431,13.257949322104565],[75.89940798229499,13.266364894860141],[75.87677211878137,13.260350345202811],[75.87169255458312,13.248057459372758],[75.86155701953929,13.240075585689686],[75.86004753365499,13.253213426720158],[75.85468166290094,13.255156351827738],[75.85732052603183,13.25834733806737],[75.83893101503591,13.25196365887711],[75.82453626359947,13.253059217516887],[75.81603180410858,13.25896414252058],[75.80880326403651,13.254537712000845],[75.81249118963763,13.230798095535649],[75.80570939523109,13.215976911358844],[75.77897959365909,13.209988643525733],[75.77583116297997,13.216161010745036],[75.76603960094322,13.212184217438445],[75.7583612205095,13.2174685108228],[75.75064466706607,13.206477961011638],[75.74289402974415,13.207509026400642],[75.72875030532735,13.183218473423805],[75.73020911904308,13.164444180401288],[75.74081419001124,13.149191113769106],[75.75185624285608,13.145709624923526],[75.75371489311152,13.136093017136975],[75.7353426360573,13.12354554464141],[75.7383292046953,13.110162165435524],[75.72829393421354,13.105664849563155],[75.72707871845002,13.099446473466044],[75.7425153907502,13.069494169023516],[75.74023371035275,13.03004462542964],[75.72790994844702,13.023518924029538],[75.72477411574145,13.031492474596009],[75.71654596904877,13.030998248399596],[75.71040855056857,13.038222397222752],[75.69645483061416,13.036870608391174],[75.69468728120661,13.046081736268743],[75.68844396932072,13.039367288335697],[75.69057678180762,13.033726460298032],[75.66493360665781,13.031905411456354],[75.65564434030712,13.022560205656676],[75.65457575025926,13.029429959179694],[75.64267880489447,13.031374232455702],[75.63758905110595,13.01124460502352],[75.63142203762872,13.011696678316635],[75.60413466972618,12.973550564338462],[75.60292865810106,12.958455101091138],[75.59545139608639,12.943828929069518],[75.57223412585293,12.934785795003254],[75.55458052821251,12.907342955898798],[75.5612092721525,12.893523874673248],[75.56379135097765,12.86640255683683],[75.60281197323386,12.875602159259381],[75.60226942763317,12.865008209404394],[75.62133575002537,12.855369138847902],[75.62221106484496,12.847021467166643],[75.61488344598698,12.832070298801709],[75.61828300250039,12.817684565303361],[75.61442907092973,12.797273804386462],[75.6228060639734,12.791678835845012],[75.6212129539193,12.778933456190723],[75.62938961816305,12.77908905924809],[75.64118349262871,12.7700373822105],[75.63810909480709,12.761214782515289],[75.65513848998751,12.749347398253455],[75.65745021633629,12.752104149502793],[75.6582778261227,12.742875000312091],[75.65056802441697,12.717999638061734],[75.626066570264,12.705196294892554],[75.6335285285795,12.690064479183663],[75.6378835251443,12.695370431961702],[75.71292757933884,12.70775021497903],[75.72136168636996,12.69633080409037],[75.73131956429505,12.697918038550865],[75.74556791459466,12.679720609222642],[75.7607660761021,12.674124616153462],[75.76838545698459,12.68171639234898],[75.77307238374182,12.679426833774796],[75.77721612529788,12.68885645296772],[75.79163369304422,12.68844576619871],[75.80769553888325,12.701760936424582],[75.83293705301502,12.671566192851568],[75.85253665847901,12.66936780795799],[75.86727962297071,12.674882846812421],[75.87791718420604,12.67181425202065],[75.88753308428224,12.678774402063585],[75.8865674779968,12.705065276303934],[75.87249432433042,12.709151018578218],[75.8698977233404,12.71539262881259],[75.85492105494102,12.72358126764361],[75.85400292372003,12.745429115931218],[75.84945807810142,12.749880524388283],[75.86002460056409,12.75724336902398],[75.85828782653985,12.76969927569445],[75.87486025143016,12.769894389362596],[75.87308735974163,12.774395937398833],[75.87824476834913,12.776750743861392],[75.87328993163483,12.777306579557077],[75.86393649323352,12.796501015235098],[75.86377885417251,12.818705871450021],[75.87679889037346,12.823637216035648],[75.87574421792425,12.83164600901724],[75.8795256374852,12.834235732943323],[75.90007656781822,12.827848683653988],[75.90334574374964,12.819202375032704],[75.91126687053271,12.815292101533712],[75.91844307026476,12.819688694154294],[75.9198308425129,12.828316388232764],[75.92777572254869,12.821756522062238],[75.92503731081301,12.81424603355381],[75.9301619354042,12.807967305132474],[75.94623949906577,12.807990800234716],[75.94938744106139,12.800541663040509],[75.96913657739263,12.805041700168912],[75.9707729027001,12.784006850022266],[75.957809180986,12.782040491601398],[75.95462303633627,12.768636218601923],[75.93298448424773,12.764054103751723],[75.93760861607166,12.749423699260102],[75.93452473473555,12.733799967302483],[75.94191543868271,12.720243947593856],[75.96524904344041,12.711012779139976],[75.95963276370767,12.683322658624613],[75.95415758684823,12.676797896348315],[75.93991566219782,12.676467021360553],[75.94792150640036,12.663999894465217],[75.93891111843641,12.653041893679942],[75.93780879305629,12.643614092926576],[75.94350943178073,12.63655306762209],[75.93561494274077,12.630078186499349],[75.94961798200094,12.62481845959184],[75.94697805256985,12.614252161135168],[75.93951239229709,12.608739912349252],[75.96261617386915,12.561245362718019],[75.9754768426505,12.56353254281031],[75.96875940355092,12.57673232460943],[75.98852536622574,12.574157803717142],[75.99221288848328,12.58880915097699],[76.00250197435527,12.575309327058303],[76.01393090464354,12.569565616274584],[76.02173110022308,12.576932843153214],[76.03421789287808,12.573515617669266],[76.04555943146227,12.577023483438552],[76.05207356205008,12.554262791600879],[76.0675390523046,12.557332841243284],[76.07105201842771,12.549285271604578],[76.09064800727437,12.545704181758515],[76.08615721687967,12.538858123235727],[76.1032534763616,12.529142001110523],[76.10606874615637,12.517398171048871],[76.11531945322182,12.512881852481135],[76.11891355428307,12.518822494604645],[76.11417638295535,12.527007516143193],[76.13335387905049,12.528800958662929],[76.13441999334148,12.53704096139154],[76.14089295324155,12.536676795100396],[76.1426128973289,12.545280692716448],[76.15132113515045,12.547210108330042],[76.15773226311117,12.562854541549033],[76.14806934700967,12.566284126089892],[76.15236804435898,12.579632017198927],[76.16852701155493,12.580489747843167],[76.1820752526514,12.575007349619785],[76.19649697241097,12.577365007322534],[76.1919876713315,12.594167064474417],[76.20543853684778,12.61693538928512],[76.212286723042,12.616686215217275],[76.21543317742753,12.621722745672972],[76.21344773895287,12.627974410926807],[76.20573099506662,12.629019645430983],[76.21912894891435,12.644328658830545],[76.24569458157154,12.637011898562932],[76.24577796678945,12.62598654385654],[76.2545455724715,12.62033811552789],[76.26493162698685,12.619350146355568],[76.26542110910367,12.628912272930853],[76.27982010328321,12.63376736967171],[76.2802695852171,12.616713658801633],[76.2905927612558,12.6166152349754],[76.2925533640078,12.62634846300565],[76.30033496446096,12.629208897570622],[76.30146469923697,12.621986365682181],[76.30976790376492,12.622531657665363],[76.30632121085186,12.610450074860946],[76.32768525665422,12.611435799988893],[76.32841711501446,12.626708782743414],[76.32348673223883,12.635118641475398],[76.33809495033624,12.646506439485933],[76.34748489627071,12.668010332535166],[76.35288226285692,12.668021260961535],[76.3537409857932,12.68527166346086],[76.3600257648109,12.686927633258753],[76.36277791897382,12.70136736248892],[76.36152027038953,12.711883127189658],[76.35024127161715,12.713479654856911],[76.34131418083619,12.732094744503216],[76.34407913419528,12.742358684058606],[76.35527872638814,12.743901904663108],[76.35709238542088,12.750084896877704],[76.34288434791794,12.7605892084378],[76.3426768604435,12.76613212645312],[76.34993020659381,12.772022670832593],[76.34960568570587,12.785636917842627],[76.33441605460035,12.787733127361927],[76.32962677649459,12.802816691727624],[76.33182230037151,12.812008758110887],[76.36828841130206,12.809095429341259],[76.36944680592892,12.828692372073688],[76.38288321845057,12.831165687400222],[76.38617174588987,12.845178327796063],[76.40853096602518,12.84407638999155],[76.40720097970434,12.865058270765266],[76.4135700081193,12.864486990200744],[76.41763966291893,12.858250990912081],[76.4253169465097,12.857974632107807],[76.42516223326156,12.845459671912364],[76.42013595892261,12.841765384787447],[76.4253209907251,12.82503142517847],[76.44592681800344,12.823383260870528],[76.4579785386001,12.804527510759009],[76.46429131271533,12.806074258601171],[76.47138990878658,12.798790365236114],[76.45756516444905,12.78889826061675],[76.45504360961621,12.781074128701734],[76.4747914972892,12.771748506627016],[76.47817223050417,12.780686077087468],[76.48960748313539,12.78581662891819],[76.49285173620758,12.767282109844894],[76.49940129635023,12.772363387609937],[76.49977487423585,12.78035428719309],[76.49059143481554,12.78862821980909],[76.49435953146252,12.802754821126644],[76.4901080756157,12.80648232210425],[76.50290095393242,12.822010252882416],[76.51828316946177,12.826393995230575],[76.52053180263657,12.841419559280531],[76.53552040156127,12.844306045174811],[76.54662516310113,12.840238415762645],[76.55406616731429,12.84538126466788],[76.57772228522533,12.846989964509394],[76.57519439996464,12.865977172536411],[76.57911184961245,12.873190402708902],[76.59649326850155,12.8809968732602],[76.59104054593092,12.890909126336675],[76.5995526797293,12.904726662027542],[76.596528400714,12.921200167869394],[76.60313997245902,12.922999679032152],[76.60599997566003,12.938637617972477],[76.61621100691698,12.93716498647358],[76.61745445313663,12.955148368412193],[76.61181814456634,12.965348721273173],[76.62215450877174,12.965859913251846],[76.63141734578845,12.972752333877658],[76.63356516193721,12.981316808955503],[76.63223844638232,13.004226057212732],[76.61915331915418,13.008844876039209],[76.61284822653293,13.005893300387104],[76.60423291852923,13.017236686173202],[76.60887808440553,13.031103038302009],[76.60810781677864,13.037692464878052],[76.60207355992738,13.040218332392111],[76.60534534007482,13.053262023700324],[76.61980203843494,13.054090006544632],[76.61786553658366,13.063843076203286],[76.59932249991249,13.074335964202191],[76.58571809883941,13.070438223481474],[76.52765791859657,13.079004582664723],[76.51376646356943,13.069521341818565],[76.49571498053012,13.086735221792853],[76.49471960227952,13.094656880517302],[76.47216683292972,13.093239349819077],[76.46856214522283,13.120262759112913],[76.47316650512735,13.149913497594952],[76.45505166840262,13.14995118749256],[76.44495813498816,13.16983176922818],[76.42887124681398,13.17309289835853],[76.4255710286996,13.183461216752386],[76.41240856461033,13.191874090612144],[76.3943551519898,13.190601279766504],[76.39376528403825,13.197936439487977],[76.37077490399106,13.200424936337974],[76.36990842230564,13.212258910771897],[76.3800477356636,13.222599654070207],[76.37989564010621,13.231593407594193],[76.36454448023454,13.23404040565073],[76.36197263232222,13.249090373142375],[76.35620954361754,13.249180747226863],[76.35696338824441,13.28731727540806],[76.34761317389663,13.301272355889441],[76.35226177942215,13.330572411141075],[76.3465956566659,13.358217105044478],[76.38143469852967,13.364193811185622],[76.38268117386846,13.372401064453316],[76.38576454855475,13.370914108468348],[76.39226890457398,13.379478143061302],[76.38944940910407,13.39614587938672],[76.39694915235705,13.402286570845686],[76.40442420990598,13.429638112576061],[76.41970067216684,13.448454853059646],[76.40705507892915,13.459244380142582],[76.41517596138699,13.478889099347944],[76.40524417053778,13.490694964291201],[76.39598957017392,13.493502305152472],[76.39655387925899,13.503928695204303],[76.41521781299777,13.509092312920192],[76.42728034032726,13.525680861894356],[76.40054187450438,13.526421278308833],[76.39564665717884,13.536034343325245],[76.38771947485245,13.534247587626583]]]}},{"type":"Feature","properties":{"id":"kolar","district":"Kolar","name":"Kolar","state":"Karnataka","rep_lat":13.1816,"rep_lon":78.2679,"elderly_pct":10.3,"outdoor_worker_pct":33.5},"geometry":{"type":"Polygon","coordinates":[[[78.23786428805927,13.599219097146566],[78.23267268777542,13.5868923777874],[78.21631502491671,13.591272236522686],[78.20290858198955,13.568824691987317],[78.19617843622028,13.566303034482056],[78.20132334746553,13.563934588201203],[78.19375484985568,13.548587541569185],[78.2011356894027,13.541351957074127],[78.20363698992082,13.527809796230986],[78.19907838390866,13.52093406532231],[78.1903948470625,13.52074008782141],[78.18775966702431,13.513636502715496],[78.19814734299875,13.512633648815424],[78.20067126399408,13.48414283708822],[78.21037140987423,13.471082397324832],[78.20198425329144,13.45068451594678],[78.19339696733469,13.447147806520496],[78.19431148104,13.438478369501084],[78.18862335315255,13.442518618564794],[78.18549650449812,13.438970072955502],[78.18253821572358,13.42066849301488],[78.13571882800578,13.40529761753414],[78.12459332706092,13.38604321844684],[78.12237244823513,13.375243426557484],[78.14261177096242,13.375909238675886],[78.15007168471232,13.357984548953128],[78.15032403225538,13.350662663053802],[78.13184877347238,13.352504523226752],[78.13405105807007,13.331264763801551],[78.13082231351297,13.328470245320016],[78.1089558812947,13.3233076104543],[78.12173495789543,13.315546712215408],[78.12317223270561,13.308468522524407],[78.13645709764225,13.30438990158405],[78.13380327576529,13.287685623124752],[78.0919529612624,13.310271197986593],[78.08676796808747,13.302233451396292],[78.06056748711852,13.299045653233225],[78.05904797513732,13.29281976057566],[78.05209238996099,13.293454098758646],[78.0468905309166,13.27833729424949],[78.01550064873965,13.282949187441686],[78.01126764608537,13.30149589303904],[77.99401917336672,13.304953080799375],[77.98517949045956,13.299212777875079],[77.98453092209579,13.2861112453169],[77.96122003842657,13.284289558245385],[77.95616723234569,13.269734107077818],[77.93820443278784,13.267998964029875],[77.94139015792433,13.258511930569544],[77.93493651270117,13.24610906669501],[77.94557923655448,13.243711181259654],[77.94853835267736,13.250037633183664],[77.9649052502172,13.244094052779316],[77.96383549235944,13.232813835081789],[77.94522029222482,13.214221751099721],[77.95793041055106,13.218733076642838],[77.95510151241511,13.200918174944436],[77.96053961041294,13.200197895449454],[77.9638153548257,13.189386237868922],[77.95532888050508,13.176476756422737],[77.95302704101432,13.16061855238736],[77.95875397881701,13.157430588675837],[77.95770736245927,13.130381729991575],[77.95617046897567,13.126337243976003],[77.93925138242057,13.12518479027031],[77.93731966589485,13.10818737125333],[77.91539175208024,13.119083448172086],[77.91410862637619,13.111106695769905],[77.90132605622732,13.102439711548554],[77.91605067981588,13.087650139003962],[77.91330638052182,13.080884801385036],[77.92702257962694,13.082712247716355],[77.92620998518048,13.075915794421105],[77.93181112201243,13.074002944714456],[77.93953584293841,13.083600699864569],[77.94143608519154,13.06883948953056],[77.92818626443248,13.068494365943655],[77.91364265227199,13.048497827945354],[77.89220716435345,13.052246528999882],[77.8871402071119,13.037128900737304],[77.893280084281,13.035081277756472],[77.88584839200408,13.008619668831862],[77.87404458306968,12.997696347361586],[77.87140414878539,12.972951734819956],[77.86468040530913,12.973697185107017],[77.87154263845947,12.959890210922357],[77.86709604607506,12.950977471742737],[77.87369480425087,12.945242353366417],[77.87072286198232,12.937192927581446],[77.85100207019325,12.932134179886651],[77.83952581845247,12.921855200903735],[77.84217156986492,12.914086434075331],[77.86187721875325,12.914318945206743],[77.85225926063674,12.890960953137728],[77.85566497060988,12.876299732720765],[77.86640772007341,12.87615131204769],[77.86763336078585,12.868120051826448],[77.89032514442587,12.869706406595466],[77.89490018511616,12.87862442004123],[77.90839318431418,12.878857155906895],[77.90873946958483,12.884890766924107],[77.921855072159,12.884789504951673],[77.92507167239178,12.890140143547052],[77.93598939121476,12.887295164545325],[77.93461040988002,12.880710425942093],[77.92712462285328,12.881570638242708],[77.92770372359786,12.87496741226749],[77.94160599793426,12.872786004724865],[77.94119484441862,12.868266512938003],[77.9227940703457,12.855615387084768],[77.91722695630678,12.838902784971008],[77.9205367810048,12.82820889773221],[77.92649248826935,12.830336617930538],[77.9343207409301,12.823148906588305],[77.94065824207186,12.82339607018204],[77.94658963733153,12.838760660615238],[77.93997490980492,12.85319395778685],[77.94362891142762,12.85787086063558],[77.95231623557105,12.857168031086449],[77.95275632202535,12.8501806147435],[77.9653305288424,12.84823334298837],[77.96429800794976,12.83289416772993],[77.9803734192479,12.835107567028773],[77.97925091680821,12.827094750002937],[77.98976342087789,12.821599209263276],[77.98850015063654,12.808244311915809],[78.0097314919152,12.805790807538862],[78.01529124156544,12.813842655781642],[78.00389610320325,12.82564721421979],[78.01827747692847,12.831104293236828],[78.01912877079735,12.843994535015142],[78.02896689431189,12.845236816884155],[78.02384494041199,12.85655189975727],[78.0306293884419,12.858073076110294],[78.03070979394803,12.852500496809792],[78.05044863019623,12.84878744101032],[78.05331224462464,12.853904538816527],[78.05902471236475,12.851221416783583],[78.06018733985321,12.843877425747054],[78.07650286992846,12.839700503930823],[78.07383792421334,12.830565838086615],[78.08617669157753,12.831987316161864],[78.09013979181145,12.817412144763685],[78.12496744034245,12.798238190333485],[78.13421424422798,12.782017298073104],[78.16763961631224,12.770132403513443],[78.17737522318826,12.775997261901864],[78.19514014544858,12.773896297728955],[78.23092787652435,12.760710107975598],[78.23895698978771,12.768426434526214],[78.24561557216819,12.788314363968752],[78.25217415948113,12.860601143331289],[78.265249097119,12.862058312745097],[78.26837276663564,12.86774262244388],[78.28207233612821,12.859364786832149],[78.31242174462734,12.858568140977718],[78.31360241477829,12.87650296757005],[78.33099543810425,12.875627990612722],[78.33705522687252,12.882414144404807],[78.3344937536034,12.889261264901343],[78.32915742394748,12.884640344965417],[78.32030563893683,12.887308960123116],[78.3235086368796,12.901832711640742],[78.33970675265564,12.903233911692816],[78.34902348050453,12.92904066538969],[78.35382137345388,12.930298197550643],[78.34968343681118,12.935762017348482],[78.35585090303931,12.94078945888857],[78.38867069473942,12.90690719850518],[78.39637439418945,12.907362720328766],[78.39864197373191,12.917357830660942],[78.41218565408165,12.903282544264824],[78.42862744955661,12.90212443588796],[78.43492233641791,12.911886957923288],[78.44555396068752,12.911844829241048],[78.44721658776821,12.892259453345298],[78.46408740424981,12.877751510185284],[78.46474446169302,12.86681296669072],[78.46942927920597,12.88968649058928],[78.46667056015497,12.905458451653448],[78.4445026443442,12.919682644373966],[78.4379906840861,12.929062519770536],[78.42815700094403,12.932141699815974],[78.41879227521116,12.921773538571134],[78.41113825798622,12.945316491987917],[78.4203562070865,12.94779045212568],[78.41924070701447,12.9587288529722],[78.42913169279022,12.95751223264258],[78.43794778683633,12.964033567354036],[78.43269025290559,12.967844522484558],[78.4353055172939,12.981087722574319],[78.46743610444008,12.975070380748646],[78.47478960376142,12.991489504230257],[78.46767623220036,12.998583141608663],[78.46823112155137,13.004665585728002],[78.46358854012814,13.005367560587487],[78.46217176038118,13.04326113308546],[78.4730976386019,13.042968971360414],[78.47847039134929,13.05458364929017],[78.48733715127577,13.052403484621232],[78.4980367501646,13.06124660053505],[78.5142270155634,13.061902017722003],[78.5094463747591,13.091541359525817],[78.5160476769638,13.09659777133305],[78.52336584734165,13.094739776505236],[78.52445801367418,13.101247213915947],[78.53848169891451,13.10577614602592],[78.51850443182364,13.119869124467154],[78.51702142288401,13.131636065946884],[78.52331464426875,13.130497618616362],[78.53123180049826,13.141419276338203],[78.54462153925273,13.14204888382306],[78.54833430327145,13.148584210757772],[78.541373298559,13.155781722843752],[78.55008991766212,13.16423408158748],[78.56818106132124,13.161807348635957],[78.57335020462129,13.168940364483172],[78.57974123008262,13.167406613708806],[78.57603597687795,13.186736584244716],[78.56727250434454,13.193309515394166],[78.54973546490888,13.189738806071064],[78.5500372368606,13.200226090161088],[78.56776966076889,13.201562186744829],[78.57109481970879,13.212084101277577],[78.57867890219053,13.213036601090268],[78.5785254160411,13.218062810823106],[78.5663785117536,13.22089929253687],[78.57011627858162,13.247145254661731],[78.58489024393376,13.261604544921568],[78.5876798201148,13.273016633726531],[78.58734178497168,13.280686091190056],[78.57862565814533,13.28039528781792],[78.57752914037356,13.295327329419331],[78.565527418209,13.31204657781157],[78.56161566837169,13.288558032215544],[78.5540912726524,13.283213956884273],[78.53930101006436,13.287913948035623],[78.53215685413682,13.266981779519154],[78.52193905587082,13.273047333676509],[78.51397640446375,13.290629038075227],[78.50482572750018,13.291411137686868],[78.4987635240604,13.299604474628168],[78.47928930005388,13.301333997787067],[78.48338119893657,13.321214481345008],[78.47687719595523,13.32268111018378],[78.4441855902529,13.308154754226091],[78.44036500863714,13.32847294547256],[78.42792794581793,13.331336452930223],[78.41885741025577,13.320618034076588],[78.40108482087449,13.315513307732639],[78.38711460066494,13.331835804262552],[78.37712913008761,13.33201465250378],[78.38300906086462,13.343629472694516],[78.38766593897562,13.342842973040236],[78.38485035477048,13.334929590872045],[78.39299612415499,13.333808444785628],[78.40727133767487,13.337567368851555],[78.40866431925333,13.342926454260638],[78.3776182636581,13.363189449352452],[78.36965166415536,13.358303834890837],[78.3650589023995,13.361842316465713],[78.3787609898698,13.383688194798564],[78.38165752485844,13.39702606407954],[78.37558654847162,13.437420210804294],[78.37895708311316,13.440113767493077],[78.37080681227079,13.469566307789647],[78.3787725044751,13.482080507254956],[78.3744150626961,13.50908220347691],[78.38329670321527,13.515612443336794],[78.3823547522662,13.525098268866069],[78.39415711311638,13.541118368225261],[78.39384846995107,13.552339547365085],[78.40665651632138,13.57689569426652],[78.40182897178113,13.578640597885476],[78.40224109637562,13.587299309632698],[78.38517484691235,13.592172031009715],[78.35057519798697,13.586910242962027],[78.32615664935163,13.59487814863075],[78.27185844822864,13.58824929683649],[78.25947484954186,13.582535980257175],[78.23786428805927,13.599219097146566]]]}},{"type":"Feature","properties":{"id":"bengaluru_rural","district":"Bengaluru Rural","name":"Bengaluru Rural","state":"Karnataka","rep_lat":13.1803,"rep_lon":77.3398,"elderly_pct":9.2,"outdoor_worker_pct":22.0},"geometry":{"type":"Polygon","coordinates":[[[77.38565287095734,13.49861157309255],[77.37111490201349,13.480452502403008],[77.37339177642419,13.470080461949653],[77.3486143499345,13.457229986905444],[77.34839397163573,13.446631850488771],[77.36196703767502,13.436964022841149],[77.36286642375097,13.420090463044353],[77.35845316335516,13.41489277759927],[77.34588606760192,13.417607651723523],[77.34083234793441,13.377080951286501],[77.34569336639706,13.374672754461178],[77.34124616764984,13.357154684621012],[77.34381961725833,13.339746054518471],[77.33851837040753,13.329156066484527],[77.3293386607923,13.330451555641453],[77.31190961951502,13.322131722449678],[77.30866396686761,13.310655873782217],[77.28119247667117,13.310443449841033],[77.28165453322241,13.29732355170465],[77.27524944283871,13.297727780095913],[77.26982024085713,13.311199036293901],[77.25472769427768,13.308922410757045],[77.24944302314051,13.301756399668484],[77.22900948824206,13.313353391698401],[77.22032756387182,13.285562108631053],[77.21933153254608,13.262996885383364],[77.20459469546292,13.262323781692254],[77.18839029237816,13.27644692541365],[77.18348531216215,13.257665145502838],[77.19244772020848,13.243606694557585],[77.18268361967,13.228769074363973],[77.19405094349607,13.224350154208345],[77.20094928353093,13.194556309397127],[77.2074974342169,13.196665625425112],[77.20358358232181,13.184526602027109],[77.21627014771961,13.161655083915004],[77.21320668778489,13.151650614811226],[77.21749208377977,13.144917641042957],[77.2750358045995,13.152632181732145],[77.27393452216344,13.139835378927131],[77.26707281812084,13.142706250137048],[77.26840376294409,13.118901445475094],[77.2764621433194,13.11950010185807],[77.27911855773431,13.133816395597478],[77.28473851696641,13.134403173268696],[77.29282049698259,13.11015413209099],[77.31433299747047,13.106192714639535],[77.30934875350704,13.055018719059202],[77.31104249373755,13.046372320836692],[77.32837879474151,13.050265381450686],[77.33111864737495,13.042961482789684],[77.32995389986239,13.02612160451389],[77.3254444568491,13.022962043989601],[77.32782299360049,13.008926160576175],[77.32192416765977,13.008372169373498],[77.32872367864033,12.977689156238112],[77.3372963723636,12.977834171764524],[77.33804403927627,12.972875765238506],[77.34757672211948,12.974331603237621],[77.36016029656828,12.989329462152558],[77.36492865111441,12.987272803048617],[77.37180651405238,12.992188246163133],[77.3699023578396,13.013306796577526],[77.37568618774586,13.014915658041076],[77.37556535625532,13.028813823710552],[77.38913591060509,13.026582821863853],[77.39400771693599,13.052998635845869],[77.38301649615984,13.05726703448025],[77.38411478181607,13.067919947897803],[77.39770412173506,13.073254241839281],[77.42369248890587,13.070320147852723],[77.42882603736109,13.086507371319751],[77.42047282002805,13.086586840982777],[77.42134877804138,13.091285233642662],[77.41594513043474,13.09325089143616],[77.41789474499417,13.10497257635039],[77.40086543245876,13.111759811518928],[77.40129995115495,13.118186132119122],[77.39291236248249,13.117689583546158],[77.39754491780884,13.123562348831722],[77.40858533392326,13.12375282890289],[77.43178527924815,13.1651349555293],[77.46787243318116,13.162517638214924],[77.47669960525134,13.189187831389777],[77.47831966925555,13.205097558875105],[77.47416862978612,13.211305160829417],[77.47990612099677,13.223443320199396],[77.51143481085143,13.228621112692405],[77.52231956419843,13.208822476040874],[77.5265661134472,13.221159619694701],[77.53685566823978,13.219069262212345],[77.54319335533278,13.232885507822818],[77.55930920968332,13.232342917837972],[77.55660500759028,13.219228055263747],[77.56950184434159,13.216147506361821],[77.57108951958823,13.207057827875785],[77.56675706624546,13.201475517200185],[77.57427395654058,13.198784598780403],[77.60005086568336,13.196520280311963],[77.60430656157835,13.203691281850675],[77.615822437108,13.20539571018649],[77.61308255483016,13.208818685744536],[77.61734903140689,13.21056815135911],[77.64746901108077,13.200377188677114],[77.66039946009505,13.20093975252008],[77.65451760782163,13.188197446118062],[77.66299861858867,13.184048070614951],[77.68668117571515,13.19334056211184],[77.68424083397386,13.203409677920433],[77.69012458259084,13.202752436984127],[77.69845913562723,13.189459782802931],[77.70742555285472,13.18980814486457],[77.71206527763532,13.196223279628281],[77.72561233295559,13.192764939512273],[77.73036991849811,13.173586212216392],[77.72735745592205,13.168701047793075],[77.73263359306402,13.159445396591915],[77.72818768609416,13.146697636442594],[77.7319477527008,13.144933146475635],[77.72975053460131,13.13243826861206],[77.72446152370296,13.126653816504321],[77.73366893287003,13.123514407719515],[77.73229944762612,13.114820882760966],[77.75002820820467,13.116355815236252],[77.76136824570396,13.113437108572828],[77.7650181042966,13.10780744198973],[77.76688652642574,13.084614134470138],[77.75954790949372,13.081831353259096],[77.76024782555912,13.073818574993814],[77.78104173490513,13.033861098536844],[77.77129615493286,13.014215342534536],[77.77916730933497,12.970284345968027],[77.76712107025821,12.959486768278566],[77.77256678686796,12.951145942495149],[77.76509176076001,12.942519471300708],[77.77542873581984,12.938768014265358],[77.7788008586828,12.928921195149007],[77.79807109594957,12.925262486882264],[77.79749732850286,12.91829764980608],[77.80304897085765,12.919379495102568],[77.81094717622791,12.933179913669251],[77.81631675432911,12.926456131678046],[77.83226356281115,12.926658316271077],[77.82991497229806,12.919697746272725],[77.81673722337425,12.921462105465135],[77.81619514938913,12.914705211766332],[77.82981916337975,12.889475299501598],[77.82960944898173,12.877525471686473],[77.83599545286062,12.870381119338248],[77.85070921402072,12.866216039960184],[77.86763336078585,12.868120051826448],[77.86640772007341,12.87615131204769],[77.85566497060988,12.876299732720765],[77.85225926063674,12.890960953137728],[77.86187721875325,12.914318945206743],[77.84217156986492,12.914086434075331],[77.8395441934916,12.922234848796894],[77.85100207019325,12.932134179886651],[77.87072286198232,12.937192927581446],[77.87369480425087,12.945242353366417],[77.86709604607506,12.950977471742737],[77.87154263845947,12.959890210922357],[77.86468040530913,12.973697185107017],[77.87140414878539,12.972951734819956],[77.87404458306968,12.997696347361586],[77.88584839200408,13.008619668831862],[77.893280084281,13.035081277756472],[77.8871402071119,13.037128900737304],[77.89220716435345,13.052246528999882],[77.91364265227199,13.048497827945354],[77.92818626443248,13.068494365943655],[77.94143608519154,13.06883948953056],[77.93953584293841,13.083600699864569],[77.93181112201243,13.074002944714456],[77.92620998518048,13.075915794421105],[77.92702257962694,13.082712247716355],[77.91330638052182,13.080884801385036],[77.91605067981588,13.087650139003962],[77.90132605622732,13.102439711548554],[77.91410862637619,13.111106695769905],[77.91539175208024,13.119083448172086],[77.93731966589485,13.10818737125333],[77.93925138242057,13.12518479027031],[77.95617046897567,13.126337243976003],[77.9593930439034,13.151559568690292],[77.95302704101432,13.16061855238736],[77.95532888050508,13.176476756422737],[77.9638153548257,13.189386237868922],[77.96053961041294,13.200197895449454],[77.95510151241511,13.200918174944436],[77.95793041055106,13.218733076642838],[77.94522029222482,13.214221751099721],[77.96383549235944,13.232813835081789],[77.9649052502172,13.244094052779316],[77.94853835267736,13.250037633183664],[77.94557923655448,13.243711181259654],[77.93493651270117,13.24610906669501],[77.92899259762142,13.238278078250907],[77.9141054598148,13.23979008355293],[77.9138366784919,13.231989520966263],[77.89090893078293,13.234576789332879],[77.90218005043195,13.242123507928413],[77.90563193740395,13.250606199742492],[77.89077689999573,13.257606507358101],[77.88858004301893,13.25083340966786],[77.88005869070912,13.250499159255872],[77.87409795916722,13.243973017784631],[77.8784714978578,13.239385799859468],[77.87658460636644,13.234355624227517],[77.86363010046884,13.241166030815677],[77.85828001940256,13.220416774669468],[77.85000892515447,13.219548245349564],[77.85075862854791,13.241106197716611],[77.82131725151099,13.252665090939391],[77.81439594514757,13.239558506864388],[77.80754403184322,13.243172262622549],[77.82095531489314,13.258219853800803],[77.80878402763386,13.26152908154327],[77.81587587915398,13.297604919326613],[77.82216101749779,13.296996270829146],[77.8225730666338,13.290804765064044],[77.82954084644012,13.290720334784611],[77.82761909402753,13.305534036467844],[77.81443196489552,13.304297593320891],[77.81443065694847,13.309478771265029],[77.81017107763654,13.310120207062472],[77.8172664298913,13.310223450904415],[77.82715714168089,13.32706042767162],[77.81022234718475,13.334450169224692],[77.81023503948137,13.33838654228904],[77.79636534704031,13.340718979915207],[77.79046333118201,13.350912748030154],[77.77470492636448,13.353098681387525],[77.75413244993938,13.363841025992542],[77.75060830697748,13.359337965642641],[77.7427753696025,13.360295626282213],[77.74387998119498,13.353796204041203],[77.726478646656,13.363362094373718],[77.72853697712777,13.351737346790056],[77.71637971706167,13.35182319968665],[77.71674028734199,13.36567509625934],[77.71094767999709,13.366273609374447],[77.69865363436098,13.359028161439314],[77.70343538458468,13.34429799250283],[77.69987945024486,13.33742044897468],[77.68428512001904,13.35191789078302],[77.67992937605592,13.344923002422206],[77.66704833348393,13.348039171030655],[77.65593558053129,13.35827711288589],[77.65704518675678,13.372757217591854],[77.66194800113465,13.377502009493513],[77.65195073837258,13.387084292219305],[77.6575515895403,13.397867029891076],[77.64783560815832,13.39187086738868],[77.6384487093093,13.393846221498494],[77.63390104567563,13.37596303097523],[77.6209347556781,13.375402563060891],[77.62091147943079,13.384721600537421],[77.61274998863053,13.38717074513689],[77.61910605974582,13.402406000923891],[77.60744228019789,13.40723235833418],[77.6023763075099,13.398256000970367],[77.59920757400702,13.415189872090489],[77.606682115923,13.414557915078413],[77.61543974761044,13.421125217004475],[77.6074430500541,13.425282523386914],[77.60306467752896,13.441344060373098],[77.59956537927289,13.436187050312498],[77.58978165413869,13.436298718812925],[77.59136321634983,13.41887215182674],[77.55146454659892,13.41969015932191],[77.54843531606977,13.435918369258513],[77.52246907081118,13.431575273289667],[77.51593630377445,13.443927850316024],[77.50410139696153,13.445531178901026],[77.50469545106229,13.457842271363138],[77.47146863180862,13.469408034785983],[77.46133038385257,13.462917153616234],[77.45813704190083,13.469155000613943],[77.44606870965796,13.46166531062701],[77.43301522738234,13.464027619899518],[77.43439701864732,13.46878627942039],[77.4228578300394,13.471974777688056],[77.42482688593822,13.481609848222995],[77.4155869568596,13.48611725123783],[77.41552322498342,13.49205578726612],[77.40795919559379,13.496838338240442],[77.39989527710473,13.492730994899482],[77.38565287095734,13.49861157309255]]]}},{"type":"Feature","properties":{"id":"dakshina_kannada","district":"Dakshina Kannada","name":"Dakshina Kannada","state":"Karnataka","rep_lat":12.8249,"rep_lon":75.2265,"elderly_pct":9.2,"outdoor_worker_pct":22.0},"geometry":{"type":"Polygon","coordinates":[[[75.35305469890686,13.184923413642135],[75.34129831113796,13.180917703222708],[75.33307651553434,13.169839100868716],[75.32807219691928,13.170913793491529],[75.3218301741158,13.158244345288356],[75.32382025059228,13.147239809450424],[75.31690339807601,13.144503937367213],[75.316462583088,13.13645461307416],[75.31115601012591,13.131983470933804],[75.29748298854491,13.132788495511072],[75.29428082873031,13.124458024160566],[75.28479159739742,13.13497160733293],[75.27754565516167,13.12687893704532],[75.26840670211087,13.125437987749265],[75.26130258679048,13.131355372079568],[75.25226087008096,13.128982871155255],[75.24468239667988,13.13734896855131],[75.23373058589354,13.13844738735814],[75.21725573690772,13.156603855278696],[75.20756520030615,13.15327165208572],[75.21126772442892,13.164673131598146],[75.20582042498765,13.177338422337844],[75.18031055084286,13.158096288431896],[75.16768881057091,13.136291923268397],[75.15005806337636,13.124755676992116],[75.13643679104398,13.133827077989785],[75.11514596961538,13.1313049296105],[75.12068872763201,13.136263064213813],[75.11071801817141,13.147570339944522],[75.11289916181725,13.15086519941473],[75.10369871459366,13.151140149193282],[75.10369810284094,13.157788327959514],[75.09708489436547,13.156002390492208],[75.09748968960554,13.164928441854032],[75.0809101060407,13.16184809734043],[75.08365696104177,13.145980648373186],[75.07643473702447,13.147863903212945],[75.07053742654162,13.143297936836968],[75.07124911772381,13.136555004244489],[75.05853664940476,13.13158942377574],[75.03666119810106,13.141701661038894],[75.01520382183229,13.130882427596848],[75.00293605191827,13.152398530621491],[74.9942363525835,13.157337956185764],[74.97488526334793,13.12942386340423],[74.95446558945432,13.121232537664165],[74.94019070831109,13.133313129381573],[74.9427568258702,13.143361810012347],[74.93565115197282,13.144333141939866],[74.93333622941826,13.14976599205491],[74.92825358759187,13.14768443155421],[74.91057642264997,13.13296585749864],[74.91187705382399,13.108106848171179],[74.87827408660462,13.095366013350336],[74.86827260355736,13.12156088452159],[74.85983368964118,13.127969054978935],[74.82607854421941,13.129609423249327],[74.80963890110789,13.11328106231729],[74.79210645296163,13.117026933387733],[74.7982801166669,13.104356241808308],[74.79180993076446,13.096586435485934],[74.78252031856239,13.103916951821738],[74.77750876491599,13.102771591077465],[74.78079226538294,13.089322796701063],[74.77635920521995,13.07157945818157],[74.82355821379032,12.846752418809508],[74.82903374548432,12.846242400363314],[74.84664654972939,12.795748376242875],[74.86482340883626,12.760449888236142],[74.87226750415233,12.761135103215365],[74.87416926365997,12.755015592306636],[74.88233751697767,12.754125232948109],[74.93295086563612,12.780618371764968],[74.95821464900379,12.784742624254887],[74.96001335557865,12.778961437695271],[74.96443035206772,12.781707998261933],[74.9683841241957,12.776436834712428],[74.98733138208352,12.783037450371534],[74.99211828324702,12.788282713801513],[74.98905451968172,12.795537987465645],[74.99832946419181,12.786015616253358],[75.00318767631755,12.791739318042643],[75.00341517017165,12.778049193495967],[75.00947547816618,12.76758454726832],[74.98660392726474,12.743698784512373],[74.98372340025448,12.745216320457166],[74.98248703365756,12.738453936151398],[74.98645660535477,12.732996713270287],[74.99235573223115,12.738734248822709],[75.01124135491067,12.727968955745501],[75.00017790239913,12.7208202919032],[75.0010462211393,12.715473472179102],[75.01529849887336,12.713380017033655],[75.01882630426665,12.72023833071747],[75.0265396201818,12.718361539587455],[75.03388985592368,12.722615156502481],[75.05029927252255,12.719452718635994],[75.05350790200382,12.708392601736266],[75.04943983901889,12.705648606891005],[75.05479703384387,12.694718917476317],[75.05266104132085,12.690987169091374],[75.04313648014613,12.693899384151347],[75.03971183189019,12.686616261331958],[75.04662690304718,12.666750663703596],[75.05382822236953,12.669272202026287],[75.05757054724931,12.665089382871148],[75.0598508433429,12.67086244836175],[75.06925072194949,12.663929404162424],[75.07321219263945,12.670859246734048],[75.0852622980652,12.673885064962747],[75.08504799237775,12.69460079608095],[75.08015689382782,12.700330965298594],[75.08521607255729,12.705296719354994],[75.10545347917807,12.698077648049482],[75.1106613416635,12.683083659450638],[75.11542379248161,12.68279760631002],[75.11172880791898,12.680842061214745],[75.12491688746856,12.680470519287676],[75.13305894860754,12.674571149026107],[75.15247030940881,12.6822604542289],[75.15013192555398,12.67388168896392],[75.160465422337,12.671618003330332],[75.1500049918077,12.651323899593129],[75.13770764126966,12.644704309987917],[75.16110704133374,12.620990286350057],[75.17028631346946,12.621491142602048],[75.18220671654122,12.631673996936648],[75.20174170528851,12.628988241894003],[75.19845091678965,12.613340211336096],[75.20917664228024,12.60150564724788],[75.20033539271122,12.58900660472276],[75.20868042729033,12.592344172413657],[75.22033850702778,12.5682010521295],[75.23752371858745,12.568403723711379],[75.23878157917419,12.579954068515944],[75.24960573486707,12.583746597352464],[75.26534042865266,12.604804532478802],[75.26634618424137,12.615928608601438],[75.27553271925619,12.619779893208296],[75.28876526181904,12.61167229680155],[75.29074625542968,12.603222410280432],[75.30106520309835,12.606683012493402],[75.31133572438671,12.59099417052599],[75.32619029556932,12.593669274980297],[75.32560530996133,12.582668212702236],[75.31457185938365,12.573813935468262],[75.28971861508398,12.583884593009861],[75.2838569245988,12.570844796682078],[75.2720706669484,12.570245133326317],[75.26974062754424,12.5496147528115],[75.2801073045006,12.524187522237156],[75.30304949352607,12.522664028339973],[75.30421340111384,12.50334649054211],[75.31384214889522,12.502011342447751],[75.31454051985835,12.497534151886683],[75.33217424496804,12.499614234138427],[75.33527870491065,12.478291599768504],[75.34072112021173,12.470405693672499],[75.33633549289236,12.464166704620604],[75.3601070811483,12.465040665678943],[75.3722002356391,12.47696466706387],[75.3677722527541,12.491786299166384],[75.38193968011801,12.502070385708311],[75.41635608170859,12.49968453979534],[75.41943343139425,12.509408860752341],[75.4164401056287,12.515363753749076],[75.42889663853337,12.515061086856798],[75.43435839815578,12.53018614198979],[75.45320883652059,12.513721298736401],[75.45810352114513,12.515938820568202],[75.46131942608189,12.505045839684144],[75.47249572855269,12.499518957857388],[75.46199181058047,12.487970966298796],[75.46464021381966,12.471926636185877],[75.47543053356904,12.463494596393925],[75.48196159290843,12.46586940473561],[75.48986435633047,12.460149431117156],[75.49603020828603,12.478635361227461],[75.49332829420202,12.483788495428595],[75.52368276470776,12.48989408340665],[75.52917062488073,12.499536099276405],[75.56591751772805,12.486169732539429],[75.56482550051588,12.495117937876726],[75.55506505432396,12.498401050728575],[75.55617955367276,12.501292171771459],[75.58093844342656,12.51938334966405],[75.58269379640751,12.53089987946174],[75.59099634786018,12.540143984738775],[75.59585145900154,12.52770640813997],[75.60574743402039,12.521176458461758],[75.60550429959885,12.512733611604167],[75.61476907158666,12.510248423537393],[75.63232784486233,12.521168416832857],[75.63315607358797,12.528151357262802],[75.64428982915196,12.53947735033062],[75.6705658773009,12.551112788550268],[75.65441050156944,12.618390398717132],[75.64232614158529,12.626309795708844],[75.64197675353364,12.632994381664345],[75.64797626354972,12.665788742617586],[75.6669543076006,12.697880784255753],[75.6378835251443,12.695370431961702],[75.63387841429783,12.689879154519238],[75.626066570264,12.705196294892554],[75.65149809784131,12.719382529360105],[75.65745021633629,12.752104149502793],[75.65513848998751,12.749347398253455],[75.6383331553002,12.760915691289526],[75.64118349262871,12.7700373822105],[75.62938961816305,12.77908905924809],[75.6212129539193,12.778933456190723],[75.6228060639734,12.791678835845012],[75.61442907092973,12.797273804386462],[75.61828300250039,12.817684565303361],[75.61488344598698,12.832070298801709],[75.62221106484496,12.847021467166643],[75.62133575002537,12.855369138847902],[75.60226942763317,12.865008209404394],[75.60281197323386,12.875602159259381],[75.56362543483961,12.866596819669006],[75.5612092721525,12.893523874673248],[75.55454849967937,12.906439089685309],[75.55642273750165,12.942718208316274],[75.51430430014096,12.978990598888098],[75.52513762853123,12.993796685252073],[75.52460483953284,13.000462795251263],[75.53251266046992,13.004583183818717],[75.53107745447984,13.021318314511884],[75.51968985837274,13.027342781092466],[75.52554403355228,13.049603684189725],[75.51574972536572,13.056396888967617],[75.51521986038358,13.066063811728068],[75.48609916124187,13.092447037643575],[75.4796978231211,13.077277625716002],[75.47040349296715,13.077683312683638],[75.47086732728432,13.09712157771977],[75.45510274654924,13.110138375991177],[75.44483726930123,13.104740420640189],[75.4427739450948,13.113761896295332],[75.43373354262056,13.121740859073425],[75.42469259127564,13.106349176601178],[75.40714411359149,13.11173897937678],[75.41065400657803,13.11816528477363],[75.40985110944507,13.14804383224323],[75.40399554547008,13.15947425991689],[75.37656858925388,13.18180627510126],[75.36417075226984,13.180269222667123],[75.35305469890686,13.184923413642135]]]}},{"type":"Feature","properties":{"id":"bengaluru_urban","district":"Bengaluru Urban","name":"Bengaluru Urban","state":"Karnataka","rep_lat":12.9472,"rep_lon":77.5527,"elderly_pct":9.2,"outdoor_worker_pct":22.0},"geometry":{"type":"Polygon","coordinates":[[[77.54547369364724,13.23230084645476],[77.53685566823978,13.219069262212345],[77.5265661134472,13.221159619694701],[77.52231956419843,13.208822476040874],[77.51143481085143,13.228621112692405],[77.47990612099677,13.223443320199396],[77.47416862978612,13.211305160829417],[77.47831966925555,13.205097558875105],[77.47669960525134,13.189187831389777],[77.46787243318116,13.162517638214924],[77.43178527924815,13.1651349555293],[77.40858533392326,13.12375282890289],[77.39754491780884,13.123562348831722],[77.39336991667751,13.11852788520418],[77.39271327515429,13.115077134636058],[77.40129995115495,13.118186132119122],[77.40086543245876,13.111759811518928],[77.41789474499417,13.10497257635039],[77.41594513043474,13.09325089143616],[77.42134877804138,13.091285233642662],[77.42047282002805,13.086586840982777],[77.42876628053007,13.086078470593192],[77.42369248890587,13.070320147852723],[77.39770412173506,13.073254241839281],[77.38331441972885,13.066966117322101],[77.38301649615984,13.05726703448025],[77.39400771693599,13.052998635845869],[77.38913591060509,13.026582821863853],[77.37556535625532,13.028813823710552],[77.37568618774586,13.014915658041076],[77.3699023578396,13.013306796577526],[77.37180651405238,12.992188246163133],[77.3558922928556,12.98610017777291],[77.35183238118351,12.975946551661936],[77.33804403927627,12.972875765238506],[77.33301595932357,12.978706465568989],[77.32616358518348,12.97394546582593],[77.33297209368993,12.950196038266126],[77.33947060077837,12.944136410321224],[77.33552923258783,12.938036117371276],[77.33930552995504,12.923674565921967],[77.3365386703709,12.912198869660592],[77.34338331181304,12.888038269957532],[77.33323373520298,12.887975454457012],[77.33499371181264,12.878441754908273],[77.34486518977373,12.876503753971138],[77.346286349706,12.87015672848023],[77.36559093046439,12.871667159313846],[77.36975296082132,12.857662337552453],[77.37940267168817,12.854937735736907],[77.39738975809804,12.868383282422117],[77.40264523309015,12.865465576485034],[77.40388157094095,12.873929680961544],[77.41037328586752,12.876640815412374],[77.41577504880873,12.871750585980509],[77.42987868680427,12.87544617537994],[77.42920759767634,12.870638959098406],[77.4183816705057,12.86957251770573],[77.42889059568729,12.856710034075402],[77.42662798023511,12.850362283631519],[77.43785064835097,12.85023673445854],[77.43453992264271,12.839220601467403],[77.42510756005717,12.837835696398926],[77.4195782588035,12.826311270860842],[77.43342668183361,12.82338119897774],[77.43602380743974,12.810408094851471],[77.44357162493345,12.808282201689206],[77.45156584313959,12.81810719859377],[77.46586190116736,12.8086595118676],[77.48002282922018,12.80868157908824],[77.48467938124269,12.80081977822513],[77.4762735747363,12.796821578957315],[77.47103246919542,12.799640806776441],[77.46928339903162,12.795109165874416],[77.47770932959703,12.781565535023455],[77.47353322263957,12.756971411565967],[77.48611823618945,12.74284675458762],[77.49889690675165,12.73937405033499],[77.50490748580867,12.732430871024885],[77.5137992629175,12.75026933822468],[77.5208601935272,12.744405838164333],[77.52125186348268,12.732465133198549],[77.53429031874022,12.756018057326687],[77.54069344001681,12.75021639162971],[77.54630368486745,12.770110473097505],[77.55230375453397,12.772230084734387],[77.54402438859876,12.776031179138089],[77.5487952880721,12.786028558869715],[77.54487194637437,12.798701587429083],[77.55691473592044,12.799157817162426],[77.55468986048997,12.788609117951253],[77.56277165545319,12.787166948478182],[77.55543089693751,12.781477130489616],[77.55608915183498,12.776948441753358],[77.5654491784806,12.75900045349384],[77.57159694285792,12.764956780490662],[77.57081565020756,12.778086372056498],[77.58039981819465,12.787282702608799],[77.59051607808746,12.781812418747524],[77.597893787904,12.7635155991971],[77.59471427461773,12.752357244155359],[77.57607553862266,12.752134102701993],[77.56891362030701,12.729845253471678],[77.55577757567029,12.732793280329876],[77.56741010282946,12.70114065682504],[77.59412152397243,12.72213472833636],[77.61541955797443,12.709228555877194],[77.59548147719285,12.668590593727778],[77.59724440297164,12.657494526638194],[77.59885555389157,12.667212498298946],[77.65989193711238,12.683894433004356],[77.67636586083347,12.67952601076466],[77.67863588828509,12.660443597308726],[77.70234482354152,12.660867473674926],[77.71099550630282,12.667174387600634],[77.71157159948778,12.683191861013476],[77.72274677457288,12.679703496490447],[77.72460317993846,12.671242046484888],[77.73990879612354,12.673043956964857],[77.74098701521297,12.685820550137665],[77.7349318348021,12.692055628490372],[77.7374431443491,12.697799081731741],[77.76173260507815,12.697637441565217],[77.76572600907987,12.713796888687977],[77.76953379149944,12.712578182804315],[77.77443207567335,12.72426793877944],[77.7610700607252,12.727548113453702],[77.76331264194992,12.73694541533832],[77.78353703916876,12.741265192269884],[77.79294577965558,12.748228642453102],[77.7943700953695,12.757674610820294],[77.7787661387971,12.767815722103714],[77.79854415776131,12.79517068531968],[77.80851856738256,12.796777995195747],[77.79971544141587,12.805267854668646],[77.80214364062945,12.817055713277732],[77.80987680392249,12.815584458074843],[77.80986340824498,12.831583859961038],[77.79587909706184,12.834585358226793],[77.79244499763078,12.842755689067113],[77.79908884225071,12.851589080309731],[77.8079015721061,12.847722830955535],[77.81552740109571,12.855841973434147],[77.83244523000941,12.862096102454705],[77.8360092222373,12.870697492171635],[77.82960944898173,12.877525471686473],[77.82981916337975,12.889475299501598],[77.81619514938913,12.914705211766332],[77.81673722337425,12.921462105465135],[77.82991497229806,12.919697746272725],[77.83226356281115,12.926658316271077],[77.81631675432911,12.926456131678046],[77.81094717622791,12.933179913669251],[77.80304897085765,12.919379495102568],[77.79749732850286,12.91829764980608],[77.79807109594957,12.925262486882264],[77.7788008586828,12.928921195149007],[77.77542873581984,12.938768014265358],[77.76509176076001,12.942519471300708],[77.77256678686796,12.951145942495149],[77.76712107025821,12.959486768278566],[77.77916730933497,12.970284345968027],[77.77129615493286,13.014215342534536],[77.78104173490513,13.033861098536844],[77.76024782555912,13.073818574993814],[77.75954790949372,13.081831353259096],[77.76688652642574,13.084614134470138],[77.7650181042966,13.10780744198973],[77.76136824570396,13.113437108572828],[77.75002820820467,13.116355815236252],[77.73229944762612,13.114820882760966],[77.73366893287003,13.123514407719515],[77.72446152370296,13.126653816504321],[77.72975053460131,13.13243826861206],[77.7319477527008,13.144933146475635],[77.72818768609416,13.146697636442594],[77.73263359306402,13.159445396591915],[77.72735745592205,13.168701047793075],[77.73036991849811,13.173586212216392],[77.72561233295559,13.192764939512273],[77.71206527763532,13.196223279628281],[77.70742555285472,13.18980814486457],[77.69845913562723,13.189459782802931],[77.69012458259084,13.202752436984127],[77.68424083397386,13.203409677920433],[77.68668117571515,13.19334056211184],[77.66299861858867,13.184048070614951],[77.65451760782163,13.188197446118062],[77.66039946009505,13.20093975252008],[77.64746901108077,13.200377188677114],[77.61734903140689,13.21056815135911],[77.61308255483016,13.208818685744536],[77.615822437108,13.20539571018649],[77.60430656157835,13.203691281850675],[77.60005086568336,13.196520280311963],[77.57873692072106,13.197772896688083],[77.56675706624546,13.201475517200185],[77.57108951958823,13.207057827875785],[77.56950184434159,13.216147506361821],[77.55660500759028,13.219228055263747],[77.55994310137199,13.23180603341531],[77.54547369364724,13.23230084645476]]]}},{"type":"Feature","properties":{"id":"kodagu","district":"Kodagu","name":"Kodagu","state":"Karnataka","rep_lat":12.384,"rep_lon":75.6624,"elderly_pct":10.3,"outdoor_worker_pct":33.5},"geometry":{"type":"Polygon","coordinates":[[[75.88024420167758,12.83429447858044],[75.87574421792425,12.83164600901724],[75.87679889037346,12.823637216035648],[75.86374203672061,12.817707109991249],[75.86498201993483,12.793527150785321],[75.8735708357225,12.77694501806564],[75.87824476834913,12.776750743861392],[75.87308735974163,12.774395937398833],[75.87486025143016,12.769894389362596],[75.85828782653985,12.76969927569445],[75.86002460056409,12.75724336902398],[75.84945807810142,12.749880524388283],[75.85400292372003,12.745429115931218],[75.85492105494102,12.72358126764361],[75.8698977233404,12.71539262881259],[75.87249432433042,12.709151018578218],[75.88534763590958,12.707763535780218],[75.88984453484824,12.692080188617343],[75.88675507048265,12.676609505079846],[75.87791718420604,12.67181425202065],[75.86727962297071,12.674882846812421],[75.85253665847901,12.66936780795799],[75.83455740448012,12.670960811845964],[75.80769553888325,12.701760936424582],[75.79163369304422,12.68844576619871],[75.77721612529788,12.68885645296772],[75.77307238374182,12.679426833774796],[75.76838545698459,12.68171639234898],[75.7607660761021,12.674124616153462],[75.74556791459466,12.679720609222642],[75.73131956429505,12.697918038550865],[75.72136168636996,12.69633080409037],[75.71324980682789,12.707668796046846],[75.6669543076006,12.697880784255753],[75.64797626354972,12.665788742617586],[75.64197675353364,12.632994381664345],[75.64232614158529,12.626309795708844],[75.65402867086131,12.619430012956347],[75.66154527100059,12.596686127612536],[75.66211787153571,12.577924822141329],[75.6684620750078,12.572242713368624],[75.66314279627429,12.569622001429202],[75.67055335478587,12.55880534371957],[75.66803029257996,12.547890650746206],[75.64428982915196,12.53947735033062],[75.63315607358797,12.528151357262802],[75.63232784486233,12.521168416832857],[75.61476907158666,12.510248423537393],[75.60550429959885,12.512733611604167],[75.60574743402039,12.521176458461758],[75.59585145900154,12.52770640813997],[75.59099634786018,12.540143984738775],[75.58269379640751,12.53089987946174],[75.58093844342656,12.51938334966405],[75.55617955367276,12.501292171771459],[75.55506505432396,12.498401050728575],[75.56482550051588,12.495117937876726],[75.56591751772805,12.486169732539429],[75.52917062488073,12.499536099276405],[75.52368276470776,12.48989408340665],[75.49332829420202,12.483788495428595],[75.49603020828603,12.478635361227461],[75.48986435633047,12.460149431117156],[75.48196159290843,12.46586940473561],[75.47543053356904,12.463494596393925],[75.46464021381966,12.471926636185877],[75.46199181058047,12.487970966298796],[75.47249572855269,12.499518957857388],[75.46131942608189,12.505045839684144],[75.45810352114513,12.515938820568202],[75.45320883652059,12.513721298736401],[75.43435839815578,12.53018614198979],[75.42889663853337,12.515061086856798],[75.4164401056287,12.515363753749076],[75.42326832137584,12.466842920920048],[75.39341247693821,12.45144856404121],[75.38629885115392,12.458363335800932],[75.36580758153218,12.457816073423809],[75.37149658617537,12.43779576088043],[75.3659340239,12.411971500260323],[75.37925357189143,12.392363381893803],[75.39232526840772,12.389908126791907],[75.39921503042994,12.380987096786114],[75.41349328744202,12.380107015742775],[75.42193761460612,12.372746205162798],[75.4196458344499,12.35702825015659],[75.41041427856804,12.347276621105015],[75.42029262504775,12.319065581279041],[75.43215786167961,12.309080377915134],[75.41408524128164,12.289636578279735],[75.42569092947508,12.286797069166395],[75.4358177625388,12.29459352512041],[75.4652728820029,12.289400109927087],[75.47487032080168,12.296138023419106],[75.48494460781114,12.289988164913174],[75.49387983553196,12.272870969605426],[75.50538099665725,12.270802037768199],[75.52106164869365,12.235285825364471],[75.52810649676485,12.230914446911854],[75.52675916397584,12.22498503068797],[75.53978247273939,12.215668638212136],[75.53261177698509,12.200496696685178],[75.53985712453611,12.20173954658505],[75.54143187841572,12.196410688703349],[75.55263118853756,12.191844926381886],[75.5549775772799,12.1820068853292],[75.56990925715154,12.171817811017872],[75.57702727659587,12.156910788264081],[75.58307263033585,12.158286154606062],[75.59246747029198,12.14701333584719],[75.59520629884595,12.153404869283996],[75.61949540204552,12.155675700546002],[75.63593251370459,12.14845474818857],[75.63836623126896,12.13813672565433],[75.64320387377128,12.137952460201927],[75.64893148351383,12.108630636391029],[75.66164594968605,12.098500870704854],[75.67676169166447,12.097433880299446],[75.68717228186517,12.110323824089532],[75.70325813338353,12.108253216288364],[75.70212738530785,12.092370426206369],[75.71792543906705,12.08565705979546],[75.71472284446786,12.07052089872849],[75.73610191728825,12.079027601800442],[75.74711554833583,12.078263005112412],[75.75356265651864,12.08541465423606],[75.78597340484573,12.084933488726438],[75.80272633810753,12.07950439282958],[75.79840677109758,12.056412117657292],[75.79403682297318,12.055842069417027],[75.80107932644147,12.03703515399641],[75.82284254403018,12.012895006179894],[75.82035940654879,12.002683159106907],[75.82490901234009,12.002750632643291],[75.82946603821567,11.984588345684912],[75.8469050624707,11.982087092709849],[75.85420133461685,11.963717813317114],[75.87009146569265,11.951987291654639],[75.8862403492996,11.951091658771825],[75.89683882932847,11.944769694118145],[75.91345400055158,11.946212856204331],[75.93074712313313,11.939108511454698],[75.95636280983524,11.94197666569509],[75.97639351680407,11.9337856022421],[76.00319106302659,11.931470339847428],[76.01325742869189,11.941838788843626],[76.03351942489694,11.940250898663045],[76.07008891395037,11.967154352501955],[76.09340489825378,11.96853235175416],[76.12446559998139,11.983188089020866],[76.150839281527,12.018437149031104],[76.18277651618972,12.032408304297158],[76.18925506810243,12.05011130454345],[76.1757728253316,12.076179910678583],[76.17658543774435,12.0994344059711],[76.17093013250073,12.118802867289482],[76.14419047730838,12.154607267720511],[76.13314769053994,12.191611413791845],[76.12924701423515,12.19490641043426],[76.11874388228884,12.190720850732173],[76.10186303611708,12.197273407671233],[76.07380446005152,12.240157656420049],[76.06223927419931,12.24911398126485],[76.05186900038855,12.246448457522742],[76.04024843968725,12.25267938400484],[76.02467673532848,12.24888469346966],[76.01510138700087,12.266733263108557],[76.01452069174668,12.2923105090206],[75.99473115548217,12.317448944440047],[76.00109034375153,12.330617998540644],[75.98172322677465,12.342516276066467],[75.96048951035034,12.343938167378072],[75.93231711504336,12.382349510090382],[75.91618423043171,12.388358952184399],[75.91313073101682,12.385638404180433],[75.90921998819094,12.40191004133959],[75.9234000081385,12.423417563422504],[75.9261617113929,12.43684525086323],[75.9456132727014,12.449044428874174],[75.97167625304138,12.45036558961673],[75.96688791187846,12.461440450735342],[75.97161018554549,12.470894195748292],[75.96405458325154,12.474331634514222],[75.96643089218104,12.483189542631585],[75.96056677444794,12.48440265618908],[75.95815398762969,12.4906089522691],[75.96222081183787,12.506516429967967],[75.97253599107393,12.511909548772868],[75.97534968702031,12.519827099439814],[75.9939450137259,12.522165547089687],[75.99343776293276,12.529704556003256],[75.9834040384516,12.540492713847899],[75.98666786671214,12.545110532100066],[75.9949242708104,12.541102660479764],[75.9988976935852,12.547482690110877],[75.99126666604505,12.561506085648096],[76.01246058081405,12.554262197105338],[76.0190578073623,12.571648369179394],[76.00356133960356,12.57454326800965],[75.99221288848328,12.58880915097699],[75.98852536622574,12.574157803717142],[75.96875940355092,12.57673232460943],[75.9754768426505,12.56353254281031],[75.96261617386915,12.561245362718019],[75.93951239229709,12.608739912349252],[75.94983389118119,12.623403727074162],[75.9446673395207,12.629538236703146],[75.93561494274077,12.630078186499349],[75.94350943178073,12.63655306762209],[75.93780879305629,12.643614092926576],[75.93891111843641,12.653041893679942],[75.94792150640036,12.663999894465217],[75.93977748423913,12.676051290090271],[75.95415758684823,12.676797896348315],[75.95963276370767,12.683322658624613],[75.96524904344041,12.711012779139976],[75.94191543868271,12.720243947593856],[75.93452473473555,12.733799967302483],[75.93760861607166,12.749423699260102],[75.93298448424773,12.764054103751723],[75.95462303633627,12.768636218601923],[75.957809180986,12.782040491601398],[75.9707729027001,12.784006850022266],[75.96913657739263,12.805041700168912],[75.94919403557734,12.80059144290158],[75.94623949906577,12.807990800234716],[75.92990408478167,12.80817072576377],[75.92503731081301,12.81424603355381],[75.92777572254869,12.821756522062238],[75.9198308425129,12.828316388232764],[75.91844307026476,12.819688694154294],[75.91126687053271,12.815292101533712],[75.90334574374964,12.819202375032704],[75.90007656781822,12.827848683653988],[75.88024420167758,12.83429447858044]]]}},{"type":"Feature","properties":{"id":"chamarajanagara","district":"Chamarajanagara","name":"Chamarajanagara","state":"Karnataka","rep_lat":11.9535,"rep_lon":77.1047,"elderly_pct":10.3,"outdoor_worker_pct":33.5},"geometry":{"type":"Polygon","coordinates":[[[77.26794017117207,12.31412293759757],[77.24885910652773,12.308382741557734],[77.2367888671615,12.310271751414389],[77.22511124816832,12.303430825011583],[77.21760231874327,12.30867100672584],[77.16651467578448,12.31013977228318],[77.1699722230411,12.285094178806371],[77.16460717604218,12.280899735106303],[77.17002551739193,12.259822928820027],[77.12526482216694,12.245322439325516],[77.12440658342261,12.237503639360916],[77.1342322374227,12.22570084267356],[77.13189490549506,12.207297825936468],[77.12228932346821,12.197236911196516],[77.1073862755996,12.189855792362113],[77.08458543289082,12.191086110469568],[77.06141644081568,12.171016955641575],[77.04469463687337,12.169239030497028],[77.04587635356167,12.16085882931428],[77.03923253409454,12.147283225001116],[77.04570974572084,12.136100915282693],[77.03978329389017,12.128364897960815],[77.03697242763694,12.139258198453254],[77.0157455671549,12.134076690978844],[77.01120624527697,12.15363402104741],[77.01423430080972,12.163292087050124],[77.00385905302723,12.159928675765496],[76.99746684807795,12.167025779474386],[76.99865296201952,12.177205085214856],[76.99306079306902,12.176681960050544],[76.98800996148516,12.161633051896679],[76.98909908252887,12.14050688261723],[76.97622072951286,12.13431955911594],[76.97583981239134,12.122730843239562],[76.9693770501664,12.12294098111188],[76.97040237465528,12.112603756430605],[76.9487919910391,12.097482087659525],[76.93721868172177,12.101231649918061],[76.92356149654091,12.11418360454445],[76.90630335884815,12.113369712916585],[76.90259896353459,12.122706078296856],[76.89092719706548,12.121133884855208],[76.89023414592548,12.130892245191376],[76.88194285485487,12.129554554357616],[76.87136856106667,12.141337737696595],[76.86778480141096,12.161848609774657],[76.87135414849624,12.17402060242264],[76.86259261273057,12.18036150373239],[76.85148856984293,12.178978800120307],[76.85319346445438,12.170412635593747],[76.8455491777806,12.167483035421116],[76.85345625670926,12.159501860591757],[76.84074066584631,12.156124059926013],[76.84104526479622,12.145475396279636],[76.8315339232292,12.131932484663382],[76.8449346384981,12.119324101952294],[76.84573914990365,12.113222367854242],[76.84766308432405,12.118786573145615],[76.87665124872368,12.115240198271342],[76.88412341998564,12.082602382861632],[76.8740976761375,12.075718629569199],[76.87002906248526,12.063153282151992],[76.8534371989505,12.059875330124314],[76.86829783555794,12.059799545478798],[76.8699051686379,12.055370074211437],[76.8906758538389,12.058276301803295],[76.8904870944415,12.049055751275505],[76.91003920238313,12.041149067101818],[76.9150468160187,12.025948082469924],[76.93882274044253,12.02631021314031],[76.93608312945595,12.013166974131423],[76.92363107734789,12.013169247178235],[76.90418380639314,11.99909878487044],[76.88584096557122,12.001356531405076],[76.88308837931866,12.015504935437008],[76.87299637124356,12.005515985717143],[76.8582075244004,12.007707372190591],[76.85654499254115,11.999655841655123],[76.83641598023581,11.99989513588146],[76.8373724380784,12.003700493754325],[76.82128755584222,12.010893229712366],[76.82029242462835,12.027300179863115],[76.81168765925281,12.026891418984238],[76.810623594019,12.021774712892308],[76.79204474511067,12.010772688650839],[76.79762045512852,11.998714680250135],[76.79364005603723,11.986382098263478],[76.77984038727256,11.985363763311295],[76.7684321865078,11.991986958691095],[76.7666176147867,11.99928197892903],[76.75110573373428,12.000005572539775],[76.74090823290213,12.009340082353264],[76.73271456983828,12.002585944991456],[76.72938134043382,11.990657562252116],[76.71915702399211,11.990814702878163],[76.71721310295494,11.985047950137215],[76.7050882891386,11.985196083500327],[76.70146035393047,11.99793420458968],[76.69453737400568,12.00053937310116],[76.65107941560568,12.008028349941767],[76.64273779462467,11.982941588361287],[76.61331382064976,11.991683015003177],[76.59593730656209,11.984431551169777],[76.57821083848417,11.988365669482922],[76.57425253884716,11.968517944034614],[76.55742793439869,11.948992554472488],[76.57123292208817,11.940240567437534],[76.57025772538877,11.928190234710739],[76.57656066564657,11.923635398213467],[76.57013796648666,11.907981575714471],[76.56194165069779,11.904115178146007],[76.55694588853576,11.89480728335223],[76.55362811823905,11.858746207545114],[76.5346207379059,11.873339926521401],[76.49110307208225,11.86114227238031],[76.48820024978494,11.843511171820044],[76.49273861675375,11.822202524697449],[76.46879139258837,11.819236981751288],[76.46214863852322,11.792756655506224],[76.40987774814693,11.811348532460338],[76.42073183480674,11.802971684160081],[76.42428780597747,11.80473843071084],[76.4286813483528,11.795589345043116],[76.42138214230894,11.795708067235735],[76.42210154283285,11.790514526515091],[76.41289364138903,11.78787610178199],[76.41631105820696,11.785091396004153],[76.41412648838666,11.778854129591982],[76.42287439670945,11.77574323177285],[76.41377094507864,11.761940492387374],[76.41044741298771,11.742406223722472],[76.41814888192087,11.742681032678988],[76.42742528170176,11.726055115521799],[76.41398894463855,11.711331027489564],[76.41182469381165,11.715878377676054],[76.40335755842248,11.710993164609473],[76.40886533244868,11.706468141751508],[76.4123586335519,11.69509995739054],[76.40842310441073,11.689793970856371],[76.41670758625146,11.671821582267414],[76.43527845542512,11.664817129119974],[76.45816085348362,11.66445016849655],[76.4825740068374,11.686228730675564],[76.48162707742505,11.69263838037533],[76.49354661182593,11.693099449795772],[76.51162569470402,11.705098568139624],[76.53717610173278,11.69091972209814],[76.55050785423563,11.674312797671627],[76.5538537579704,11.645833281442576],[76.56137211162113,11.632794956211724],[76.55990270047997,11.622588502035946],[76.5751621001403,11.619305706351923],[76.57669432687602,11.61461426407002],[76.59223639311861,11.6187750703095],[76.59755576617522,11.610761713146614],[76.61393274550748,11.607671344139622],[76.63041097126049,11.61390468757761],[76.74702105550985,11.613899324443498],[76.7568670850972,11.618552579277772],[76.81751751524098,11.604835805076581],[76.82278742885467,11.608190248817156],[76.84688351643902,11.594584724002969],[76.8564189607034,11.599394921530719],[76.8580730537889,11.614143753906212],[76.8504804049726,11.616073140758472],[76.85206164199361,11.621782047022032],[76.84270767628121,11.627164356392038],[76.84507736822033,11.6342611020959],[76.83457655572407,11.639615822928695],[76.83788212869588,11.64205255314254],[76.83495472400082,11.655530754088979],[76.84179091948263,11.662243969321024],[76.852711257793,11.692483829489559],[76.86366232926585,11.705488596968122],[76.8625842323473,11.711124979411142],[76.88830135770964,11.733756756905947],[76.89656386855516,11.776581136006724],[76.90795728754192,11.795358759405845],[76.94234019365051,11.788137766230715],[76.95388495630475,11.792168487897115],[76.96987598345834,11.776971997642793],[76.98359992334628,11.801795346638276],[76.98210288092527,11.81161574660393],[76.99349331660699,11.809272237960641],[77.01289466658271,11.814726624607673],[77.01396477568174,11.80632234657399],[77.01684263739058,11.810825184290023],[77.02983411614863,11.804786254084485],[77.03262602166122,11.796000816956424],[77.03870316228752,11.793957799588268],[77.02881809910443,11.774785977329858],[77.03505482633926,11.769890133816002],[77.04642241067678,11.78772760422305],[77.06289640805974,11.790507397527783],[77.0697101887786,11.78218696227529],[77.05638000293757,11.769886522884818],[77.0827174868688,11.739873602511864],[77.0801703273554,11.736092274084529],[77.10496213856776,11.732908099185934],[77.11765843361839,11.721181703494356],[77.10849894508019,11.752709791165579],[77.11240869167445,11.757043003416392],[77.11070002054556,11.773582283515912],[77.13803168617139,11.772750836506798],[77.14704842791936,11.782024010638846],[77.18197009322971,11.786429195122889],[77.1891899070671,11.79263003278934],[77.23855598807265,11.794760407485793],[77.24955045176699,11.804288142115249],[77.24983086627284,11.81312017365265],[77.28793007576238,11.800542435559429],[77.29380917829273,11.809105005259582],[77.33510264421898,11.771336725675313],[77.36037888362637,11.779574809543313],[77.36480082084952,11.790508841440106],[77.37020986733101,11.786762041884685],[77.39440991334996,11.787738136447707],[77.42218129262926,11.7724804748923],[77.42255112903172,11.761822280637423],[77.42723914993698,11.7609537333848],[77.43377495866928,11.778205234171512],[77.44215756708178,11.783392407943765],[77.4404568792808,11.788938762560125],[77.4497581075978,11.796114252354947],[77.4539994915337,11.820335533092138],[77.46657085338619,11.847184835893952],[77.45989473499307,11.863553492544671],[77.46581336249758,11.87430009422264],[77.46043247909853,11.881307549915896],[77.46158563834392,11.900087487189793],[77.4734815497478,11.8992837269353],[77.47717290781162,11.890559044115637],[77.48059767554352,11.893513847486068],[77.48615772073944,11.88751382212378],[77.48302790584793,11.899678061053505],[77.49054933083862,11.90859302513925],[77.4941398071977,11.943399323708942],[77.53794264500492,11.932488103387339],[77.54248049903569,11.938265929469363],[77.55813684355883,11.941651212441839],[77.5752732927683,11.936583703682452],[77.60341101310529,11.937758306604362],[77.6520136752397,11.9549206268982],[77.6573426216423,11.949934695899245],[77.67564961788776,11.95207918942064],[77.67470182878768,11.966036776517393],[77.70887779269921,12.036081034400791],[77.7275075733892,12.062100409496564],[77.75565924995247,12.079795916430513],[77.76772693900158,12.10669854307659],[77.7763643985619,12.112342664521288],[77.77377071260499,12.120581390121522],[77.74978062173258,12.138523969519726],[77.74572661828014,12.158275527923776],[77.73001487824668,12.180690931401875],[77.70225682906788,12.184193572507954],[77.66521428988075,12.198271116227176],[77.62093580401206,12.199945718120512],[77.61073070073765,12.206205165071065],[77.59671275573197,12.199329204025736],[77.57383563168253,12.200948164094829],[77.56577306964954,12.19639051135428],[77.5462388705214,12.204724366006179],[77.518660736826,12.194540655473178],[77.49268868216247,12.197393522182413],[77.47201668228533,12.207954992265371],[77.48253341382676,12.228959336520607],[77.47847097699042,12.240120176473146],[77.44829592789468,12.250068508039327],[77.44701618434767,12.262317764825365],[77.43030192266053,12.287180264300957],[77.41926220902869,12.289396754363898],[77.40346402950533,12.279491283208367],[77.36545918713807,12.28393945305054],[77.34887229398178,12.278970913819412],[77.33912324741085,12.28540585436426],[77.32688872684041,12.307740584328],[77.30273182420963,12.298763143267328],[77.26794017117207,12.31412293759757]]]}},{"type":"Feature","properties":{"id":"tumakuru","district":"Tumakuru","name":"Tumakuru","state":"Karnataka","rep_lat":13.4188,"rep_lon":76.8809,"elderly_pct":10.3,"outdoor_worker_pct":33.5},"geometry":{"type":"MultiPolygon","coordinates":[[[[77.0811006424266,13.073991321693494],[77.08323367140747,13.071089328569855],[77.08237753472089,13.07396913968628],[77.0811006424266,13.073991321693494]]],[[[76.97256533100985,14.060260735200902],[76.97758030005095,14.07132821940321],[76.97345587946003,14.083558720334631],[76.9594211278737,14.091671205659697],[76.94271531124853,14.08900992435611],[76.92742895404484,14.076274041574063],[76.92302214984096,14.057050331054528],[76.91010750488745,14.064332706747985],[76.88864437041772,14.047889334904523],[76.8727855096969,14.009196201308407],[76.83725680064681,14.01821307968689],[76.83338083609718,14.003231254106035],[76.82494814301431,14.001194850582833],[76.82344621375816,13.994332473614234],[76.84851793192819,13.980467526042915],[76.8498850375349,13.96361561605781],[76.82190146360908,13.950550201258741],[76.81939690130814,13.936612432036942],[76.81136465202611,13.936524498560718],[76.81537658018728,13.91607428976246],[76.76467589462194,13.92446350384336],[76.76380342297027,13.920454519195554],[76.749467989987,13.916185806764975],[76.75247104630368,13.90659309363034],[76.72287480869497,13.89848971299365],[76.7231165138969,13.89015471760312],[76.73577175504073,13.870153816634827],[76.74679628265271,13.856428276232943],[76.75281736032044,13.855250543612543],[76.76231359761427,13.835099464472089],[76.76660049559231,13.835878755231198],[76.76395714717326,13.821768475065165],[76.76879746755344,13.795174987280669],[76.76454025440395,13.782040099681442],[76.74898380343872,13.780676304204976],[76.73099864750843,13.784671004547421],[76.72375122484908,13.79972896139737],[76.69804494933878,13.771420448953206],[76.69392588989345,13.763332895317737],[76.6977615335616,13.760416646057905],[76.6875405678359,13.746013857940309],[76.68445755786561,13.729767805373713],[76.68978106856241,13.722449752193778],[76.68505332235867,13.690494924364474],[76.67249823708077,13.706161387581437],[76.67305082494805,13.718697823549991],[76.66179059108363,13.721356890406007],[76.62982476933361,13.713694415472538],[76.62446253585817,13.734098999263674],[76.62086131924153,13.734044693706757],[76.60945737289796,13.723527674890423],[76.6038082130292,13.725709971516894],[76.56938997618052,13.714627356117942],[76.57658772290294,13.690156992750317],[76.55549496472314,13.68265410667813],[76.53975522240566,13.663184336942948],[76.52954052063247,13.666099945315235],[76.53399698999343,13.650907728457046],[76.51853861170103,13.641157707938241],[76.51699970868611,13.634300029062938],[76.49722891936327,13.62714826411578],[76.5000922651954,13.6217383632172],[76.46070765097596,13.618937837280193],[76.45530366380612,13.611482655125208],[76.4616851302945,13.600200380938528],[76.45513509494305,13.590906202501428],[76.43032098035886,13.593176768057337],[76.4244464161173,13.58142311133062],[76.41332109483554,13.57824780151068],[76.3994723654799,13.594903072590618],[76.38271905043409,13.576912446848313],[76.37353463634172,13.593145942276944],[76.35311386560515,13.579515281591235],[76.36387623966436,13.547179178996313],[76.37018151913517,13.547988479677587],[76.38771947485245,13.534247587626583],[76.39564665717884,13.536034343325245],[76.40054187450438,13.526421278308833],[76.42728034032726,13.525680861894356],[76.41521781299777,13.509092312920192],[76.39655387925899,13.503928695204303],[76.39598957017392,13.493502305152472],[76.40524417053778,13.490694964291201],[76.41517596138699,13.478889099347944],[76.40705507892915,13.459244380142582],[76.41970067216684,13.448454853059646],[76.40061910356764,13.42281417695049],[76.39694915235705,13.402286570845686],[76.38944940910407,13.39614587938672],[76.39226890457398,13.379478143061302],[76.38576454855475,13.370914108468348],[76.38268117386846,13.372401064453316],[76.38143469852967,13.364193811185622],[76.347015464551,13.360024928020083],[76.35226177942215,13.330572411141075],[76.34761317389663,13.301272355889441],[76.35696338824441,13.28731727540806],[76.35620954361754,13.249180747226863],[76.36197263232222,13.249090373142375],[76.36454448023454,13.23404040565073],[76.37989564010621,13.231593407594193],[76.3800477356636,13.222599654070207],[76.36990842230564,13.212258910771897],[76.37077490399106,13.200424936337974],[76.39376528403825,13.197936439487977],[76.3943551519898,13.190601279766504],[76.41240856461033,13.191874090612144],[76.4255710286996,13.183461216752386],[76.42887124681398,13.17309289835853],[76.44495813498816,13.16983176922818],[76.45505166840262,13.14995118749256],[76.47316650512735,13.149913497594952],[76.46856214522283,13.120262759112913],[76.47229589119165,13.093130838817848],[76.49471960227952,13.094656880517302],[76.49571498053012,13.086735221792853],[76.51582293542685,13.068821723428341],[76.52500229649579,13.079080361321457],[76.60749682853648,13.071132425167146],[76.61786553658366,13.063843076203286],[76.61980203843494,13.054090006544632],[76.60599520919914,13.05486199612465],[76.60207355992738,13.040218332392111],[76.60810781677864,13.037692464878052],[76.60423291852923,13.017236686173202],[76.61293580149338,13.00585262917869],[76.65255992543221,13.007316366602872],[76.67278891573707,13.055388053502423],[76.69352410131462,13.036767749786918],[76.70209482772742,13.041515496523669],[76.72528156063115,13.041295480629657],[76.76459126883063,13.0358379841639],[76.78310574356739,13.02945040181103],[76.78583967091316,13.015314411305273],[76.81468906177112,13.013763917137597],[76.85288156309953,12.978707912549911],[76.8504672437554,12.97350566672787],[76.83967422367023,12.973531392537138],[76.83959534260515,12.945867193569718],[76.86246051367144,12.934710772476514],[76.86260375273842,12.927944974057718],[76.88438878501552,12.935163135496037],[76.89148451635933,12.932654574395729],[76.8962064747177,12.920541819081047],[76.86718401803039,12.918684566897381],[76.86547985644422,12.905039900514607],[76.87316476403682,12.897167088792365],[76.88914662657788,12.897478806106738],[76.89445224373254,12.873954057893117],[76.89226702083701,12.84715297182193],[76.90017550113751,12.84484748815271],[76.9057700371488,12.828400127103107],[76.91883489119759,12.818012413463055],[76.92454782695994,12.804054838132535],[76.93284122278327,12.800532483544382],[76.94129324042453,12.805669423269837],[76.95065946544557,12.801594865870628],[76.97306037279998,12.803594558848182],[76.97563911707877,12.791065219556762],[76.98336270163593,12.793014772276731],[76.9982660198974,12.775964986425628],[77.00961278667653,12.782485384674944],[77.00916779182748,12.764365809077722],[77.02522693733077,12.763179804800808],[77.0436146642725,12.778124926037533],[77.04885776317495,12.747473819098836],[77.06735406948509,12.758364916656332],[77.07669311777386,12.745594006080982],[77.080512287238,12.746502980906314],[77.08012336972057,12.759139086728993],[77.09260448951457,12.752722723044766],[77.09748656628413,12.776319248120942],[77.10751818960584,12.780318130452159],[77.12433158487617,12.77392120036286],[77.13388581201484,12.782398036982585],[77.14521512362965,12.781650959186406],[77.15021428771165,12.787094417056903],[77.13916259504548,12.810091693430074],[77.14192397310975,12.820322746078505],[77.1588190180529,12.82747462114414],[77.14940147138134,12.830489440733944],[77.14914479934843,12.848687261867052],[77.13721448516415,12.853062520228276],[77.13601882213109,12.860206492646688],[77.13113921033867,12.859261848806401],[77.13143261538185,12.888197797772229],[77.11869130215905,12.8840885819348],[77.10698484095701,12.894458595980497],[77.12477392879677,12.902186610374846],[77.13262073436316,12.898074881650995],[77.13988483694068,12.918248438771007],[77.15812467603382,12.913450001966284],[77.16540970845915,12.929098111386834],[77.15651730971615,12.942600393180395],[77.15734154363373,12.958211812425883],[77.1428448765317,12.964544314696317],[77.12983638188551,12.977946891335872],[77.13276445762207,12.986438997347312],[77.14183517644054,12.983770931251172],[77.14482944543715,12.987698370227722],[77.13568508812159,12.995735622896188],[77.13436138012626,13.005399630573011],[77.12450716059843,13.006292930300667],[77.12947060047823,12.995601179273507],[77.10657846468206,12.996548873264857],[77.10550856219551,12.992716471771416],[77.09809161396736,12.999388328195804],[77.11825069917342,13.014694534089418],[77.09436756531203,13.026708355810143],[77.08220633289572,13.038515895665288],[77.06977811309217,13.040240694210087],[77.07737683811303,13.058191015714916],[77.06821200549719,13.068028237229854],[77.07583999224012,13.072309377370697],[77.08078089698266,13.090310059244208],[77.07066948529744,13.117577543580506],[77.07191420712479,13.130904501246548],[77.09200889210817,13.13569346439269],[77.09592770000867,13.145866250674855],[77.10810721673427,13.142681855867494],[77.10787073343907,13.13331632247082],[77.11611559149097,13.13007646857675],[77.11884889989754,13.162131346353167],[77.13114388337482,13.166309391759231],[77.138530005914,13.178214925554306],[77.1478183622713,13.174039747549187],[77.15548128629224,13.19341258666836],[77.16652350263045,13.197021726096864],[77.1687836360375,13.183882784115301],[77.18438620381451,13.186666217766298],[77.1977911330804,13.180278175598678],[77.20253833140329,13.183010289570179],[77.2074974342169,13.196665625425112],[77.20094928353093,13.194556309397127],[77.19405094349607,13.224350154208345],[77.18268361967,13.228769074363973],[77.19244772020848,13.243606694557585],[77.18348531216215,13.257665145502838],[77.18839029237816,13.27644692541365],[77.20459469546292,13.262323781692254],[77.21933153254608,13.262996885383364],[77.22032756387182,13.285562108631053],[77.22900948824206,13.313353391698401],[77.24944302314051,13.301756399668484],[77.25472769427768,13.308922410757045],[77.26982024085713,13.311199036293901],[77.27524944283871,13.297727780095913],[77.28165453322241,13.29732355170465],[77.28119247667117,13.310443449841033],[77.30866396686761,13.310655873782217],[77.31190961951502,13.322131722449678],[77.3293386607923,13.330451555641453],[77.33851837040753,13.329156066484527],[77.34381961725833,13.339746054518471],[77.34124616764984,13.357154684621012],[77.34569336639706,13.374672754461178],[77.34083234793441,13.377080951286501],[77.34588606760192,13.417607651723523],[77.35845316335516,13.41489277759927],[77.36286642375097,13.420090463044353],[77.36196703767502,13.436964022841149],[77.34839397163573,13.446631850488771],[77.3486143499345,13.457229986905444],[77.37339177642419,13.470080461949653],[77.37020984756808,13.478260548638637],[77.38465994061593,13.499113259338488],[77.38085873745747,13.515158118229397],[77.389936719155,13.519721269696637],[77.39154034398949,13.532569434126787],[77.38273141310947,13.537197438638408],[77.38119437589539,13.543817602574583],[77.38243682049348,13.575353209964945],[77.37420755360169,13.59006530074938],[77.3630506475545,13.590222336629648],[77.36213036217347,13.625299170352918],[77.36960695943483,13.63373861204938],[77.36889697684832,13.641631271334814],[77.37847243746538,13.645230730997502],[77.38332976115728,13.662458973174443],[77.39328084153061,13.664926649523261],[77.39724493170793,13.673493915099725],[77.43504875896235,13.672659053276105],[77.4371090226086,13.68434334769596],[77.45533255278778,13.682304121462154],[77.45007316563259,13.71094230266499],[77.46507486019746,13.710918185135625],[77.46464313705843,13.734172034074549],[77.47055076738727,13.75806231441435],[77.46514825884437,13.75872320249398],[77.4613844687209,13.788435036505494],[77.45648738200127,13.78876016402192],[77.46422726020101,13.80796346867139],[77.44533206687045,13.811063371062616],[77.43575124061624,13.796536328633877],[77.422568302125,13.799133150809729],[77.42865085510093,13.80684635700056],[77.4161142643381,13.806722100746343],[77.43252100395742,13.843257185007403],[77.3818996809542,13.839403695680865],[77.37689546564538,13.850728906973316],[77.36243252399403,13.854286800919155],[77.33684427453564,13.83278845964983],[77.3253837666685,13.833278919843577],[77.32145205806219,13.855960118421562],[77.31149798809564,13.866623645027845],[77.29492075093032,13.857443870989957],[77.28828717764738,13.847517272864971],[77.28027498415237,13.851088841389068],[77.25669795391896,13.84656357561685],[77.25911782664818,13.86317748608465],[77.246363972944,13.867954600351021],[77.24827302587343,13.901251614377225],[77.23562634567422,13.90417695378639],[77.23065279256097,13.903374582144565],[77.2198546574686,13.867758349212021],[77.21540962006793,13.867954282023579],[77.2170347200276,13.883780052701713],[77.21313141435398,13.886230858737594],[77.20043513277804,13.863078364703377],[77.18139384283957,13.869884676219055],[77.19084170855025,13.911906776924644],[77.18471507344677,13.925226410980235],[77.169927333328,13.920651397949975],[77.16193965665377,13.906665670642326],[77.16876186895989,13.889614158879649],[77.1685846708802,13.864531858145973],[77.14764547071509,13.868520333829967],[77.13604410970635,13.856558504754162],[77.12820421487947,13.85649990607147],[77.13217240586609,13.846245644264991],[77.15601927204453,13.844395785275863],[77.15368240185096,13.834178008117677],[77.1686892958647,13.829661245041395],[77.1677258365528,13.821251093089266],[77.15952576850098,13.81690021989051],[77.1625813052949,13.808701875860699],[77.15752189120681,13.80607231405369],[77.1785110305152,13.782726946019958],[77.17305546298007,13.762052268128997],[77.15111758235739,13.766249169296191],[77.1408763811816,13.765079402431999],[77.13684435231767,13.758341287538862],[77.10596401702773,13.767803803068364],[77.09044745754929,13.767182754030024],[77.08383763123088,13.756678836643564],[77.08563854586471,13.742478869937747],[77.06470490986446,13.743875318085939],[77.05749949602108,13.75300751683472],[77.058042925564,13.76034246419749],[77.04406265769795,13.770886056870594],[77.0433759217144,13.777836460398103],[77.0244779885222,13.779266324834127],[77.01650701602064,13.738552514742112],[76.99850866833039,13.745616785471887],[76.98520727169759,13.790837859231079],[76.99169596828484,13.80271152985914],[76.98974951849011,13.812980129256758],[76.97641451588258,13.81736042923014],[76.9780280051172,13.826908926052406],[76.98890474818685,13.835301004623812],[76.99223771618152,13.849049549308964],[77.00654681415396,13.85209940427754],[77.01422999518456,13.860350719594338],[77.0131931300392,13.871557930143599],[77.01847973614751,13.872577200946708],[77.01625846565626,13.884448209488387],[77.0230365922415,13.902636598790846],[77.0472997970114,13.906640868790415],[77.04166447658793,13.933474045173654],[77.02438037758341,13.939992999615072],[77.01422161480127,13.954910875209169],[76.99377430783122,13.962604779017672],[76.9995014217037,13.990379189185466],[76.96539515268519,14.011535218203628],[76.94995133069362,14.015133016051303],[76.94347574950959,14.029781508416912],[76.93114482623443,14.03024094369827],[76.93239522361775,14.053964618748038],[76.95186910356952,14.053836897229571],[76.97256533100985,14.060260735200902]]],[[[77.16692598740363,14.34211480342086],[77.13571293948867,14.336907342118177],[77.13059991304607,14.306878203020972],[77.11565467220692,14.292516231584164],[77.11553039118564,14.274272668477023],[77.11019740326259,14.268198660915015],[77.11120332144641,14.261614414989587],[77.12049337472128,14.26296611204892],[77.1153413506156,14.254564922570491],[77.11833013809232,14.244851587255008],[77.11487023724966,14.22317782150263],[77.08118325958495,14.214189599228327],[77.07590480658617,14.2233939189819],[77.06181505205332,14.229495656883513],[77.05773852514176,14.243838155432819],[77.03606371076015,14.246781743082975],[77.00849636044141,14.23803405280809],[76.9993001891986,14.2291401947867],[77.00642354822898,14.215094015937742],[77.00280661289149,14.19799463013572],[77.02147279331679,14.188827177658013],[77.02604599425737,14.174824390267622],[77.02041739233388,14.15720180120022],[77.02022552566393,14.131334277245001],[77.02586648391416,14.129976488279956],[77.02622985963309,14.125055295868034],[77.02182221460613,14.12328638945746],[77.02406816541148,14.112644785745763],[77.01466966751553,14.10042520930205],[77.02981086146087,14.088212124566532],[77.02556096598772,14.066161351940513],[77.03164328629992,14.056890607663325],[77.07613177492587,14.053311554309593],[77.07532375380254,14.043522858791722],[77.07893003062917,14.042678520700306],[77.12740982030068,14.047053627220642],[77.14036950318928,14.01799501206736],[77.14108137493281,14.003895103624533],[77.15128168569518,14.000729696802892],[77.17283917291417,14.001123241188045],[77.17400866892132,14.013024400291869],[77.20467498328972,14.008289692000758],[77.2198256760209,14.013612530908519],[77.24535995110375,14.011983676661899],[77.27036362189105,14.034521613145468],[77.27876581537339,14.032450923240686],[77.27500299453207,14.011322973424223],[77.29827663854118,14.021644893550151],[77.30658070185852,14.032041980699796],[77.32223562614519,14.030033425901864],[77.32268856659292,14.023048282376346],[77.33686030227692,14.004508051565463],[77.33622482236684,13.995406902809895],[77.36109510141924,13.990851254431565],[77.34949165901399,13.958179765177512],[77.37128992796679,13.95279099464073],[77.34784197755488,13.91600377437425],[77.35293614386808,13.913940644565239],[77.35444816479809,13.904150967500165],[77.39797509404896,13.90662412407271],[77.3987447714827,13.888166176156766],[77.40546662849687,13.889489690483883],[77.43504346069881,13.915046397522355],[77.43490366846756,13.919708530161307],[77.41588089190876,13.924236681439393],[77.41208858207163,13.945598336353628],[77.43536633946641,13.947554264829401],[77.43788420042682,13.975560740145298],[77.42766258162594,13.979716171321778],[77.4258915368736,13.986151862324878],[77.3956943371196,13.983769752105053],[77.38164674950616,13.976273005627258],[77.37967781757487,13.989881146338652],[77.39016184055848,14.016734981870377],[77.3323076278406,14.030727018525221],[77.34051020398869,14.060229652274062],[77.3605500207728,14.06259819666719],[77.36366576894528,14.073044002349416],[77.37562414470243,14.079389301983632],[77.38127302429683,14.097877260675224],[77.38881562168041,14.099517497356095],[77.40092576510989,14.11875012094729],[77.39737013619728,14.125474994473768],[77.3906187255086,14.126677555934931],[77.361686633949,14.115370428511259],[77.34747239088405,14.103673476004849],[77.35137527345121,14.130017076256001],[77.37894947881384,14.135878913799132],[77.38507242004493,14.153300075075192],[77.39488209930431,14.160805896323843],[77.39372539979838,14.174282095880384],[77.4203626677096,14.176985814666342],[77.43029626417255,14.17089200977593],[77.46709950294775,14.172069651017557],[77.46809122954672,14.16492239252586],[77.50351051481202,14.157154636558023],[77.51703421662985,14.186079154359176],[77.50465341350024,14.194013167562623],[77.50328729154879,14.210574993761778],[77.49449078347078,14.224276347532077],[77.49592642155052,14.232030460724099],[77.49279410485096,14.231042315351466],[77.50341684478242,14.259806600061715],[77.49828785617555,14.278883664963605],[77.48713100402732,14.281758582850596],[77.47893367583707,14.292196821861024],[77.45965634008294,14.280540386206638],[77.45028681644818,14.280742300483626],[77.44518925719815,14.29526364815623],[77.44622937424482,14.317501661811933],[77.43126781281357,14.312995523390574],[77.4284071807919,14.328677280339214],[77.41089794870585,14.336981891823303],[77.38909472913751,14.333160809782441],[77.37904617167442,14.322753600792119],[77.37782726114011,14.301428027542215],[77.38506568627356,14.293004358565847],[77.3873725778895,14.270901391603076],[77.40539234500939,14.266724356745657],[77.40883876303792,14.25988660724203],[77.4096766073304,14.231953596633298],[77.41769960576161,14.225878729082828],[77.41939693206679,14.211661241456016],[77.41414085610172,14.204795015473918],[77.39199508106779,14.198938614306625],[77.3832313336499,14.207480099990269],[77.38420936543235,14.220987797222904],[77.3791784243455,14.226519282497955],[77.35949347264129,14.23404287668137],[77.36382868291365,14.275863106734917],[77.28354612739429,14.282772595462196],[77.2888429733985,14.305510144774365],[77.28657666946373,14.340134386217954],[77.2585949936781,14.330952707930047],[77.24734597527998,14.317843333794691],[77.23821093529055,14.31739582555881],[77.19743228576881,14.321211718725696],[77.184054874595,14.332508386073531],[77.18105557503281,14.330412224010091],[77.17868835076578,14.335519283631271],[77.16933033185482,14.335475892630807],[77.16692598740363,14.34211480342086]]]]}},{"type":"Feature","properties":{"id":"ramanagara","district":"Ramanagara","name":"Ramanagara","state":"Karnataka","rep_lat":12.7157,"rep_lon":77.3191,"elderly_pct":10.3,"outdoor_worker_pct":33.5},"geometry":{"type":"Polygon","coordinates":[[[77.16652350263045,13.197021726096864],[77.15527309633526,13.193188260160701],[77.1478183622713,13.174039747549187],[77.138530005914,13.178214925554306],[77.13114388337482,13.166309391759231],[77.11884889989754,13.162131346353167],[77.11611559149097,13.13007646857675],[77.10787073343907,13.13331632247082],[77.10810721673427,13.142681855867494],[77.09592770000867,13.145866250674855],[77.09200889210817,13.13569346439269],[77.07191420712479,13.130904501246548],[77.07032000561762,13.120899853671439],[77.08078089698266,13.090310059244208],[77.07583999224012,13.072309377370697],[77.06821200549719,13.068028237229854],[77.07737683811303,13.058191015714916],[77.06977811309217,13.040240694210087],[77.08220633289572,13.038515895665288],[77.09436756531203,13.026708355810143],[77.11825069917342,13.014694534089418],[77.09809161396736,12.999388328195804],[77.10550856219551,12.992716471771416],[77.10657846468206,12.996548873264857],[77.12947060047823,12.995601179273507],[77.12450716059843,13.006292930300667],[77.13436138012626,13.005399630573011],[77.13568508812159,12.995735622896188],[77.14482944543715,12.987698370227722],[77.14183517644054,12.983770931251172],[77.13276445762207,12.986438997347312],[77.12983638188551,12.977946891335872],[77.1428448765317,12.964544314696317],[77.15734154363373,12.958211812425883],[77.15651730971615,12.942600393180395],[77.16540970845915,12.929098111386834],[77.15812467603382,12.913450001966284],[77.13988483694068,12.918248438771007],[77.13262073436316,12.898074881650995],[77.12477392879677,12.902186610374846],[77.10698484095701,12.894458595980497],[77.11869130215905,12.8840885819348],[77.13143261538185,12.888197797772229],[77.13113921033867,12.859261848806401],[77.13601882213109,12.860206492646688],[77.13721448516415,12.853062520228276],[77.14914479934843,12.848687261867052],[77.14940147138134,12.830489440733944],[77.1588190180529,12.82747462114414],[77.14192397310975,12.820322746078505],[77.13916259504548,12.810091693430074],[77.15090502748643,12.79200217479117],[77.14521512362965,12.781650959186406],[77.13666153707248,12.783781196836381],[77.12254509898243,12.773679762543443],[77.10751818960584,12.780318130452159],[77.09748656628413,12.776319248120942],[77.09260448951457,12.752722723044766],[77.08012336972057,12.759139086728993],[77.07910367766853,12.74881191673003],[77.08374654745094,12.741279635469969],[77.07259148384841,12.702408932807444],[77.07367016646855,12.680743939051377],[77.09921420084866,12.673379489361341],[77.10036109434493,12.630550964873235],[77.11671246720003,12.628763124222324],[77.12234670874686,12.623710468804273],[77.12248842157621,12.619543312717635],[77.1110287608204,12.616230288890298],[77.10809136865602,12.608479503901787],[77.116923728497,12.582028783373453],[77.12847088426315,12.570006082825389],[77.12778461091196,12.553402830431097],[77.11446325461188,12.553378890066835],[77.11452568213423,12.543067183286828],[77.12527695121993,12.535470303914451],[77.12502920125446,12.523334838382917],[77.13168917422699,12.518703686101441],[77.13061073235534,12.49775667534858],[77.1239509929448,12.484129018441521],[77.13302620244136,12.479255677367304],[77.13976147040438,12.464522527981295],[77.14717434387441,12.462098032543093],[77.15775549270656,12.475555220106527],[77.16474377386427,12.475089684196554],[77.16810699621945,12.485325677244452],[77.17817817505805,12.479376798476446],[77.19781860086685,12.4833037952545],[77.20014698018436,12.490597486548666],[77.21325991386378,12.485130077970895],[77.21653463240054,12.492300833769978],[77.22222263542216,12.49159554872565],[77.22407580415775,12.502633982739251],[77.23779522192653,12.499954703864404],[77.23594877438589,12.486390608998882],[77.22578811076858,12.489534453399063],[77.22544047263511,12.474484520645092],[77.22977390603984,12.4837302461336],[77.235155014916,12.483476949737982],[77.23617196620813,12.470056171748176],[77.25420633364635,12.470382768335483],[77.26430107619315,12.461682233261929],[77.26913356865394,12.464861596589566],[77.27477286232596,12.43968444458147],[77.27001995700603,12.43403740604546],[77.27330980227384,12.429613933001008],[77.28519766746773,12.428736951552057],[77.28170056469418,12.409300840602597],[77.28590894632315,12.393130618270291],[77.31335008873435,12.392424494407605],[77.33054734580368,12.362186461250616],[77.33378523700702,12.354236678968315],[77.32266811914043,12.312797326273794],[77.34137107749179,12.282730420945297],[77.34887229398178,12.278970913819412],[77.36545918713807,12.28393945305054],[77.40346402950533,12.279491283208367],[77.42261753519249,12.289599682914583],[77.4377504987732,12.279314280400534],[77.44829592789468,12.250068508039327],[77.47109658195727,12.243571385424744],[77.4790381490063,12.271333985558126],[77.48757660434083,12.28055557973168],[77.49996032789343,12.282628074970658],[77.51399986300865,12.275443364464108],[77.5270971704937,12.27877061036901],[77.5328147226983,12.291518437793767],[77.55131467527016,12.291266724187727],[77.55788349888577,12.3057905595699],[77.56598248490857,12.306303270840958],[77.57855312990552,12.33572511899969],[77.59152077366414,12.340197285331044],[77.60089244337414,12.358557664188734],[77.61447768158554,12.362563205528907],[77.62330891583746,12.412321524987911],[77.6295948770381,12.418382547101311],[77.62715323363798,12.458508773719268],[77.63440707476003,12.48822592032677],[77.62606789270495,12.496366007567193],[77.60740325199207,12.475181197919726],[77.5836601681784,12.4788528392406],[77.61630650597695,12.509237248722883],[77.61239614493505,12.514999670852472],[77.58718265824018,12.514811636866535],[77.58637747938639,12.545776017262344],[77.58033110516024,12.551646082461735],[77.57932423476223,12.573141568292398],[77.59140442566519,12.592148822705417],[77.59262488848829,12.619402668720685],[77.60599769220298,12.628059326593908],[77.5961050068147,12.650335751300133],[77.59515482909428,12.667284370732474],[77.61541955797443,12.709228555877194],[77.59412152397243,12.72213472833636],[77.56741010282946,12.70114065682504],[77.55589320052543,12.730890545744309],[77.56891362030701,12.729845253471678],[77.57537265721848,12.751351149600538],[77.59471427461773,12.752357244155359],[77.5974430752782,12.765983407772849],[77.5920400555939,12.780483383326107],[77.58039981819465,12.787282702608799],[77.57081565020756,12.778086372056498],[77.57159694285792,12.764956780490662],[77.5654491784806,12.75900045349384],[77.55559656244556,12.779380019256921],[77.56277165545319,12.787166948478182],[77.55468986048997,12.788609117951253],[77.55691473592044,12.799157817162426],[77.54858383633231,12.800522972923835],[77.54305746897637,12.797490320214076],[77.5487952880721,12.786028558869715],[77.54402438859876,12.776031179138089],[77.55230375453397,12.772230084734387],[77.54630368486745,12.770110473097505],[77.54069344001681,12.75021639162971],[77.53429031874022,12.756018057326687],[77.52125186348268,12.732465133198549],[77.5208601935272,12.744405838164333],[77.5137992629175,12.75026933822468],[77.50490748580867,12.732430871024885],[77.49889690675165,12.73937405033499],[77.48611823618945,12.74284675458762],[77.47353322263957,12.756971411565967],[77.47770932959703,12.781565535023455],[77.46928339903162,12.795109165874416],[77.47103246919542,12.799640806776441],[77.4762735747363,12.796821578957315],[77.48467938124269,12.80081977822513],[77.48002282922018,12.80868157908824],[77.46586190116736,12.8086595118676],[77.45156584313959,12.81810719859377],[77.44357162493345,12.808282201689206],[77.43602380743974,12.810408094851471],[77.43342668183361,12.82338119897774],[77.4195782588035,12.826311270860842],[77.42510756005717,12.837835696398926],[77.43453992264271,12.839220601467403],[77.43785064835097,12.85023673445854],[77.42662798023511,12.850362283631519],[77.42889059568729,12.856710034075402],[77.4183816705057,12.86957251770573],[77.42920759767634,12.870638959098406],[77.42987868680427,12.87544617537994],[77.41577504880873,12.871750585980509],[77.41037328586752,12.876640815412374],[77.40388157094095,12.873929680961544],[77.40264523309015,12.865465576485034],[77.39738975809804,12.868383282422117],[77.37940267168817,12.854937735736907],[77.36975296082132,12.857662337552453],[77.36559093046439,12.871667159313846],[77.346286349706,12.87015672848023],[77.34486518977373,12.876503753971138],[77.33499371181264,12.878441754908273],[77.33323373520298,12.887975454457012],[77.34338331181304,12.888038269957532],[77.3365386703709,12.912198869660592],[77.33930552995504,12.923674565921967],[77.33552923258783,12.938036117371276],[77.33947060077837,12.944136410321224],[77.33297209368993,12.950196038266126],[77.32560316490529,12.971386113694237],[77.32872367864033,12.977689156238112],[77.32192426647445,13.007918108422976],[77.32782299360049,13.008926160576175],[77.3254444568491,13.022962043989601],[77.32995389986239,13.02612160451389],[77.33111864737495,13.042961482789684],[77.32837879474151,13.050265381450686],[77.31104249373755,13.046372320836692],[77.30926918972231,13.08329510391371],[77.31433299747047,13.106192714639535],[77.29282049698259,13.11015413209099],[77.28473851696641,13.134403173268696],[77.27911855773431,13.133816395597478],[77.2764621433194,13.11950010185807],[77.26840376294409,13.118901445475094],[77.26707281812084,13.142706250137048],[77.27393452216344,13.139835378927131],[77.2750358045995,13.152632181732145],[77.21749208377977,13.144917641042957],[77.21320668778489,13.151650614811226],[77.21627014771961,13.161655083915004],[77.20358358232181,13.184526602027109],[77.1977911330804,13.180278175598678],[77.18438620381451,13.186666217766298],[77.1687836360375,13.183882784115301],[77.16652350263045,13.197021726096864]],[[77.0795605698052,13.069744161600338],[77.0811006424266,13.073991321693494],[77.08352651320696,13.073029948170785],[77.08295474900332,13.070814158049307],[77.0795605698052,13.069744161600338]]]}},{"type":"Feature","properties":{"id":"mandya","district":"Mandya","name":"Mandya","state":"Karnataka","rep_lat":12.6352,"rep_lon":76.7283,"elderly_pct":10.3,"outdoor_worker_pct":33.5},"geometry":{"type":"MultiPolygon","coordinates":[[[[76.9826495327251,12.255601079401146],[76.98572608919838,12.260684647321648],[76.98197979556167,12.270295183282144],[76.96955419255053,12.275045388889449],[76.97048016965718,12.255307115951236],[76.9826495327251,12.255601079401146]]],[[[76.92288728127576,12.382139283041216],[76.91114922093533,12.383519440438455],[76.90994348688963,12.3749456082918],[76.89895022783607,12.373776047532958],[76.89826843168825,12.356759116889434],[76.90943999464761,12.356057605133506],[76.91101177061203,12.35212970370326],[76.91365145480306,12.3580322366058],[76.920101791531,12.35911603546752],[76.9175192922943,12.3673379061864],[76.92288728127576,12.382139283041216]]],[[[76.69352410131462,13.036767749786918],[76.67278891573707,13.055388053502423],[76.65757996007319,13.013313297018822],[76.65255992543221,13.007316366602872],[76.6407285642697,13.009540795415358],[76.63223844638232,13.004226057212732],[76.63175845855972,12.973412145843],[76.62215450877174,12.965859913251846],[76.61181814456634,12.965348721273173],[76.61745445313663,12.955148368412193],[76.61621100691698,12.93716498647358],[76.60599997566003,12.938637617972477],[76.60313997245902,12.922999679032152],[76.596528400714,12.921200167869394],[76.5995526797293,12.904726662027542],[76.59104054593092,12.890909126336675],[76.59649326850155,12.8809968732602],[76.57911184961245,12.873190402708902],[76.57519439996464,12.865977172536411],[76.57772228522533,12.846989964509394],[76.55406616731429,12.84538126466788],[76.54662516310113,12.840238415762645],[76.53552040156127,12.844306045174811],[76.52053180263657,12.841419559280531],[76.51828316946177,12.826393995230575],[76.50290095393242,12.822010252882416],[76.4901080756157,12.80648232210425],[76.49435953146252,12.802754821126644],[76.49059143481554,12.78862821980909],[76.49977487423585,12.78035428719309],[76.49940129635023,12.772363387609937],[76.49285173620758,12.767282109844894],[76.48960748313539,12.78581662891819],[76.47817223050417,12.780686077087468],[76.4747914972892,12.771748506627016],[76.45504360961621,12.781074128701734],[76.45756516444905,12.78889826061675],[76.47138990878658,12.798790365236114],[76.46429131271533,12.806074258601171],[76.4579785386001,12.804527510759009],[76.44592681800344,12.823383260870528],[76.4253209907251,12.82503142517847],[76.42013595892261,12.841765384787447],[76.42516223326156,12.845459671912364],[76.4253169465097,12.857974632107807],[76.41763966291893,12.858250990912081],[76.4135700081193,12.864486990200744],[76.40720097970434,12.865058270765266],[76.40853096602518,12.84407638999155],[76.38617174588987,12.845178327796063],[76.38288321845057,12.831165687400222],[76.36944680592892,12.828692372073688],[76.36828841130206,12.809095429341259],[76.33442691613045,12.812593764034032],[76.32991885113285,12.807619711035318],[76.33476900357381,12.787250000193197],[76.34960568570587,12.785636917842627],[76.34962019888758,12.770931887301868],[76.34252237626578,12.761730723007014],[76.35709238542088,12.750084896877704],[76.35527872638814,12.743901904663108],[76.34407913419528,12.742358684058606],[76.34131418083619,12.732094744503216],[76.34789659955533,12.716055579235313],[76.36152027038953,12.711883127189658],[76.36284000872963,12.705998004323469],[76.3600257648109,12.686927633258753],[76.3537409857932,12.68527166346086],[76.35288226285692,12.668021260961535],[76.34748489627071,12.668010332535166],[76.34197963752732,12.655741672097188],[76.3516043249236,12.65076956564024],[76.35218531841844,12.639786841005725],[76.36258272404572,12.628660263386234],[76.36348114802598,12.607725162212999],[76.36995134111497,12.60619321438917],[76.37674812121709,12.576625635991851],[76.39614748591602,12.57338155402188],[76.39742426861588,12.569094336062],[76.38885520228972,12.56058405174788],[76.3908505752331,12.551901215588167],[76.41129050613637,12.557944554229637],[76.41477207973358,12.548614749205518],[76.42765575167441,12.54231950401374],[76.42275350682839,12.532630573870739],[76.43550751414448,12.521687211879508],[76.4427691589314,12.506546635583172],[76.44928347636882,12.509114448131484],[76.45215801341277,12.505441804280869],[76.44883238375564,12.497395859129462],[76.45174014319375,12.48365969845154],[76.48840604842665,12.46788251471177],[76.50190053433647,12.451534994924423],[76.51037593781953,12.45340081323694],[76.53176045353223,12.441708039635856],[76.54806470166584,12.439758349091651],[76.56732292306735,12.426008964947524],[76.56534497205057,12.399156286183246],[76.55828595215748,12.400134554035832],[76.555037931551,12.391940717835064],[76.56622629749772,12.381790606738626],[76.5601562850032,12.364796507118276],[76.56476436033975,12.351537861968044],[76.57562627402065,12.348384918739889],[76.59201740271696,12.356011901038263],[76.59008268851315,12.361656569278427],[76.59498687282183,12.365734129278385],[76.6220026746241,12.367617792469344],[76.62687250376305,12.377919245237136],[76.64076023437502,12.384955556155424],[76.64346273505895,12.39521636282084],[76.64856755808636,12.396980030363544],[76.66307263341946,12.386737379902426],[76.68276717284269,12.39113495003401],[76.68614159359615,12.382440935381245],[76.68185634851822,12.366917002175567],[76.69014997251361,12.364582775329305],[76.70018474892198,12.350654189195051],[76.71895728897857,12.356617021594174],[76.71765965188945,12.351658436161676],[76.73051528651192,12.342578935956277],[76.7316512016971,12.31654896073744],[76.73705534337716,12.321192160052105],[76.74341315363085,12.318229898599078],[76.74486490928341,12.310555662194224],[76.75397712847138,12.302177477678837],[76.76386462968213,12.311795397479054],[76.76172815656047,12.341335691191663],[76.76567323030153,12.350462817498647],[76.77778630313713,12.352415604112217],[76.78234430278648,12.346781084397483],[76.78975023048275,12.347118107202643],[76.79524620873092,12.354704036060284],[76.80281332024033,12.35509487428602],[76.80279609594304,12.36742483005135],[76.80656812541434,12.359968206571347],[76.81140845657431,12.362988669816206],[76.81469002207014,12.387039127828174],[76.828143197155,12.388650986318057],[76.83323381242789,12.384579605770462],[76.83238478590677,12.40257708949473],[76.84828521077743,12.403266359183977],[76.85435608026475,12.408735285207884],[76.86165208201798,12.406318463496776],[76.86196047545168,12.399796398531008],[76.87758033130628,12.399801474060409],[76.88091409880158,12.405220709988093],[76.90027301056665,12.408935071645281],[76.90010388295148,12.419841239058949],[76.9063489240943,12.422507365536168],[76.90490651002239,12.436744688963069],[76.92240587142008,12.441858767743772],[76.92777027881851,12.429491849110088],[76.9244347380488,12.421112841133942],[76.93764600131925,12.400400813109716],[76.93900024664435,12.35265835486167],[76.92420619586076,12.353180921126738],[76.9253079247595,12.344181936047345],[76.93188059496116,12.338232739441422],[76.92191125902463,12.321714681141922],[76.94800958896937,12.330486686962342],[76.95764825864305,12.326967748761934],[76.95632283306891,12.352391829474332],[76.95892136543674,12.355717592763748],[76.97686377323762,12.352814618961528],[76.97681746867801,12.327770547935282],[76.98164855527537,12.327063727993636],[76.98656069596255,12.333507038463091],[76.98714321210178,12.319477410295182],[76.99791499691193,12.313109081317624],[76.99299573078794,12.300645697533328],[76.9769521503936,12.307173897346242],[76.97165089545796,12.29037572735766],[76.99071455614198,12.287037614320116],[76.98957079686771,12.256176942904029],[76.99526307946337,12.242231752730369],[77.01316674921428,12.244171926957542],[77.03623799380674,12.232288968496778],[77.04713371827832,12.233728784069015],[77.04992945241062,12.238662925536314],[77.06460160540341,12.232954537637697],[77.0787271551054,12.236555063262104],[77.07783086282728,12.221309015266078],[77.08832431183316,12.217974784958091],[77.10615374211405,12.220617171096844],[77.10850034645203,12.24086675884179],[77.17002551739193,12.259822928820027],[77.16460717604218,12.280899735106303],[77.1699722230411,12.285094178806371],[77.1667637804094,12.31024021530997],[77.21760231874327,12.30867100672584],[77.22511124816832,12.303430825011583],[77.2367888671615,12.310271751414389],[77.24885910652773,12.308382741557734],[77.26794017117207,12.31412293759757],[77.30273182420963,12.298763143267328],[77.32528451899927,12.308006919028413],[77.32505109356931,12.326533490238463],[77.33378523700702,12.354236678968315],[77.33054734580368,12.362186461250616],[77.31335008873435,12.392424494407605],[77.28590894632315,12.393130618270291],[77.28170056469418,12.409300840602597],[77.28519766746773,12.428736951552057],[77.27330980227384,12.429613933001008],[77.27001995700603,12.43403740604546],[77.27477286232596,12.43968444458147],[77.26913356865394,12.464861596589566],[77.26430107619315,12.461682233261929],[77.25420633364635,12.470382768335483],[77.23617196620813,12.470056171748176],[77.235155014916,12.483476949737982],[77.22977390603984,12.4837302461336],[77.22544047263511,12.474484520645092],[77.22578811076858,12.489534453399063],[77.23594877438589,12.486390608998882],[77.23779522192653,12.499954703864404],[77.22407580415775,12.502633982739251],[77.22222263542216,12.49159554872565],[77.21653463240054,12.492300833769978],[77.21325991386378,12.485130077970895],[77.20014698018436,12.490597486548666],[77.19781860086685,12.4833037952545],[77.17817817505805,12.479376798476446],[77.16810699621945,12.485325677244452],[77.16474377386427,12.475089684196554],[77.15775549270656,12.475555220106527],[77.14717434387441,12.462098032543093],[77.13795940952026,12.466255887803152],[77.13302620244136,12.479255677367304],[77.12536983881692,12.480298184143704],[77.13168917422699,12.518703686101441],[77.12502920125446,12.523334838382917],[77.12527695121993,12.535470303914451],[77.11452568213423,12.543067183286828],[77.11446325461188,12.553378890066835],[77.12778461091196,12.553402830431097],[77.12847088426315,12.570006082825389],[77.116923728497,12.582028783373453],[77.10809136865602,12.608479503901787],[77.1110287608204,12.616230288890298],[77.12248842157621,12.619543312717635],[77.12234670874686,12.623710468804273],[77.11671246720003,12.628763124222324],[77.10036109434493,12.630550964873235],[77.09751137056574,12.675564949234143],[77.07367016646855,12.680743939051377],[77.07280331018569,12.704232606946182],[77.08374654745094,12.741279635469969],[77.08051224501716,12.746502980906314],[77.07669311777386,12.745594006080982],[77.06735406948509,12.758364916656332],[77.04885776317495,12.747473819098836],[77.0436146642725,12.778124926037533],[77.02522693733077,12.763179804800808],[77.00916779182748,12.764365809077722],[77.00961278667653,12.782485384674944],[76.9982660198974,12.775964986425628],[76.98336270163593,12.793014772276731],[76.97563911707877,12.791065219556762],[76.97306037279998,12.803594558848182],[76.95065946544557,12.801594865870628],[76.94129324042453,12.805669423269837],[76.93284122278327,12.800532483544382],[76.92454782695994,12.804054838132535],[76.91883489119759,12.818012413463055],[76.9057700371488,12.828400127103107],[76.90017550113751,12.84484748815271],[76.89226702083701,12.84715297182193],[76.89445224373254,12.873954057893117],[76.88914662657788,12.897478806106738],[76.87316476403682,12.897167088792365],[76.86547985644422,12.905039900514607],[76.86718401803039,12.918684566897381],[76.8962064747177,12.920541819081047],[76.89148451635933,12.932654574395729],[76.88438878501552,12.935163135496037],[76.86260375273842,12.927944974057718],[76.86246051367144,12.934710772476514],[76.83959534260515,12.945867193569718],[76.83967422367023,12.973531392537138],[76.8504672437554,12.97350566672787],[76.85288156309953,12.978707912549911],[76.81468906177112,13.013763917137597],[76.78583967091316,13.015314411305273],[76.78310574356739,13.02945040181103],[76.77166757680139,13.034417366826057],[76.72528156063115,13.041295480629657],[76.70209482772742,13.041515496523669],[76.69352410131462,13.036767749786918]]]]}},{"type":"Feature","properties":{"id":"mysuru","district":"Mysuru","name":"Mysuru","state":"Karnataka","rep_lat":12.1961,"rep_lon":76.6124,"elderly_pct":9.2,"outdoor_worker_pct":22.0},"geometry":{"type":"Polygon","coordinates":[[[76.3425671986052,12.65545672420085],[76.32348673223883,12.635118641475398],[76.32841711501446,12.626708782743414],[76.32659236627956,12.61100169711468],[76.30632121085186,12.610450074860946],[76.30976790376492,12.622531657665363],[76.30146469923697,12.621986365682181],[76.30033496446096,12.629208897570622],[76.2925533640078,12.62634846300565],[76.2905927612558,12.6166152349754],[76.2802695852171,12.616713658801633],[76.27982010328321,12.63376736967171],[76.26542110910367,12.628912272930853],[76.26493162698685,12.619350146355568],[76.2545455724715,12.62033811552789],[76.24577796678945,12.62598654385654],[76.24569458157154,12.637011898562932],[76.21912894891435,12.644328658830545],[76.20573099506662,12.629019645430983],[76.21344773895287,12.627974410926807],[76.21543317742753,12.621722745672972],[76.212286723042,12.616686215217275],[76.20543853684778,12.61693538928512],[76.1919876713315,12.594167064474417],[76.19649697241097,12.577365007322534],[76.1820752526514,12.575007349619785],[76.16852701155493,12.580489747843167],[76.15236804435898,12.579632017198927],[76.14806934700967,12.566284126089892],[76.15773226311117,12.562854541549033],[76.15132113515045,12.547210108330042],[76.1426128973289,12.545280692716448],[76.14089295324155,12.536676795100396],[76.13441999334148,12.53704096139154],[76.13335387905049,12.528800958662929],[76.11417638295535,12.527007516143193],[76.11891355428307,12.518822494604645],[76.11531945322182,12.512881852481135],[76.10606874615637,12.517398171048871],[76.1032534763616,12.529142001110523],[76.08615721687967,12.538858123235727],[76.09064800727437,12.545704181758515],[76.07105201842771,12.549285271604578],[76.0675390523046,12.557332841243284],[76.05207356205008,12.554262791600879],[76.04555943146227,12.577023483438552],[76.03421789287808,12.573515617669266],[76.02173110022308,12.576932843153214],[76.01184460782035,12.560832032600802],[76.01246058081405,12.554262197105338],[75.99210894442176,12.562183648552937],[75.99056523182682,12.556778748471526],[75.9988976935852,12.547482690110877],[75.9949242708104,12.541102660479764],[75.98666786671214,12.545110532100066],[75.9834040384516,12.540492713847899],[75.99343776293276,12.529704556003256],[75.9939450137259,12.522165547089687],[75.97534968702031,12.519827099439814],[75.97253599107393,12.511909548772868],[75.96222081183787,12.506516429967967],[75.95815398762969,12.4906089522691],[75.96056677444794,12.48440265618908],[75.96643089218104,12.483189542631585],[75.96405458325154,12.474331634514222],[75.97161018554549,12.470894195748292],[75.96688791187846,12.461440450735342],[75.97146459828232,12.44989558128557],[75.94899377504936,12.450001804746355],[75.9290502747317,12.439574636939328],[75.90868153890796,12.398221921547316],[75.91313073101682,12.385638404180433],[75.91618423043171,12.388358952184399],[75.93231711504336,12.382349510090382],[75.96048951035034,12.343938167378072],[75.98172322677465,12.342516276066467],[76.00109034375153,12.330617998540644],[75.99473115548217,12.317448944440047],[76.01452069174668,12.2923105090206],[76.01510138700087,12.266733263108557],[76.02467673532848,12.24888469346966],[76.04024843968725,12.25267938400484],[76.05186900038855,12.246448457522742],[76.06223927419931,12.24911398126485],[76.07380446005152,12.240157656420049],[76.10186303611708,12.197273407671233],[76.11874388228884,12.190720850732173],[76.12924701423515,12.19490641043426],[76.13314769053994,12.191611413791845],[76.14419047730838,12.154607267720511],[76.17093013250073,12.118802867289482],[76.17658543774435,12.0994344059711],[76.1757728253316,12.076179910678583],[76.18925506810243,12.05011130454345],[76.18277651618972,12.032408304297158],[76.15202859167435,12.019435946756229],[76.12824857452611,11.98580514419515],[76.11248340000462,11.978798815299925],[76.11280161382096,11.858546685152254],[76.11999716056927,11.850388543581065],[76.1560162868824,11.870216358620976],[76.19037489086763,11.87129129272529],[76.20746179439588,11.861614459776476],[76.2129186716747,11.842068718506498],[76.20974188028373,11.827476509193875],[76.22370610603542,11.808283397996988],[76.24556581795702,11.803005058824832],[76.28019269122541,11.812430347351105],[76.28834352171819,11.795159865244377],[76.30773300584734,11.784874950772577],[76.31839476230654,11.751364450865628],[76.3397217759596,11.739082952551996],[76.35220276909116,11.738266297932006],[76.36280253191428,11.748446066599346],[76.37697648643706,11.744622649029639],[76.39127464472593,11.754845998372708],[76.39862294190344,11.750886112337902],[76.41421552939762,11.75892564112702],[76.42285158668776,11.776376005558657],[76.41412648838666,11.778854129591982],[76.41296247120441,11.78805688796316],[76.4216611311884,11.790112340365686],[76.42138214230894,11.795708067235735],[76.4286813483528,11.795589345043116],[76.42428780597747,11.80473843071084],[76.42073183480674,11.802971684160081],[76.40987774814693,11.811348532460338],[76.46214863852322,11.792756655506224],[76.46879139258837,11.819236981751288],[76.49273861675375,11.822202524697449],[76.48820024978494,11.843511171820044],[76.49110307208225,11.86114227238031],[76.5346207379059,11.873339926521401],[76.55362811823905,11.858746207545114],[76.55694588853576,11.89480728335223],[76.56194165069779,11.904115178146007],[76.57013796648666,11.907981575714471],[76.57656066564657,11.923635398213467],[76.57025772538877,11.928190234710739],[76.57123292208817,11.940240567437534],[76.55742793439869,11.948992554472488],[76.57425253884716,11.968517944034614],[76.57821083848417,11.988365669482922],[76.59593730656209,11.984431551169777],[76.61331382064976,11.991683015003177],[76.64273779462467,11.982941588361287],[76.65107941560568,12.008028349941767],[76.69453737400568,12.00053937310116],[76.70146035393047,11.99793420458968],[76.7050882891386,11.985196083500327],[76.71721310295494,11.985047950137215],[76.71915702399211,11.990814702878163],[76.72938134043382,11.990657562252116],[76.73271456983828,12.002585944991456],[76.74090823290213,12.009340082353264],[76.75110573373428,12.000005572539775],[76.7666176147867,11.99928197892903],[76.7684321865078,11.991986958691095],[76.77984038727256,11.985363763311295],[76.79364005603723,11.986382098263478],[76.79762045512852,11.998714680250135],[76.79204474511067,12.010772688650839],[76.810623594019,12.021774712892308],[76.81168765925281,12.026891418984238],[76.82029242462835,12.027300179863115],[76.82128755584222,12.010893229712366],[76.8373724380784,12.003700493754325],[76.83641598023581,11.99989513588146],[76.85654499254115,11.999655841655123],[76.8582075244004,12.007707372190591],[76.87299637124356,12.005515985717143],[76.88308837931866,12.015504935437008],[76.88584096557122,12.001356531405076],[76.90418380639314,11.99909878487044],[76.92363107734789,12.013169247178235],[76.93608312945595,12.013166974131423],[76.93882274044253,12.02631021314031],[76.9150468160187,12.025948082469924],[76.91003920238313,12.041149067101818],[76.8904870944415,12.049055751275505],[76.8906758538389,12.058276301803295],[76.8699051686379,12.055370074211437],[76.86829783555794,12.059799545478798],[76.8534371989505,12.059875330124314],[76.87002906248526,12.063153282151992],[76.8740976761375,12.075718629569199],[76.88412341998564,12.082602382861632],[76.87665124872368,12.115240198271342],[76.84766308432405,12.118786573145615],[76.84573914990365,12.113222367854242],[76.8449346384981,12.119324101952294],[76.8315339232292,12.131932484663382],[76.84104526479622,12.145475396279636],[76.84074066584631,12.156124059926013],[76.85345625670926,12.159501860591757],[76.8455491777806,12.167483035421116],[76.85319346445438,12.170412635593747],[76.851998165239,12.179325667616336],[76.86259261273057,12.18036150373239],[76.87135414849624,12.17402060242264],[76.86778480141096,12.161848609774657],[76.87136856106667,12.141337737696595],[76.88194285485487,12.129554554357616],[76.89023414592548,12.130892245191376],[76.89092719706548,12.121133884855208],[76.90259896353459,12.122706078296856],[76.90630335884815,12.113369712916585],[76.92356149654091,12.11418360454445],[76.93721868172177,12.101231649918061],[76.9487919910391,12.097482087659525],[76.97040237465528,12.112603756430605],[76.9693770501664,12.12294098111188],[76.97583981239134,12.122730843239562],[76.97622072951286,12.13431955911594],[76.98909908252887,12.14050688261723],[76.99000474154046,12.174757754955364],[76.99865296201952,12.177205085214856],[76.99746684807795,12.167025779474386],[77.00385905302723,12.159928675765496],[77.01423430080972,12.163292087050124],[77.01120624527697,12.15363402104741],[77.0160151542666,12.133811559954578],[77.03697242763694,12.139258198453254],[77.03978329389017,12.128364897960815],[77.04570974572084,12.136100915282693],[77.03923253409454,12.147283225001116],[77.04587635356167,12.16085882931428],[77.04469463687337,12.169239030497028],[77.06141644081568,12.171016955641575],[77.08458543289082,12.191086110469568],[77.1073862755996,12.189855792362113],[77.12228932346821,12.197236911196516],[77.13189490549506,12.207297825936468],[77.13426680998472,12.226693627727075],[77.1240399081916,12.242743187529737],[77.10839851612639,12.240777069867137],[77.10615374211405,12.220617171096844],[77.08832431183316,12.217974784958091],[77.07783086282728,12.221309015266078],[77.0787271551054,12.236555063262104],[77.06460160540341,12.232954537637697],[77.04992945241062,12.238662925536314],[77.04713371827832,12.233728784069015],[77.03623799380674,12.232288968496778],[77.01316674921428,12.244171926957542],[76.99526307946337,12.242231752730369],[76.98957079686771,12.256176942904029],[76.99071455614198,12.287037614320116],[76.97165089545796,12.29037572735766],[76.9769521503936,12.307173897346242],[76.99299573078794,12.300645697533328],[76.99791499691193,12.313109081317624],[76.98714321210178,12.319477410295182],[76.98656069596255,12.333507038463091],[76.98164855527537,12.327063727993636],[76.97681746867801,12.327770547935282],[76.97686377323762,12.352814618961528],[76.95892136543674,12.355717592763748],[76.95632283306891,12.352391829474332],[76.95764825864305,12.326967748761934],[76.94800958896937,12.330486686962342],[76.92191125902463,12.321714681141922],[76.93188059496116,12.338232739441422],[76.9253079247595,12.344181936047345],[76.92420619586076,12.353180921126738],[76.93900024664435,12.35265835486167],[76.93764600131925,12.400400813109716],[76.9244347380488,12.421112841133942],[76.92777027881851,12.429491849110088],[76.92240587142008,12.441858767743772],[76.90490651002239,12.436744688963069],[76.9063489240943,12.422507365536168],[76.90010388295148,12.419841239058949],[76.90027301056665,12.408935071645281],[76.88091409880158,12.405220709988093],[76.87758033130628,12.399801474060409],[76.86196047545168,12.399796398531008],[76.86165208201798,12.406318463496776],[76.85435608026475,12.408735285207884],[76.84828521077743,12.403266359183977],[76.83238478590677,12.40257708949473],[76.83323381242789,12.384579605770462],[76.828143197155,12.388650986318057],[76.81469002207014,12.387039127828174],[76.81140845657431,12.362988669816206],[76.80656812541434,12.359968206571347],[76.80279609594304,12.36742483005135],[76.80281332024033,12.35509487428602],[76.79524620873092,12.354704036060284],[76.78975023048275,12.347118107202643],[76.78234430278648,12.346781084397483],[76.77778630313713,12.352415604112217],[76.76567323030153,12.350462817498647],[76.76172815656047,12.341335691191663],[76.76386462968213,12.311795397479054],[76.75397712847138,12.302177477678837],[76.74486490928341,12.310555662194224],[76.74341315363085,12.318229898599078],[76.73705534337716,12.321192160052105],[76.7316512016971,12.31654896073744],[76.73051528651192,12.342578935956277],[76.71765965188945,12.351658436161676],[76.71895728897857,12.356617021594174],[76.70018474892198,12.350654189195051],[76.69014997251361,12.364582775329305],[76.68185634851822,12.366917002175567],[76.68614159359615,12.382440935381245],[76.68276717284269,12.39113495003401],[76.66307263341946,12.386737379902426],[76.65506789863626,12.395705516005691],[76.64346273505895,12.39521636282084],[76.64076023437502,12.384955556155424],[76.62687250376305,12.377919245237136],[76.6220026746241,12.367617792469344],[76.59498687282183,12.365734129278385],[76.59008268851315,12.361656569278427],[76.59201740271696,12.356011901038263],[76.57411544874829,12.347972609509824],[76.56606045502157,12.350714904295987],[76.5601562850032,12.364796507118276],[76.56622629749772,12.381790606738626],[76.555037931551,12.391940717835064],[76.55828595215748,12.400134554035832],[76.56534497205057,12.399156286183246],[76.56732292306735,12.426008964947524],[76.54806470166584,12.439758349091651],[76.53176045353223,12.441708039635856],[76.51037593781953,12.45340081323694],[76.50190053433647,12.451534994924423],[76.48840604842665,12.46788251471177],[76.45174014319375,12.48365969845154],[76.44883238375564,12.497395859129462],[76.45215801341277,12.505441804280869],[76.44928347636882,12.509114448131484],[76.4427691589314,12.506546635583172],[76.43550751414448,12.521687211879508],[76.42275350682839,12.532630573870739],[76.42765575167441,12.54231950401374],[76.41477207973358,12.548614749205518],[76.41129050613637,12.557944554229637],[76.39026372741758,12.552338402312245],[76.38885520228972,12.56058405174788],[76.39742426861588,12.569094336062],[76.39614748591602,12.57338155402188],[76.37674812121709,12.576625635991851],[76.36995134111497,12.60619321438917],[76.36348114802598,12.607725162212999],[76.36258272404572,12.628660263386234],[76.35218531841844,12.639786841005725],[76.3516043249236,12.65076956564024],[76.3425671986052,12.65545672420085]],[[76.96910342692411,12.273987893967055],[76.98197979556167,12.270295183282144],[76.98572608919838,12.260684647321648],[76.98234574225896,12.254584302616607],[76.97048016965718,12.255307115951236],[76.96910342692411,12.273987893967055]],[[76.91101177061203,12.35212970370326],[76.90943999464761,12.356057605133506],[76.89826839575562,12.356759147602103],[76.89895022783607,12.373776047532958],[76.90994348688963,12.3749456082918],[76.91114922093533,12.383519440438455],[76.92288728127576,12.382139283041216],[76.9175192922943,12.3673379061864],[76.920101791531,12.35911603546752],[76.91365145480306,12.3580322366058],[76.91101177061203,12.35212970370326]]]}},{"type":"Feature","properties":{"id":"vijayapura","district":"Vijayapura","name":"Vijayapura","state":"Karnataka","rep_lat":16.8166,"rep_lon":75.8814,"elderly_pct":10.3,"outdoor_worker_pct":33.5},"geometry":{"type":"Polygon","coordinates":[[[75.66008703310493,17.45769333620923],[75.64885993719301,17.470328019065384],[75.63305039308301,17.477215271676645],[75.62767730167074,17.462767710629077],[75.62168315729183,17.459247261061474],[75.613423697125,17.424743307538378],[75.60667166120888,17.42037387612101],[75.6135865311433,17.39191699853085],[75.60619314392838,17.39448036123987],[75.57421335247741,17.383301038239985],[75.58091571964314,17.351225307128008],[75.61009501499251,17.345042745726683],[75.61215717677896,17.325138972917024],[75.60380390554698,17.305506266632346],[75.6224768152521,17.29510628825075],[75.6302881813822,17.280842634690973],[75.62791785972404,17.274342940970524],[75.65423711504151,17.273818586834313],[75.65778441567312,17.263211275751605],[75.66197949864262,17.21458173920192],[75.64265942014895,17.19765245427547],[75.63999812428882,17.188869519841464],[75.62850258841382,17.18866235285608],[75.6254445956259,17.174004921454],[75.62832780949722,17.162698859996805],[75.6495989317699,17.134381627316674],[75.65041406575367,17.115697723908784],[75.67235543722956,17.11600126676585],[75.67880473101343,17.07715681276559],[75.67678162617892,17.065421945219992],[75.66046175724087,17.06450872096229],[75.65037383829694,17.05726114216622],[75.64106500394442,17.037587810788764],[75.65006032446614,17.03224452906829],[75.66976010376241,17.038166691912593],[75.66614078878774,16.979778756572752],[75.6758309894194,16.96642947567642],[75.6421235104033,16.95455855662242],[75.63399801599473,16.97026637358688],[75.60792949125288,16.971004225053708],[75.6069543035366,17.004572532388416],[75.57316451278932,17.00961304510774],[75.56728638942262,17.009052850425885],[75.56771912316636,16.96575300868303],[75.52938182599055,16.969406840607657],[75.50972912200845,16.950257445129697],[75.49042121838183,16.944680263032605],[75.48330491651632,16.97600141594345],[75.46625130095923,16.981318429651736],[75.46562105912554,16.988371647266792],[75.4416725997767,16.982237761257522],[75.42794719114328,16.966501391259413],[75.3922049552451,16.980097257392547],[75.34164877626965,16.95617956047361],[75.33427221629665,16.91243969807499],[75.3356957352049,16.86939396902225],[75.35385843416795,16.871145305085694],[75.39501445695743,16.863154732307216],[75.37894886783863,16.824091895276375],[75.384421594094,16.763431086374545],[75.39245381552824,16.759580561502954],[75.42611041666164,16.767941218007852],[75.44281870904373,16.757279676526785],[75.49191209925829,16.74563595352025],[75.48836522622474,16.69449749967135],[75.4626637728709,16.699922386133753],[75.43786791744314,16.697861697246484],[75.4472786800377,16.66511148669335],[75.45500740295824,16.66386627925531],[75.46211813347239,16.62256781557187],[75.48498228764576,16.60644557978976],[75.493675691587,16.59316661895304],[75.48393279039091,16.573115738463464],[75.47230768331595,16.56337644884633],[75.48842070887164,16.555112946994786],[75.49079812003403,16.526036960925392],[75.48593177725667,16.508610966628787],[75.45556516152827,16.506705949330527],[75.46328826907998,16.473804454165723],[75.43316412481647,16.43839175148761],[75.43286230974563,16.43096837882745],[75.44880114028963,16.413270205766164],[75.45786356226813,16.412724782842687],[75.46558075441371,16.418459903484163],[75.48687993646263,16.417614014264537],[75.49853042543594,16.430728599338227],[75.49568447458095,16.446706585670363],[75.49912055928878,16.45358396222152],[75.53324682660218,16.46636798858688],[75.55225669526865,16.455938619940756],[75.55686097791805,16.424597413129085],[75.56990229880135,16.411841881333277],[75.575154313483,16.412796630490423],[75.58404421940105,16.432570476063013],[75.59948691670188,16.446529898718925],[75.63464814203722,16.44385241236741],[75.67787533132555,16.424205928154894],[75.72086724555274,16.391009427524352],[75.77324270342137,16.3832326081337],[75.78924444298474,16.37407244340228],[75.81034870588837,16.370307519978713],[75.84053457788664,16.34906114801593],[75.87332464523237,16.344713394375788],[75.89127847511207,16.327028490462986],[75.930504796297,16.315785444140687],[75.95607631373493,16.297216460798992],[76.00951074069478,16.30454453512477],[76.02646310084799,16.30069025580309],[76.03248959266192,16.2894289936223],[76.06536223225025,16.262092031991568],[76.06807589989145,16.243761309372267],[76.05790867587761,16.227691159279264],[76.06128532535132,16.21329683998476],[76.06776377755101,16.20758313522453],[76.08486071615933,16.20482656436061],[76.13929000304182,16.18112306128318],[76.17207167383457,16.18492316314468],[76.24984116180389,16.164371593139435],[76.2718121112088,16.151687092706048],[76.28057239921453,16.152685334364023],[76.28821777734134,16.1592538563589],[76.29713717944179,16.184709187056797],[76.33152943611414,16.194054926706155],[76.34743428518762,16.215743114892266],[76.35281007064741,16.235443937441893],[76.34616669045647,16.249703063293804],[76.34783220112924,16.277700991626286],[76.32022193739104,16.282100597347814],[76.32018314095058,16.28697578211265],[76.29968969291426,16.2832506375362],[76.30288093101164,16.31899142214694],[76.29519762870848,16.320353062319786],[76.29139865337191,16.330558308501928],[76.30545735673866,16.345715756859374],[76.31427982163679,16.345408949605297],[76.30481573414868,16.37710594303514],[76.31050511249103,16.39671701822994],[76.33325470182128,16.39116112776228],[76.33870370446833,16.40591190716054],[76.33059538854297,16.409646830132324],[76.33217020710124,16.42697242034947],[76.35056834461881,16.426849155688206],[76.35757695015988,16.42225486779893],[76.38528605912202,16.425617289741464],[76.39034293726607,16.43805572779268],[76.40311865237098,16.43293544074193],[76.4351844673919,16.437732003706767],[76.42987824656937,16.498611740940692],[76.43404293324463,16.51884975843089],[76.42258690976738,16.551813884562744],[76.42291053413669,16.573352235877095],[76.41331898738787,16.590225185709645],[76.41507763628756,16.605449222628348],[76.40498748413187,16.625204123874806],[76.40349717009235,16.64867875068657],[76.42045848195738,16.672935590312637],[76.42656098292248,16.686049233535247],[76.42538605120954,16.695525114192606],[76.45219455867516,16.714149869795953],[76.46200478051698,16.70831324012623],[76.45945151605292,16.72330531794357],[76.44638871016296,16.7226901646993],[76.44172685808027,16.713654146168764],[76.422677328794,16.716881897062443],[76.42321488694822,16.729582350103502],[76.42892797272924,16.737858252861162],[76.44045939180826,16.74203884817365],[76.43849378544013,16.7533297849591],[76.44270162448665,16.7575619585393],[76.43613389052749,16.76454886978571],[76.41856275373857,16.76890850980445],[76.41835074324669,16.76451247574068],[76.41127879030842,16.764843538982536],[76.41162648862904,16.768195909655],[76.37097582118751,16.768605234556116],[76.37740581017593,16.801700206215795],[76.39642646491406,16.80593278515924],[76.41023917631831,16.798851267989374],[76.41377871370925,16.81343950490034],[76.35244985609992,16.819757318822212],[76.35888386864255,16.842623887876176],[76.3743330805258,16.858844517774486],[76.40432410704062,16.85853563574945],[76.4040934807611,16.854040187020473],[76.4291657900226,16.85076437273831],[76.42955140263811,16.83737279935621],[76.4600250418528,16.833052644253122],[76.4635366730794,16.838527073134053],[76.47102908248641,16.838803937114353],[76.47071418165682,16.84706758032981],[76.46202153050379,16.849298741084755],[76.45859018261241,16.86692046016843],[76.43810925709117,16.868011821250978],[76.436701164053,16.881349468735834],[76.43321477548587,16.88182029971938],[76.43366539738184,16.897633283253658],[76.46533094467173,16.902736594737412],[76.45853703199202,16.927918273090913],[76.4518344375525,16.927821415187065],[76.44761030665997,16.940608865691086],[76.43415815475622,16.94326051924114],[76.42790599805804,16.927408503724834],[76.39910666042942,16.93533810124198],[76.40232764264418,16.942168986144885],[76.40042642571899,16.977093318691676],[76.43669127809328,16.98173508455337],[76.44048531359407,16.996774315622652],[76.43319998562302,17.02549804824938],[76.43731469632405,17.026702355677468],[76.43120893267786,17.029881757723103],[76.42739802951097,17.05354855808757],[76.43114762086306,17.05343213505522],[76.4294636713708,17.09965215454949],[76.41012595715151,17.089171757940516],[76.39822314668625,17.070061051765034],[76.38803350790947,17.07258368540828],[76.3904076734587,17.09712735511536],[76.36617287970626,17.10726081648953],[76.36232035489732,17.116045321352242],[76.36746899055775,17.12384200580462],[76.39125575674876,17.130825272750254],[76.39463867466651,17.142981390275352],[76.38356115992751,17.14659382417318],[76.36752602459515,17.137679596238584],[76.36004164253353,17.140256295538766],[76.36899492728988,17.166749599084543],[76.36468926799708,17.181399779771844],[76.35636655116289,17.188733494525646],[76.33326810019375,17.170790838705024],[76.27690280283846,17.1674635851358],[76.26451684607407,17.15143949557858],[76.25350772007766,17.148735683981922],[76.24057191979921,17.152440394829025],[76.220577365529,17.18543649221779],[76.19249542518124,17.185039647532754],[76.17776757035259,17.193305320822297],[76.16648964237204,17.21061490858166],[76.12758449854559,17.244994871011958],[76.08768262001246,17.257975304772636],[76.08692559175623,17.26849564138985],[76.09984359910385,17.289787081044786],[76.06583829713,17.309657266414085],[76.07322621450312,17.332428998413352],[76.06167180573937,17.354938301185932],[76.01154189892581,17.353009839289875],[75.9983361737691,17.337971422213478],[75.96877140324648,17.336471104974468],[75.93088413687519,17.32257606986049],[75.91014277807498,17.34452165950126],[75.89064751103295,17.35652512177732],[75.89413010242134,17.401198039528854],[75.88425477158607,17.4179616328097],[75.87657251222691,17.41614541828348],[75.87526917173405,17.398088241553367],[75.8609445167375,17.385597383463313],[75.8511508283885,17.41052735175348],[75.83033001360143,17.421813618164432],[75.821507978098,17.42122452888658],[75.81364244535294,17.395722386155434],[75.81410109549259,17.37348528638426],[75.80707800192265,17.368225832778542],[75.79573198164354,17.369094651959596],[75.77805138244231,17.37809916498858],[75.76522018648713,17.40591360872048],[75.7531609784326,17.407134624605117],[75.73366340541523,17.42009475617148],[75.71250953035506,17.40793573537577],[75.69079862525861,17.409475372545643],[75.68356535375996,17.41692547102056],[75.67816407770565,17.434057237259285],[75.67778403554324,17.453658348763934],[75.67238226721213,17.458108252136636],[75.66008703310493,17.45769333620923]]]}}]}