{"type":"FeatureCollection","features":[{"type":"Feature","properties":{"state":"Tamil Nadu"},"geometry":{"type":"MultiPolygon","coordinates":[[[[77.53250635980737,8.077704415723952],[77.48641009702864,8.089700974190924],[77.44472542557594,8.094640301434838],[77.3342133237658,8.125936337190616],[77.31579675461522,8.121837131265641],[77.30434372522285,8.132269491337766],[77.2982276093913,8.147366373282601],[77.26218381534044,8.169710847777765],[77.23999092636478,8.17679601989833],[77.2238146944474,8.196316998992186],[77.18590515884021,8.218489902944642],[77.14941356989159,8.25558509222842],[77.09607082229468,8.293168044026586],[77.10175666217312,8.306470505617565],[77.11307692415978,8.304242452773483],[77.11664423386601,8.310314298038188],[77.12277645379567,8.309012495044664],[77.11920833380901,8.321056229082103],[77.12959386280993,8.321960679705139],[77.12919431732439,8.325984355390359],[77.1397933327492,8.329867880370195],[77.148426984351,8.331988004020973],[77.15360158761136,8.327995791969224],[77.16929397973021,8.332945251753365],[77.17332354631198,8.319761679313059],[77.18061379255921,8.323517887197083],[77.16694343807632,8.342746849029602],[77.17547364058834,8.349862062277948],[77.17429424694338,8.358632821415636],[77.16753528771139,8.363425684180104],[77.15301721106115,8.355144172814622],[77.16129401859446,8.3739780414257],[77.15995980210691,8.381243299816225],[77.1519924354429,8.38128893298969],[77.1512571374334,8.384937372616223],[77.1609500743334,8.390172115105551],[77.16818616384711,8.38387388839604],[77.18167096412157,8.395794284581768],[77.18260726107422,8.40475465959729],[77.19751933341816,8.4199429783169],[77.19656278664237,8.429156777001106],[77.20659986812773,8.444702573378454],[77.22809998713603,8.447252374977978],[77.22741703485643,8.458478005994335],[77.21407418007497,8.469715442666203],[77.21187632057834,8.492067336598813],[77.2023840897707,8.501190418220897],[77.21430904730096,8.512813256585087],[77.22966240085857,8.508980602415305],[77.24012424803105,8.497053689715502],[77.25129842329126,8.5054170979462],[77.2621910961858,8.506538213074002],[77.27465388675476,8.537626414065695],[77.28384684472383,8.546728597348274],[77.26360397095625,8.588623570569233],[77.24523830484128,8.603435231720997],[77.24408420326314,8.621820759690046],[77.2346532797787,8.626849692312616],[77.2288508816955,8.640274305086056],[77.22483227366189,8.639081838247554],[77.21426551314565,8.649139805148284],[77.20837302481928,8.663635988206563],[77.20069269324473,8.669076371408885],[77.20671673804787,8.684195526405913],[77.19503057338139,8.707759552342555],[77.1807878159927,8.718321944993233],[77.1697672247983,8.74742748602633],[77.17162526958928,8.75058056500122],[77.18266913972592,8.742779889355923],[77.19246385305267,8.744440972095155],[77.19983853824166,8.760790674914972],[77.19732856179452,8.76889827425981],[77.20930084077732,8.765348497191665],[77.21795359595195,8.768236273431164],[77.21306543309638,8.778615917581408],[77.22970887699643,8.784587517316591],[77.23198437967969,8.807726254247157],[77.24707894567192,8.814836329605027],[77.24713575333384,8.823717586616112],[77.26275776963674,8.841992210982983],[77.25847759644687,8.850330413055167],[77.26151554692247,8.856514673074672],[77.25557449028193,8.861122647399226],[77.25947170537793,8.880914692108222],[77.2732829336637,8.876086250224594],[77.26165350659055,8.881358430071597],[77.24498763355449,8.880073224160167],[77.23765576297023,8.885674802177887],[77.23854603204435,8.897739775800577],[77.22123245931542,8.903947981638257],[77.21823964918282,8.918687879415893],[77.19279559010731,8.926195976900269],[77.19696991301058,8.951688225822778],[77.19070407856393,8.965620497221112],[77.18489975179783,8.970479772014906],[77.17820229302679,8.969099866381251],[77.17356682715891,8.99122584270039],[77.16167433384472,8.995041788202132],[77.15685466034301,9.007501942276095],[77.1493470029324,9.00958191023831],[77.14655534625317,9.021815243201674],[77.16109897907492,9.029441077793086],[77.16038540682054,9.035838056425117],[77.1674670400043,9.045299484392826],[77.18232057992095,9.047418055569764],[77.18758631367363,9.043136175106703],[77.1974557479674,9.04697272840811],[77.19689808372047,9.056796532731802],[77.20887189882241,9.074041027958545],[77.20570393517575,9.084986529789461],[77.21240695631501,9.100482391584451],[77.22646391964504,9.108191470852358],[77.22844487822137,9.116884411221102],[77.24728396906751,9.124601681377422],[77.25272231140707,9.139188383292906],[77.26681438988157,9.15246078999407],[77.26515944159995,9.181260479830346],[77.2514881546658,9.189057476338405],[77.2561057728056,9.199219505236979],[77.27034337296621,9.200602745027366],[77.28171242784585,9.21657005722735],[77.27410668159271,9.235822952976779],[77.28254072214851,9.255998745242039],[77.28175334610704,9.27231836910804],[77.28852884422172,9.274173717573994],[77.28298734474483,9.301332729272824],[77.29953742494075,9.310911975367404],[77.2999727449342,9.33665303427974],[77.32528831977126,9.337114704363787],[77.3260332306526,9.346549554077773],[77.33732348621382,9.364982156911514],[77.33455364691791,9.381215672142929],[77.34359645777545,9.400836610709103],[77.33638848283518,9.411902455191445],[77.33937488618317,9.420136716008763],[77.36199818765584,9.457242972266986],[77.36600016338195,9.460082177417526],[77.3771965351145,9.452777178151123],[77.39261336363009,9.459350173316754],[77.391470790132,9.468685417295555],[77.40171601306531,9.476899140334162],[77.39930818764238,9.496568778847664],[77.41239641495656,9.508977436802807],[77.40041577176017,9.517856805897228],[77.40324349124101,9.525709921930414],[77.38517837363776,9.519231526043496],[77.36561838118283,9.534999140564844],[77.36508454115558,9.552729163692787],[77.35290553287646,9.559581664603414],[77.35026319955362,9.567081123181623],[77.3598908172544,9.57738001555824],[77.3549710274126,9.586683170372648],[77.35747550796684,9.594431709275796],[77.3661435569592,9.595955751868647],[77.36112810192951,9.602261747710198],[77.35458691139034,9.604069557325106],[77.33949082275373,9.573313943422807],[77.32536116236099,9.58003404092497],[77.3245344643646,9.593338225387992],[77.3298992517504,9.59899445512822],[77.31781874194552,9.602504873256226],[77.30380826283819,9.598740761972678],[77.26971372222401,9.572769118882999],[77.25306707942323,9.582966368301808],[77.24277331422691,9.585216853627344],[77.23430179595748,9.581545290178026],[77.22218428274941,9.597714113203429],[77.2098430036957,9.60497052322951],[77.20895728997836,9.613443529086252],[77.19820105590411,9.61435749156362],[77.18867937742314,9.606100974041397],[77.16586297769025,9.612862728952683],[77.16910777603982,9.623974971195134],[77.17626033570681,9.629478459251457],[77.17404604782027,9.637305274700427],[77.18114623301129,9.659206263827036],[77.19411087100697,9.670556006160753],[77.20671616222776,9.69465635975218],[77.20194643056429,9.703893180712036],[77.20355571478507,9.722106368437528],[77.2239083635787,9.73037335664191],[77.22023381479048,9.74503908158033],[77.23239972742938,9.768573655261306],[77.2249885553685,9.775559489695297],[77.22266345580009,9.787791772396885],[77.23601002242029,9.790057606077783],[77.24015940809127,9.796920473352689],[77.24666602696672,9.797886555973388],[77.24679014629122,9.807995013921465],[77.24115365805785,9.815634560280305],[77.22177782023621,9.822451408589],[77.2275273587531,9.838093697153074],[77.22293527971684,9.844879723109289],[77.23718402886846,9.851380753635748],[77.236307480662,9.859603934559003],[77.22132924021088,9.863133288357961],[77.21245005658402,9.87688481491778],[77.22074646176355,9.884483202398656],[77.21825256426166,9.904294420681232],[77.23006224458479,9.912467291323546],[77.2362288295656,9.935374055406925],[77.24789756961053,9.94684540703025],[77.24654236129143,9.951396482045391],[77.26101230531043,9.952486853604338],[77.27285475887003,9.964194675367807],[77.2726682659221,9.976336799153655],[77.26440135692492,9.987174213185556],[77.26682632310182,9.990294242266584],[77.2609106762074,9.99267896673502],[77.26613127590522,10.001889738308039],[77.25319359904616,10.012812329418445],[77.26159277418914,10.02120393930395],[77.26189970786048,10.029725212381049],[77.23143630225347,10.06626983659471],[77.20328239427505,10.088807004169896],[77.20132563541414,10.106209955390858],[77.20789194734022,10.11770195976675],[77.23038024100885,10.120502635387075],[77.23433398618737,10.128451394219091],[77.24459506079218,10.130948432660917],[77.2665925958379,10.119341512756288],[77.27477210594449,10.132546462646445],[77.2717978864467,10.141994448883656],[77.2753048024164,10.184418497753898],[77.28481922340818,10.200552007255173],[77.28311734713611,10.208648399377607],[77.29495562802123,10.217898372624026],[77.28808816128608,10.231863375776594],[77.26926064882564,10.237043594344692],[77.25972305309612,10.230274146040665],[77.25719030166158,10.259392422364797],[77.26292596030905,10.263331916396822],[77.2277471396722,10.315416049048235],[77.22921192987955,10.330654677062572],[77.23637470878123,10.338889045565328],[77.23564592535416,10.352251306354143],[77.1766231966911,10.35844116216106],[77.12038790621872,10.31795924226396],[77.10171799868331,10.315613929963682],[77.09552803235225,10.308995430405435],[77.08836410001373,10.32459315364747],[77.09136018630214,10.313916245908677],[77.05645309885226,10.287004917087849],[77.04287673509752,10.283767206653659],[77.05268075766557,10.27249964287331],[77.05108115009703,10.262109351230375],[77.04063050042453,10.252660291675689],[77.014433915449,10.245790954320107],[76.98244620624709,10.220120441154426],[76.96854836689319,10.230774664355337],[76.95059962417292,10.23247402023353],[76.93936023840965,10.23890430681524],[76.92156042738033,10.232184913002314],[76.91159803811587,10.235286966963733],[76.90826232666633,10.240851958162636],[76.90300470290404,10.240296354779257],[76.90545606338058,10.247917678144402],[76.89741470518159,10.262435385334513],[76.87342194361781,10.276335869659723],[76.87313532983823,10.298484464856685],[76.855098774104,10.292846040070565],[76.84871568705486,10.285278131007596],[76.84219862706087,10.290899727902916],[76.84465202311983,10.295219080352322],[76.82870388602947,10.307870679078787],[76.8376797526354,10.336283073927977],[76.83630828570799,10.34601821219719],[76.8487853846428,10.368228672200214],[76.82365674202983,10.39506080544158],[76.8340343631613,10.40334200261571],[76.8335848264302,10.407768204776113],[76.82463648510289,10.410123435025676],[76.81637855656362,10.423519041146616],[76.82832588394106,10.45016552159349],[76.83103664732894,10.500032705002381],[76.84309609523366,10.537285306397179],[76.835187375083,10.545401283919682],[76.8392229145631,10.564754122367374],[76.83356524675025,10.574355772889822],[76.83826712327044,10.596667305415616],[76.8260068471025,10.596125386782889],[76.81731226726656,10.603203459419465],[76.8183292266435,10.61114687434685],[76.81009734295924,10.624180958279908],[76.81418242991715,10.63585618529736],[76.83065601407507,10.63762096560068],[76.86065842314291,10.63234178423304],[76.88247547586829,10.63970710536446],[76.87840003861317,10.675032865873618],[76.86958228088713,10.676782925925721],[76.86603441880848,10.685313555577956],[76.88220938589798,10.717341543931797],[76.89029863597973,10.716916503892875],[76.89294007188555,10.721460458259335],[76.88845772655283,10.73310713728885],[76.90249870615901,10.758388253366668],[76.90257642300749,10.770788761818649],[76.90753453497933,10.777987042609135],[76.90088733605013,10.807150635940857],[76.87005956298411,10.808327336763519],[76.8639634795834,10.817274277620921],[76.84990060713542,10.817249672328016],[76.84508365822397,10.826097926962014],[76.85378353093358,10.838958580764567],[76.84841763502672,10.84939017630259],[76.8319412014127,10.86012730417963],[76.82831544012757,10.871909633829107],[76.79179970715906,10.881106862686165],[76.7814298618447,10.890420366292158],[76.76789923132107,10.88703305862431],[76.75241269623442,10.895061202121575],[76.74078741758126,10.890970033232016],[76.71490196140941,10.908608885196738],[76.69521099458608,10.91022671802154],[76.65909484303573,10.930496453092873],[76.65579714020414,10.93900564007582],[76.66472670225043,10.94348394080417],[76.66678531479317,10.968334873609374],[76.68603742405747,10.989201950902354],[76.69416432073615,11.021557148714098],[76.71088737513331,11.038721694304037],[76.737603223174,11.03973873174255],[76.76659984970362,11.029093007612316],[76.79184086257548,11.037360120943028],[76.80085956714237,11.05396555408357],[76.7962161556758,11.055852571940761],[76.78779431873316,11.044701362434296],[76.77815990258233,11.04209098295206],[76.76894305301997,11.043434079042143],[76.76070258233993,11.052308685202242],[76.74612892961804,11.054823562044582],[76.74104285443059,11.072336934382882],[76.75416226316659,11.07778752558652],[76.75453265293129,11.084155638356982],[76.75167903585366,11.093187032271972],[76.74657650892013,11.09251172427711],[76.73898368762733,11.10430327974518],[76.74741678135878,11.111202531387372],[76.74829611434265,11.13583732604966],[76.73930955508987,11.13197137225828],[76.73502686302399,11.136393586159567],[76.72875405226081,11.130451641208344],[76.71846960528893,11.147640609591917],[76.71003184930113,11.147992390790103],[76.71274269623235,11.142702268160024],[76.70660646622326,11.14163639711033],[76.68973410643598,11.15919436758089],[76.70023854004117,11.18181943689138],[76.70658685240737,11.1793639590916],[76.71033372096586,11.187843465016023],[76.72903856667762,11.19103966212439],[76.72217933659525,11.20363042589316],[76.73176851718164,11.213668525767268],[76.72565341285309,11.225520762105706],[76.7064843056942,11.238257517714061],[76.68422182825698,11.233739940754516],[76.68478018330833,11.227731809035442],[76.6782356321717,11.2211159195639],[76.62972263986894,11.19417374961262],[76.600900823697,11.206594471904147],[76.53385100208166,11.196753564101767],[76.51609156403616,11.204296653325096],[76.51048204412595,11.211637589326465],[76.47236639456838,11.208750706231044],[76.47347053364703,11.194931179797809],[76.45844286609234,11.187681469409384],[76.45190463999364,11.19922199102163],[76.4386227520739,11.198961219900044],[76.44896115994656,11.205468559559751],[76.45308789729262,11.239367346241407],[76.52217783424071,11.271338082080826],[76.52626077063181,11.288262991628258],[76.54575558761792,11.300310349189104],[76.5393563650296,11.304620398415599],[76.5372989589243,11.31404371030239],[76.54996694356876,11.330993416425027],[76.54785726359876,11.358885576414837],[76.50818455427778,11.354123438217485],[76.51512033609369,11.359689323662618],[76.51775232711259,11.371563303994021],[76.46208230602431,11.387469769859948],[76.41507825792176,11.422627320091362],[76.41870494806489,11.441783227094355],[76.39767727642071,11.43502298161622],[76.37149503215035,11.454061945924089],[76.3422259600698,11.467592623756625],[76.32547051601676,11.453328887562922],[76.30515322221778,11.467788644373234],[76.29351889393644,11.465683524585833],[76.29046571611843,11.469569813303327],[76.29417648677556,11.472888743026878],[76.28443504444347,11.482920296402867],[76.27562464212298,11.476873837668997],[76.26460159044302,11.48089245312514],[76.2475733981068,11.468540697273246],[76.25228649458488,11.50000033894433],[76.24816253033812,11.516486234251332],[76.23848168566013,11.526266906203691],[76.25049256704733,11.527569753707914],[76.25150541663184,11.537776620850563],[76.24451101974365,11.543002525432131],[76.24439625457623,11.554090328915049],[76.23298312565383,11.569245828226117],[76.2649259424477,11.593890008825802],[76.27430154767698,11.593676685894236],[76.27890633428126,11.600942130350084],[76.28609418426423,11.590195917368836],[76.29594165205432,11.590415968780636],[76.30238378626541,11.571225579433365],[76.31592423807001,11.576594309568792],[76.32121245755258,11.586191568984612],[76.3358765059449,11.595736198049858],[76.34039817323257,11.587198488871973],[76.35457774581911,11.58931103278259],[76.37798143533867,11.601909715581135],[76.38809582044746,11.62966743342703],[76.40688620104561,11.634281416285509],[76.43248048089453,11.631290311873055],[76.44405702414687,11.647194178096825],[76.43136224994402,11.666363369890986],[76.45821172058659,11.664329351404467],[76.48262421906853,11.686108291664908],[76.48167711268805,11.692517913363655],[76.49359661115635,11.692979184429879],[76.51111127265995,11.704978423221245],[76.5372260732154,11.690800204393124],[76.55055826140119,11.674193534084099],[76.55390495206017,11.645714125276896],[76.56142365425718,11.63267595019657],[76.55995453057689,11.622469488138842],[76.57521399132267,11.619186959424106],[76.57674634472086,11.614495550340196],[76.59228826543638,11.618656614405285],[76.59760784959707,11.610643362069029],[76.61398488372656,11.607553277732277],[76.63046290376538,11.613786891306264],[76.74707276163929,11.613783520317691],[76.75691864300462,11.618436934589049],[76.81756933994804,11.604721222081245],[76.82283915025546,11.608075750794079],[76.84693266057326,11.594471499896022],[76.8564708635639,11.599281013878056],[76.85812453983107,11.614029851395932],[76.85053185328557,11.615959104409242],[76.8521129277115,11.621668027967324],[76.84275882994676,11.627050167963684],[76.8451283179683,11.634146942974448],[76.83462737701296,11.63950147331885],[76.83793287542458,11.641938258204533],[76.83500509972531,11.65541638639217],[76.84184109488282,11.662129705562872],[76.85276056542065,11.692369703108584],[76.86371125241453,11.705374635164683],[76.86263299918912,11.711010990024088],[76.88834944183183,11.73364316913771],[76.89661073815512,11.776467615150741],[76.90800360827126,11.795245400198146],[76.9423866491271,11.78802500992634],[76.95393962956956,11.79205213579891],[76.9699226994464,11.776859736257153],[76.9836459161905,11.80168327742404],[76.98214861325806,11.81150361809563],[76.99353908038083,11.80916032392236],[77.01294023991369,11.814615034615587],[77.01401058257474,11.806210792728221],[77.01688831312953,11.810713669207608],[77.02987993561803,11.804674974839717],[77.03267208277738,11.795889600977024],[77.03874926831945,11.793846691820331],[77.02886476388848,11.774674731652357],[77.03510161598918,11.76977900663906],[77.04646867840549,11.787616640788164],[77.06294256619397,11.79039671309497],[77.06975656700008,11.782076409035051],[77.05642675216329,11.769775763307457],[77.08276502840859,11.739763348021127],[77.08021798028629,11.735981982900395],[77.10500983282112,11.732798240344978],[77.1177064341973,11.721072082751135],[77.1085460769882,11.752599958685773],[77.11245569422503,11.756933230710073],[77.11074656226042,11.77347245321181],[77.13807819914017,11.772641478997988],[77.14709466420703,11.781914793125624],[77.18201613997287,11.786320572939848],[77.18923576606235,11.792521524738074],[77.2386016943543,11.79465274796905],[77.24959586879115,11.804180656926043],[77.24987603536198,11.81301267785875],[77.2879755278208,11.800435621589497],[77.29385437882286,11.808998277280233],[77.3351488319976,11.771230779767873],[77.36042479292728,11.779469287163279],[77.36484641484176,11.790403376902518],[77.37025555744302,11.786656677915092],[77.39445553159669,11.787633191433397],[77.42222728996508,11.772376037630922],[77.4261241490903,11.75268905930135],[77.43380662338473,11.778136786838187],[77.44980338897633,11.796010253200526],[77.4566155006254,11.828027791574986],[77.4663987325845,11.846312717879345],[77.45993809218025,11.863449552433314],[77.46585640617275,11.874196235568636],[77.4604753341275,11.881203585807853],[77.4616279606719,11.899983508281512],[77.47352387207579,11.899179957803568],[77.4772154708881,11.890455355164262],[77.48064014789016,11.893410212402665],[77.4862003520879,11.887410294636457],[77.48307019942985,11.8995744573263],[77.49059135941748,11.908489535562016],[77.49536537424827,11.944054641051197],[77.53798391001581,11.932385394599446],[77.54252159157005,11.938163291423853],[77.56106958963659,11.941915728106137],[77.57531437272623,11.93648163891598],[77.60345201041822,11.937656730062857],[77.6069538769577,11.942018808561295],[77.65353221973533,11.954670612370538],[77.65738317518746,11.949834038804891],[77.6771409506168,11.951865996609701],[77.69132793879602,11.941838038285162],[77.67450598078439,11.953899976299965],[77.67802093577755,11.973927072598844],[77.70890554255665,12.036018063971495],[77.72753522712689,12.062037856300574],[77.75568705370884,12.079733695018014],[77.76775454243364,12.106636729322883],[77.77639204511306,12.112280954837138],[77.77379821093413,12.120519785102278],[77.74980753975008,12.138462531997547],[77.74671723725635,12.155849341880272],[77.73130873971672,12.180073610362935],[77.69863934755472,12.185132422736382],[77.66523921633328,12.198210221094199],[77.63762507816126,12.19668916669556],[77.60931190876444,12.20614404260167],[77.59673671739388,12.199268105432918],[77.57385925467958,12.200887014071778],[77.56531417516811,12.196311040856717],[77.54626205873382,12.204663181734244],[77.51868368339163,12.194479246704423],[77.49271122897777,12.197332071050731],[77.47203879970594,12.207893619091399],[77.48262450569152,12.229436091564683],[77.47849274676302,12.240059257611488],[77.47111820171122,12.243510490184175],[77.47905950285895,12.27127348997807],[77.48759795010864,12.280495233733923],[77.4999818200866,12.282567797035092],[77.5141871033549,12.275383105950015],[77.52722469892471,12.278769200677115],[77.53283654187825,12.291458383081592],[77.5513367531649,12.291206722959235],[77.55790546988102,12.305730774932387],[77.56600455921004,12.30624351879408],[77.5785749760349,12.335665802788698],[77.59154273837115,12.340138070174671],[77.60083620704071,12.358426382418157],[77.61302387238425,12.361121251587015],[77.61680736525686,12.368199513962876],[77.62333032897891,12.412263374581007],[77.62961629377278,12.418324498060581],[77.62717405838289,12.458451259942162],[77.63462541118813,12.487599319599573],[77.62608818564723,12.496308980182024],[77.60742358266359,12.475123835196385],[77.58368012335411,12.478795449263622],[77.61632649079709,12.509180366250897],[77.61241599680451,12.514942851914928],[77.58720216964812,12.514754731944398],[77.58639655241649,12.545719523409993],[77.58035001290034,12.5515896460158],[77.5793428343802,12.573085410994333],[77.59142292826506,12.592092953618874],[77.5910191139853,12.615243012177858],[77.60623212284773,12.628912464902315],[77.5961227727961,12.650280663614708],[77.59887312493852,12.667157641258607],[77.65991011182719,12.683839990584636],[77.67638432121255,12.679471564781624],[77.67865464420987,12.660388908848114],[77.70422821609485,12.661404435958522],[77.71101461167225,12.667119893402768],[77.7115904910582,12.683137577947509],[77.72276586826428,12.679649204793115],[77.72462241556364,12.671187648688274],[77.73992821680166,12.672989633173096],[77.74100627329601,12.68576639733746],[77.73518192487887,12.694021753580623],[77.73988454340747,12.69987737840537],[77.76392390238165,12.69963641162755],[77.76574521775557,12.713743182620226],[77.76955306934543,12.712524472973637],[77.77445125829793,12.724214398786438],[77.76119956814478,12.727372589745816],[77.76241598585415,12.735314227646157],[77.79274397761858,12.747863546097326],[77.79438908575457,12.757621572027444],[77.77884454106012,12.76800684920666],[77.79856268461575,12.795118147589964],[77.80853720832303,12.796725512112948],[77.79973384430279,12.805215452190403],[77.80216191056572,12.81700347267074],[77.80989520141951,12.815532223294285],[77.80988158295979,12.831531832581051],[77.79589704001131,12.834533323584838],[77.7924627779852,12.84270374895553],[77.7991065911641,12.851537276023622],[77.80791949529262,12.84767100572803],[77.81554531440077,12.855790278624308],[77.82307669272478,12.855841725583547],[77.83601344162419,12.870329680614597],[77.85094858180628,12.8661103863819],[77.89034388507932,12.869655142883198],[77.89491886288755,12.878573285131695],[77.90841204264696,12.878806070084972],[77.90875824796755,12.884839760269486],[77.92187403110304,12.884738540309838],[77.92932457811948,12.890915584437435],[77.93610443935152,12.883605947225588],[77.92714369857835,12.881519651053297],[77.9277228999342,12.874916341415929],[77.9416253952562,12.872734951819382],[77.94132498515046,12.86873965425632],[77.92281345059965,12.855564050429736],[77.9185671555741,12.830575519246365],[77.94067831672349,12.823344373955047],[77.94660957903254,12.838709183882319],[77.93999455865513,12.85314264603514],[77.9436485450065,12.857819621654492],[77.95233599671067,12.857116812105158],[77.95277618736957,12.850129306755164],[77.96535059271426,12.848182052994607],[77.96431827304426,12.832842674906129],[77.9803938738869,12.835056157865758],[77.97927146756695,12.827043232342856],[77.98978419262221,12.8215476563176],[77.98852109126415,12.808192580168166],[77.99520259236247,12.805857587213518],[78.00975275773293,12.805739117334277],[78.0151100549659,12.813366172746592],[78.00371017888888,12.82478210933922],[78.01829765398804,12.83105249611502],[78.01914962967825,12.843943372028498],[78.02898787087207,12.845185704073],[78.02386568880013,12.856500916239096],[78.03065020779692,12.858022134938956],[78.0307306932531,12.852449483567225],[78.04999542744044,12.848781501186899],[78.05259180564825,12.853762995722736],[78.05782506260843,12.852110255356214],[78.06020876377443,12.843826401994992],[78.07720649693434,12.838849631002132],[78.0738597209354,12.83051468813331],[78.08619863741993,12.831936226933301],[78.09016199726695,12.817360880018017],[78.12499039229796,12.798186794667854],[78.13423755101803,12.781965723017318],[78.16766354922805,12.770080790111821],[78.17739920730804,12.775945758331247],[78.19516440355453,12.773844827897332],[78.23095122823017,12.760659714849554],[78.24083275025437,12.729522870785456],[78.2311714295608,12.712555214255609],[78.20717531728106,12.70817002011715],[78.20993976578694,12.700503848018359],[78.19936405266061,12.695453672389611],[78.21058901597202,12.686076694102479],[78.2377067514062,12.685759954142931],[78.23928757340552,12.70100874929576],[78.2445609877539,12.706326289076607],[78.27108606417093,12.70505799408357],[78.30099437111949,12.665869266940764],[78.31836676912651,12.661923761686674],[78.33220995857175,12.649262391698715],[78.34359228336474,12.64873995574867],[78.37142516939325,12.627106439371389],[78.41250001502375,12.626874298565953],[78.4067327527463,12.619977870972395],[78.4270675645916,12.635242762435691],[78.43482589867891,12.629551009347113],[78.45845860290036,12.629644651715687],[78.46496906117531,12.624029211679444],[78.47172318657279,12.632040430267361],[78.47056315611378,12.644592167875674],[78.47477561609415,12.647632510431027],[78.47051462283392,12.650562699396135],[78.46789965399131,12.675892085706893],[78.48450136665483,12.671660229980196],[78.49933411955581,12.67508547335042],[78.50744141858824,12.691407012425069],[78.50291137810383,12.691906594697015],[78.5039852727035,12.69864146363207],[78.4965757346781,12.703252391336104],[78.50193378110598,12.704448259428968],[78.50330397601897,12.716991094652082],[78.51190831738968,12.70767099383522],[78.5268599245893,12.721611493815038],[78.52507155672502,12.715418842862151],[78.53769926091218,12.716874462768484],[78.53697316704105,12.713317196568264],[78.54422976778764,12.710214607391867],[78.52928654995449,12.709115535191678],[78.5363647731334,12.690379476818984],[78.55587556396188,12.700157271849486],[78.55487897657896,12.707519597895615],[78.56158587844024,12.710011800272254],[78.55441971378823,12.719275251893105],[78.56385741955309,12.737623230383758],[78.55531612284736,12.739275163947994],[78.56319568188727,12.751320267578729],[78.5583422622736,12.749941111213403],[78.55562811583034,12.755785068603592],[78.59252102443723,12.782675628135172],[78.5930667617521,12.798232913323348],[78.60116344000296,12.80367905139635],[78.60038782201022,12.818422787597676],[78.60775766438152,12.821902620417996],[78.60155930868403,12.850803828655684],[78.61309319633345,12.867936575096683],[78.6334356151126,12.931746020246436],[78.65701386256325,12.93210639493219],[78.63805852073617,12.96475931774742],[78.64716929902643,12.966237126149005],[78.6208968135959,12.991240366590807],[78.65552037657245,13.015248063919396],[78.65621469703196,13.031169391068543],[78.70527143238968,13.015238620979554],[78.71451634262658,13.068678314368533],[78.74028895333072,13.063995565124172],[78.75177602797406,13.054941809390861],[78.79430397223848,13.066583926367697],[78.81313985520075,13.08914229620463],[78.84203642557738,13.078613089713715],[78.87097150583193,13.081883497248787],[78.86980010359976,13.089517061293218],[78.8750975910011,13.096816373015393],[78.89158114196708,13.09708733138845],[78.8956893039497,13.095121113614612],[78.88895231301795,13.073359697226936],[78.89164302061882,13.033058363273168],[78.92912447306047,13.036493611369659],[78.93710704910056,13.030426710091996],[78.94080990560002,13.036409829411019],[78.9291631176857,13.045758779432923],[78.91751371926715,13.043622871400101],[78.90367541306378,13.047705616274541],[78.91259782631703,13.06593221960511],[78.92173996479386,13.066093664327848],[78.92394154780733,13.080809067033083],[78.9414793454211,13.07851866874571],[78.94919410223393,13.083994463382103],[78.95544818312344,13.075839431151602],[78.96213429168088,13.078729945980484],[78.9702795292627,13.074713863393118],[78.97230217326147,13.083806497026245],[78.99500118205135,13.086608659611224],[79.0039173349454,13.084599965722001],[79.00949511737662,13.077226694402894],[79.03694811126137,13.070594398380017],[79.03868510537283,13.0611355517411],[79.06339763397314,13.053107343894203],[79.0628663280933,13.040637684404405],[79.08090729455559,13.025727123867888],[79.098307975121,13.026064379600905],[79.10746583142034,13.038277330791399],[79.11448180763828,13.03927214174082],[79.13734135075934,13.034811815247123],[79.14831153838142,13.024655800631514],[79.16312114169754,13.020270372966094],[79.18483340055514,13.029852803961685],[79.19299645981391,13.046695497403078],[79.18043969738137,13.048849544613546],[79.17966167370034,13.054499213635854],[79.19209993307551,13.056146237059314],[79.17829799157317,13.059186229579334],[79.18007390070272,13.0643110985825],[79.18731565139937,13.060657793361393],[79.19212109019708,13.067431587376488],[79.19079941868249,13.073352555215079],[79.18400819466042,13.072730378608924],[79.18532830220809,13.079672153827682],[79.18065877941119,13.084242356154054],[79.18765738760145,13.083463602869259],[79.19068782816126,13.088732697693496],[79.19829339295471,13.081341318392388],[79.20086350711856,13.088834125941704],[79.2344266663944,13.105228876980052],[79.23841168013132,13.118550943319303],[79.23037755157374,13.126373018961482],[79.23287296992338,13.139370221603963],[79.21003004294015,13.148458090673573],[79.21468624012813,13.156957802919527],[79.22732232290195,13.155615674608839],[79.23389566504342,13.169998770859932],[79.24268692875677,13.171002970217836],[79.24495969786666,13.14882004016519],[79.2401845502603,13.144365897188578],[79.24527305718719,13.138275816140911],[79.25409224233621,13.146131987696592],[79.2532732860209,13.160255107044073],[79.26036684164511,13.159562611568333],[79.26208754660554,13.149041845147405],[79.2773587321624,13.15621650441018],[79.2870330545391,13.12312730898055],[79.312463705893,13.126141606075297],[79.299263917702,13.118657835974428],[79.30154342776976,13.113664401318568],[79.29430542214955,13.109598981153779],[79.30718986125162,13.105521888899435],[79.30990840943976,13.112012697363499],[79.31903412491656,13.113330896937397],[79.31192219964309,13.11656903461257],[79.32423816866373,13.118538031090042],[79.31867123698281,13.123472084910503],[79.32901745840182,13.130524942148929],[79.33962374389222,13.130454506164691],[79.34130595604272,13.136820445166531],[79.34464408755368,13.136674111870121],[79.3451087052018,13.121266431564914],[79.35809791391712,13.12171596842525],[79.36552123479392,13.133932918593297],[79.35611537071264,13.164579287752082],[79.38003813285448,13.162926322130586],[79.37923552408073,13.171513524784702],[79.36952220440695,13.172914319854392],[79.37269519861923,13.178839576291251],[79.3877267208448,13.177528976974102],[79.37403254483718,13.18925713535477],[79.39202172971156,13.192379101212259],[79.39906456465818,13.187805848204283],[79.40918511131153,13.194037367385288],[79.41017174985271,13.190512011352094],[79.43842768129458,13.18817512311304],[79.43238253416712,13.196971480811742],[79.44385234768227,13.20777510141402],[79.43621917137193,13.212739284672464],[79.43737856133212,13.219554485858337],[79.45380044115724,13.216942611723956],[79.4532895126613,13.238487858047433],[79.44149339510236,13.237993291051446],[79.43999689526379,13.230604179019721],[79.4308664465638,13.229847966707583],[79.4397859313092,13.235860462383538],[79.43149104518085,13.236065619288262],[79.43767925171223,13.242888783168764],[79.41849621660509,13.242960108420876],[79.42263580435126,13.251316343835622],[79.41685960563333,13.251682818095837],[79.41616883621415,13.26041014908754],[79.40841812343375,13.265269615630617],[79.43373232833997,13.274987036657954],[79.43472287634927,13.289065155637395],[79.44631026586039,13.29161588839252],[79.44542222909972,13.301251735735333],[79.43053982361805,13.300247253143779],[79.42003527233358,13.289546841430663],[79.4157684436173,13.299580750840647],[79.38983893765717,13.297427159433843],[79.38865790997673,13.309783529359976],[79.3818880128578,13.307487805979576],[79.38780904335573,13.318049715275432],[79.40202307262163,13.317352930397176],[79.39835967911263,13.330202180243619],[79.40536137211755,13.335037469068514],[79.41472046361696,13.330033314780756],[79.42098889239816,13.336287329788837],[79.43166884603009,13.33671481905323],[79.43542899079016,13.351709701951572],[79.45625511731551,13.338570740310582],[79.48048623875505,13.339999584172967],[79.49970838381475,13.347787401408047],[79.49738387443948,13.332038045323314],[79.51008144419953,13.334174906294656],[79.51108372600305,13.341971343430727],[79.52593504169106,13.344386769156655],[79.53730509819222,13.338647067773108],[79.54184613225911,13.327300482040512],[79.53935600498647,13.321880827956004],[79.5441066779929,13.316784605859095],[79.53486445102376,13.301370084573211],[79.54123131360056,13.292437526220741],[79.5345147054426,13.275573113239046],[79.55840758782149,13.272720247380827],[79.57402947925856,13.258998709831687],[79.59097575422402,13.260990483919612],[79.59605682579532,13.284853812295948],[79.60868597357509,13.287494576727157],[79.60608889557969,13.279549186651321],[79.61411741775159,13.282695366366907],[79.63163779882862,13.269698051434037],[79.63326205527027,13.282384075660714],[79.6384671096221,13.287486406706186],[79.64126753116356,13.275586662412676],[79.64248173632241,13.29014819721467],[79.65179377586384,13.291833351408032],[79.657833215096,13.283846965925378],[79.66387413115847,13.289766700894818],[79.66538610178283,13.278716510881685],[79.67424591144398,13.281765772686354],[79.67828642309914,13.297429366866421],[79.68292365325824,13.295552904653405],[79.68125625432678,13.28799224982178],[79.69393445461263,13.279795719401882],[79.68879211165076,13.270925306017382],[79.69574914311472,13.267276455663204],[79.69112438067346,13.260982023593193],[79.68770683000659,13.266704403611673],[79.67829334192348,13.261653601744545],[79.68427382382521,13.244428815654945],[79.69593532165229,13.23855528894702],[79.69306698118719,13.243292449822558],[79.70098195900214,13.253025465167983],[79.70912457619828,13.251043491679205],[79.71254583061909,13.244665447983483],[79.71406521683615,13.235734318241663],[79.70609745671004,13.234195657013517],[79.70270782298724,13.222396149130065],[79.7183857468401,13.216515849908422],[79.72164514101641,13.223456713117578],[79.73140153311147,13.222445278566532],[79.73027544010559,13.232533310628472],[79.73731708208952,13.236534770817668],[79.75099563100446,13.216423603599123],[79.75008213778528,13.207994284403139],[79.75984325861198,13.207443171607206],[79.76425221517927,13.219114621421863],[79.77394434988373,13.219164077712394],[79.77547748032464,13.215309550137992],[79.78478163175956,13.227904594784322],[79.79449303892012,13.226321734797427],[79.7947320204301,13.242103946059435],[79.78159659383427,13.251589429149725],[79.76119340043287,13.257521143071816],[79.7480824098094,13.270986314744086],[79.73503611225944,13.275936220689186],[79.73062778900443,13.28293404398679],[79.73371243840009,13.288817098848298],[79.7442283470847,13.288591186003673],[79.75674668408092,13.295288373357268],[79.7608290707031,13.318480339151138],[79.79173280620785,13.293524142388486],[79.80164502905525,13.300504799259238],[79.8089021391466,13.317253571736295],[79.83608616036726,13.314223054419042],[79.85326434889807,13.315962161563423],[79.85354557278598,13.320707336046855],[79.86280893801207,13.316920846416153],[79.86806527269194,13.33106639964278],[79.88289966322165,13.323319314278551],[79.88350497680618,13.332859263670189],[79.91485096101015,13.348138024077384],[79.91597242320077,13.359869173380279],[79.92528985892208,13.358358089099553],[79.93130022418009,13.351513081672127],[79.93800714310936,13.355522859250268],[79.94947095587843,13.375479984418803],[79.94504769543687,13.381776516332323],[79.95804795702347,13.379174950713452],[79.96275461797084,13.391357676419153],[79.96145394367772,13.395598570954009],[79.94435636636726,13.396867701261822],[79.94128201435969,13.40060902161899],[79.94570466574349,13.407730618355934],[79.9345709524003,13.416453212283475],[79.94183823501395,13.416720040830345],[79.93960960821884,13.425029410286685],[79.95665178103583,13.422192429135203],[79.97333871597206,13.429672477225353],[79.97242033232448,13.469091660565198],[79.98239685119002,13.470456356048107],[79.98407731881223,13.479578614824208],[80.00749053676199,13.478640515578974],[80.01583955267448,13.489025609092264],[80.01590455387012,13.497951506782625],[80.04661829838722,13.49368380476529],[80.04804904603856,13.512530751319256],[80.03552034697552,13.518305431851111],[80.02718585322793,13.513700478173151],[80.01952036541516,13.519250767870792],[80.017653057197,13.529558577370512],[80.00051907116807,13.525675412747459],[79.99859971366403,13.542723824169109],[80.01337919197708,13.547150188204538],[80.0238980758819,13.546035209418145],[80.02843806700474,13.538824563588289],[80.05693460321233,13.536636520031355],[80.06275136176366,13.54535670664478],[80.0812594297158,13.549751227867816],[80.08864062319903,13.5353996601981],[80.07714188572837,13.526804905828099],[80.07819006964628,13.488811434832847],[80.10306394914633,13.48694889922],[80.1051599127403,13.49335316142427],[80.10821302318463,13.48891989125315],[80.1127714890596,13.505947356597968],[80.13170796536737,13.501435034572108],[80.13921277601688,13.504273795697596],[80.14553341488238,13.49948692402331],[80.14514498964175,13.491415240118174],[80.20995130297099,13.486278159147071],[80.2145985619219,13.490271830056368],[80.21383049426915,13.486096132399707],[80.22588809344099,13.485070467958684],[80.24181401160112,13.470646954258143],[80.26404959929883,13.5626373758262],[80.26874886172152,13.564628197689208],[80.30070347070017,13.478228620370643],[80.3260184975649,13.441682190755802],[80.34654672836902,13.313273995772464],[80.34507052237106,13.27864530977754],[80.31277595136304,13.167452199432072],[80.29843770126303,13.137487911100571],[80.30423206840756,13.130389455609976],[80.2978398050678,13.132710519218097],[80.2968605821193,13.12393326114709],[80.30553243008698,13.130385364032911],[80.30041669702047,13.121412487085419],[80.30496685886892,13.110069728588583],[80.3033865408245,13.106064940198904],[80.30148487114839,13.112079853403545],[80.29827444862981,13.101805898291271],[80.30172892993635,13.098670358065645],[80.2969104224479,13.099256375295182],[80.29494841473077,13.092914809754689],[80.30077233644819,13.09117665440814],[80.30379805276793,13.102589538689982],[80.3107865477247,13.108155086256547],[80.2868627183843,13.064583253884196],[80.26782849818707,12.975088805732765],[80.25301716830901,12.976666720057407],[80.26782690457577,12.97508883812183],[80.24935015279274,12.85717258608351],[80.23638212725011,12.858344575056098],[80.24912215678039,12.856697328929283],[80.24824246806368,12.808953776063637],[80.25527540357587,12.783876745607513],[80.20833334641445,12.65455425869018],[80.19913896910724,12.62530195967189],[80.20072454768597,12.617138917392053],[80.16803372621288,12.535093793879852],[80.15735306920013,12.469033587145132],[80.15042367710082,12.454416651737123],[80.05172074896394,12.3266332354362],[79.87364941070378,12.042032014252126],[79.84976879571842,12.051311665859433],[79.84090256040808,12.012809793622338],[79.8567973932661,12.00605501220818],[79.84063594043177,11.955785648928845],[79.82885144976754,11.958328414762127],[79.81850425098148,11.977888636411778],[79.81260488784821,11.97789176390776],[79.80507349964272,11.953256055817048],[79.78472133414276,11.959862463739803],[79.77152511226343,11.943888596678915],[79.75994373607483,11.943599062438718],[79.76219502197468,11.928544046570154],[79.75507693785164,11.926009757008021],[79.75627752814401,11.920387462604719],[79.7502740673373,11.919905608590643],[79.74453072180597,11.96495538573736],[79.72451735322045,11.971227344588353],[79.72350473540124,11.977049382674508],[79.72647810509275,11.985758316606255],[79.7419467717901,11.977666531379558],[79.76042375803344,11.989201026064112],[79.76237340583053,12.00268970085109],[79.7464959356103,12.007678119846679],[79.73343176967103,11.993258982203935],[79.72057165425188,11.992739088609854],[79.71589530785208,11.984844142728612],[79.71242500092518,11.986553743919158],[79.70926791138503,11.975810720608365],[79.71502698911192,11.967636998623634],[79.70260419962425,11.967021250653454],[79.69797055823474,11.960486463373975],[79.69568975998286,11.963917614386041],[79.69166093720617,11.951316849283053],[79.69730956976386,11.941751339100929],[79.71121570775432,11.933069515604013],[79.70967826629835,11.949956484293175],[79.72089107181071,11.94489983371562],[79.71753057943575,11.928986094971572],[79.74069668881715,11.905438149575582],[79.73130992022384,11.903208699424596],[79.72888439978644,11.890205589778263],[79.71119423622241,11.890708363098177],[79.70527926216612,11.893919110150621],[79.70660186972523,11.913621331907523],[79.71795254417583,11.913360447785777],[79.71866113257698,11.919037265626777],[79.69620257314429,11.919165401270078],[79.69538900402573,11.894789374947567],[79.68716448742514,11.89453798206577],[79.6868420721882,11.888888061134475],[79.67384523857271,11.891611360308394],[79.67400420624203,11.880695563576147],[79.6898235680398,11.880841917586569],[79.68505990000448,11.880982975994629],[79.684679877605,11.885851014120599],[79.70982161495985,11.88928942861179],[79.7082647429443,11.869085595078634],[79.71890187119166,11.853285146014176],[79.72112127408545,11.862500699610608],[79.73936804907088,11.86469559334922],[79.74310602790133,11.848322722729419],[79.75188693763272,11.84834613870974],[79.75742679409096,11.876065149040727],[79.76398900969934,11.876967436167952],[79.77009366931608,11.874605963763655],[79.77087920201457,11.861326568025783],[79.76217035064371,11.84839134682618],[79.7681901913313,11.8387978886782],[79.77588084904002,11.838412146911152],[79.78228480664815,11.855875185725512],[79.80067268720182,11.85527085335404],[79.8082057283074,11.845256610733617],[79.80706247568297,11.83353594802867],[79.79828691182583,11.838699872033233],[79.79384219692035,11.833550253879782],[79.80070289484989,11.83064142136868],[79.79753871041558,11.824556582753647],[79.79580307455683,11.828497499602458],[79.77837956600341,11.831714440697693],[79.77012856796654,11.822594484583515],[79.76498897923935,11.824124694354932],[79.76442969083838,11.833733967634583],[79.7367307058895,11.844207499612185],[79.73820538205653,11.836916220211691],[79.72944586660195,11.836955492015623],[79.7357217603832,11.809322510277616],[79.72452255266927,11.810442892147936],[79.72282029910478,11.796485659746477],[79.71391056018189,11.796298480135667],[79.71235842408453,11.791507705987884],[79.72617851514886,11.782517775758325],[79.75510055456043,11.775232122170875],[79.76591104777619,11.791825154314807],[79.7719387002135,11.782181850389298],[79.78048591861359,11.78110925535414],[79.7844336899955,11.787339206063244],[79.79586439086317,11.785720614041095],[79.7606512482943,11.624372777865574],[79.75698076797597,11.557048033104358],[79.76289508266883,11.529527188036372],[79.77401140193315,11.504656986078357],[79.76737945460087,11.513890163247982],[79.76793248982912,11.510680644409042],[79.7727303755919,11.50106775286806],[79.77824458604714,11.501517951326019],[79.77070223659857,11.513707796381858],[79.7786412712968,11.506426566739055],[79.77922993460754,11.501494853747516],[79.77562239115639,11.494022798152269],[79.7770680921639,11.488553973657607],[79.79747076993233,11.458434119418916],[79.79476472269971,11.466234982644053],[79.79767543220522,11.463745310194115],[79.83218634195356,11.356481459375907],[79.84259907733117,11.350742487303878],[79.83429467175571,11.321735405832568],[79.8566228506064,11.171354516074565],[79.85381644718348,10.983221369593906],[79.85126416008644,10.99428644709924],[79.8394415997188,10.995841726199531],[79.84013105310609,11.001595680674463],[79.82068154893958,10.998160560091753],[79.81549604641988,11.003867635190828],[79.81317436134786,10.999149669623776],[79.80496659742897,10.998447841562193],[79.80406974011056,10.986968803828848],[79.79778699757361,10.982494939344605],[79.78640984438171,10.989606532252223],[79.78607589657315,10.997372555732753],[79.74680132238272,11.002575421867748],[79.74736522363264,10.988298834713564],[79.75856410615641,10.983489380215373],[79.75284491722135,10.976887706425199],[79.76396206922396,10.959762106006442],[79.7461045270646,10.956288787013559],[79.74477239916011,10.966205937737781],[79.7401104293981,10.964353903367849],[79.73119687173691,10.970516623419744],[79.71969148134325,10.96850740333804],[79.72085333717891,10.95187375285057],[79.73268665307545,10.951428482860798],[79.73670478320537,10.957425590296243],[79.73717772284625,10.949063538332648],[79.72406595877331,10.941341630803663],[79.7274314287133,10.937937445358154],[79.72330490157303,10.93518104556965],[79.72958918741563,10.934149270144038],[79.72408530129802,10.929128651736002],[79.71572017859249,10.930865765257835],[79.74312023385923,10.925042976652259],[79.74337733888005,10.914832280699388],[79.76242658609536,10.914382034936148],[79.75703007919688,10.896474624703403],[79.76357167397789,10.899738319089725],[79.75629047286726,10.891756112646462],[79.77700166713853,10.89656436088848],[79.77742187836722,10.908949427252091],[79.78932710979215,10.908440804236047],[79.79540706304361,10.902736634936765],[79.79136380613691,10.904836496649144],[79.79386354807804,10.898693135059055],[79.78256006841751,10.895325189709549],[79.78365845199016,10.88847549770262],[79.7899634754411,10.890340693440185],[79.7903566644477,10.894876899190773],[79.79469093328564,10.887538137602265],[79.80433321688172,10.891057347851417],[79.82858331972322,10.883781766596016],[79.81130162371211,10.880337670721001],[79.81111022416609,10.875571599661681],[79.82240910894392,10.874240882437233],[79.82490708659383,10.864828273818983],[79.81170421897802,10.859654770931218],[79.80749139068843,10.86544360237807],[79.8079377105525,10.855616265069111],[79.82108157502378,10.845559195113694],[79.82808938825076,10.849671515965262],[79.83106982139536,10.827382741267636],[79.85249660643545,10.827209230614534],[79.84912238241301,10.824804102962101],[79.85329734401846,10.679417215286664],[79.84101759956168,10.676297438217116],[79.85333623029047,10.676480180230861],[79.85718578437078,10.57385978698571],[79.85278651164228,10.575675548721737],[79.85805042271322,10.56778784971361],[79.86263916360988,10.4730076003733],[79.85850132039198,10.472288555341384],[79.86330640435517,10.466697163344614],[79.86782279404053,10.380140327081625],[79.88159829722576,10.321722935933872],[79.87613001313946,10.29506575579344],[79.85836536037372,10.281923930989008],[79.81675702236397,10.275838023788669],[79.81919827140369,10.27926952866458],[79.8133172806146,10.288743293639394],[79.81468331273454,10.282894058436423],[79.81005915665612,10.284506841169287],[79.8139271872852,10.275615935100198],[79.80213320502166,10.274162202216147],[79.80185821723845,10.27850177919573],[79.79969133794103,10.273930962093724],[79.7797182471179,10.272555565579362],[79.78746129098074,10.281291479948448],[79.78338512698853,10.29605859403195],[79.77939230599348,10.292228501313739],[79.76071283319689,10.30704000323121],[79.76288793657075,10.313021399860295],[79.75121936271415,10.314743647709436],[79.7487327837869,10.300720204632402],[79.76789084483086,10.288630892690898],[79.77349982844687,10.290951837012189],[79.77782859600198,10.272487128390935],[79.71180447167637,10.279355781976177],[79.59552762197322,10.30244020320709],[79.53074251876615,10.309166178754468],[79.54922329140841,10.31780555934688],[79.54413041507597,10.324885319017062],[79.51394685264626,10.31327856593811],[79.38806650410945,10.317518823593861],[79.37321694642444,10.307944394702098],[79.36033617604197,10.29122709610621],[79.32925702471506,10.28436137707897],[79.29846141133619,10.263298499867586],[79.2669885320135,10.228908127917439],[79.27726854130789,10.223293751855614],[79.27869263423959,10.215454663407705],[79.26507697368277,10.197432960084043],[79.25177903107227,10.194671560241805],[79.24153667286639,10.184870407246398],[79.23610661658701,10.171595586399732],[79.23914644543989,10.16080858637545],[79.2274855961964,10.151396169999519],[79.22604915142952,10.137108638212057],[79.23339121879057,10.127105487329343],[79.22717043126214,10.11911961913588],[79.22935233128943,10.107465004426437],[79.2231247102766,10.106006681233023],[79.21948147316591,10.113055235976129],[79.22312908417372,10.105310515130535],[79.22893201405955,10.105367597409867],[79.22597868129046,10.099288327697108],[79.23143914644051,10.082981104186755],[79.2274982139329,10.084415276040543],[79.22323213980145,10.0812204400082],[79.23029870644122,10.08294980028018],[79.22720326558407,10.073502742202093],[79.23146620639181,10.081909726830292],[79.23669132641218,10.073337177010423],[79.2341132226322,10.07059400099361],[79.2368371355592,10.072803708247315],[79.23709750415946,10.073988008201814],[79.23945009397221,10.070131243347438],[79.24806709889349,10.070874266230598],[79.2504920381209,10.067573495038342],[79.24665554734146,10.064726833228619],[79.23821226761298,10.064720548919539],[79.24525751902773,10.057883218906039],[79.23928665808268,10.057799261223508],[79.24558561790548,10.056893112138624],[79.25508952411687,10.045430496893752],[79.2505290307443,10.042118400866796],[79.2556821480997,10.045154551810038],[79.26611175743159,10.039233636168422],[79.24440856167689,10.027216165948312],[79.21658195038064,9.997546550590762],[79.21487697312423,10.000051351798264],[79.19846306494892,9.973288847058123],[79.15519861893253,9.931520060804736],[79.15050625107962,9.919635778123887],[79.14491645098651,9.918713824949062],[79.1452722808571,9.924228900428968],[79.14370822591252,9.918704823865424],[79.1388708008025,9.920861248842096],[79.14701344404979,9.911435637205715],[79.13990545070234,9.904677606317856],[79.13668218586845,9.909636716233146],[79.13967748882594,9.904424458050604],[79.13510353419883,9.900369278783815],[79.13343602028301,9.90372835262562],[79.13145739283486,9.89706954872672],[79.12550312736636,9.903705660397868],[79.12984806190167,9.895835420146238],[79.12403564670477,9.883561959355918],[79.11844617180179,9.890654536930654],[79.11126567363114,9.892837580860062],[79.1185829879145,9.889578647334128],[79.12162869444427,9.880081041575865],[79.11582535762162,9.879547364173433],[79.11677898307612,9.862771551019675],[79.11295449828044,9.860230776774966],[79.12220376444813,9.860299015565516],[79.12083183129509,9.855308247421068],[79.11018307435636,9.85784373158866],[79.11545773287138,9.84907412257167],[79.09010748935256,9.857376141384425],[79.10665563996729,9.850816842625502],[79.10867992339145,9.842256656652982],[79.10530707019812,9.83891116241573],[79.09882023402187,9.84332265237126],[79.10481942064446,9.837943714285847],[79.09922229389191,9.834249879216259],[79.09496905488922,9.838223018066957],[79.0987118199435,9.833838453416018],[79.094245257112,9.830040675429123],[79.08495513466684,9.834650471590093],[79.09390347689248,9.829362546429289],[79.08267438941559,9.815546133148143],[79.0784791016302,9.799976559391297],[79.07582440659078,9.812208844286081],[79.07696142939871,9.799709595004247],[79.05906925718514,9.772957778962384],[79.041229107308,9.766249367736501],[79.03231386620398,9.755302464306776],[79.02987391612817,9.761463311222046],[79.03182412806729,9.754798353110365],[79.02688858806356,9.748271274573812],[79.02237564880723,9.752817562783717],[79.02620522794884,9.747674341026164],[79.01591177985784,9.732318978935469],[79.01315044131944,9.74484009306819],[79.01500071208993,9.731491394309506],[79.00449315863578,9.718603862045573],[79.00323293727652,9.725325528869712],[79.00403768493896,9.718119985831013],[79.00040754706174,9.714393613233458],[78.99912099697981,9.71841645241196],[78.98036288925655,9.689557172889481],[78.97100022785222,9.655704740107028],[78.96397621261079,9.640557818831882],[78.95926603026749,9.641716168263265],[78.95981482993916,9.630934333693112],[78.93364027255272,9.606175052942804],[78.92013850310255,9.559225252583234],[78.9152263516356,9.49903115316786],[78.90421084041415,9.496807812094463],[78.89838645067452,9.49011748860826],[78.90300675837027,9.46248689593315],[78.93168520881278,9.414207741376972],[79.01433314884949,9.331363110706967],[79.07111927008445,9.295035562033762],[79.13223044883242,9.287879734980608],[79.1398029753863,9.291876505041138],[79.16078234192273,9.284330441565864],[79.21118673705618,9.283265804869696],[79.22111428067073,9.291337678138037],[79.26592844631641,9.292744173886438],[79.28150974019081,9.31274858493606],[79.30991538934953,9.327646842672413],[79.32934201162914,9.320096212899667],[79.33504634063277,9.309328748803505],[79.31471715044447,9.281188349797173],[79.32400378203641,9.263577299270189],[79.37360208113618,9.21820295000769],[79.41643758429936,9.187098899835929],[79.435842971304,9.164171889171916],[79.4354962907746,9.157793143974173],[79.418188175311,9.176027361342618],[79.3108661931957,9.241477450713068],[79.2573618970697,9.259179370285107],[79.21990843433565,9.25730532013255],[79.21846939882747,9.270755078403527],[79.20502728290207,9.273479531177808],[79.20919806015495,9.28240316589798],[79.14622386623756,9.277070948780848],[79.08920077392222,9.261531773092765],[79.06289323443269,9.261535415265417],[78.97935339038804,9.274869744005082],[78.92652291876001,9.267714594963975],[78.91615270603468,9.258781673703602],[78.89569633506342,9.251537234298823],[78.87488239059162,9.2572605930374],[78.86109901007968,9.255401916404663],[78.75446239401714,9.215499815329036],[78.73260279528327,9.211889351241084],[78.71653429023301,9.200031006404245],[78.71725519902832,9.189542662894931],[78.67886611038313,9.196014169606643],[78.64933792734371,9.187621608300875],[78.64230838476834,9.169755807203087],[78.65764819891797,9.158123156987127],[78.6053917390784,9.148014449389146],[78.57824975901299,9.130999665606979],[78.53685722508058,9.138495394293333],[78.46753635193421,9.12798948669044],[78.41528685044483,9.114598113394058],[78.2941738763922,9.020709889891837],[78.21504443340578,8.96603792641878],[78.18664195260509,8.92359091396987],[78.17998098789248,8.892687959045052],[78.17163835001854,8.885872331728985],[78.1669276250928,8.872887245180461],[78.16477315512272,8.832781412873072],[78.16802433959565,8.82585536243509],[78.16326001219689,8.815629752418978],[78.1665764287325,8.81174363218614],[78.15808082573197,8.796964934011845],[78.16155759693564,8.792871809258035],[78.16186354785005,8.797642817716628],[78.1618091306051,8.777736505405462],[78.18705554504673,8.764139952437334],[78.19655666019254,8.76927137660473],[78.19860428544105,8.775899861944014],[78.1965682700193,8.77883894681721],[78.19545605598454,8.77491737500721],[78.19248176372325,8.786814197995811],[78.19913448908805,8.787475299216347],[78.19825271987317,8.76108014525009],[78.1915769652977,8.747920097055857],[78.1810984435969,8.750335673024573],[78.162993752445,8.741345521438827],[78.15405855167367,8.712218100153285],[78.136401565588,8.694108025588303],[78.12563863457329,8.66508837611746],[78.13143572361315,8.662913944304357],[78.12729328820751,8.615037682164788],[78.13797262110357,8.58596380075692],[78.12190006914298,8.515695111394582],[78.13058942976713,8.49690902168956],[78.06388973731356,8.417985279036838],[78.05689638965761,8.379411279050073],[78.06748418781946,8.373355161814546],[77.9713019695839,8.335313088841161],[77.95269407955597,8.313890549606024],[77.89974357773461,8.284877978718319],[77.88814467631315,8.273297999569792],[77.80292453622448,8.240165763079467],[77.78377355839655,8.221643464091812],[77.78131024673344,8.20104072112649],[77.74560611916625,8.177367792567697],[77.71408673226466,8.166452545369626],[77.6492204896279,8.15931674321294],[77.58861959887707,8.142107005100682],[77.5587640050694,8.119289893766199],[77.55821461340794,8.097724584195621],[77.56433086039351,8.092336645937532],[77.55308615390878,8.085819761697072],[77.55093297391942,8.077961803409192],[77.53250635980737,8.077704415723952]],[[78.41041768026517,12.613041438475323],[78.41043212468074,12.613536865102734],[78.4067327527463,12.619977870972395],[78.41041768026517,12.613041438475323]],[[79.71835954208498,10.281609813263874],[79.719821595338,10.2852435041451],[79.70877760820801,10.280905179409721],[79.71835954208498,10.281609813263874]],[[78.85831028639987,12.633359087142646],[78.86577077327492,12.631655622223688],[78.83765329467619,12.643439981275353],[78.85831028639987,12.633359087142646]],[[78.76879755234087,12.435449081825842],[78.76881085975856,12.437454935772454],[78.75856210644618,12.442743127901423],[78.76879755234087,12.435449081825842]],[[78.76279775153168,12.410067690935422],[78.76871151686791,12.422480781204063],[78.76877823524869,12.432537377501406],[78.76279775153168,12.410067690935422]],[[78.74974784460721,12.384622294158133],[78.7509839699133,12.385270369887827],[78.75365043953882,12.390867333290682],[78.74974784460721,12.384622294158133]],[[78.67650944277081,12.27094687314475],[78.67843638330066,12.271797456835644],[78.69393936564187,12.294063743147792],[78.67650944277081,12.27094687314475]],[[78.6351974179973,12.261225046158623],[78.64809300566529,12.258289127024227],[78.64963781837005,12.259085289920469],[78.6351974179973,12.261225046158623]],[[78.65083998505894,12.240217055624207],[78.6529317472323,12.251168555636454],[78.65237792356106,12.251983548735929],[78.65083998505894,12.240217055624207]],[[78.63291403321573,12.176708577969274],[78.62106843223935,12.184216289313989],[78.64786194502625,12.162163441793178],[78.63291403321573,12.176708577969274]],[[78.63554957106341,12.14646626235093],[78.63549671931064,12.146262286929986],[78.63571478629159,12.146542711801679],[78.63554957106341,12.14646626235093]],[[78.63092825096632,12.128630794978864],[78.63152478051275,12.128653758020267],[78.63483319374465,12.143701484316436],[78.63092825096632,12.128630794978864]],[[78.64886641970872,12.129321313854247],[78.64875111635908,12.129380605172205],[78.64744394235191,12.12926655645516],[78.64886641970872,12.129321313854247]],[[78.73408337787329,12.11335270964187],[78.7288038331836,12.101683516044542],[78.74521727716774,12.123920391272868],[78.73408337787329,12.11335270964187]],[[78.7228399083687,12.088501660911998],[78.71987054067179,12.06718222064765],[78.72644588766389,12.09647183125373],[78.7228399083687,12.088501660911998]],[[78.70276674109917,11.986301631056124],[78.71676877019081,11.984176100635212],[78.71789925538822,11.987048190977816],[78.70276674109917,11.986301631056124]],[[79.09848079660863,12.066087501261382],[79.08645531130985,12.081078319246025],[79.0858652895783,12.080317764389074],[79.09848079660863,12.066087501261382]],[[79.17262955565502,12.030478403366656],[79.16840991723723,11.992197886166936],[79.17621395670787,12.047436681581472],[79.1726295826045,12.030478391945055],[79.14749009642775,12.044122152776751],[79.17262955565502,12.030478403366656]],[[79.23719630356936,11.952141358614716],[79.21047748030844,11.974045267995276],[79.20974995347467,11.974008840523904],[79.23719630356936,11.952141358614716]],[[79.41457164241878,11.898897416756286],[79.37880460583222,11.918027823635505],[79.37778418291894,11.918029967352654],[79.41457164241878,11.898897416756286]],[[79.45507686542929,11.871494192093623],[79.46969429389863,11.871178650680193],[79.44097926590905,11.872776634837349],[79.45507686542929,11.871494192093623]],[[79.0431813763891,11.587228228732474],[79.04919203359955,11.585724858320509],[79.05062011062225,11.586707520947254],[79.0431813763891,11.587228228732474]],[[78.91636299095565,11.529254345675222],[78.9174830301221,11.531599401259587],[78.91526082178969,11.538533484372698],[78.91636299095565,11.529254345675222]],[[78.96073997340926,11.406103990425809],[78.96164759734124,11.405978526231388],[78.91156793030169,11.465421568403222],[78.96073997340926,11.406103990425809]],[[79.10808364505532,11.400849392992082],[79.10587517466529,11.401715746268904],[79.08313819857995,11.39679492480683],[79.10808364505532,11.400849392992082]],[[79.1424712700208,11.384259950733504],[79.16127170129114,11.379984432784457],[79.11426260646384,11.39842546940778],[79.1424712700208,11.384259950733504]],[[79.16276892664767,11.369708219138749],[79.16758412507738,11.377508153701617],[79.16758412507738,11.37750815370162],[79.16276892664767,11.369708219138749]],[[79.07075304670602,11.154458797109926],[79.07246865642217,11.159246097302367],[79.07189828254356,11.162530496360246],[79.07075304670602,11.154458797109926]],[[79.00615210571763,11.058963962762785],[79.01231997039883,11.010092299710484],[79.0064474210785,11.058854294211763],[79.00615210571763,11.058963962762785]],[[78.94731826990204,10.962467562952023],[78.94800262712452,10.960865952448945],[78.94679830704929,10.976569255057967],[78.94731826990204,10.962467562952023]],[[78.95028648775543,10.95552100239383],[78.977563649898,10.943567502161686],[78.9487271096786,10.959170436087332],[78.95028648775543,10.95552100239383]],[[79.00478739663056,10.893446768693064],[79.03253233917602,10.886567192049739],[79.00570955388726,10.89359668089016],[79.00478739663056,10.893446768693064]],[[79.04995684126615,10.888262671004046],[79.05251416392014,10.890151263131079],[79.03253233917602,10.886567192049739],[79.04995684126615,10.888262671004046]],[[78.86450334024056,10.732831779336038],[78.86517751687812,10.720835163811072],[78.86842506137751,10.760710788104403],[78.86450334024056,10.732831779336038]],[[78.87345849888253,10.705590330626764],[78.8822178140128,10.69527645639772],[78.86517751687812,10.720835163811072],[78.87345849888253,10.705590330626764]],[[78.93014586382903,10.680754098364812],[78.92669545458337,10.68009139732867],[78.91851236738535,10.670755034048812],[78.93014586382903,10.680754098364812]],[[78.94105175293517,10.68160786759712],[78.93981723307508,10.682611624809919],[78.93832354209714,10.682324739838231],[78.94105175293517,10.68160786759712]],[[78.94840488148901,10.675479664448408],[78.94873694778921,10.675359227930906],[78.94814589229628,10.675839800365075],[78.94840488148901,10.675479664448408]],[[78.96373921278432,10.651415923387473],[78.96385750730647,10.651587787163987],[78.95480907940951,10.668184091809096],[78.96373921278432,10.651415923387473]],[[79.12580440704129,10.437936733917578],[79.12653496047656,10.4362409649194],[79.13746378843759,10.439948708170077],[79.12580440704129,10.437936733917578]],[[79.13162722742418,10.424420736578421],[79.15269362364363,10.400748315109736],[79.1282115269347,10.432349299661483],[79.13162722742418,10.424420736578421]],[[79.1815075382828,10.21469152856616],[79.18131943011552,10.216217237311747],[79.15055584257487,10.216209659038789],[79.1815075382828,10.21469152856616]],[[79.18924189844705,10.201057408712654],[79.18930278140172,10.20112761869014],[79.18240398681932,10.207420608903584],[79.18924189844705,10.201057408712654]],[[79.15574754432667,10.196146659128548],[79.16085365018999,10.195126617737131],[79.17374636457247,10.203407272316534],[79.15574754432667,10.196146659128548]],[[79.15019356639382,10.193906218651101],[79.15044390979556,10.185303974226192],[79.15218749719239,10.194710558049698],[79.15019356639382,10.193906218651101]],[[79.15143227040708,10.15955598680438],[79.1531475415673,10.159607058309359],[79.15111335141324,10.166585153593857],[79.15143227040708,10.15955598680438]],[[77.97034038936958,12.413961776992616],[77.96783497166739,12.394295059639271],[77.97089895621824,12.412703280042413],[77.97034038936958,12.413961776992616]],[[77.9304289965742,12.441757833212165],[77.93079674890325,12.44195020602779],[77.92970476664358,12.443319758383403],[77.9304289965742,12.441757833212165]],[[77.9237996543562,12.456055138586233],[77.9276234181546,12.447808540823388],[77.92490262024374,12.460027518416709],[77.9237996543562,12.456055138586233]],[[77.92593044832869,12.463729286168475],[77.92512185710865,12.460817109563715],[77.93450925059588,12.469436288802084],[77.92593044832869,12.463729286168475]],[[77.89993290127401,12.499651126982544],[77.9001972351655,12.499188370031362],[77.9006544736294,12.49989480693863],[77.89993290127401,12.499651126982544]],[[77.90036099791422,12.503343030736598],[77.9023222581062,12.50247154665066],[77.90891803040883,12.51266206506606],[77.90036099791422,12.503343030736598]],[[78.6361561279163,11.878574640430049],[78.63455459256315,11.888337854581545],[78.63381419998105,11.876623705670251],[78.6361561279163,11.878574640430049]],[[78.60992133399846,11.85265622565143],[78.63038459186691,11.86871984090336],[78.62713837915688,11.871062436811375],[78.63004688932853,11.873485360893572],[78.62768444974674,11.873033202835583],[78.60992133399846,11.85265622565143]],[[78.8060790988642,11.686458164602751],[78.80466606403606,11.687396257861353],[78.80648946006573,11.661344896787833],[78.8060790988642,11.686458164602751]],[[78.81605049030132,11.544393007020558],[78.81617024455659,11.561711448409373],[78.8146615635628,11.544720104404933],[78.81605049030132,11.544393007020558]],[[78.82663903390961,11.544311306644623],[78.82073914013087,11.543288812643027],[78.83472092858582,11.539996049745165],[78.82663903390961,11.544311306644623]],[[78.84360043971063,11.5230383299096],[78.8344657288917,11.53116826996975],[78.84304725574916,11.523019816084073],[78.84360043971063,11.5230383299096]],[[78.78951718695762,11.453769123577366],[78.79623267491642,11.46094006977968],[78.79044628840485,11.457204701092326],[78.78951718695762,11.453769123577366]],[[78.64125539755861,11.342084032079256],[78.64162634488362,11.342620279037652],[78.62187087931633,11.336456403597161],[78.64125539755861,11.342084032079256]],[[78.57669346461422,11.31644517096971],[78.5836508931335,11.329787076362999],[78.57570682913068,11.316439757851668],[78.57669346461422,11.31644517096971]],[[78.56126312094517,11.316360513289064],[78.57174927434984,11.316418044958167],[78.55292174340757,11.320051364613146],[78.56126312094517,11.316360513289064]],[[78.24488708483963,11.092446128637475],[78.25035150888424,11.09063615851956],[78.24996729167884,11.091631697579363],[78.24488708483963,11.092446128637475]],[[78.18212489997651,11.068397667213361],[78.19577818555724,11.064614017115886],[78.18326330168496,11.0695659685728],[78.18212489997651,11.068397667213361]],[[78.16349250310533,11.047920759686349],[78.17698891476941,11.06312678747466],[78.16331338290455,11.04909207340991],[78.16349250310533,11.047920759686349]],[[78.18210541101296,11.041857163644503],[78.16371140426443,11.046489307897858],[78.16384841679283,11.04559334722948],[78.18210541101296,11.041857163644503]],[[78.19689627665929,11.044033652060834],[78.19663449741532,11.046049218193698],[78.18210541101296,11.041857163644503],[78.19689627665929,11.044033652060834]],[[78.1753846847335,11.016297421829456],[78.19477622355394,11.022051628893744],[78.18202409641175,11.020847048585471],[78.1753846847335,11.016297421829456]],[[78.18245503711817,10.978871159374942],[78.1649043280188,11.01318750140476],[78.17084179678812,10.995025007812982],[78.18245503711817,10.978871159374942]],[[78.19789510162077,10.961781160474105],[78.19787069243398,10.971270633575335],[78.19583127452846,10.972276147002402],[78.19504090227093,10.96320464400262],[78.19789510162077,10.961781160474105]],[[78.20965411582294,10.959948851671191],[78.19877993576921,10.961339864446254],[78.20150950174862,10.959978539697898],[78.20965411582294,10.959948851671191]],[[78.25033150732256,10.968809960902682],[78.22156745846561,10.95990542620851],[78.22423575194946,10.959895699981153],[78.25033150732256,10.968809960902682]],[[78.46897758734477,10.694611998200408],[78.47061561862468,10.703650711435353],[78.46742385591119,10.698421562619156],[78.46897758734477,10.694611998200408]],[[78.46786899988055,10.688494774245118],[78.46804788281116,10.689481856440837],[78.46445407311266,10.688662496950112],[78.46786899988055,10.688494774245118]],[[78.4249961762089,10.671814409260756],[78.43818897640529,10.689952496228612],[78.42306397161423,10.672042607810951],[78.4249961762089,10.671814409260756]],[[78.40737377885493,10.673895661700717],[78.41655405652946,10.672811446260226],[78.40607344979512,10.675877016483755],[78.40737377885493,10.673895661700717]],[[78.1901071687793,10.538454544681503],[78.20395041328804,10.547115832227245],[78.20001736772235,10.54668869782366],[78.1901071687793,10.538454544681503]],[[78.1899829677081,10.558470791961918],[78.18925537184374,10.558577395909856],[78.20001736772235,10.54668869782366],[78.1899829677081,10.558470791961918]],[[78.31783844565338,10.348722771915535],[78.29542766142454,10.35970144335896],[78.3047941630246,10.352168979818],[78.31783844565338,10.348722771915535]],[[78.33084705438561,10.337591276918133],[78.32755899010941,10.3374129707405],[78.33780168734776,10.32549564761259],[78.33084705438561,10.337591276918133]],[[78.3398383968697,10.29890349818818],[78.33324972707207,10.300365722180551],[78.33429812145039,10.306153574216754],[78.32979549210745,10.298449207324653],[78.3398383968697,10.29890349818818]],[[78.38529941258113,10.313919646491081],[78.37184873043961,10.308619183601518],[78.37867310768556,10.31008401837149],[78.38529941258113,10.313919646491081]],[[78.1754332532919,9.772100029220569],[78.17567785155343,9.772568873936986],[78.17368834142951,9.776331600123786],[78.1754332532919,9.772100029220569]],[[78.13910317448332,9.77822270897181],[78.14553777877718,9.789221961425868],[78.13935297686069,9.78018992018934],[78.13910317448332,9.77822270897181]],[[78.14381301370076,9.743863885205924],[78.13391170242008,9.748093176823595],[78.14327616404823,9.742948491310466],[78.14381301370076,9.743863885205924]],[[78.38973682340345,9.65285655616784],[78.38878426769067,9.653152890468693],[78.39390507459375,9.645881181398734],[78.38973682340345,9.65285655616784]],[[78.39998161977853,9.612030576514236],[78.38967268459048,9.631442276420609],[78.39990314640707,9.612025855879777],[78.39998161977853,9.612030576514236]],[[78.41605658155497,9.609433035129946],[78.40900953642713,9.61956572705869],[78.41461166410087,9.609778088819992],[78.41605658155497,9.609433035129946]],[[78.42272083735553,9.608222676289353],[78.41992662841227,9.608508848114989],[78.42252824810355,9.607887568005163],[78.42272083735553,9.608222676289353]],[[78.42617353067814,9.617190649633683],[78.4242071825781,9.610808940019734],[78.42686454653246,9.61543279449797],[78.42617353067814,9.617190649633683]],[[78.42946126221008,9.608827085003231],[78.42779694335296,9.613060897342221],[78.42865408740127,9.607067929256884],[78.42946126221008,9.608827085003231]],[[78.41183120492167,9.587857663182954],[78.41196415556364,9.5881600074328],[78.39778429194304,9.595191036983813],[78.41183120492167,9.587857663182954]],[[78.33007131316425,9.47283141662752],[78.33007127827786,9.472831583899772],[78.33007128996749,9.47283141874325],[78.33007131316425,9.47283141662752]],[[78.36487963909295,9.339465248352672],[78.36234364955516,9.344783684125312],[78.36128020034654,9.329857532977744],[78.36487963909295,9.339465248352672]],[[78.28097379535042,9.284194203165018],[78.28054433866086,9.289939872743831],[78.27656301697517,9.291043223487176],[78.28097379535042,9.284194203165018]],[[77.08952249605495,10.370773142737267],[77.08950347281447,10.371642083262463],[77.0887725743091,10.372794982306136],[77.08952249605495,10.370773142737267]],[[77.0842694598323,10.379898070266718],[77.07939675931819,10.387584132998525],[77.04479724244514,10.414825629886918],[77.0842694598323,10.379898070266718]],[[77.07663613943203,10.52999167065883],[77.07380583646491,10.54881585119203],[77.07271382361036,10.545129682028026],[77.07663613943203,10.52999167065883]],[[77.0763772914649,10.557495985393793],[77.07709424584036,10.559738966062271],[77.07703282288506,10.559708779590256],[77.0763772914649,10.557495985393793]],[[77.0828571452511,10.56257115804893],[77.08102606977107,10.571212974867702],[77.08058980825375,10.570513101222854],[77.0828571452511,10.56257115804893]],[[77.08357843737062,10.575307617058057],[77.09056133877449,10.584080170005537],[77.08540860859299,10.578243673879987],[77.08357843737062,10.575307617058057]],[[77.15266126171466,10.583033650232],[77.15670962662577,10.584262600588046],[77.09056133877449,10.584080170005537],[77.15266126171466,10.583033650232]],[[77.17664734885768,10.624900016473802],[77.18145442612065,10.642468786990332],[77.18085529343348,10.642635573682343],[77.17664734885768,10.624900016473802]],[[77.15860269474932,11.332685478096616],[77.13814239544531,11.33998665968091],[77.15186471477246,11.329711805015103],[77.14708257108667,11.336217153911695],[77.15860269474932,11.332685478096616]],[[77.2339944078833,11.352027446195295],[77.23477042009173,11.348204633368514],[77.2340938305793,11.352037891011156],[77.2339944078833,11.352027446195295]],[[77.23652157973693,11.314063319080846],[77.2266756345912,11.31763305804918],[77.22654440954496,11.317525545406806],[77.23652157973693,11.314063319080846]],[[77.2262775887009,11.317306939166572],[77.21918070001995,11.311492460326276],[77.22027054878312,11.30889932849281],[77.2262775887009,11.317306939166572]],[[77.2191626146888,11.30734863486587],[77.20431809071218,11.309941527145035],[77.21810270640766,11.305865159427103],[77.2191626146888,11.30734863486587]],[[77.20201295530264,11.304083897247335],[77.20343174727587,11.29997479561449],[77.20431809071218,11.309941527145035],[77.20201295530264,11.304083897247335]],[[77.24152200739086,11.305199923153204],[77.24162499869755,11.305206510915701],[77.23991888854766,11.31382820188954],[77.24152200739086,11.305199923153204]],[[77.23836520969571,11.32219038555315],[77.24775625293825,11.324893918377752],[77.23832918861626,11.322384257589047],[77.23836520969571,11.32219038555315]],[[77.24848999350046,11.327696078798501],[77.25310392839069,11.322279104627434],[77.24897927955318,11.32956466571054],[77.24848999350046,11.327696078798501]],[[77.25410480605292,11.32051120737553],[77.24989672805451,11.314833889015448],[77.25121361081736,11.313492610688378],[77.25410480605292,11.32051120737553]],[[77.45271434855121,11.312812158746105],[77.45771717429417,11.305295089847093],[77.45260816375365,11.31316124341224],[77.45271434855121,11.312812158746105]],[[77.46156022704277,11.29937808442311],[77.46140145687387,11.29920038673982],[77.46167639244216,11.29919922887695],[77.46156022704277,11.29937808442311]],[[77.61355009020632,11.12545662107609],[77.6312046631928,11.12547834742582],[77.62306581555191,11.127097901615796],[77.61355009020632,11.12545662107609]],[[77.63285759914383,11.125149428706198],[77.64617515500063,11.115751974378957],[77.63894377086237,11.1239383377333],[77.63285759914383,11.125149428706198]],[[77.66136941692142,11.103776823575364],[77.70375886360495,11.092411461035532],[77.70269517907875,11.093988243018488],[77.66136941692142,11.103776823575364]],[[77.73799245322374,11.08514087539932],[77.74805739217149,11.07814696909577],[77.73819736537008,11.085362324786416],[77.73799245322374,11.08514087539932]],[[77.7782899340592,11.059847682737038],[77.7759970611235,11.058732303212835],[77.77722174648159,11.056154255096253],[77.7782899340592,11.059847682737038]],[[77.77781667485624,11.054166083151413],[77.78236463172176,11.038967412804498],[77.78181597128894,11.050941304785155],[77.77781667485624,11.054166083151413]],[[77.81280366783173,10.758446779815692],[77.82700255131302,10.749723601743378],[77.82703621856216,10.749828499572624],[77.81280366783173,10.758446779815692]],[[77.82462002892562,10.715075741019852],[77.81000637961402,10.699039037602782],[77.80966978102592,10.6959251264691],[77.82462002892562,10.715075741019852]],[[77.90906859726714,10.65691977627011],[77.91397259628934,10.648241711594306],[77.90921619562465,10.657047753811817],[77.90906859726714,10.65691977627011]],[[78.15857100314483,10.832784412239583],[78.1744617097493,10.834917980445471],[78.17441533541253,10.835133242405789],[78.15857100314483,10.832784412239583]],[[78.1700410241708,10.554202003960864],[78.18758272452217,10.55882246438361],[78.18093299009124,10.559796752416021],[78.1700410241708,10.554202003960864]],[[77.39655019932566,8.846648764326346],[77.39391989763382,8.848614829443255],[77.39315409821012,8.848587898208969],[77.39655019932566,8.846648764326346]],[[77.40597197469013,8.836485540718698],[77.40726906936837,8.83863675697789],[77.40493414905278,8.840382034106174],[77.40597197469013,8.836485540718698]],[[77.4018917882136,8.833605352140916],[77.40093705064479,8.828135178442224],[77.4041707255451,8.833498190209395],[77.4018917882136,8.833605352140916]],[[77.4615031235935,8.772864806876498],[77.4558978302567,8.786265710579327],[77.46055810607389,8.772118851745102],[77.4615031235935,8.772864806876498]],[[77.56938739987271,8.78967338538017],[77.5686155049047,8.792217843952328],[77.56843165282852,8.789643441765696],[77.56938739987271,8.78967338538017]],[[77.5820277496441,8.906927738920361],[77.56164216142562,8.9114451112259],[77.5643862290466,8.909571319246428],[77.5820277496441,8.906927738920361]],[[77.65470450860471,8.956469977995754],[77.64501090784971,8.957003847439925],[77.63446247925347,8.955186586672864],[77.65470450860471,8.956469977995754]],[[77.69129616268945,8.955032987278384],[77.69483209064954,8.91880716121057],[77.69611541757625,8.926316054045477],[77.73634530964712,8.923897576575234],[77.69510629959342,8.927428356044368],[77.69129616268945,8.955032987278384]],[[77.72684830519208,8.996657848640854],[77.7227790138441,9.001609646848296],[77.7292275246631,8.9830586964101],[77.72684830519208,8.996657848640854]],[[77.72201420744186,9.002540316748252],[77.6891232269504,8.999748272607157],[77.72212409038006,9.002406603506836],[77.72201420744186,9.002540316748252]],[[77.68827286839728,9.01446484512231],[77.68823872056883,9.014440989144731],[77.6891232269504,8.999748272607157],[77.68827286839728,9.01446484512231]],[[77.7448606692957,9.079857635043696],[77.73997921056706,9.106784712158264],[77.7436111354698,9.078349118051568],[77.7448606692957,9.079857635043696]],[[77.68343875775447,9.104622129405723],[77.68628685842452,9.102257508714377],[77.68966329074013,9.102502131600852],[77.68343875775447,9.104622129405723]],[[77.67327225820138,9.125938020270691],[77.67652215870974,9.110364599602413],[77.67913476321633,9.108195498369607],[77.67327225820138,9.125938020270691]],[[77.6741053168963,9.138063541775853],[77.6731579131735,9.126485958035536],[77.67320198767452,9.12627475441768],[77.6741053168963,9.138063541775853]],[[77.69652662229588,9.133923910707809],[77.69863716057448,9.137265443661327],[77.692587996267,9.134651096675976],[77.69652662229588,9.133923910707809]],[[77.70048084627646,9.140184479336542],[77.69344875068903,9.144620586297982],[77.6996544598274,9.138876093897668],[77.70048084627646,9.140184479336542]],[[77.73449600366729,9.196306250104456],[77.73447394210116,9.196625911440892],[77.7272874870429,9.189870656430797],[77.73449600366729,9.196306250104456]],[[77.73769022866296,9.259728015244464],[77.74475128593514,9.226022646249444],[77.73860148576749,9.263348784449253],[77.73769022866296,9.259728015244464]],[[77.73874841893824,9.26393260552151],[77.75847106303003,9.26660400720303],[77.74160057982338,9.264360550697697],[77.74057879070244,9.27120536497018],[77.73874841893824,9.26393260552151]],[[77.91605857960049,9.200841269570017],[77.91669878603311,9.201719373242087],[77.91425260682585,9.201177347854467],[77.91605857960049,9.200841269570017]],[[77.9561437521808,9.230568392576073],[77.95683000756567,9.248596951077301],[77.95573857072078,9.230569787725559],[77.9561437521808,9.230568392576073]],[[78.21581421324748,9.301491865604875],[78.21612975972775,9.30143953584861],[78.21155978487536,9.30527666225931],[78.21581421324748,9.301491865604875]],[[78.27320116607447,9.291974899192667],[78.26242529243069,9.294961236176635],[78.24027439906168,9.297435424979218],[78.27320116607447,9.291974899192667]],[[77.53611309279732,8.387522520361848],[77.54169024299541,8.378808074774975],[77.5379841956801,8.385362530869683],[77.53611309279732,8.387522520361848]],[[77.52339161815009,8.390435667282143],[77.5332264717421,8.390854817695438],[77.53144934634851,8.3929063201605],[77.52339161815009,8.390435667282143]],[[77.4622021301369,9.54435713762409],[77.45523140601514,9.54170158162537],[77.45589129141976,9.541585432886366],[77.4622021301369,9.54435713762409]],[[77.4749975324611,9.550353017146248],[77.47427969721281,9.549661575177467],[77.47498482917179,9.54997126738781],[77.4749975324611,9.550353017146248]],[[77.51943561370862,9.636360859574552],[77.51940978565213,9.636238338363867],[77.51968929337748,9.636692571519179],[77.51943561370862,9.636360859574552]],[[77.5373411699216,9.659774193792094],[77.53270955191267,9.6537178826046],[77.54065016976804,9.65939297722982],[77.5373411699216,9.659774193792094]],[[77.60553423158495,9.695119671702585],[77.60467312435044,9.69302275805976],[77.60681924947208,9.695160067518144],[77.60553423158495,9.695119671702585]],[[77.65110363940597,9.683054475147113],[77.65088196818407,9.683185567135098],[77.65090056558464,9.68312267015978],[77.65110363940597,9.683054475147113]],[[77.71006231572443,9.705387642779922],[77.71005285027778,9.7053285832481],[77.72579222687943,9.692748679696718],[77.71006231572443,9.705387642779922]],[[77.94947870013364,9.645783238558092],[77.9344274446162,9.649126576557647],[77.92316109502134,9.647554852438724],[77.94947870013364,9.645783238558092]],[[77.96229377492271,9.646182892602686],[77.95949157198739,9.646478905738558],[77.96242657393678,9.645161130248814],[77.96229377492271,9.646182892602686]],[[78.08158202563754,9.665136867871754],[78.07991903403237,9.663065539493555],[78.08184728442193,9.663187533571078],[78.08158202563754,9.665136867871754]],[[78.087981722292,9.778934790293578],[78.10430273568376,9.768227280664806],[78.08867208360098,9.778964463186261],[78.087981722292,9.778934790293578]],[[78.10453815537363,9.786431729196165],[78.0985276113509,9.779388070380726],[78.10606397872596,9.7853261443521],[78.10453815537363,9.786431729196165]],[[77.65510836061372,9.28346722275123],[77.65546887909075,9.283517560524027],[77.6413740469809,9.292576981257952],[77.65510836061372,9.28346722275123]],[[77.59095555728062,9.315381564299518],[77.59145729870615,9.343875704281325],[77.58966018341495,9.345429100169948],[77.59095555728062,9.315381564299518]],[[77.58775905196835,9.347072405853973],[77.5866411268374,9.348038721321158],[77.57302341273186,9.34302769160261],[77.58775905196835,9.347072405853973]],[[77.53289389698453,9.375425690143329],[77.53085653641445,9.375906053604314],[77.52932261904935,9.36034534559012],[77.53289389698453,9.375425690143329]],[[77.62257497573228,10.218279949367567],[77.62388941201229,10.216617411963455],[77.62325597182956,10.218728149131968],[77.62257497573228,10.218279949367567]],[[77.62930772187764,10.209764175366741],[77.6320454299292,10.206301442249519],[77.6452654589602,10.204470405702464],[77.62930772187764,10.209764175366741]],[[77.69693577256844,10.086669292292916],[77.70867796682904,10.080362186590003],[77.70854399940089,10.081472803263349],[77.69693577256844,10.086669292292916]],[[77.71259558458858,10.047884354750916],[77.70630823099926,10.038220878771746],[77.70638962966757,10.03805978228357],[77.71259558458858,10.047884354750916]],[[77.70648403500068,10.037872944243793],[77.711162231893,10.028614302721826],[77.71166633132606,10.033970364426324],[77.70648403500068,10.037872944243793]],[[77.83551739461923,10.074054391766792],[77.85455030218101,10.074871599032697],[77.84760075388017,10.075353299264641],[77.83551739461923,10.074054391766792]],[[77.86141075073509,10.074396074650867],[77.87484250443428,10.06159463614609],[77.86362543641589,10.07424256616946],[77.86141075073509,10.074396074650867]],[[78.32181428443812,10.247539217336975],[78.32182515461183,10.247732967286629],[78.32174759486796,10.24772537165458],[78.32181428443812,10.247539217336975]],[[78.3262661511675,10.284657266490946],[78.328832930009,10.289253738166979],[78.32598996335737,10.285144214288746],[78.3262661511675,10.284657266490946]],[[78.33871389507776,10.298300692586382],[78.32978122201209,10.298424790024919],[78.32940670194728,10.297783955577305],[78.33871389507776,10.298300692586382]],[[77.47431125963546,9.568249198956577],[77.47358329922508,9.571639122997489],[77.4669480202824,9.576790736442875],[77.47431125963546,9.568249198956577]],[[77.4643256293179,9.579832774009901],[77.46449804192311,9.57963277117693],[77.46536471896337,9.581285417611538],[77.4643256293179,9.579832774009901]],[[77.6170362946188,9.840393767572472],[77.61741242392986,9.840160054920709],[77.61771634211975,9.845379001656763],[77.6170362946188,9.840393767572472]],[[77.62000740055582,9.86217409698279],[77.61968168171863,9.859786345176072],[77.64484790404983,9.888262400771447],[77.62000740055582,9.86217409698279]],[[77.65411814587941,9.918563326656729],[77.6674217766223,9.913268599377389],[77.66813229553536,9.914465231262202],[77.65411814587941,9.918563326656729]],[[77.69223574170677,9.969108798472597],[77.69236636072173,9.969112091413509],[77.69243536094959,9.969710819782188],[77.69223574170677,9.969108798472597]],[[77.78878944192262,10.685237299292988],[77.76654772142642,10.679281028964285],[77.75951748351913,10.673192735358935],[77.78878944192262,10.685237299292988]],[[77.75355002632658,10.66802482611536],[77.75451784111478,10.651599980642516],[77.75558885652974,10.669790484269747],[77.75355002632658,10.66802482611536]],[[77.7466799194428,10.64068919372148],[77.75202843908329,10.64813460598543],[77.74593057202031,10.64021082047852],[77.7466799194428,10.64068919372148]],[[77.730742140826,10.6305147317646],[77.73126175035337,10.630846443447624],[77.7306178838345,10.630523473827983],[77.730742140826,10.6305147317646]],[[77.70870329944684,10.68632003681922],[77.7062745315997,10.715965063859311],[77.70463105760825,10.722837089350293],[77.70870329944684,10.68632003681922]],[[77.68991585468456,10.734851255986383],[77.68906884473971,10.734931473041444],[77.68885030543153,10.734764173360523],[77.68991585468456,10.734851255986383]],[[77.40524348228531,10.614660558834316],[77.40168436990942,10.613363294614643],[77.39450562614853,10.60529470996402],[77.40524348228531,10.614660558834316]],[[77.38676609298547,10.592393831077876],[77.38499252657851,10.591363194077076],[77.37760504309166,10.561067598311583],[77.38676609298547,10.592393831077876]],[[77.36859204170096,10.54760279343751],[77.36796149287103,10.546660796805032],[77.36921474613061,10.544076521056429],[77.36859204170096,10.54760279343751]],[[77.38502803338842,10.448865289293192],[77.38502934716615,10.448965874763253],[77.35714759324374,10.444845617391639],[77.38502803338842,10.448865289293192]],[[77.34455384009175,10.450821863969386],[77.34460602042435,10.453853539853833],[77.33727974041916,10.454273719246352],[77.34455384009175,10.450821863969386]],[[77.33435811669851,10.454441281239513],[77.33226142928217,10.454561531195052],[77.32294600758367,10.44852966334428],[77.33435811669851,10.454441281239513]],[[77.41540414430939,11.7395754789534],[77.41942536015227,11.728830119782858],[77.4155389982582,11.739735022339211],[77.41540414430939,11.7395754789534]],[[77.51304232377252,11.591110088431146],[77.51225054041822,11.59135246067927],[77.5163127526757,11.57933588915725],[77.51304232377252,11.591110088431146]],[[77.69733371366289,11.760613248943084],[77.69818906350828,11.763144296550964],[77.68626453439141,11.74247610915557],[77.69733371366289,11.760613248943084]],[[77.72218178007324,11.795084186867987],[77.71445637642768,11.797138607053373],[77.70983192121025,11.79759643013571],[77.72218178007324,11.795084186867987]],[[77.70791460108528,11.76609699418599],[77.72153827641104,11.791423166182922],[77.72218178007324,11.795084186867987],[77.70791460108528,11.76609699418599]],[[77.69913617519562,11.477025025146334],[77.69791655724796,11.473617313259698],[77.73244330383574,11.511661320766521],[77.69913617519562,11.477025025146334]],[[77.69751560677388,11.472497024976711],[77.68644914177557,11.44157642038064],[77.6848553349902,11.428576346987326],[77.69658993106553,11.464428057935917],[77.69751560677388,11.472497024976711]],[[77.7208230898841,11.453125948201825],[77.73142356866452,11.444733223662992],[77.73187685763155,11.444778043706306],[77.7208230898841,11.453125948201825]],[[77.74208207142577,11.445787108911004],[77.76103896733827,11.450986956314049],[77.73286095345247,11.44487534856155],[77.74208207142577,11.445787108911004]],[[77.78489417437412,11.477836245577615],[77.77404971855245,11.482533402247105],[77.7737817395855,11.482382022593344],[77.78489417437412,11.477836245577615]],[[77.79586515790356,11.44728828695537],[77.79674185476107,11.449321171312617],[77.7842939209996,11.450810283045204],[77.79586515790356,11.44728828695537]],[[77.80434642289384,11.448574350234715],[77.80578246791042,11.459065915757764],[77.80412020883968,11.448689623156055],[77.80434642289384,11.448574350234715]],[[77.81432897304819,11.457553815304244],[77.81444904329139,11.45834635233829],[77.80578246791042,11.459065915757764],[77.81432897304819,11.457553815304244]],[[77.83010680813021,11.468939775768527],[77.82976922513481,11.469865175887447],[77.8082178024423,11.468775717135404],[77.83010680813021,11.468939775768527]],[[76.69988172112548,11.251972337026114],[76.70061165965956,11.250597914502967],[76.70048775483497,11.253165696879014],[76.69988172112548,11.251972337026114]],[[76.7056555393079,11.263341742240732],[76.70542581459918,11.262889384161774],[76.7058254503301,11.263215273731557],[76.7056555393079,11.263341742240732]],[[76.73333610870868,11.245025862238789],[76.73195609629009,11.24516927318927],[76.73278430785042,11.244588522217779],[76.73333610870868,11.245025862238789]],[[76.74303210535531,11.253182381299206],[76.74230953077058,11.252137914593078],[76.74343428720867,11.253029361202671],[76.74303210535531,11.253182381299206]],[[76.753987989982,11.249013942297854],[76.74651659663988,11.251856619859996],[76.75348748555611,11.248051350801177],[76.753987989982,11.249013942297854]],[[76.75186303507836,11.254700120357796],[76.75436884136438,11.249746411948903],[76.75584317275994,11.252581909081892],[76.75186303507836,11.254700120357796]],[[76.76982522108686,11.276705518719803],[76.767685162801,11.264287902248668],[76.76782198339316,11.264370811830668],[76.76982522108686,11.276705518719803]],[[76.78974926754663,11.279395458496008],[76.76914131569477,11.289557732026072],[76.78954596436692,11.278992060860391],[76.78974926754663,11.279395458496008]],[[76.85456659775664,11.318113645964958],[76.85995340195174,11.303595570957846],[76.86002215361366,11.309932623305063],[76.85456659775664,11.318113645964958]],[[76.84983257861727,11.342625942151763],[76.84929600407806,11.340002721521603],[76.85144632313622,11.3418374777328],[76.84983257861727,11.342625942151763]],[[76.85460522082228,11.34527071116197],[76.85451966384682,11.344459800655768],[76.8551907848187,11.345032433524821],[76.85460522082228,11.34527071116197]],[[76.86170034670158,11.347449998146017],[76.86073596716585,11.345878087261518],[76.86571517073148,11.34571028126169],[76.86170034670158,11.347449998146017]],[[76.86630538813684,11.34688936404063],[76.86738496631683,11.345654006856755],[76.86947369163728,11.345583613944285],[76.86630538813684,11.34688936404063]],[[76.86246962438504,11.351278613836744],[76.86346338450869,11.350141457926647],[76.86371688063805,11.352134409997964],[76.86246962438504,11.351278613836744]],[[76.86786544856389,11.354980920886915],[76.86483688166078,11.352902890872288],[76.8735634812757,11.351857817311343],[76.86786544856389,11.354980920886915]],[[76.87784105767585,11.357387211909264],[76.87673361435378,11.358375798625657],[76.8735634812757,11.351857817311343],[76.87784105767585,11.357387211909264]],[[76.88981191528407,11.365495015417602],[76.88963652319433,11.365061828220286],[76.89055642750225,11.365345691281355],[76.88981191528407,11.365495015417602]],[[76.90236792492837,11.362976701749817],[76.89849813869742,11.363752850847572],[76.90230859559328,11.362183428550825],[76.90236792492837,11.362976701749817]],[[76.90306693338329,11.350953550637268],[76.90267317153749,11.35101656967384],[76.90266480824832,11.350794898666631],[76.90306693338329,11.350953550637268]],[[76.92842868193802,11.368698910306158],[76.92937098017795,11.36857303899524],[76.93341172665055,11.37643448813376],[76.92842868193802,11.368698910306158]],[[76.94810854827938,11.376421123153316],[76.95310501171646,11.379119543111063],[76.93341172665055,11.37643448813376],[76.94810854827938,11.376421123153316]],[[76.97040274296455,11.397157719600301],[76.95706913472476,11.381260431116202],[76.95805069441398,11.381790538118581],[76.97040274296455,11.397157719600301]],[[76.97160727596273,11.386189527962902],[76.9682407409837,11.384968134582092],[76.98083649981811,11.378195449159744],[76.97160727596273,11.386189527962902]],[[77.01355314179644,11.36879032023503],[76.98761715695748,11.382209183326152],[77.01347280074,11.36877431756886],[77.01355314179644,11.36879032023503]],[[77.02382552863615,11.37271747155362],[77.01382749233042,11.368844966516813],[77.02040778575024,11.370155656761177],[77.02382552863615,11.37271747155362]],[[77.02344293258386,11.387708419985527],[77.02535892972344,11.373866852802967],[77.0257110825565,11.374130813658722],[77.02344293258386,11.387708419985527]],[[77.11026972123624,11.406368775278922],[77.09150873800577,11.40333822190367],[77.11030175569947,11.406082205481344],[77.11026972123624,11.406368775278922]],[[77.13044235663008,11.375325211996747],[77.12923099414668,11.375717894596853],[77.13294483187354,11.363782541949636],[77.13044235663008,11.375325211996747]],[[77.1331176931581,11.362985219068314],[77.13309036539765,11.363111268396018],[77.12931565097318,11.354161952733115],[77.1331176931581,11.362985219068314]],[[77.86913063587048,11.023434008181155],[77.85495846265849,11.031292007699676],[77.85504200782496,11.030918565593298],[77.86913063587048,11.023434008181155]],[[77.90727401642083,11.04603901900422],[77.90008060351346,11.034469044627262],[77.90067949739485,11.034594225122037],[77.90727401642083,11.04603901900422]],[[77.93245550470297,11.068987087172651],[77.91975704872809,11.046892038734041],[77.93245550470297,11.06898708717265],[77.93245550470297,11.068987087172651]],[[77.89534608097539,11.07672306857457],[77.90888969472334,11.074368830243845],[77.89474085144364,11.077600013018884],[77.89534608097539,11.07672306857457]],[[77.881699376439,11.125428800396415],[77.8820337190984,11.123249353003414],[77.88434055991823,11.155931184017579],[77.881699376439,11.125428800396415]],[[77.68373711266143,11.419455434416605],[77.71749229311749,11.378273700201003],[77.68402613062639,11.421812843602535],[77.68373711266143,11.419455434416605]],[[77.99619224604535,11.096669136867286],[77.99513161108196,11.096876030961475],[77.99198084889828,11.094807426869721],[77.99619224604535,11.096669136867286]],[[77.95192550435503,11.066743715310395],[77.96387514730932,11.076354885573634],[77.94981853072831,11.06712614253288],[77.95192550435503,11.066743715310395]],[[76.99234606152987,11.480233841407529],[76.99105179178447,11.481167244397009],[76.97182295607253,11.467654194180264],[76.99234606152987,11.480233841407529]],[[77.01221481888072,11.452007256237657],[76.99925721738865,11.475249645831427],[76.99310625851008,11.479685601648054],[77.01221481888072,11.452007256237657]],[[77.01022434139544,11.439068349109645],[77.01142215894876,11.440991433662042],[77.01221481888072,11.452007256237657],[77.01022434139544,11.439068349109645]],[[77.00104329713012,11.434816016848211],[77.00729653641196,11.434367786389897],[77.00972994907004,11.438274606989923],[77.00104329713012,11.434816016848211]],[[76.99771091944233,11.440562282212483],[77.00008886330565,11.434884430400178],[77.00057975696306,11.43484924327889],[76.99771091944233,11.440562282212483]],[[77.73836436307973,11.939772083956857],[77.73737384341815,11.939815589993152],[77.73882273257396,11.938102320908756],[77.73836436307973,11.939772083956857]],[[77.75062825227174,11.928076864769228],[77.74603225265282,11.929577274106578],[77.7626667730236,11.909907439895505],[77.75062825227174,11.928076864769228]],[[78.33627270981842,11.900476840561785],[78.30914847507314,11.881188953682363],[78.3380677498939,11.898911525803173],[78.33627270981842,11.900476840561785]],[[78.35426295739977,11.912285333560964],[78.34649887762474,11.904078365919178],[78.35742827446278,11.910776217953835],[78.35426295739977,11.912285333560964]],[[78.35979844804575,11.909646199736235],[78.3584689652488,11.91028005195336],[78.35313114571882,11.894160166229957],[78.35979844804575,11.909646199736235]],[[78.31538735000082,11.78159144635637],[78.32112743111037,11.790078086856232],[78.31287216440236,11.782685625287533],[78.31538735000082,11.78159144635637]],[[78.38080270781424,11.826213325064133],[78.35124230308665,11.792853319439761],[78.38056765461975,11.825715396701035],[78.38080270781424,11.826213325064133]],[[78.54102408597345,11.807062768153525],[78.53836008600297,11.807114223024652],[78.53939719358011,11.80659687796374],[78.54102408597345,11.807062768153525]],[[78.57430052427551,11.819424822733993],[78.55731502169718,11.811727973527404],[78.59583747780374,11.822759578604671],[78.57430052427551,11.819424822733993]],[[78.40733847326761,12.602310101226882],[78.40970271415443,12.58851893376837],[78.41040970958703,12.612768053500668],[78.40733847326761,12.602310101226882]],[[78.42123082840668,12.570227178571773],[78.40978417192265,12.588043771643976],[78.42092197085957,12.568220729201919],[78.42123082840668,12.570227178571773]],[[78.6042015045646,12.27920812974458],[78.60362878724847,12.262764849033056],[78.603713961583,12.262744245261292],[78.6042015045646,12.27920812974458]],[[78.62372156510848,12.264822698395951],[78.64141483389078,12.282065266252316],[78.64142085555582,12.282174359688428],[78.62372156510848,12.264822698395951]],[[78.39203479205368,10.317818412290142],[78.39823579495082,10.330900144744222],[78.39111764322689,10.31728752186398],[78.39203479205368,10.317818412290142]],[[78.40425693294118,10.343602431384864],[78.4042352031998,10.343621658339298],[78.40417588539718,10.343431452221608],[78.40425693294118,10.343602431384864]],[[78.39216357183784,10.354302904014482],[78.39382982002743,10.349090765562813],[78.40085299153482,10.346614313816918],[78.39216357183784,10.354302904014482]],[[78.50774129778968,10.388971187092775],[78.49762112393718,10.364060263849659],[78.49766286380283,10.36002122206601],[78.50556692384782,10.375896815441216],[78.50774129778968,10.388971187092775]],[[78.52433590460817,10.436464798884831],[78.52314472074626,10.43658360227818],[78.52276945718671,10.43494912093237],[78.52433590460817,10.436464798884831]],[[78.56458542503914,10.42704860161298],[78.56292051509061,10.429488410031306],[78.56251384527465,10.426966347267289],[78.56458542503914,10.42704860161298]],[[78.54078865520913,10.530404638954467],[78.53648546897837,10.530606778947774],[78.54086922513132,10.53026177867634],[78.54078865520913,10.530404638954467]],[[78.54033417586311,10.50417924734181],[78.54094233539467,10.50501816042755],[78.53942358787981,10.512584858252067],[78.54033417586311,10.50417924734181]],[[78.45230317140208,10.592260225721404],[78.45314522430162,10.598213365632784],[78.44833279063371,10.604079043784555],[78.45230317140208,10.592260225721404]],[[78.45954522932252,10.611447503151751],[78.44683748344694,10.608530194598526],[78.44708168765784,10.60780326050648],[78.45954522932252,10.611447503151751]],[[78.98897807442681,9.948244079323729],[78.98961521961455,9.940980792754118],[78.99106264804551,9.944009919383113],[79.00604974768198,9.914255260283745],[78.98897807442681,9.948244079323729]],[[79.04443775604503,9.860936807329402],[79.04515111231261,9.859207270220349],[79.05988897257686,9.8584784638361],[79.04443775604503,9.860936807329402]],[[78.46455688358023,10.24040225512739],[78.47507789469566,10.245010323413418],[78.48026492042673,10.252239707398633],[78.46455688358023,10.24040225512739]],[[78.48316919292883,10.254428344174961],[78.4836273746936,10.254053562334278],[78.4832594664358,10.254496373575488],[78.48316919292883,10.254428344174961]],[[78.47892912143901,10.242812191880763],[78.4857915450322,10.251448785372903],[78.48534996081689,10.251980272368188],[78.47892912143901,10.242812191880763]],[[78.47059093655264,10.203441838857259],[78.4705206514278,10.202903284985604],[78.47133427090684,10.202884263593253],[78.47059093655264,10.203441838857259]],[[78.51597890515319,10.190470816627366],[78.51615478219678,10.190470502416336],[78.51452050504818,10.216678129816293],[78.51597890515319,10.190470816627366]],[[78.67794189409308,10.147231512532487],[78.6783105472957,10.146968758309972],[78.69133431509832,10.147751349401036],[78.67794189409308,10.147231512532487]],[[78.95860687256314,10.114099942697496],[78.96740608905357,10.126256237557298],[78.9666761153669,10.127632378680307],[78.95860687256314,10.114099942697496]],[[78.96888879381643,10.123461053244888],[78.97703407686835,10.101840110180946],[78.98098751401237,10.100652633295788],[78.96888879381643,10.123461053244888]],[[79.00986854040937,9.989818459820501],[79.0113794441754,9.986699023568443],[79.00998342359875,9.989862868594157],[79.00986854040937,9.989818459820501]],[[79.01359800224527,9.981671036136863],[79.00288739940416,9.978780335404236],[79.01392222620085,9.980936237261963],[79.01359800224527,9.981671036136863]],[[78.99689590877625,9.967013735196023],[78.9963884674126,9.966017178574969],[79.00229129085633,9.96415615357499],[78.99689590877625,9.967013735196023]],[[79.00330674555521,9.956213955254896],[78.98869393976165,9.951483139332572],[78.98877692031348,9.950537182995948],[79.00330674555521,9.956213955254896]],[[78.98911888511185,9.93994208159795],[78.9892365935196,9.940188417558172],[78.96394130228222,9.942851335076568],[78.98911888511185,9.93994208159795]],[[78.89207455511162,9.879012391157142],[78.87731308083349,9.886272558306198],[78.87712293554661,9.886110349044502],[78.89207455511162,9.879012391157142]],[[78.8765753149422,9.885643184512654],[78.873985079624,9.883433504927796],[78.87286573586111,9.877513608753906],[78.8765753149422,9.885643184512654]],[[78.87267052310025,9.87648118304658],[78.8802046931272,9.872953312741574],[78.88034025511895,9.873185483745925],[78.87267052310025,9.87648118304658]],[[78.87239531489602,9.844542968600125],[78.86608260366286,9.834140796689084],[78.86699096687425,9.833064272117218],[78.87239531489602,9.844542968600125]],[[78.86469409129863,9.812401952756113],[78.86411483415152,9.81163718755928],[78.87208678581673,9.802930900825126],[78.86469409129863,9.812401952756113]],[[78.77418245727253,9.78678861212884],[78.73755843958301,9.780808740108068],[78.73764266771929,9.78055297386836],[78.77418245727253,9.78678861212884]],[[78.80753034068042,9.626198518314505],[78.80751813098165,9.626185630492945],[78.80758357888102,9.626175526257285],[78.80753034068042,9.626198518314505]],[[78.82664605873514,9.617942986041076],[78.82245218652764,9.619754199580663],[78.82591100050722,9.615453100229184],[78.82664605873514,9.617942986041076]],[[78.65557472644377,9.520053283910343],[78.65586080470774,9.520790893673476],[78.61682896890156,9.536174269860068],[78.65557472644377,9.520053283910343]],[[78.47230240679323,9.627122819205628],[78.46148100713162,9.636447009314656],[78.46142080634253,9.636241756224416],[78.47230240679323,9.627122819205628]],[[78.4548849448,9.61606480959215],[78.45511619077938,9.616814032992444],[78.45359240956712,9.616657358808249],[78.4548849448,9.61606480959215]],[[78.44696312990742,9.614683018983618],[78.4474955578472,9.616030484515734],[78.44016231187811,9.61527648497796],[78.44696312990742,9.614683018983618]],[[78.85794335514903,11.523107312397011],[78.85767253857998,11.523084112297969],[78.8718909117623,11.517123524284052],[78.85794335514903,11.523107312397011]],[[78.98426856443696,11.08699399652838],[78.98416369625795,11.088816784425134],[78.98069317012309,11.090674243792565],[78.98426856443696,11.08699399652838]],[[78.98003892541688,11.091024401927358],[78.97395517309727,11.094280485384463],[78.94067836373347,11.094688160529566],[78.98003892541688,11.091024401927358]],[[78.93907993007595,11.09470774298611],[78.93818905728388,11.094718657094214],[78.92641720861064,11.089427423983684],[78.93907993007595,11.09470774298611]],[[78.71051835991186,11.056447438923145],[78.7110835972499,11.056382459984668],[78.7010350915958,11.068573008047494],[78.71051835991186,11.056447438923145]],[[78.63640906116093,11.33152054297231],[78.63972973121939,11.328559774903049],[78.63620694023281,11.332018968189526],[78.63640906116093,11.33152054297231]],[[78.63458154291997,11.336027157822643],[78.63522435222819,11.33444200594323],[78.65523074086022,11.344650715847681],[78.63458154291997,11.336027157822643]],[[79.2310880659568,12.955158474385835],[79.24613300236959,12.952713951876774],[79.24164542111805,12.95531155913812],[79.2310880659568,12.955158474385835]],[[79.18639443954676,12.918443252850539],[79.18646170674614,12.918733288931332],[79.18635301943587,12.918530278723697],[79.18639443954676,12.918443252850539]],[[79.19466832243992,12.892635058694273],[79.19475388704979,12.892812692294273],[79.19467699391147,12.892870420669219],[79.19466832243992,12.892635058694273]],[[79.17819784918191,12.82003061664646],[79.18400954392997,12.860715468577652],[79.17789016990892,12.825043004636187],[79.17819784918191,12.82003061664646]],[[79.2086815070307,12.784729330987032],[79.20868149742553,12.784729326774517],[79.21389585203552,12.760805037285309],[79.2086815070307,12.784729330987032]],[[79.20724236579765,12.741780669606069],[79.20733007856067,12.742031467427555],[79.18905672565884,12.748279079234166],[79.20724236579765,12.741780669606069]],[[78.99401525587422,12.697136620877705],[78.99538813187972,12.70597335139588],[78.99528514580086,12.70602172271589],[78.99401525587422,12.697136620877705]],[[78.98105660694651,12.673702507675285],[78.97982127086064,12.677608355152323],[78.9774490717805,12.671126143685736],[78.98105660694651,12.673702507675285]],[[78.97147971441491,12.66686305638383],[78.97429922470027,12.668876643066449],[78.97149039869757,12.669987667659768],[78.97147971441491,12.66686305638383]],[[78.94793449532231,12.679855154380357],[78.94962279275168,12.679247723088105],[78.94994319836624,12.686403762734976],[78.94793449532231,12.679855154380357]],[[79.54690209142663,11.002928497339674],[79.54122859799344,11.003745013941925],[79.54418704342862,11.00227342643371],[79.54690209142663,11.002928497339674]],[[79.50939877129079,10.984237297893355],[79.52539583512828,10.989505827667353],[79.51206696262425,10.988204157099657],[79.50939877129079,10.984237297893355]],[[79.51452542877469,10.980931123083975],[79.50905902657696,10.983732191895555],[79.50856018140183,10.982990547714843],[79.51452542877469,10.980931123083975]],[[79.51713811195947,10.969744163057712],[79.51593468584919,10.969800166838903],[79.51887573703202,10.946570400870197],[79.51713811195947,10.969744163057712]],[[79.49326021164264,10.905657914732505],[79.4935292610475,10.91644573285483],[79.49267457244514,10.905723952635443],[79.49326021164264,10.905657914732505]],[[79.50721534143776,10.895997409425508],[79.5070815209877,10.898438269077262],[79.48827346895008,10.889375656775757],[79.50721534143776,10.895997409425508]],[[79.45815069282071,10.863234696252173],[79.46627742331106,10.864715245597754],[79.45707841160136,10.863837934171835],[79.45815069282071,10.863234696252173]],[[79.29070781435605,10.936976543120531],[79.29441292532685,10.936558150905253],[79.29185641256412,10.938018720382754],[79.29070781435605,10.936976543120531]],[[79.28502519105402,10.9299660167072],[79.28566410816642,10.932400150896257],[79.2814939939221,10.928616409797044],[79.28502519105402,10.9299660167072]],[[79.28657069114401,10.918033046168738],[79.27729156736994,10.924803350218776],[79.2753855152672,10.92307389935585],[79.28657069114401,10.918033046168738]],[[79.287060001835,10.91767603162366],[79.28687990069902,10.91780743836853],[79.28667458505225,10.90716626672662],[79.287060001835,10.91767603162366]],[[79.19825411556891,11.381234857657471],[79.17922041617021,11.374824260338345],[79.1806170966837,11.374370615438279],[79.19825411556891,11.381234857657471]],[[79.23024480033766,11.392009399890156],[79.22835372625514,11.391372481433594],[79.23783022580076,11.388616614686214],[79.23024480033766,11.392009399890156]],[[79.3127396575685,11.418491557286437],[79.29258654795566,11.41232516900008],[79.31713662382036,11.418421436347465],[79.3127396575685,11.418491557286437]],[[79.36836651370908,11.417604443953927],[79.35561743999735,11.417807760733833],[79.36920218310549,11.417038559251962],[79.36836651370908,11.417604443953927]],[[79.3764984220899,11.398022417488141],[79.37547449174671,11.39888828962812],[79.37526705461639,11.397743223813862],[79.3764984220899,11.398022417488141]],[[79.38492280176766,11.400173575037563],[79.38484785931284,11.399915524222397],[79.38547444140826,11.400057592095086],[79.38492280176766,11.400173575037563]],[[79.37765388371616,11.402896222994773],[79.37798991947183,11.402853829141597],[79.37980712029938,11.410508150703919],[79.37765388371616,11.402896222994773]],[[79.39134293923544,11.403978602462743],[79.38508053374942,11.409206347188501],[79.37980712029938,11.410508150703919],[79.39134293923544,11.403978602462743]],[[79.39406928578978,11.401702696845984],[79.39327929099183,11.402362170453628],[79.39148190744106,11.395026628706004],[79.39406928578978,11.401702696845984]],[[79.3940682590154,11.377167387615444],[79.39010766560197,11.38941802703741],[79.3897485976823,11.387952587057239],[79.3940682590154,11.377167387615444]],[[79.21299637702636,10.94125954526302],[79.26888968066673,10.986446109905959],[79.21231808712959,10.941171686799317],[79.21299637702636,10.94125954526302]],[[79.08493539323582,10.92685981978929],[79.08464009100514,10.926882341237329],[79.08331433290188,10.925872891458752],[79.08493539323582,10.92685981978929]],[[79.07160608779814,10.916958078569143],[79.05678148821877,10.893302697722785],[79.06324960778399,10.898079427662799],[79.07160608779814,10.916958078569143]],[[79.74127495769454,12.694564643256886],[79.68249007958973,12.667984129376357],[79.74114304371552,12.694126435421552],[79.74127495769454,12.694564643256886]],[[79.6465780243736,12.670388572842091],[79.64651618755722,12.670238866484958],[79.68249007958973,12.667984129376357],[79.6465780243736,12.670388572842091]],[[79.68944660991792,12.600700859778453],[79.69730200684747,12.594467423776289],[79.69082447991251,12.601126562711016],[79.68944660991792,12.600700859778453]],[[79.71661093395107,12.565528558939718],[79.71463110426117,12.549590594635298],[79.71921871777216,12.564594744874029],[79.71661093395107,12.565528558939718]],[[79.73894152889973,12.534905306570119],[79.74865895484696,12.523601178796229],[79.74392632540133,12.531894122123088],[79.73894152889973,12.534905306570119]],[[79.75550168512406,12.513728257045027],[79.74975306423545,12.502853127068166],[79.75578849608313,12.511940744745933],[79.75550168512406,12.513728257045027]],[[79.6762345758756,12.39533850127023],[79.66945710764867,12.393806223174565],[79.66652645366639,12.389164486860336],[79.6762345758756,12.39533850127023]],[[79.6403907008861,12.344682487582109],[79.64712195607476,12.358865409025347],[79.63888778048175,12.344081792231407],[79.6490790958213,12.340871850298194],[79.6403907008861,12.344682487582109]],[[79.49627090401142,12.345146603353623],[79.48886195439441,12.349394709872366],[79.49610555023061,12.345134095783095],[79.49627090401142,12.345146603353623]],[[79.44822882116887,12.395785500925077],[79.43954160525325,12.389393847214174],[79.43977141183927,12.389075528072226],[79.44822882116887,12.395785500925077]],[[79.43620436803435,12.394016458368979],[79.43909081689824,12.390018261704846],[79.4379840466941,12.407530125794064],[79.43620436803435,12.394016458368979]],[[79.26948638839085,12.447739323790445],[79.23175778516,12.442959492133712],[79.23181431040737,12.442847176826492],[79.26948638839085,12.447739323790445]],[[79.21952076950329,12.195338571680331],[79.21891906222103,12.197821710273077],[79.21675668596191,12.196791701784331],[79.21952076950329,12.195338571680331]],[[79.2587947422872,12.13065564556267],[79.27696754736746,12.123954794964165],[79.27667461297126,12.126048103967834],[79.2587947422872,12.13065564556267]],[[79.2787364885458,12.111313942460814],[79.27878357598682,12.107643603547142],[79.27921715873737,12.107879073586338],[79.2787364885458,12.111313942460814]],[[79.26175521396789,12.818713590990535],[79.25879584811332,12.814147433116757],[79.26171654309461,12.809372142057004],[79.26175521396789,12.818713590990535]],[[79.26211232884957,12.794451418049057],[79.26204767039009,12.794122267598647],[79.28781020199675,12.779149878241997],[79.26211232884957,12.794451418049057]],[[79.72042618682995,10.286746116027842],[79.72093113397743,10.288001078418235],[79.70513427407926,10.29279672692064],[79.72042618682995,10.286746116027842]],[[79.72968737123074,10.800702459687885],[79.7318852067217,10.802164927049857],[79.73160212142662,10.80937453478865],[79.72968737123074,10.800702459687885]],[[79.73158367818979,10.809844246586843],[79.73157674681269,10.8100207746893],[79.72364815413131,10.80762670658464],[79.73158367818979,10.809844246586843]],[[79.73954433356393,10.92143669092889],[79.73903141709627,10.9211854517983],[79.7398373927557,10.920052761013771],[79.73954433356393,10.92143669092889]],[[79.8097628976653,10.88042413275496],[79.80605408623384,10.879641190427202],[79.810033199836,10.878367462958096],[79.8097628976653,10.88042413275496]],[[79.67968650855488,12.31576050124477],[79.67999310507581,12.316179308387289],[79.66063413160916,12.32309889071745],[79.67968650855488,12.31576050124477]],[[79.86764050790308,12.248913993979777],[79.87112927719681,12.24686610932792],[79.86242497560177,12.26194283507306],[79.86764050790308,12.248913993979777]],[[79.9907130781565,12.2518895647862],[79.98805025380186,12.25145647877613],[79.97309905892898,12.233364372410254],[79.9907130781565,12.2518895647862]],[[79.53267541028828,10.96100012356333],[79.52853311282647,10.959968399820415],[79.52845874080249,10.959556840055118],[79.53267541028828,10.96100012356333]],[[79.5782422698189,10.98276735729105],[79.57820902665851,10.982651397798591],[79.57983804957307,10.982783681811688],[79.5782422698189,10.98276735729105]],[[79.59073873912618,10.982895193773857],[79.58612968481101,10.982848044032739],[79.59094508018656,10.979865915578925],[79.59073873912618,10.982895193773857]],[[79.6306391075913,10.986706752384617],[79.63273346769249,10.98092461313655],[79.6332617932472,10.989579318087301],[79.6306391075913,10.986706752384617]],[[79.63147219081276,10.992429961836581],[79.63341910215625,10.99215625607932],[79.63351985077257,10.993806658072343],[79.63147219081276,10.992429961836581]],[[79.64062281429541,11.000408166132354],[79.63391570989518,11.00029137924029],[79.64049362805473,10.999965406592688],[79.64062281429541,11.000408166132354]],[[79.6409911042793,11.007989516426436],[79.6409084300812,11.001387056091259],[79.64301742321935,11.008615200714543],[79.6409911042793,11.007989516426436]],[[79.71834216237917,10.954832141100528],[79.71970024979875,10.954846564437755],[79.71973962385597,10.955945360670068],[79.71834216237917,10.954832141100528]],[[79.72293297209593,10.936227090827048],[79.72246706087384,10.938265680814679],[79.72044963429022,10.937235543408468],[79.72293297209593,10.936227090827048]],[[79.6332761170079,11.804695045690966],[79.63675133910756,11.800455152390523],[79.63890670900477,11.80023547306395],[79.6332761170079,11.804695045690966]],[[79.64735405559132,11.799374503718564],[79.66499606496458,11.810483164874489],[79.64360933046535,11.799756173099277],[79.64735405559132,11.799374503718564]],[[79.67005488669496,11.808580762857646],[79.68142363831198,11.79624278603627],[79.69057421196928,11.806998586219754],[79.6759301771432,11.81430106562815],[79.67480883892011,11.806793008953052],[79.67005488669496,11.808580762857646]],[[79.6892869902997,11.825156313436976],[79.68998210361944,11.827623518640868],[79.68642550035224,11.830876864427335],[79.6892869902997,11.825156313436976]],[[79.68588938522558,11.831948639612657],[79.70309236121764,11.831910000660267],[79.68563319224238,11.832460808116016],[79.68588938522558,11.831948639612657]],[[79.60259214404743,11.221392374411764],[79.60362304083152,11.223947420879227],[79.60070548173235,11.220783872836687],[79.60259214404743,11.221392374411764]],[[79.69599600913794,11.860351513037287],[79.699070818388,11.86128640037173],[79.69723025032089,11.874080456370386],[79.69599600913794,11.860351513037287]],[[79.70200256194586,11.822906422647314],[79.69711136997113,11.823074819850671],[79.692985498601,11.813737326876275],[79.7042345691014,11.813468147834053],[79.70200256194586,11.822906422647314]],[[79.67390248461251,11.99509585562348],[79.68092956490571,11.983410669302636],[79.68547172635826,11.991640619779947],[79.71961193732146,11.992215079892096],[79.7030472612988,12.008153651923868],[79.70359062975629,12.031417600800655],[79.69111938514217,12.032437476637881],[79.68341677894188,12.021609306746576],[79.67547768495481,12.02136653668215],[79.67131591870258,12.010062773816289],[79.65976844403448,12.010624654569162],[79.65702483105328,11.991386998721627],[79.66251561973408,11.989519755240048],[79.67390248461251,11.99509585562348]],[[79.78910810501745,12.018225904703545],[79.80185944074387,12.01706811632679],[79.80566837570198,12.024490953369671],[79.78880234634252,12.026375154783635],[79.78910810501745,12.018225904703545]],[[79.61917383416159,12.001411964717192],[79.62632342759153,12.000360155941186],[79.62361032319401,11.98932244231153],[79.61717815668932,11.989552691386892],[79.62437265330708,11.981787629133395],[79.61860693074198,11.969954261152917],[79.62748551159926,11.968146518998973],[79.6284039805868,11.945135376235427],[79.61885538768159,11.943317869237497],[79.61848510032483,11.926060849815473],[79.62837680565113,11.919484623412156],[79.62532481001608,11.903027336337761],[79.63209006823483,11.901255591341293],[79.6626722311224,11.913096255859784],[79.66267284557004,11.918190256414718],[79.66886925461831,11.918266295310149],[79.67069796941526,11.931577323987327],[79.66933088896135,11.937512183768026],[79.66066905631078,11.937160715305131],[79.6574843597453,11.948054141380881],[79.64264791656514,11.942099899569868],[79.64223066528533,11.95398986967355],[79.64730766389512,11.953429134803502],[79.64851588178257,11.967590131854315],[79.63643774263176,11.977846295262264],[79.64147907542981,11.991627554208245],[79.63644726028218,11.998086653158435],[79.64231040064824,11.999225524144018],[79.65099944326882,12.021812286812935],[79.62552920279431,12.032172583163355],[79.62904663534104,12.018798096640577],[79.620713077638,12.013527693331907],[79.61917383416159,12.001411964717192]],[[79.6846608063715,11.953352258573338],[79.68650562436822,11.973253288165195],[79.67667112016593,11.96810682411324],[79.66219653724684,11.969166380290009],[79.66002397071536,11.958391069386924],[79.6537947372266,11.960669695055207],[79.65464338915025,11.953487396381465],[79.67321577018852,11.94787151811345],[79.6846608063715,11.953352258573338]],[[79.64713202439246,11.85016121219666],[79.65788844711291,11.852655459901047],[79.66272668968986,11.867254545597026],[79.64858337759976,11.870528229997818],[79.64839117406159,11.880445136084525],[79.64052058380146,11.880585550338077],[79.64115864457136,11.886633265842253],[79.6346968399505,11.888762303100208],[79.63450399681183,11.881037677940894],[79.62989174161426,11.881290777260503],[79.62978156144801,11.88868100716594],[79.6212175688066,11.890597264775941],[79.60815248209416,11.876864781997117],[79.59940929441817,11.88300658642528],[79.60200034112478,11.85786215162061],[79.61950692318074,11.862686248856862],[79.61915325555508,11.870193967796633],[79.62845544057785,11.869796516732615],[79.62634007966197,11.854668043221611],[79.64713202439246,11.85016121219666]],[[79.64732443813642,11.844221986896983],[79.6409455075921,11.82336695299337],[79.64633643056274,11.816243211712344],[79.67129160400276,11.814880341044274],[79.67131122141194,11.823649084291548],[79.65945547637938,11.829399927250279],[79.66177828344719,11.839416061016951],[79.64732443813642,11.844221986896983]],[[80.07983575090745,13.01622131934256],[80.05868612809704,13.007898243349878],[80.0803105276031,13.016180714595501],[80.08179442587483,13.041038800277681],[80.08002016335716,13.016117381749632],[80.07105454203705,13.03741632687095],[80.07983575090745,13.01622131934256]],[[80.1271874346201,13.034498829661391],[80.1087430552534,13.04177473967764],[80.1230519996139,13.033242541112003],[80.1271874346201,13.034498829661391]],[[80.12939475410342,13.045142791387935],[80.12801579061086,13.034750472872917],[80.12873564490809,13.034969154755112],[80.12939475410342,13.045142791387935]],[[80.13541141146953,13.045458342190152],[80.14629271857123,13.054038696779841],[80.12939475410342,13.045142791387935],[80.13541141146953,13.045458342190152]],[[80.14564401007027,13.037477145188811],[80.13882641240978,13.041432041819602],[80.14547416438253,13.035425136063933],[80.14564401007027,13.037477145188811]],[[80.18857535269451,13.023040047110111],[80.14549050447252,13.024297871801476],[80.14542495270807,13.023560041001957],[80.18857535269451,13.023040047110111]],[[80.19968444019881,13.028500091775472],[80.19587842868064,13.02955558095172],[80.18857535269451,13.023040047110111],[80.19968444019881,13.028500091775472]],[[80.2200163014004,12.852507716977726],[80.20893025985276,12.872847486781895],[80.21288022671719,12.86085322613459],[80.2200163014004,12.852507716977726]],[[79.59492803534863,13.123052786565042],[79.57091169730025,13.121888937862405],[79.5943876742507,13.12198373238666],[79.59492803534863,13.123052786565042]],[[79.5889697658889,13.147274347965475],[79.59928814941561,13.131678866753507],[79.58934363535829,13.147277339925562],[79.5889697658889,13.147274347965475]],[[79.78884531455918,13.056574320846371],[79.77908708271445,13.053669065410453],[79.78969528721852,13.053734355563897],[79.78884531455918,13.056574320846371]],[[79.78656229530974,13.037456660749612],[79.78646518746056,13.039445955103568],[79.7861459409108,13.039068989810927],[79.78656229530974,13.037456660749612]],[[80.06336940667788,12.985029378072948],[80.06416378288489,12.987499876583174],[80.0605862764793,12.998619650028994],[80.06336940667788,12.985029378072948]],[[80.05290507435981,12.982786611040092],[80.062381932298,12.981958347038947],[80.06320659017038,12.984523021090373],[80.05290507435981,12.982786611040092]],[[80.10394199863106,12.952960759265173],[80.10416667787,12.953359182326412],[80.10399522049329,12.953431070562507],[80.10394199863106,12.952960759265173]],[[80.09117371779001,12.9467918155901],[80.09983666974144,12.945680791114315],[80.1017057613242,12.94899524595079],[80.09117371779001,12.9467918155901]],[[79.95174407216467,12.710504299525047],[79.95171378324153,12.710838367415086],[79.95116584174669,12.711600304786092],[79.95174407216467,12.710504299525047]],[[79.92449714059964,12.632580714011704],[79.92851581241365,12.637172080022326],[79.92840668509058,12.637734297873024],[79.92449714059964,12.632580714011704]],[[79.88800525071538,12.630373970902511],[79.87364149924107,12.631020265001046],[79.87143447456195,12.627881508449383],[79.88800525071538,12.630373970902511]],[[79.8478225543329,12.631483803428889],[79.86306113194324,12.626622047704089],[79.86726299150817,12.62725406258993],[79.8478225543329,12.631483803428889]],[[79.82282506002527,12.620987750044746],[79.82354782597447,12.620654886724772],[79.84066717036262,12.623889655377997],[79.82282506002527,12.620987750044746]],[[79.8188527842387,12.58204430096015],[79.81758682763297,12.588545290800383],[79.81127621755924,12.595544797096219],[79.8188527842387,12.58204430096015]],[[79.8192857295831,12.565494962790034],[79.82133695258433,12.569287502580844],[79.82022786581703,12.574982928295645],[79.8192857295831,12.565494962790034]],[[79.76369263841912,12.550222165656768],[79.77327125481774,12.551103026603208],[79.77354226524933,12.551473841468741],[79.76369263841912,12.550222165656768]],[[79.74918336106278,13.00397075633],[79.74873827878149,13.003745508004178],[79.7485883736636,13.003571884283238],[79.74918336106278,13.00397075633]],[[79.55779771578706,12.87812666312193],[79.5584001353979,12.872946211314229],[79.56415653620563,12.865410251059233],[79.55779771578706,12.87812666312193]],[[79.56713781909613,12.859448261379429],[79.56611173842613,12.861500224440249],[79.5650794453529,12.858091651721821],[79.56713781909613,12.859448261379429]],[[80.15820791772441,13.044154753646868],[80.1603195371353,13.04488054043181],[80.16136667092263,13.081140735949749],[80.15820791772441,13.044154753646868]],[[80.19874193890448,13.016136243930687],[80.20047838863691,13.028279912730055],[80.19997926342361,13.02841833092919],[80.19874193890448,13.016136243930687]]],[[[78.20525024200025,8.841780613595612],[78.21578727726369,8.842005242421164],[78.21921643057081,8.833899907758799],[78.21327171239716,8.832270649207956],[78.20525024200025,8.841780613595612]]],[[[78.22678366065779,8.866320278556655],[78.22180957664023,8.872036799717122],[78.22739909196737,8.870817288387363],[78.22678366065779,8.866320278556655]]],[[[78.27022859079122,8.943166864429577],[78.27358180771073,8.943292814969752],[78.26955110206518,8.939142238415519],[78.27022859079122,8.943166864429577]]],[[[78.25057096673628,8.952854863928842],[78.25188646233329,8.956394270033257],[78.25521815112702,8.954573930606427],[78.25057096673628,8.952854863928842]]],[[[78.49554642256768,9.090659702710216],[78.49274322343535,9.08642473202134],[78.48722232681949,9.088709409273271],[78.48993924456539,9.093432752897675],[78.49554642256768,9.090659702710216]]],[[[78.53913486844918,9.106045398169611],[78.53908830068318,9.103765339324926],[78.53508319881985,9.102767871430972],[78.53913486844918,9.106045398169611]]],[[[78.58797440734085,9.106998522423185],[78.57095495381571,9.1011315174357],[78.57934269699837,9.11282441640345],[78.58797440734085,9.106998522423185]]],[[[78.72803413083487,9.15280059908589],[78.73110146340679,9.155879682910653],[78.73097272404678,9.152118491994196],[78.72803413083487,9.15280059908589]]],[[[78.69652212988157,9.155810523013185],[78.69700368436601,9.152589692432999],[78.69384185082284,9.152857015139862],[78.69652212988157,9.155810523013185]]],[[[78.75250344955515,9.155560055731732],[78.75138600463053,9.155533446061456],[78.75091078686206,9.156539523280422],[78.75250344955515,9.155560055731732]]],[[[78.69883606159438,9.158686111412335],[78.69888299856797,9.158301195843764],[78.69806858862633,9.158523357838408],[78.69883606159438,9.158686111412335]]],[[[78.81956017202853,9.165229311636859],[78.82226415583095,9.16644057972144],[78.81692339927733,9.160365274197574],[78.81956017202853,9.165229311636859]]],[[[78.82852139609531,9.173688039673378],[78.82904061783795,9.170506711127961],[78.82396199058255,9.166451631565812],[78.82852139609531,9.173688039673378]]],[[[78.93719352721801,9.182399771639723],[78.89726449261387,9.179674300438908],[78.90624978793701,9.185190868787863],[78.90883627838849,9.181495348686166],[78.93287860359973,9.182389560095293],[78.94335419858932,9.187732786994875],[78.93719352721801,9.182399771639723]]],[[[78.96741311298891,9.182918994808906],[78.96684516932021,9.18735620064195],[78.97111533258284,9.184971636616696],[78.96741311298891,9.182918994808906]]],[[[78.70191123376377,9.185993714183295],[78.70308129031966,9.18548452518149],[78.70189781922164,9.185822480297249],[78.70191123376377,9.185993714183295]]],[[[78.91013209908418,9.185988393415215],[78.91012041559556,9.186565769892452],[78.91040728719167,9.18646225361498],[78.91013209908418,9.185988393415215]]],[[[79.07585777990191,9.202338520945005],[79.08329198027509,9.20276730956527],[79.0910261011722,9.195932580588154],[79.08635219729166,9.191691565369085],[79.06647412397108,9.20053697506095],[79.05676835912882,9.198019958684641],[79.06889865266838,9.210539149178683],[79.07585777990191,9.202338520945005]]],[[[79.12949518838671,9.213786887559758],[79.12225581103907,9.21574263041079],[79.13411272388153,9.215982817975716],[79.12949518838671,9.213786887559758]]],[[[78.51802818458587,12.724767159392192],[78.5191695687145,12.736283887268481],[78.52281872841785,12.71915119641032],[78.5092717162167,12.72423450881605],[78.51802818458587,12.724767159392192]]],[[[78.50597147744108,12.722524533721442],[78.48908796327295,12.741980396924243],[78.49316506959784,12.747149268398301],[78.51382952721985,12.73446914686165],[78.50597147744108,12.722524533721442]]],[[[79.1388749447309,9.213347348340012],[79.14153391664941,9.214253830433817],[79.13953377544848,9.21263881090268],[79.1388749447309,9.213347348340012]]],[[[79.22364618319736,9.247150655331906],[79.20383677170716,9.239722836896929],[79.1993300505892,9.230202836991165],[79.17931051506923,9.238198738982653],[79.1804225009319,9.24962723116046],[79.21774062797684,9.250422893725],[79.20866673091888,9.248876521056017],[79.20226729902316,9.241490779803295],[79.22206282525399,9.247797524145579],[79.21785439242102,9.250435733941757],[79.22364618319736,9.247150655331906]]],[[[79.23846056465247,9.241888936599395],[79.23863326127425,9.241206244004479],[79.23274572895328,9.243084050655249],[79.23846056465247,9.241888936599395]]],[[[79.4965854500183,9.123166455879975],[79.48929248097745,9.119036838613974],[79.4918778117039,9.124026926304602],[79.4965854500183,9.123166455879975]]],[[[79.48712076155726,9.12733307465111],[79.48829916436047,9.128227787715819],[79.4883122959333,9.12652349258044],[79.48712076155726,9.12733307465111]]],[[[79.48163077597033,9.128686456296483],[79.47973416021605,9.129699581583695],[79.48062600134189,9.130558330673692],[79.48163077597033,9.128686456296483]]],[[[79.48151377040459,9.132886171006431],[79.48286972342703,9.13429623615483],[79.48228219019695,9.131837213055858],[79.48151377040459,9.132886171006431]]],[[[79.46980662468633,9.139403790979138],[79.47288167468486,9.139186030316592],[79.47346777330544,9.136609080009848],[79.46980662468633,9.139403790979138]]],[[[79.46750965406439,9.140511971240018],[79.46511760575282,9.143320020730437],[79.46741488270025,9.143378192578059],[79.46750965406439,9.140511971240018]]],[[[79.45412760399046,9.145628093904966],[79.45470533929576,9.145320586707301],[79.4537815432986,9.143896763270991],[79.45412760399046,9.145628093904966]]],[[[79.45505599666691,9.147074527045605],[79.45575207243449,9.14763497664538],[79.45618405339002,9.146558917884603],[79.45505599666691,9.147074527045605]]],[[[79.45009312811567,9.147952627861388],[79.4523543817219,9.149778515319783],[79.45266298266638,9.146424087924919],[79.45009312811567,9.147952627861388]]],[[[79.44551792123707,9.153767203904],[79.44578597043301,9.152058361571918],[79.44453497028015,9.152343392986582],[79.44551792123707,9.153767203904]]],[[[79.44728723673246,9.152654763562685],[79.44357594684911,9.156642774244558],[79.44766969087141,9.153934027750198],[79.44728723673246,9.152654763562685]]],[[[79.76663620919604,10.898627482072653],[79.76615760477895,10.900611836240808],[79.77043357744652,10.901390908335065],[79.76663620919604,10.898627482072653]]],[[[79.76217952334108,10.901519807576227],[79.76405823028188,10.912219123970697],[79.76788598943673,10.901769668725827],[79.76217952334108,10.901519807576227]]],[[[79.77288281879731,11.900443230808483],[79.76919724588394,11.900663263159041],[79.775386995721,11.904986756927313],[79.78766729084504,11.896837089169862],[79.7967496760841,11.89810556540499],[79.79237354395728,11.876846757252],[79.78520584588111,11.862828782170618],[79.77833130401474,11.8631559632293],[79.77966540461964,11.877911908282623],[79.77284217721724,11.875220668743076],[79.77288281879731,11.900443230808483]],[[79.78925652736365,11.895839985294794],[79.78902092980732,11.895035893399996],[79.79099433265382,11.89532576161388],[79.78925652736365,11.895839985294794]],[[79.79332177862175,11.884553362789205],[79.79158752616853,11.884999368196997],[79.79294754855921,11.883484892020029],[79.79332177862175,11.884553362789205]]],[[[79.84282762401081,13.322170369993446],[79.8456676612563,13.32757667936576],[79.85001426216643,13.323523498673378],[79.84282762401081,13.322170369993446]]]]}},{"type":"Feature","properties":{"state":"Kerala"},"geometry":{"type":"Polygon","coordinates":[[[76.84856899127064,10.28452150124193],[76.85494275380715,10.292118791195762],[76.87315101711805,10.297546227649867],[76.87326407997803,10.27567536990166],[76.89696525558705,10.261879902008994],[76.90333503948517,10.251154110482808],[76.90256797525055,10.239575083855183],[76.9219064781907,10.231588762547368],[76.93962575435647,10.238154604674655],[76.95072347310452,10.231702543391469],[76.97066750252993,10.229047429225037],[76.98201881029277,10.219537805721611],[77.01248605260434,10.244012746671507],[77.03963854206025,10.252879054184396],[77.05052149518343,10.261850351705009],[77.05284560929998,10.272306260564594],[77.04361949900537,10.28406357385063],[77.06316746661186,10.291716708404792],[77.065978024743,10.298167886199414],[77.09142847623006,10.315060116029677],[77.09568781928509,10.308748303613644],[77.10200032480405,10.315610826958837],[77.12015477363953,10.31803481324859],[77.16820979313236,10.35411887362919],[77.18088858720463,10.357552565925031],[77.23525271029641,10.352869869019992],[77.23567741130486,10.340013822071002],[77.22876276594927,10.331128984237404],[77.22734294720168,10.316573766283017],[77.26355594702116,10.263896088071743],[77.25729564350168,10.259481886309125],[77.25911824975468,10.23045950223318],[77.26945725590535,10.237008740286404],[77.28093978148009,10.236741185955493],[77.2952790897955,10.218546066864459],[77.2829423265727,10.20860223287302],[77.28348859209694,10.1976901952891],[77.2745943967234,10.1849353629334],[77.2712317528833,10.142356348519643],[77.27485322740789,10.131305088444217],[77.26812058611875,10.127808609979578],[77.26771637837689,10.122207643029055],[77.23853582179285,10.130844223014716],[77.2163547762059,10.116430585843096],[77.20750044626803,10.119140602793522],[77.20118377975268,10.107203462288817],[77.20404877309507,10.088492743930303],[77.23162566531873,10.066876466631822],[77.26389717657342,10.029307110386844],[77.25472824853821,10.01244661221902],[77.26492640783546,10.004276030240817],[77.26102916309506,9.991828232158129],[77.2667619525235,9.990392716686001],[77.2643369719736,9.987272703589333],[77.2726035432042,9.976435396349874],[77.2727897980986,9.964293512469489],[77.26094725201249,9.952586013663714],[77.24664028035235,9.952017253500593],[77.24799737513355,9.94746460774829],[77.23632542091654,9.935991079022985],[77.23015827359035,9.913083174101168],[77.21834772998623,9.904908890535514],[77.2208404632715,9.885094908356772],[77.2125414844187,9.877498074020313],[77.22142250599859,9.863744458719104],[77.23640510866876,9.860214044099514],[77.23728223269532,9.851990989022642],[77.22303085417485,9.845490259054234],[77.22762359796444,9.838703617219252],[77.22187122885606,9.823059737693281],[77.24128353648163,9.816212454052827],[77.24691881109102,9.808570940863525],[77.24679666985682,9.798458529415488],[77.24028804324671,9.797493350492964],[77.23613845096318,9.790632555883066],[77.22278883815588,9.788367107662763],[77.22510937607927,9.776144316762824],[77.23252664680263,9.7691431251048],[77.22020175301967,9.745111638041148],[77.22387498667432,9.730446063265012],[77.20352284722546,9.722183017835748],[77.20191031289998,9.703970107888695],[77.20668323358272,9.694728998866912],[77.19407597684808,9.670632517685567],[77.18111262254492,9.65928355901443],[77.17401170971856,9.637382487232788],[77.17622459443662,9.629552544544696],[77.16907196559933,9.624051916645783],[77.16582739901511,9.61294070168897],[77.18860863599281,9.606208400267521],[77.19813035040642,9.614461238638398],[77.20888475551077,9.61355033919148],[77.20980157788635,9.6050611308383],[77.22214711225962,9.597790980480765],[77.23424929302239,9.581648071167141],[77.24270154961549,9.585323624800546],[77.25299506418183,9.583071783168927],[77.26964118955304,9.572874617524327],[77.30373576969309,9.598845471316883],[77.31774607812049,9.602609345833057],[77.32986041129243,9.599069788017328],[77.3244955134139,9.593413745542447],[77.32531294798308,9.58013422612942],[77.33942423962488,9.573424915282233],[77.35451365018567,9.60417371941568],[77.36105476167307,9.602365849241547],[77.36607000559869,9.59605996694169],[77.35740206979406,9.594536020478381],[77.35489740598348,9.586787590251262],[77.35981705119654,9.577484528650148],[77.3501893697154,9.567185998199164],[77.35283144791667,9.559686570280562],[77.3650102397018,9.552834035162052],[77.36548900312067,9.53519478813165],[77.3851030741557,9.519336810032256],[77.40043192706221,9.52746881084054],[77.40034025398745,9.517961914005753],[77.41232049024705,9.509082635352339],[77.39915625378175,9.49646975013189],[77.40200397431785,9.477728363778697],[77.39152665096964,9.468850659858653],[77.3925367067936,9.459456056981326],[77.37711998248263,9.452883276506926],[77.36592394492337,9.460188301875416],[77.34892242985613,9.440576468823236],[77.33644384510784,9.412367180132899],[77.34381980770114,9.402201197481862],[77.3344763172433,9.381323356799921],[77.3357077583775,9.361147927740584],[77.32595538265011,9.346657917816561],[77.32521031456356,9.337223226160404],[77.29997996289751,9.336804627972164],[77.30091602808481,9.330225183529828],[77.29721153665153,9.329334214770611],[77.30262524718603,9.319096251190915],[77.29945927330768,9.311021161307833],[77.2821362116744,9.298682951990395],[77.28845925083836,9.275048170838705],[77.2827296064117,9.273336509808876],[77.24899441436908,9.289650824729645],[77.28332167972727,9.272876800847467],[77.27528876209865,9.234843703930592],[77.28221741937607,9.216893150524893],[77.27067666769958,9.200882944509123],[77.2563019271344,9.19942665356135],[77.25247399640129,9.189545986568072],[77.26428277571418,9.186162688434855],[77.26779965130542,9.153421294028597],[77.25339670274201,9.139641657767928],[77.24693209178419,9.12388342675543],[77.22806620149821,9.116240331564782],[77.2260796149766,9.10745876075623],[77.21206627114182,9.099888866730586],[77.20567553763297,9.084505235099373],[77.20879007307983,9.07415400203438],[77.19671144255052,9.056634893988091],[77.19717519062944,9.046550661534809],[77.18692886276833,9.0427751547668],[77.18284811826649,9.046771682017907],[77.16701279699942,9.044890538208623],[77.16093707301631,9.029217952922114],[77.14700999349995,9.021366285015706],[77.14926840303997,9.009693892210198],[77.1567730097719,9.007618419634326],[77.16159106001788,8.995159140869584],[77.17348586110406,8.991342464601434],[77.17812079606757,8.969217450167667],[77.1854686045616,8.970301412868384],[77.19620524368457,8.954698625123994],[77.1970563578904,8.935544113918873],[77.1927129127618,8.926313512430124],[77.20294134977573,8.923143711185617],[77.21036716617242,8.932000017402112],[77.2213048859852,8.927519190106208],[77.22379541480474,8.924266442295595],[77.21816840289932,8.91665910407752],[77.2211487048899,8.904065647688624],[77.23846253004545,8.897858591391177],[77.23757246488891,8.885792980883378],[77.25833876990457,8.874972032966614],[77.25727493104617,8.861650015163885],[77.26399115562349,8.84206893499998],[77.24707721910994,8.823721590957268],[77.24230703020396,8.809366299470366],[77.23195413070911,8.807153885202998],[77.22922698923699,8.784042911526251],[77.21302732925695,8.7786031085198],[77.21753311882196,8.76768967091441],[77.20847826874302,8.76502213131294],[77.19932860695943,8.768910810006002],[77.19806805583474,8.75276369612009],[77.19143274610833,8.742015056716879],[77.1769811564672,8.74379282919942],[77.17246905084744,8.749632328748504],[77.16999157904053,8.741850180160423],[77.1787115084355,8.732019693545976],[77.181328240671,8.717236273351682],[77.19494266245104,8.707880387798715],[77.20674320690772,8.684534695318167],[77.20085477716975,8.668967151607596],[77.20828406555499,8.663757471957743],[77.21417618557211,8.649261488072668],[77.22474258945716,8.639203602574126],[77.22933222058431,8.639914279584179],[77.23456320929841,8.62697158137469],[77.25144280681191,8.620337841286961],[77.25198069015629,8.608350636354823],[77.2463520882328,8.603589690871823],[77.26633663257583,8.58526457406955],[77.27420600561872,8.559764954319883],[77.28375606367617,8.54685140048988],[77.27456159743573,8.537748603615583],[77.26161393400568,8.50627529103725],[77.25120577105287,8.505539598079848],[77.238725936748,8.496029892456802],[77.2293596964556,8.508198883370302],[77.21351972281364,8.512028502525766],[77.20127547528531,8.500969788757327],[77.210424206498,8.491866360994857],[77.21298840884894,8.470381766709512],[77.22517214945302,8.459625204407711],[77.22699535039071,8.446731115514014],[77.20597543749562,8.44399788947335],[77.1960286708323,8.428892305671754],[77.19685899532755,8.419615802270112],[77.18257455521133,8.404911647134016],[77.181713313399,8.396144702134563],[77.16766810003286,8.383723029823733],[77.16056963870889,8.389355478942917],[77.15067447307214,8.384458134764637],[77.15937104806633,8.381189724133518],[77.16080124235546,8.373644706778098],[77.1523848465085,8.35507467547309],[77.16760376718379,8.3633676782322],[77.17388001759619,8.358523387673078],[77.17507657984284,8.35001897508674],[77.16654339492412,8.342540308394897],[77.17974970039249,8.322791111555865],[77.17283108358504,8.318757080693052],[77.16848117956958,8.332553534658402],[77.15332077066029,8.326934361277125],[77.14822419416721,8.331711641557535],[77.12868901857033,8.324564705561729],[77.11859329865648,8.32026435942262],[77.12211477721523,8.308617698915054],[77.11615852018177,8.309400726362368],[77.11228687652864,8.30400225952254],[77.10297102453711,8.306402047633503],[77.09779810741458,8.29248867977566],[77.02595302760864,8.350124077463194],[77.00997379263974,8.357216147610597],[76.99773469245801,8.374946479318016],[76.9864758923048,8.375797145146047],[76.97149846842223,8.391890834951878],[76.97284009331594,8.398228834406972],[76.95969724933079,8.42159510387135],[76.6993413377697,8.738575886597943],[76.67349960619599,8.781150627565097],[76.6102267188534,8.859738311294082],[76.581818648735,8.880442011594228],[76.57104013823832,8.883437856010845],[76.56596151727112,8.87996021180287],[76.5477719434097,8.902752135896625],[76.54032362691012,8.932264235577717],[76.53548840446915,8.934020377251834],[76.54414357251866,8.936263967595798],[76.535605438781,8.936339629163376],[76.51861573296648,9.012470124604281],[76.34834003043743,9.38731324733165],[76.32027159356504,9.48272775911375],[76.30290389823851,9.574220417462799],[76.28340435756698,9.752773989793132],[76.26096193401709,9.881465976548794],[76.23771991699415,9.956803117447588],[76.2405691152589,9.982334284270198],[76.22566588593061,9.990426959650184],[76.2206781349443,9.998922259930604],[76.16745670572483,10.171108588163625],[76.16762965028167,10.181861884158472],[76.17725850549967,10.186371628569432],[76.16286807711758,10.183573530314476],[76.10046569411621,10.381759535684132],[76.06711712170049,10.4560159094787],[76.0326381066363,10.515970350446722],[75.91000390482026,10.793443581823846],[75.86256875970442,11.001685140754123],[75.82615242891535,11.12255722886263],[75.81471634983407,11.149260050935991],[75.80449033916975,11.156471924085986],[75.80931975220575,11.163002101699107],[75.80160836856679,11.16636428173462],[75.74827890076476,11.318374089823028],[75.736689486451,11.324989724769843],[75.73201649346213,11.356083552720012],[75.68066503237242,11.450866083234699],[75.6642523099733,11.462608473873113],[75.64540222823965,11.468466630052262],[75.63402352365725,11.462173863290316],[75.62731824774662,11.473406494591716],[75.61802859242542,11.47736258753094],[75.61855597176917,11.487497315618233],[75.56685368173004,11.629412051707682],[75.53658682930386,11.693938824344887],[75.54441045743756,11.704809014267502],[75.55340417985637,11.702427722456331],[75.53843957583125,11.709875168844794],[75.53055591598205,11.704027560796984],[75.50917682160208,11.731399144986977],[75.498180768788,11.734503853198705],[75.48545001346473,11.74835146090652],[75.47291937583732,11.764609109458636],[75.47621825636023,11.766933117935238],[75.47067746745071,11.770633968802594],[75.46839153802195,11.764844491889702],[75.4607925731509,11.765751636969366],[75.45394146383872,11.771655497978541],[75.46158207191142,11.779859454365207],[75.44775359417557,11.78280654888923],[75.43793515634215,11.805594692678143],[75.4249170596039,11.813202236845187],[75.38625347275735,11.85638338080758],[75.37461387316193,11.85906017208821],[75.37428503047911,11.852654765362788],[75.36792514421883,11.852216375983327],[75.35640261037628,11.860293955895877],[75.3461302125073,11.88045854282265],[75.32531312033875,11.904969671931058],[75.31935488790998,11.905235475042568],[75.32034558054802,11.916201860436844],[75.30328651401378,11.942735051720827],[75.30369071277251,11.951436325369215],[75.29165591823248,11.954421175005308],[75.25156017248126,12.00870504286446],[75.22761068096811,12.023476912104492],[75.22124136868553,12.012612025032428],[75.20124565648693,12.006354083315292],[75.16545523316026,12.089501492605299],[75.12691596955577,12.20244800480465],[75.1166001974316,12.20961867213827],[75.04181337671697,12.388598953989524],[75.03165759544326,12.391839597236569],[75.02196174979835,12.413718069581693],[75.0149878443801,12.418121888664423],[74.97405111741949,12.501097499304361],[74.95625416752434,12.545672406754237],[74.96385472870166,12.529501056826991],[74.95528708261195,12.558642084744983],[74.97573458002486,12.57110316185945],[74.95988482732274,12.566311112118992],[74.95377363605559,12.558387725523431],[74.95463874870849,12.549321663675768],[74.9385192894187,12.591406302737223],[74.94199478770966,12.586549037826767],[74.9402657706379,12.595363107885804],[74.94783281207869,12.606076052292604],[74.95409022841284,12.60521920585212],[74.94182623321964,12.607525625048039],[74.93952841997798,12.595653869474662],[74.93212463566198,12.61339718911731],[74.94173290005824,12.6323570668814],[74.94997810845308,12.636347789578906],[74.94239370617112,12.637407545884177],[74.92811325816808,12.611812738158404],[74.88803827517805,12.707539734660537],[74.89691283787106,12.69719310234158],[74.90608962706331,12.694546465496325],[74.8984207732632,12.698884598545202],[74.89146155889307,12.712375522160466],[74.8983267124664,12.714293012936603],[74.88674104322907,12.712577286355296],[74.88527268491342,12.709511873261398],[74.86765619847402,12.751435167220304],[74.86924563891019,12.76058382024897],[74.88233751697767,12.754125232948109],[74.93295086563612,12.780618371764968],[74.95821464900379,12.784742624254887],[74.96688750218627,12.776405693807485],[74.98195596762793,12.77970413700399],[74.99211828324702,12.788282713801513],[74.9896164419431,12.795546750164178],[74.99832946419181,12.786015616253358],[75.0024569785806,12.788407685027478],[74.99925535865349,12.790810829475394],[75.00511788636854,12.790384350225555],[75.00341517017165,12.778049193495967],[75.00947547816618,12.76758454726832],[74.98660392726474,12.743698784512373],[74.98372340025448,12.745216320457166],[74.98248703365756,12.738453936151398],[74.98645660535477,12.732996713270287],[74.99235573223115,12.738734248822709],[75.01124135491067,12.727968955745501],[75.00017790239913,12.7208202919032],[75.0010462211393,12.715473472179102],[75.01529849887336,12.713380017033655],[75.01882630426665,12.72023833071747],[75.0265396201818,12.718361539587455],[75.03388985592368,12.722615156502481],[75.05029927252255,12.719452718635994],[75.05350790200382,12.708392601736266],[75.04943983901889,12.705648606891005],[75.05479703384387,12.694718917476317],[75.05266104132085,12.690987169091374],[75.04313648014613,12.693899384151347],[75.03971183189019,12.686616261331958],[75.04662690304718,12.666750663703596],[75.05382822236953,12.669272202026287],[75.05757054724931,12.665089382871148],[75.0598508433429,12.67086244836175],[75.06925072194949,12.663929404162424],[75.07321219263945,12.670859246734048],[75.0852622980652,12.673885064962747],[75.08504799237775,12.69460079608095],[75.08015689382782,12.700330965298594],[75.08521607255729,12.705296719354994],[75.10545347917807,12.698077648049482],[75.1106613416635,12.683083659450638],[75.11542379248161,12.68279760631002],[75.11172880791898,12.680842061214745],[75.12491688746856,12.680470519287676],[75.13305894860754,12.674571149026107],[75.15247030940881,12.6822604542289],[75.15013192555398,12.67388168896392],[75.160465422337,12.671618003330332],[75.1500049918077,12.651323899593129],[75.13770764126966,12.644704309987917],[75.16110704133374,12.620990286350057],[75.17028631346946,12.621491142602048],[75.18220671654122,12.631673996936648],[75.20174170528851,12.628988241894003],[75.19845091678965,12.613340211336096],[75.20917664228024,12.60150564724788],[75.20033539271122,12.58900660472276],[75.20868042729033,12.592344172413657],[75.22033850702778,12.5682010521295],[75.23752371858745,12.568403723711379],[75.23878157917419,12.579954068515944],[75.2494790203097,12.583627581222078],[75.26129649621285,12.597683220236622],[75.26634618424137,12.615928608601438],[75.28087988708597,12.617709737246688],[75.28876526181904,12.61167229680155],[75.29074625542968,12.603222410280432],[75.30106520309835,12.606683012493402],[75.31133572438671,12.59099417052599],[75.32722176183978,12.592256495549739],[75.32560530996133,12.582668212702236],[75.31457185938365,12.573813935468262],[75.28971861508398,12.583884593009861],[75.2838569245988,12.570844796682078],[75.2720706669484,12.570245133326317],[75.26974062754424,12.5496147528115],[75.2801073045006,12.524187522237156],[75.30304949352607,12.522664028339973],[75.30421340111384,12.50334649054211],[75.31384214889522,12.502011342447751],[75.31454051985835,12.497534151886683],[75.33217424496804,12.499614234138427],[75.33527870491065,12.478291599768504],[75.34072112021173,12.470405693672499],[75.33633549289236,12.464166704620604],[75.3601070811483,12.465040665678943],[75.3722002356391,12.47696466706387],[75.3677722527541,12.491786299166384],[75.38193968011801,12.502070385708311],[75.41580101089791,12.50047910447263],[75.42487825867182,12.468993861202138],[75.41572628364266,12.466039541245689],[75.4133247742745,12.458641716387293],[75.39341247693821,12.45144856404121],[75.38629885115392,12.458363335800932],[75.36618924156043,12.458272545938394],[75.37149658617537,12.43779576088043],[75.3659340239,12.411971500260323],[75.37925357189143,12.392363381893803],[75.39232526840772,12.389908126791907],[75.39921503042994,12.380987096786114],[75.41349328744202,12.380107015742775],[75.42172933391929,12.373224184032663],[75.4196458344499,12.35702825015659],[75.41041427856804,12.347276621105015],[75.42029262504775,12.319065581279041],[75.43197392264203,12.308578763135214],[75.41201884265753,12.292481469377721],[75.41542060222285,12.28818390198311],[75.42569092947508,12.286797069166395],[75.4358177625388,12.29459352512041],[75.4652728820029,12.289400109927087],[75.4753185010767,12.296137254547007],[75.48494460781114,12.289988164913174],[75.49387983553196,12.272870969605426],[75.50538099665725,12.270802037768199],[75.52106164869365,12.235285825364471],[75.52810649676485,12.230914446911854],[75.52675916397584,12.22498503068797],[75.53978247273939,12.215668638212136],[75.53261177698509,12.200496696685178],[75.53985712453611,12.20173954658505],[75.54143187841572,12.196410688703349],[75.55263118853756,12.191844926381886],[75.5549775772799,12.1820068853292],[75.56990925715154,12.171817811017872],[75.57702727659587,12.156910788264081],[75.58307263033585,12.158286154606062],[75.59246747029198,12.14701333584719],[75.59520629884595,12.153404869283996],[75.61949540204552,12.155675700546002],[75.63593251370459,12.14845474818857],[75.63836623126896,12.13813672565433],[75.64320387377128,12.137952460201927],[75.64893148351383,12.108630636391029],[75.66164594968605,12.098500870704854],[75.67676169166447,12.097433880299446],[75.68717228186517,12.110323824089532],[75.70325813338353,12.108253216288364],[75.70212738530785,12.092370426206369],[75.71792543906705,12.08565705979546],[75.71472284446786,12.07052089872849],[75.73610191728825,12.079027601800442],[75.74711554833583,12.078263005112412],[75.75356265651864,12.08541465423606],[75.78597340484573,12.084933488726438],[75.80272633810753,12.07950439282958],[75.79866723851251,12.057139455450098],[75.79407375630778,12.055172539870577],[75.80107932644147,12.03703515399641],[75.82284254403018,12.012895006179894],[75.82035940654879,12.002683159106907],[75.82490901234009,12.002750632643291],[75.82946603821567,11.984588345684912],[75.8469050624707,11.982087092709849],[75.85420133461685,11.963717813317114],[75.87009146569265,11.951987291654639],[76.00319106302659,11.931470339847428],[76.01325742869189,11.941838788843626],[76.03351942489694,11.940250898663045],[76.07008891395037,11.967154352501955],[76.08967278632046,11.96746063502054],[76.11246038157375,11.977682783123539],[76.11280161382096,11.858546685152254],[76.11999716056927,11.850388543581065],[76.1560162868824,11.870216358620976],[76.19037489086763,11.87129129272529],[76.20746179439588,11.861614459776476],[76.2129186716747,11.842068718506498],[76.20974188028373,11.827476509193875],[76.22370610603542,11.808283397996988],[76.24556581795702,11.803005058824832],[76.28019269122541,11.812430347351105],[76.28834352171819,11.795159865244377],[76.30773300584734,11.784874950772577],[76.31839476230654,11.751364450865628],[76.3397217759596,11.739082952551996],[76.35248714696401,11.738356724048282],[76.36280253191428,11.748446066599346],[76.37697648643706,11.744622649029639],[76.39127464472593,11.754845998372708],[76.39862294190344,11.750886112337902],[76.41401386480285,11.760177694578404],[76.41046113924526,11.742162132487946],[76.41814888192087,11.742681032678988],[76.42742528170176,11.726055115521799],[76.41398894463855,11.711331027489564],[76.40851313267018,11.715132911018424],[76.40344433747556,11.707838160707611],[76.40886533244868,11.706468141751508],[76.4123586335519,11.69509995739054],[76.40842310441073,11.689793970856371],[76.41591436038085,11.67289289362799],[76.428015809915,11.670197153758524],[76.44403746602653,11.64727319720974],[76.43189672058861,11.630994659135087],[76.40659822182677,11.634338572812139],[76.38807684174046,11.629747244125733],[76.37796194010035,11.601989999727678],[76.35455837903989,11.589391723591929],[76.34123165979754,11.587324630035093],[76.33585751825471,11.595816958281443],[76.32119352645628,11.58627262413921],[76.31590518031129,11.576675556714571],[76.30236480486347,11.571306998869511],[76.29598738169217,11.59022639170879],[76.28607589097176,11.590277170241382],[76.2789878321388,11.600891232321787],[76.27428340889476,11.593758082072144],[76.2649083740957,11.59397143662103],[76.23381472036684,11.570656020262719],[76.24420901243336,11.553307360057865],[76.24479388665021,11.541644356369874],[76.25148013085325,11.536925642701922],[76.25023547100963,11.527031072934557],[76.2344696370777,11.527678671885555],[76.24050034203738,11.527144955407303],[76.2514166055896,11.502397608592112],[76.24722594592458,11.467987698647654],[76.2646734403944,11.481328161728834],[76.27346353360292,11.477119326792229],[76.284414711077,11.483003598940762],[76.29456754228335,11.474150162926582],[76.29151937347139,11.469893884047815],[76.29483743392393,11.4658322001459],[76.30513237411665,11.467872026209776],[76.32601222528592,11.454063100160791],[76.34220449482609,11.467675752100961],[76.36865137289766,11.456295285661321],[76.39790351802334,11.43636016756541],[76.41868184609073,11.441866009961204],[76.41559944517824,11.423255076386527],[76.46035580872693,11.388889462120371],[76.51772581693027,11.371646331025694],[76.51509182536317,11.359771095608444],[76.50815900619108,11.354208716200233],[76.54783047134538,11.35896837110648],[76.54994046572578,11.331075533056229],[76.53727212175518,11.314126046727093],[76.53932677721912,11.30470678698461],[76.54572606807936,11.300396525879169],[76.52679273318014,11.288647323998859],[76.52166340321345,11.270664462945895],[76.48708527971893,11.258369930001809],[76.45306208869451,11.2394545086324],[76.44893268245373,11.205554602497617],[76.43826187311548,11.20313271373947],[76.43859358826819,11.19904787721422],[76.45161286808766,11.19947487685367],[76.45841393225535,11.187765637059615],[76.47344132672221,11.195016119935286],[76.47233793144862,11.208834379580267],[76.49903985200915,11.211410398538582],[76.50937006994138,11.208279143944479],[76.51570288187733,11.194647053275036],[76.53384183477418,11.185680250525456],[76.60084907894,11.197600322414283],[76.615478767671,11.192351260065024],[76.62891880669147,11.194251381096308],[76.6763529106599,11.220249954184222],[76.684346650064,11.227947003729875],[76.68424724518962,11.233866182680115],[76.70580407484184,11.240444064160286],[76.73551976143386,11.215652279481978],[76.72692429272321,11.207481749109126],[76.72862158129914,11.191436136207859],[76.7143447562016,11.18768896615629],[76.6949643944642,11.166808360807101],[76.7057170056329,11.141834254594809],[76.71209973784751,11.142321928187556],[76.70826979937976,11.146724125786438],[76.71204553529992,11.150928473443248],[76.71890432161449,11.149461950441504],[76.7313655877424,11.131710591838175],[76.73451871301724,11.136296960887366],[76.74806348661669,11.135479816017911],[76.74985498960126,11.119149822851824],[76.74340625367117,11.102598114502706],[76.75162918923687,11.093268967018192],[76.75461893341938,11.07909507176706],[76.74383627090944,11.07313317541177],[76.74648747779064,11.056751507188222],[76.77812140348419,11.042178632962937],[76.78775711590397,11.044785368578683],[76.79619185445074,11.055943529291689],[76.80077286803933,11.053978536362855],[76.79180419783714,11.037445810586725],[76.76656342212057,11.029179068227158],[76.71815228260134,11.041000446474293],[76.6997058516541,11.026658177893516],[76.68909067553734,11.008571459862853],[76.68600113391663,10.989292612284412],[76.66674702230758,10.968425819197236],[76.66468993061257,10.943574007639468],[76.65576055272093,10.93909542162447],[76.65905766535936,10.930588113269302],[76.69517395614861,10.910318372105527],[76.71486331229262,10.908699864104143],[76.74074814593199,10.891062695353854],[76.75247142898601,10.895795784865197],[76.76796020087774,10.887764883299102],[76.78149170366548,10.89115062038335],[76.79186226583546,10.881837623031588],[76.82838585187616,10.872638198008037],[76.83200956320586,10.860854545551426],[76.84848686099915,10.850116577432768],[76.85385616421586,10.839684388747225],[76.84515578755139,10.826823492599292],[76.84824284263537,10.819528153062825],[76.8640357373699,10.81799698903727],[76.87013074189395,10.80904720112731],[76.90075956417569,10.808025012328178],[76.90728614721,10.783407270025698],[76.90365879051693,10.761832364246876],[76.88816689967452,10.7317856533655],[76.89217887544639,10.718474247936467],[76.8821928245574,10.716794665950458],[76.86750057086181,10.694280944315857],[76.87061359444401,10.69223756602226],[76.86704736541105,10.679165901625032],[76.8782262756911,10.674403438788131],[76.88212093597846,10.638965535985793],[76.8595584594337,10.631683304690524],[76.83086294998395,10.636917989748017],[76.81427234229395,10.635048105047817],[76.81012200440875,10.623840723749995],[76.81671322122774,10.615929539217854],[76.81747601127823,10.602736865086452],[76.82632151347183,10.596069158410483],[76.83241129878404,10.599242754810097],[76.83868178919886,10.595943173229589],[76.83392512802274,10.573395449241103],[76.83969989033454,10.563631265057857],[76.83526184721667,10.544611390169043],[76.84308859699598,10.536679351345192],[76.83032883597052,10.497251770739558],[76.82802766482631,10.449745552019586],[76.81603791900115,10.423003113104613],[76.82432399624983,10.409591430183188],[76.833272493884,10.40734390256771],[76.83370268180222,10.402830890102052],[76.82332847696378,10.394582747961252],[76.84861912624666,10.367415641613002],[76.83603448459927,10.345440737438347],[76.82992965969254,10.30315321540764],[76.84030216491847,10.299076513749661],[76.84856899127064,10.28452150124193]],[[76.8956450447331,10.257783881807116],[76.89611943874645,10.253153106218438],[76.90054759705554,10.251926338012009],[76.8956450447331,10.257783881807116]],[[76.87965771684185,10.266495393138472],[76.87858504141545,10.267387398755181],[76.87775556207549,10.259636594724753],[76.87965771684185,10.266495393138472]],[[76.87528491926139,10.270131684141797],[76.86673386505501,10.268635194371171],[76.87701128579289,10.268696088056812],[76.87528491926139,10.270131684141797]],[[76.83705072532402,10.282919048569271],[76.82872502787968,10.27461822322297],[76.83908674637165,10.28193929278696],[76.83705072532402,10.282919048569271]],[[76.80928703742016,10.28537994692023],[76.80686469373292,10.283701938241105],[76.82597815491233,10.280229048693617],[76.80928703742016,10.28537994692023]],[[76.57646379132635,10.302459054461934],[76.56608505718225,10.293288022300313],[76.57695529857607,10.30232619684157],[76.57646379132635,10.302459054461934]],[[76.33060079866164,10.20869987242231],[76.33090818731479,10.208759500790782],[76.34085424251242,10.225707775510356],[76.33060079866164,10.20869987242231]],[[76.27380653193799,10.174456512294222],[76.29619667028878,10.175472027144812],[76.29630830550056,10.175676514627957],[76.27380653193799,10.174456512294222]],[[76.26344877076083,10.20006180587392],[76.26164806515372,10.200322097434348],[76.26266864727596,10.199582617915366],[76.26344877076083,10.20006180587392]],[[76.09199090328417,11.351058350434574],[76.09948806208405,11.340953890653141],[76.09216322985566,11.351347906785017],[76.09199090328417,11.351058350434574]],[[76.09731745657484,11.38193819117684],[76.10188090450639,11.367676290633618],[76.09737902333032,11.382365750252582],[76.09731745657484,11.38193819117684]],[[76.09920490232675,11.39504582621268],[76.09744699167224,11.382837766054354],[76.10179769766567,11.397516521429859],[76.09920490232675,11.39504582621268]],[[76.14570285711807,11.428500960466778],[76.14226332063106,11.419054421261746],[76.14602882653672,11.427950129225948],[76.14570285711807,11.428500960466778]],[[76.12309775955278,11.47290196260221],[76.14279428187105,11.450853861308765],[76.14279520772087,11.450858325725346],[76.12309775955278,11.47290196260221]],[[76.23390686865037,11.527701788217033],[76.22399168765078,11.508454454235933],[76.23421705313494,11.527689047048524],[76.23390686865037,11.527701788217033]],[[76.19035910552378,10.780400751093836],[76.18998220099297,10.78160031437226],[76.18855954839202,10.781898675986659],[76.19035910552378,10.780400751093836]],[[76.1637348851524,10.7069879844949],[76.16412267951473,10.706355997908354],[76.1653771371488,10.708343560016566],[76.1637348851524,10.7069879844949]],[[76.15695237247806,10.718041412418259],[76.15715673535908,10.717708363224839],[76.15697542439946,10.718086835695765],[76.15695237247806,10.718041412418259]],[[76.07154030713727,10.729577211326998],[76.08260745486417,10.726315805052794],[76.09641142027087,10.728433156557468],[76.07154030713727,10.729577211326998]],[[76.06826895278327,10.732822361493156],[76.06697998039765,10.723551215761656],[76.06934461517285,10.730224265448411],[76.06826895278327,10.732822361493156]],[[76.00097925898179,10.694953806359758],[76.00729306256636,10.689712778830227],[76.01079836724496,10.691144555173533],[76.00097925898179,10.694953806359758]],[[75.9769459942739,10.69316395947348],[75.97783778760598,10.694248242886447],[75.97679140220296,10.695834817524444],[75.9769459942739,10.69316395947348]],[[75.96679302463163,10.693935266749351],[75.97542400464378,10.691313454371787],[75.97590322274888,10.691896109818812],[75.96679302463163,10.693935266749351]],[[76.81555286108706,10.348363199527105],[76.82791808922629,10.336574001806042],[76.83133476756484,10.336774156092199],[76.81555286108706,10.348363199527105]],[[76.4266004270483,11.208836118148618],[76.43063741820588,11.202990928947512],[76.43224307069609,11.203240875888676],[76.4266004270483,11.208836118148618]],[[76.29253100763533,11.040614326028761],[76.28421850015435,11.035476896314417],[76.28435764001449,11.035421309520501],[76.29253100763533,11.040614326028761]],[[76.1000001062876,10.842958572629652],[76.1001578504099,10.844165593560533],[76.09850188045918,10.842685959171863],[76.1000001062876,10.842958572629652]],[[76.06928544369227,10.837369808762338],[76.08004718866079,10.839327989199537],[76.06726182568183,10.838236096707089],[76.06928544369227,10.837369808762338]],[[76.04363280156828,10.847297610821677],[76.04309393868965,10.847545436605033],[76.0322160412849,10.830727583888939],[76.04363280156828,10.847297610821677]],[[76.0396101833035,10.757900123488243],[76.03942628357292,10.755668280224144],[76.03977216537392,10.7555074820878],[76.0396101833035,10.757900123488243]],[[76.04730568181442,10.7520052006718],[76.04474091711806,10.74700150960784],[76.04668813430342,10.744160938638686],[76.04730568181442,10.7520052006718]],[[76.04781054073966,10.742523589111192],[76.04885204354113,10.741004260582063],[76.06379456697657,10.743629548004131],[76.04781054073966,10.742523589111192]],[[75.66869746146001,11.769878782159736],[75.6828034808894,11.774181254957536],[75.68396984082283,11.77753502882171],[75.66869746146001,11.769878782159736]],[[75.69050143315704,11.796316095484052],[75.69131569495762,11.798657439581294],[75.69117413901367,11.798670155767818],[75.69050143315704,11.796316095484052]],[[75.74626272375937,11.798495673634845],[75.75638800810586,11.80478043476989],[75.74613821723933,11.798604459702977],[75.74626272375937,11.798495673634845]],[[75.77256111085724,11.801897100309876],[75.77427138343346,11.803015015718582],[75.75638800810586,11.80478043476989],[75.77256111085724,11.801897100309876]],[[75.79759958545193,11.81826343685122],[75.79850810465487,11.818857288164857],[75.79769669581164,11.820992725104656],[75.79759958545193,11.81826343685122]],[[75.79384373757118,11.831132803590192],[75.79010922236269,11.840961167916058],[75.78960217908032,11.835388225526629],[75.79384373757118,11.831132803590192]],[[75.92703198846037,11.842352417459558],[75.9265545374801,11.846395573808534],[75.92528412383564,11.8480000964903],[75.92703198846037,11.842352417459558]],[[75.93910108786446,11.90257086257435],[75.92480375648528,11.92008453123394],[75.92479511063935,11.919444415121085],[75.93910108786446,11.90257086257435]],[[75.92484118238366,11.922855448133973],[75.92550618489332,11.930137495438757],[75.92492974474426,11.929412376686956],[75.92484118238366,11.922855448133973]],[[75.9269232131698,11.931920011415105],[75.93651067896174,11.934324505513818],[75.92884401435593,11.93433623617115],[75.9269232131698,11.931920011415105]],[[76.07796174045791,11.520976214490103],[76.07764854608669,11.521272783532776],[76.07737647407788,11.52107877151112],[76.07796174045791,11.520976214490103]],[[75.39206792174008,12.290197493398036],[75.39244488445081,12.290289962917923],[75.3896300880951,12.296134717971242],[75.39206792174008,12.290197493398036]],[[75.18683706201195,12.095181088485043],[75.18731826672902,12.095712798673683],[75.17657823409365,12.101928883443719],[75.18683706201195,12.095181088485043]],[[75.40386017874087,12.293090151775685],[75.39793374986546,12.293532296834739],[75.39406984996982,12.290688569403658],[75.40386017874087,12.293090151775685]],[[75.52663646668445,11.726135068231097],[75.53116885177178,11.708435936222598],[75.53754375247374,11.712174458902648],[75.5325021025704,11.715811400503114],[75.53658716976535,11.719389931737817],[75.5478813258115,11.715416011873264],[75.5555057246832,11.721747549478474],[75.55577670328528,11.727695321806593],[75.543286339827,11.734379099081309],[75.54623518281629,11.756346142065834],[75.53794956550503,11.762800408235575],[75.53126155611245,11.758628541654392],[75.54055743496193,11.748579339306165],[75.54160290866264,11.738838633216078],[75.52663646668445,11.726135068231097]],[[76.47742972171787,9.122303576188207],[76.4776730742485,9.121623289002182],[76.47785660574654,9.122339923107253],[76.47742972171787,9.122303576188207]],[[76.62274098019319,9.137521455775493],[76.61500710812942,9.130083579949822],[76.62851937245976,9.137915620532224],[76.62274098019319,9.137521455775493]],[[76.6365547613567,9.144158251829039],[76.63454445749,9.140487980584693],[76.63566279160229,9.138731309514968],[76.6365547613567,9.144158251829039]],[[76.63979556233753,9.150075078058885],[76.63904381754853,9.148702595357227],[76.67413777027215,9.15323651424026],[76.63979556233753,9.150075078058885]],[[76.69033591827798,9.176018984857524],[76.68738672146202,9.169140990373137],[76.69060081359854,9.175891998058466],[76.69033591827798,9.176018984857524]],[[76.64142048767819,9.340360998443831],[76.64178630536392,9.332674933886226],[76.6414900158304,9.340351820352014],[76.64142048767819,9.340360998443831]],[[76.47849717886496,9.327778212842762],[76.49991851934136,9.322192041765934],[76.4874504682381,9.327994399542526],[76.47849717886496,9.327778212842762]],[[76.4736876438748,9.329032424047918],[76.47428516468229,9.328876604973184],[76.47404153465807,9.329631267395156],[76.4736876438748,9.329032424047918]],[[76.52011194459492,9.367871417782156],[76.52172421298535,9.366599065422855],[76.52346487210784,9.36714901081292],[76.52011194459492,9.367871417782156]],[[76.50899995326454,9.37664065773606],[76.50923349976937,9.37645635005615],[76.50902421216836,9.376774070136884],[76.50899995326454,9.37664065773606]],[[76.50964953595047,9.40220478687058],[76.51329896412591,9.4002831670824],[76.5093038354111,9.378311864607117],[76.51425854909544,9.400633282979673],[76.50964953595047,9.40220478687058]],[[76.51722573379475,9.40826777854805],[76.51711700509485,9.407414414745679],[76.52534198364069,9.408242018451105],[76.51722573379475,9.40826777854805]],[[76.68823728500057,9.476653082734527],[76.67573177325164,9.484297846019214],[76.67221136817965,9.480305137099252],[76.67577690550984,9.484225318646322],[76.68823728500057,9.476653082734527]],[[76.93591436925169,9.42071604742354],[76.92473474429283,9.415286363693419],[76.924809183707,9.414969011983253],[76.93591436925169,9.42071604742354]],[[76.93950547263488,9.443574645170155],[76.94263039530135,9.429502382765037],[76.93996655714517,9.44381095285608],[76.93950547263488,9.443574645170155]],[[77.01711122557568,9.441626144948527],[76.96873838303367,9.464094045654027],[76.97342508607794,9.465882736762484],[76.96281703543048,9.464190398868158],[76.95691481485655,9.456640271386872],[76.96794323925992,9.464342560510731],[77.01711122557568,9.441626144948527]],[[77.00974549728055,9.408977686426665],[77.01188478143861,9.418722195925078],[77.0092953211568,9.4090943064622],[77.00974549728055,9.408977686426665]],[[77.0240341343533,9.407565260045722],[77.01126569599901,9.408583872496488],[77.02039288000472,9.406219436741415],[77.0240341343533,9.407565260045722]],[[77.06059458114538,9.448509474176994],[77.06045547647972,9.44743633766503],[77.06240283693303,9.449204133587134],[77.06059458114538,9.448509474176994]],[[77.1049221563511,9.469558942130858],[77.10313642082701,9.46775692009506],[77.13516111069782,9.458811033082288],[77.1049221563511,9.469558942130858]],[[77.20902038764392,9.448650769080096],[77.20707695419088,9.448742692573617],[77.2078206291915,9.44145071280297],[77.20902038764392,9.448650769080096]],[[77.24624301331477,9.385113333297516],[77.24511265478753,9.389536369042824],[77.23099479947533,9.407012187653319],[77.23148451483476,9.40399329460277],[77.24624301331477,9.385113333297516]],[[77.22435789941147,9.296148810599542],[77.22465401873617,9.31164030641886],[77.22433638026887,9.31123395181401],[77.22435789941147,9.296148810599542]],[[76.78254610954167,8.861322911411357],[76.78275435936277,8.86183152283533],[76.78260935610093,8.862029332851018],[76.78254610954167,8.861322911411357]],[[76.71912129290894,8.801273841117318],[76.72142341608111,8.802767920150478],[76.72075147343432,8.803025732205775],[76.71912129290894,8.801273841117318]],[[76.68329151797738,8.776066985382252],[76.68348087175949,8.775737006835522],[76.6896260453955,8.778204888352661],[76.68329151797738,8.776066985382252]],[[76.67672287074966,8.787513879350257],[76.67819880847014,8.78494182729689],[76.67705265963868,8.788164936594201],[76.67672287074966,8.787513879350257]],[[76.92634748395237,9.139252510538526],[76.9302577830105,9.173909680343394],[76.9594919986614,9.153678913693343],[76.92988926802981,9.174266887026828],[76.92634748395237,9.139252510538526]],[[76.77135888961863,9.074920567048293],[76.76554481074179,9.094642517502152],[76.7708280309085,9.074802869739482],[76.77135888961863,9.074920567048293]],[[76.75927082049063,9.072240507028669],[76.7681334702134,9.074205455519486],[76.75911762355912,9.072727576496753],[76.75927082049063,9.072240507028669]],[[76.67674418356,9.087906047442345],[76.6778640260881,9.105166924522122],[76.67631439143578,9.109147075747122],[76.67674418356,9.087906047442345]],[[76.67292909873777,9.117842013524056],[76.6727489164524,9.11830480179658],[76.67254256119413,9.118258582320085],[76.67292909873777,9.117842013524056]],[[76.633449722135,9.1219482526662],[76.64442025920175,9.122490830657632],[76.63384709108394,9.12280874497584],[76.633449722135,9.1219482526662]],[[77.166685727591,9.077588053309137],[77.18489926470706,9.074953895762844],[77.15487102904774,9.081090203728953],[77.166685727591,9.077588053309137]],[[77.1536972447144,9.081438140604428],[77.15424756316435,9.081275013463818],[77.15439270154275,9.086744008652948],[77.1536972447144,9.081438140604428]],[[76.29271842977242,9.889926545939314],[76.29551379237904,9.890935944509039],[76.29262193959995,9.89068668589921],[76.29271842977242,9.889926545939314]],[[76.29861410596908,9.891203171063955],[76.3325301728154,9.877954492649648],[76.30151854066183,9.89145351415164],[76.29861410596908,9.891203171063955]],[[76.37292392298399,9.836902464770475],[76.36928708097982,9.860333768648113],[76.36967480014467,9.842637223827419],[76.37292392298399,9.836902464770475]],[[76.47369118593198,9.841764343123648],[76.50455259952088,9.850700983644579],[76.49804475582958,9.851548177765908],[76.47369118593198,9.841764343123648]],[[76.50716754945083,9.850360568245362],[76.51432704554436,9.847774980249039],[76.50813473101718,9.8502346600988],[76.50716754945083,9.850360568245362]],[[76.54641402788687,9.800167040944768],[76.54685397388548,9.798911631483975],[76.55373741388006,9.800862927842818],[76.54641402788687,9.800167040944768]],[[76.55551465655962,9.801366735121174],[76.55600335368179,9.801505269475483],[76.56103871537816,9.819925412486743],[76.55551465655962,9.801366735121174]],[[76.61655813750234,9.836915197938424],[76.60983758356593,9.849847099176568],[76.60935740388157,9.848299870725572],[76.61655813750234,9.836915197938424]],[[76.61024140190763,9.851148277147384],[76.62164401090688,9.855297251430414],[76.61101033724202,9.853625930128363],[76.61024140190763,9.851148277147384]],[[76.62563590408233,9.85592466734611],[76.62761394248335,9.850735310638521],[76.63086204780757,9.856746073532802],[76.62563590408233,9.85592466734611]],[[76.62770036173602,9.850508590910382],[76.6281992274028,9.849199823652494],[76.64623857689759,9.839927568804422],[76.62770036173602,9.850508590910382]],[[76.98359752035287,9.485907514529138],[76.98259193645704,9.469381286512872],[76.98416619525022,9.46998210603977],[76.98359752035287,9.485907514529138]],[[76.50576889913883,9.404248150413995],[76.506223697436,9.404008674702878],[76.50424726084536,9.429262548573961],[76.50576889913883,9.404248150413995]],[[76.49505118482394,9.442967365995637],[76.49565492288737,9.442710635169773],[76.49526323408574,9.443498467762026],[76.49505118482394,9.442967365995637]],[[76.465419057723,9.542273378827698],[76.4661254398618,9.56176592478805],[76.46605087566326,9.561743325796424],[76.465419057723,9.542273378827698]],[[76.36528672401785,9.79309503456679],[76.381537473883,9.818523672075642],[76.38079566881302,9.820106466646768],[76.36528672401785,9.79309503456679]],[[77.06121834253258,10.241447147981804],[77.06150090401192,10.248465806470183],[77.05940114872527,10.239361205536602],[77.06121834253258,10.241447147981804]],[[77.05469522609695,10.233959314051651],[77.05673077103961,10.236295900043695],[77.02033449490116,10.229505581170965],[77.05469522609695,10.233959314051651]],[[77.08373221752555,10.176539623338217],[77.08893957785274,10.18479387435345],[77.08303760810703,10.17637336258834],[77.08373221752555,10.176539623338217]],[[77.03215476007327,10.17400169851993],[77.03056588916897,10.178930474445348],[77.02515769538572,10.179300069816739],[77.03215476007327,10.17400169851993]],[[77.02404076770577,10.179376400532172],[77.0236015903344,10.179406413865678],[77.00360983162132,10.170094801311254],[77.02404076770577,10.179376400532172]],[[76.72443553088982,9.956973700452533],[76.71240826602845,9.972956127843323],[76.72403215956933,9.956472956186458],[76.72443553088982,9.956973700452533]],[[76.69851171396039,9.918671702494805],[76.69542733585595,9.914587590621132],[76.69890347931023,9.918323232412115],[76.69851171396039,9.918671702494805]],[[76.70158833511235,9.915935088785503],[76.69913591231528,9.918116486336888],[76.69902514186755,9.912331504693302],[76.70158833511235,9.915935088785503]],[[76.69577063153336,9.907756000410904],[76.69719839833924,9.90976329258813],[76.69288185911027,9.908125192664194],[76.69577063153336,9.907756000410904]],[[76.68395367485645,9.909266236671707],[76.68542556904997,9.909078124957],[76.68362215980483,9.9100338135473],[76.68395367485645,9.909266236671707]],[[76.64823969277059,9.920517993017684],[76.63142280215548,9.915197651212576],[76.63099072382006,9.913480511564085],[76.64823969277059,9.920517993017684]],[[76.6313704600188,9.904588922546596],[76.63000010527719,9.909543655126074],[76.62772163538705,9.900488697574255],[76.6313704600188,9.904588922546596]],[[76.6347253271435,9.863895243207072],[76.6319216581923,9.872126566443017],[76.63215435706967,9.85913754911171],[76.6347253271435,9.863895243207072]]]}},{"type":"Feature","properties":{"state":"Karnataka"},"geometry":{"type":"Polygon","coordinates":[[[76.39862294190344,11.750886112337902],[76.39127464472593,11.754845998372708],[76.37697648643706,11.744622649029639],[76.36280253191428,11.748446066599346],[76.35220276909116,11.738266297932006],[76.3397217759596,11.739082952551996],[76.31839476230654,11.751364450865628],[76.30773300584734,11.784874950772577],[76.28834352171819,11.795159865244377],[76.28019269122541,11.812430347351105],[76.24556581795702,11.803005058824832],[76.22370610603542,11.808283397996988],[76.20974188028373,11.827476509193875],[76.2129186716747,11.842068718506498],[76.20746179439588,11.861614459776476],[76.19037489086763,11.87129129272529],[76.1560162868824,11.870216358620976],[76.11999716056927,11.850388543581065],[76.11280161382096,11.858546685152254],[76.11248674179181,11.977535963066947],[76.09340489825378,11.96853235175416],[76.07008891395037,11.967154352501955],[76.03351942489694,11.940250898663045],[76.01325742869189,11.941838788843626],[76.00319106302659,11.931470339847428],[75.97639351680407,11.9337856022421],[75.95636280983524,11.94197666569509],[75.93074712313313,11.939108511454698],[75.91345400055158,11.946212856204331],[75.89683882932847,11.944769694118145],[75.8862403492996,11.951091658771825],[75.87009146569265,11.951987291654639],[75.85420133461685,11.963717813317114],[75.8469050624707,11.982087092709849],[75.82946603821567,11.984588345684912],[75.82490901234009,12.002750632643291],[75.82035940654879,12.002683159106907],[75.82284254403018,12.012895006179894],[75.80107932644147,12.03703515399641],[75.79403682297318,12.055842069417027],[75.79840677109758,12.056412117657292],[75.80272633810753,12.07950439282958],[75.78597340484573,12.084933488726438],[75.75356265651864,12.08541465423606],[75.74711554833583,12.078263005112412],[75.73610191728825,12.079027601800442],[75.71472284446786,12.07052089872849],[75.71792543906705,12.08565705979546],[75.70212738530785,12.092370426206369],[75.70325813338353,12.108253216288364],[75.68717228186517,12.110323824089532],[75.67676169166447,12.097433880299446],[75.66164594968605,12.098500870704854],[75.64893148351383,12.108630636391029],[75.64320387377128,12.137952460201927],[75.63836623126896,12.13813672565433],[75.63593251370459,12.14845474818857],[75.61949540204552,12.155675700546002],[75.59520629884595,12.153404869283996],[75.59246747029198,12.14701333584719],[75.58307263033585,12.158286154606062],[75.57702727659587,12.156910788264081],[75.56990925715154,12.171817811017872],[75.5549775772799,12.1820068853292],[75.55263118853756,12.191844926381886],[75.54143187841572,12.196410688703349],[75.53985712453611,12.20173954658505],[75.53261177698509,12.200496696685178],[75.53978247273939,12.215668638212136],[75.52675916397584,12.22498503068797],[75.52810649676485,12.230914446911854],[75.52106164869365,12.235285825364471],[75.50538099665725,12.270802037768199],[75.49387983553196,12.272870969605426],[75.48494460781114,12.289988164913174],[75.47487032080168,12.296138023419106],[75.4652728820029,12.289400109927087],[75.4358177625388,12.29459352512041],[75.42569092947508,12.286797069166395],[75.41408524128164,12.289636578279735],[75.43215786167961,12.309080377915134],[75.42029262504775,12.319065581279041],[75.41041427856804,12.347276621105015],[75.4196458344499,12.35702825015659],[75.42193761460612,12.372746205162798],[75.41349328744202,12.380107015742775],[75.39921503042994,12.380987096786114],[75.39232526840772,12.389908126791907],[75.37925357189143,12.392363381893803],[75.3659340239,12.411971500260323],[75.37149658617537,12.43779576088043],[75.36580758153218,12.457816073423809],[75.38629885115392,12.458363335800932],[75.39341247693821,12.45144856404121],[75.42326832137584,12.466842920920048],[75.41794155263246,12.504694574307663],[75.41635608170859,12.49968453979534],[75.38193968011801,12.502070385708311],[75.3677722527541,12.491786299166384],[75.3722002356391,12.47696466706387],[75.3601070811483,12.465040665678943],[75.33633549289236,12.464166704620604],[75.34072112021173,12.470405693672499],[75.33527870491065,12.478291599768504],[75.33217424496804,12.499614234138427],[75.31454051985835,12.497534151886683],[75.31384214889522,12.502011342447751],[75.30421340111384,12.50334649054211],[75.30304949352607,12.522664028339973],[75.2801073045006,12.524187522237156],[75.26974062754424,12.5496147528115],[75.2720706669484,12.570245133326317],[75.2838569245988,12.570844796682078],[75.28971861508398,12.583884593009861],[75.31457185938365,12.573813935468262],[75.32560530996133,12.582668212702236],[75.32619029556932,12.593669274980297],[75.31133572438671,12.59099417052599],[75.30106520309835,12.606683012493402],[75.29074625542968,12.603222410280432],[75.28876526181904,12.61167229680155],[75.27553271925619,12.619779893208296],[75.26634618424137,12.615928608601438],[75.26534042865266,12.604804532478802],[75.24960573486707,12.583746597352464],[75.23878157917419,12.579954068515944],[75.23752371858745,12.568403723711379],[75.22033850702778,12.5682010521295],[75.20868042729033,12.592344172413657],[75.20033539271122,12.58900660472276],[75.20917664228024,12.60150564724788],[75.19845091678965,12.613340211336096],[75.20174170528851,12.628988241894003],[75.18220671654122,12.631673996936648],[75.17028631346946,12.621491142602048],[75.16110704133374,12.620990286350057],[75.13770764126966,12.644704309987917],[75.1500049918077,12.651323899593129],[75.160465422337,12.671618003330332],[75.15013192555398,12.67388168896392],[75.15247030940881,12.6822604542289],[75.13305894860754,12.674571149026107],[75.12491688746856,12.680470519287676],[75.11172880791898,12.680842061214745],[75.11542379248161,12.68279760631002],[75.1106613416635,12.683083659450638],[75.10545347917807,12.698077648049482],[75.08521607255729,12.705296719354994],[75.08015689382782,12.700330965298594],[75.08504799237775,12.69460079608095],[75.0852622980652,12.673885064962747],[75.07321219263945,12.670859246734048],[75.06925072194949,12.663929404162424],[75.0598508433429,12.67086244836175],[75.05757054724931,12.665089382871148],[75.05382822236953,12.669272202026287],[75.04662690304718,12.666750663703596],[75.03971183189019,12.686616261331958],[75.04313648014613,12.693899384151347],[75.05266104132085,12.690987169091374],[75.05479703384387,12.694718917476317],[75.04943983901889,12.705648606891005],[75.05350790200382,12.708392601736266],[75.05029927252255,12.719452718635994],[75.03388985592368,12.722615156502481],[75.0265396201818,12.718361539587455],[75.01882630426665,12.72023833071747],[75.01529849887336,12.713380017033655],[75.0010462211393,12.715473472179102],[75.00017790239913,12.7208202919032],[75.01124135491067,12.727968955745501],[74.99235573223115,12.738734248822709],[74.98645660535477,12.732996713270287],[74.98248703365756,12.738453936151398],[74.98372340025448,12.745216320457166],[74.98660392726474,12.743698784512373],[75.00947547816618,12.76758454726832],[75.00341517017165,12.778049193495967],[75.00318767631755,12.791739318042643],[74.99832946419181,12.786015616253358],[74.98905451968172,12.795537987465645],[74.99211828324702,12.788282713801513],[74.98733138208352,12.783037450371534],[74.9683841241957,12.776436834712428],[74.96443035206772,12.781707998261933],[74.96001335557865,12.778961437695271],[74.95821464900379,12.784742624254887],[74.93295086563612,12.780618371764968],[74.88233751697767,12.754125232948109],[74.87416926365997,12.755015592306636],[74.87226750415233,12.761135103215365],[74.86482340883626,12.760449888236142],[74.84664654972939,12.795748376242875],[74.82903374548432,12.846242400363314],[74.82355821379032,12.846752418809508],[74.77635920521995,13.07157945818157],[74.71991365776708,13.285549742032053],[74.7167278957997,13.314154023816654],[74.71038804736013,13.331895135107644],[74.69767184743938,13.347679348850379],[74.69575818974585,13.371240597977778],[74.70336948579077,13.375451089059396],[74.6957121492909,13.373268217861753],[74.69723995092552,13.404451529022689],[74.69171422676332,13.455641405314335],[74.69531703429632,13.456059421797978],[74.68946337834305,13.464558139336027],[74.66969696651057,13.63482999321461],[74.64559988179624,13.683082321388893],[74.61006424404037,13.866907052976703],[74.59589862229018,13.885679641223323],[74.58253267900929,13.925693348546291],[74.56868260128242,13.950062307448587],[74.56239895683694,13.94576084069102],[74.55736838405933,13.951876765524524],[74.54920169740346,13.948266270761039],[74.53918640635197,13.96510918045001],[74.53192891717156,13.965302745899951],[74.51703159696122,13.991721067538524],[74.51745383928075,13.984563881369624],[74.51505215833436,13.98687310733901],[74.50117653970734,14.023273665284188],[74.50047462039885,14.045717761259798],[74.48577574881455,14.094653219906034],[74.48782193226702,14.106218388994275],[74.46950170024417,14.188249643926124],[74.46386434693316,14.200681817458483],[74.4536270669036,14.20001806324864],[74.44944546225663,14.216033531218272],[74.44154748236349,14.22424644862963],[74.44538051103582,14.231204794268072],[74.41338779731947,14.316215576440646],[74.39451496664957,14.418530854139698],[74.38236881515026,14.421139162848503],[74.38366947417204,14.43959477115168],[74.36372422034293,14.494343445349992],[74.35452699447796,14.502173814194537],[74.35539062760557,14.508923293987936],[74.3367973283976,14.519140544485182],[74.32659328513522,14.515475678777705],[74.32575032583554,14.51990786343457],[74.30993268970144,14.521310849729993],[74.31627909853756,14.527842687049393],[74.31083439971903,14.536765786098865],[74.31469361338358,14.545994019927509],[74.2932147143789,14.596892996769943],[74.27000597095413,14.627181767268377],[74.27144232409283,14.630460212907366],[74.28182753329351,14.627155274907278],[74.28569242610727,14.645688963399582],[74.28042301016026,14.649328106534327],[74.28092575680057,14.661047196039616],[74.27557833295094,14.666410158629802],[74.2828275971566,14.675101311899194],[74.27229006871802,14.70017244308607],[74.2566502522978,14.707737159998628],[74.26527336576302,14.711747406881987],[74.26310601574838,14.719243771051168],[74.25001371637101,14.739458549869795],[74.23433707800727,14.748231094882689],[74.22674607490461,14.748039695107737],[74.2277345415174,14.73751188972612],[74.21040014763679,14.733270502077632],[74.20485687308886,14.736935429772558],[74.20831140829435,14.717923441390273],[74.20181061140028,14.71985034287539],[74.19195697398077,14.726564374560454],[74.19306308935303,14.734473927798794],[74.17759983500525,14.750478877720303],[74.16164920958157,14.75195995326657],[74.15718053031927,14.74489848005771],[74.15213169569026,14.747275858701292],[74.15045497763603,14.751568050857516],[74.1573732252359,14.760037737120943],[74.1415654391289,14.779288480101897],[74.1290683454925,14.78096643957043],[74.11917074901459,14.774606941682183],[74.11808513229876,14.785859492115403],[74.11019060013969,14.785286578145309],[74.1096155804415,14.792542435773239],[74.09300140724666,14.80419293318401],[74.11327671468759,14.805131300516544],[74.11307670478956,14.796911043840277],[74.12461112154669,14.80552555803222],[74.12508831560876,14.840650547645785],[74.11181026978346,14.849761451484904],[74.09586882693861,14.898272225910105],[74.08568785959928,14.900641739228085],[74.10146552609312,14.915455503217151],[74.10463059087637,14.91256824574374],[74.11981311540964,14.916564097561317],[74.12406074712831,14.92499220856217],[74.13998309987505,14.922895213956178],[74.16195468528721,14.911807932599327],[74.165968307671,14.91862939684525],[74.1542225873961,14.943270974657233],[74.16344500202165,14.95815010040927],[74.1792952200511,14.956719181524932],[74.17955871389023,14.950469339136307],[74.19459648479695,14.939610894160326],[74.19149428860884,14.93271115487395],[74.20138210153499,14.925391948295095],[74.21353419179664,14.947345011459548],[74.22964168373021,14.950168037337487],[74.23653845800153,14.966514505075828],[74.25243483596184,14.958763082619964],[74.25516681126851,14.97008463362724],[74.26437669619247,14.97856087881805],[74.25217712547649,14.992716537996788],[74.25353406484915,14.997850770040804],[74.26790991303707,15.00167995358279],[74.26653528763309,15.006755276314252],[74.28346881640303,15.02356557034482],[74.2833215977993,15.031501607171705],[74.29655158824848,15.041243196535694],[74.28956730369543,15.064859385749738],[74.28078535551154,15.068852681705378],[74.27974920722183,15.088112427821988],[74.27270271703031,15.097532494235045],[74.28494398574513,15.11394966216896],[74.28514557398312,15.14872976373377],[74.2955080917397,15.150917648176103],[74.31702169805368,15.186298646762069],[74.29991749297307,15.219964323200797],[74.30167386194859,15.224378061376528],[74.2915601604577,15.23385280204575],[74.25960927140265,15.24106138597021],[74.25139839751627,15.25859097983875],[74.26086798988044,15.25986653413857],[74.27616992926106,15.283210949481179],[74.28163172481608,15.280096105618563],[74.29319733107984,15.28418875001371],[74.29431146571267,15.288846481383752],[74.30780161275968,15.283012897678448],[74.32621092531937,15.283416163959972],[74.33649918743629,15.294979120108835],[74.32449039103884,15.309946928206696],[74.31708562396594,15.329153085759316],[74.32190243004526,15.343627341661001],[74.31632877716937,15.36283321589696],[74.32326258448832,15.367711693663626],[74.29876847046957,15.381972739752525],[74.28305670797822,15.382977558048102],[74.27593541776793,15.391622487568421],[74.27836086634012,15.405726828508062],[74.26884600966541,15.419133215409708],[74.27695473612083,15.435243007404484],[74.27551326258502,15.449219261167961],[74.25097302007642,15.491624031724239],[74.25368885355574,15.501433407290428],[74.27474855552973,15.512740905614292],[74.27821644868345,15.522877244953603],[74.28271563024124,15.531448161534241],[74.27798098856938,15.546139654182427],[74.26180373796244,15.564909946888717],[74.25839789953021,15.561727847640846],[74.24525934320394,15.566636503647416],[74.24884955006846,15.580331589185652],[74.26031417581282,15.592665779300615],[74.26436482765097,15.615542445816493],[74.25378836083809,15.626768536162121],[74.24832145656408,15.622931987773972],[74.24422435913081,15.626137988878876],[74.25204156161527,15.654340744417071],[74.2364214488425,15.668614056000264],[74.22847561749082,15.664471663825895],[74.22384481387927,15.669011874101614],[74.21499489826272,15.662564014394304],[74.22202041009741,15.655544340444633],[74.20519544362787,15.651065325279353],[74.2041288945523,15.663713371743707],[74.18690993508402,15.667482510221959],[74.1909090451844,15.678981045205257],[74.18103660872093,15.682178177954391],[74.16721296302302,15.671783084629528],[74.1644844659931,15.6535317440627],[74.13561275200038,15.648404924818859],[74.10194289622498,15.658420006617314],[74.0883423740773,15.669965947284862],[74.09143198037671,15.67465908790654],[74.10891503196211,15.67272313495294],[74.12583775220253,15.680996462072484],[74.13219693777692,15.702432663035045],[74.12223302766472,15.720760050431986],[74.15104220454063,15.73583644311139],[74.16162394087094,15.751322996141747],[74.18959257311865,15.752150543542752],[74.20150034767416,15.758649100225588],[74.20903439668953,15.78129726657468],[74.22109662577836,15.786025691694352],[74.23356827732925,15.787022572696888],[74.23464205514794,15.778611160840411],[74.22656894060532,15.762656800351872],[74.24032146847884,15.743349205723746],[74.25409163656958,15.745178589496057],[74.2683849655155,15.754765028600934],[74.28735099370118,15.742005787759785],[74.30796438659084,15.748508959947015],[74.30980861169945,15.754923098365435],[74.3186841158269,15.758405824817345],[74.3231354602992,15.772704624721298],[74.3457498190432,15.764583130253182],[74.3584941416222,15.774861756551578],[74.37203935809109,15.798269759165283],[74.36999636455617,15.811485813367348],[74.36069078659656,15.817807024761688],[74.37999474751742,15.838293373310188],[74.38110290655695,15.835411427890126],[74.38315140406961,15.849132113321799],[74.34506865530935,15.850466490390545],[74.33827564992806,15.854945948953327],[74.36332309741573,15.87494753180542],[74.36476195146422,15.893888570425379],[74.36868165318839,15.894386389418216],[74.36616963217566,15.89134035702768],[74.37681975006205,15.882409029070919],[74.38820634275096,15.854279687140194],[74.39760253916317,15.851173380146767],[74.40623653302309,15.855403537443078],[74.40643613149271,15.864474036733816],[74.3928589341014,15.878416479201466],[74.39680498071793,15.880386969678636],[74.39348460800186,15.900062553194074],[74.38693204119792,15.905007900983756],[74.43089731776472,15.956608488205992],[74.4440218208467,15.986427604761701],[74.44484986631603,16.00306662809638],[74.46329937219649,16.039208649707888],[74.4565714246047,16.041075663872213],[74.46309205630028,16.04163629514424],[74.46229003682136,16.04985435917597],[74.4297715274911,16.059168002496875],[74.40559586713889,16.051852631209563],[74.38106896101898,16.035500020838484],[74.37347892360523,16.03646019416998],[74.36912670822457,16.039236591049704],[74.3774131412061,16.055136948799596],[74.36140634951761,16.053852330916623],[74.3715930094809,16.068260541644246],[74.37229671014862,16.078226433777623],[74.38370253576778,16.082941398750368],[74.39093680170144,16.080501051525],[74.39011317235004,16.089478492433717],[74.40703417052005,16.09352416848834],[74.41004971072427,16.102136253543847],[74.4276968665458,16.11198086477634],[74.45875829770543,16.103810958244388],[74.47280424589344,16.09062019474147],[74.48163191203706,16.08890579301382],[74.49130762643642,16.10432119531925],[74.48518236126371,16.14231907625195],[74.47990944458203,16.147140539802113],[74.48844436594425,16.157277660841906],[74.4938635957278,16.1864635284245],[74.50706377558426,16.191301786573693],[74.50778587464731,16.20308309932115],[74.49588229612252,16.215200764167278],[74.50291130330194,16.225877877857393],[74.47991676315665,16.250564790735712],[74.46869853900651,16.240199598297632],[74.45617225371663,16.24387872134953],[74.45491322532007,16.25340691758083],[74.43563026431563,16.251160606479058],[74.43585011530332,16.258848460777827],[74.41768966662003,16.25801444210456],[74.41447403297451,16.282664537935652],[74.38268756256589,16.277371438758987],[74.38071549551424,16.261981642864782],[74.37308848344342,16.261649322115026],[74.35937719183472,16.290597705091848],[74.3456772917621,16.293775623515106],[74.34317658233542,16.290363681916816],[74.35379042714894,16.282835175243736],[74.35054041318084,16.275380109370058],[74.34386467567339,16.27809012485192],[74.33851463592964,16.27141777726414],[74.33340757879212,16.275984892055952],[74.33423005111342,16.26881227556387],[74.32501428132603,16.271769614162658],[74.32090643465212,16.28448862229013],[74.32585605395123,16.285599854041454],[74.32804128762655,16.29325918536811],[74.34209343059676,16.291190367684006],[74.34262864684305,16.2980403835765],[74.33598817270205,16.30710508068012],[74.33199769002167,16.305265336563302],[74.3332988799478,16.313464029978597],[74.32523735636727,16.313694809750892],[74.33137430592689,16.320679275484878],[74.32882591931482,16.32376012960615],[74.31668773227882,16.32657413555307],[74.32258591592412,16.3343810897803],[74.31540150559042,16.340092373401568],[74.32711570218534,16.342521870625287],[74.31772096373885,16.353065008619478],[74.32484872092085,16.359948212486394],[74.31727417495418,16.38101560022987],[74.32492206027898,16.3783000906643],[74.32757444664813,16.391510953269425],[74.3359507300227,16.393753303457245],[74.34737817898903,16.368327920465553],[74.353490757255,16.366430893871946],[74.35365724831483,16.381889663672364],[74.36298723350068,16.395535582785527],[74.36377531561796,16.405102978722034],[74.33513577031212,16.401419008876736],[74.32893499275663,16.419059023277452],[74.33681767883203,16.42881792226801],[74.3327758062292,16.4368617934678],[74.33631569216645,16.445682073435034],[74.32979340487582,16.447210022584642],[74.33267346296553,16.45476966866298],[74.31253848764332,16.45324619868885],[74.29712980235584,16.464547622433237],[74.28935781926613,16.46298118420872],[74.29097797759343,16.504912200214886],[74.27974371312554,16.504835360994065],[74.27446457920378,16.485636880618152],[74.26085338776552,16.48010696915349],[74.24745636187745,16.49692331245357],[74.27809513749256,16.50446542329585],[74.27618605402043,16.52131811231397],[74.26982912052245,16.522182562249554],[74.26421475240464,16.539840065217163],[74.27062780006514,16.547973390966607],[74.28117241441466,16.541107281281782],[74.28322158386716,16.524599121550654],[74.29167901565461,16.533892098021653],[74.30173432665205,16.5290299623679],[74.3062253721683,16.503703081196292],[74.31520536114304,16.504607698364175],[74.31579639600615,16.554464211647026],[74.32525583381437,16.556307024061777],[74.33977306335326,16.54776710112131],[74.34579771362088,16.55501005003473],[74.35520326419017,16.55507278982187],[74.35632896014066,16.5597569002143],[74.35800768682786,16.538351886716644],[74.37991433212981,16.528602314958977],[74.38723160598899,16.536207130607625],[74.38698403838151,16.559947878004035],[74.39298876311786,16.564893071286303],[74.39670788900541,16.58327688815846],[74.42222688015201,16.584520952710317],[74.42642023925448,16.595749115966274],[74.43551964846651,16.601069190893853],[74.46679252238278,16.606831608134115],[74.46589027966421,16.62473003233288],[74.45486397069305,16.6473041587363],[74.45842665766882,16.648690341160297],[74.45647951886632,16.65505495449654],[74.46882403724497,16.663811479508198],[74.47679884914605,16.644478572294243],[74.48911473641995,16.630153831111777],[74.54456908189,16.63547774531673],[74.5435724675576,16.59532818096665],[74.55885280784554,16.59466287451123],[74.56697356364094,16.58539837862152],[74.55609576954241,16.57357488993777],[74.55492545606837,16.56452195971978],[74.56861576482868,16.553878924684625],[74.58472070644513,16.559135449366654],[74.58795650457387,16.566112365790858],[74.59903916845606,16.56432045772277],[74.60959389693738,16.56960141805031],[74.61887701701488,16.58408192529981],[74.62871153918344,16.57774198130988],[74.63593539813454,16.58392467411188],[74.63343171438595,16.60036859469719],[74.64009205836271,16.610463448750462],[74.6600651222364,16.602908903932452],[74.67390873119487,16.60921162293154],[74.68705943723538,16.606797823400026],[74.68765020889211,16.617895027936626],[74.65912848122902,16.631677100139278],[74.65355656479656,16.638838756198954],[74.66524239079818,16.665680501151183],[74.67958300706069,16.666179495516868],[74.67910164032409,16.673104306781116],[74.68962851923496,16.67703455540956],[74.68894091997042,16.681550613362887],[74.68116405453712,16.680917932051415],[74.68090338230631,16.685900498742487],[74.68947692853077,16.68647290621547],[74.68862703064383,16.71279448124536],[74.73216960495368,16.718332475166115],[74.75284201266595,16.730865645997895],[74.77204709961673,16.750690390179233],[74.79582646279142,16.747755166833837],[74.79882140372789,16.75366343358981],[74.84458924243872,16.761823621048194],[74.84989692751516,16.772763640007238],[74.86575809061804,16.76336846729194],[74.86943515828229,16.774073967367904],[74.91951971634371,16.772499550153782],[74.91089241583096,16.789550300299272],[74.91036914538132,16.835149018813592],[74.90159212625342,16.862557212080663],[74.92657327447989,16.863545338893562],[74.92562446579194,16.87203677895853],[74.93529736936279,16.871072103152724],[74.93599970459128,16.879243218737866],[74.96043647734881,16.880954131580335],[74.96371520237172,16.911106300121286],[74.95550659942636,16.905213537247562],[74.95493376443092,16.910176357703183],[74.94485132431194,16.91061674988137],[74.93273245913942,16.918912020386504],[74.93429198208334,16.92423465040547],[74.92185239320153,16.929867836223547],[74.923241442854,16.93931261544446],[74.93678754236682,16.9442041444505],[74.96462042570037,16.926782663565803],[74.96023184202541,16.937261866302894],[74.96758907564337,16.941613711738526],[74.9644312908072,16.947639283613157],[74.99020203750715,16.952258197898857],[75.0266609376609,16.944142537316477],[75.02530995322027,16.928008781753192],[75.0446141971104,16.94173586808943],[75.06211043506588,16.941527834538082],[75.07442686402392,16.950021683063614],[75.0894080284913,16.951588448467632],[75.09638247379704,16.9137500557103],[75.11755597165626,16.913451511713234],[75.12039620563277,16.902537442379113],[75.1349156055014,16.89471104155571],[75.13655613133113,16.874495285507077],[75.17664821285432,16.867714593241907],[75.18905951019453,16.875287753438705],[75.18191942992345,16.84341021044797],[75.21427366074444,16.841707203123164],[75.22771094822521,16.84318350153],[75.23773223193795,16.867948549828082],[75.26479054112113,16.86280763982717],[75.28210063377668,16.880298112742548],[75.29000636163919,16.904033151768317],[75.28297238587787,16.909723579448098],[75.27945384660673,16.92333540488387],[75.27967408027672,16.956563008271107],[75.34164877626965,16.95617956047361],[75.3922049552451,16.980097257392547],[75.42794719114328,16.966501391259413],[75.4416725997767,16.982237761257522],[75.46562105912554,16.988371647266792],[75.46625130095923,16.981318429651736],[75.48330491651632,16.97600141594345],[75.49042121838183,16.944680263032605],[75.50972912200845,16.950257445129697],[75.52938182599055,16.969406840607657],[75.56771912316636,16.96575300868303],[75.56728638942262,17.009052850425885],[75.57316451278932,17.00961304510774],[75.6069543035366,17.004572532388416],[75.60792949125288,16.971004225053708],[75.63399801599473,16.97026637358688],[75.6421235104033,16.95455855662242],[75.6758309894194,16.96642947567642],[75.66614078878774,16.979778756572752],[75.66976010376241,17.038166691912593],[75.65006032446614,17.03224452906829],[75.64106500394442,17.037587810788764],[75.65037383829694,17.05726114216622],[75.66046175724087,17.06450872096229],[75.67678162617892,17.065421945219992],[75.67880473101343,17.07715681276559],[75.67235543722956,17.11600126676585],[75.65041406575367,17.115697723908784],[75.6495989317699,17.134381627316674],[75.62832780949722,17.162698859996805],[75.6254445956259,17.174004921454],[75.62850258841382,17.18866235285608],[75.63999812428882,17.188869519841464],[75.64265942014895,17.19765245427547],[75.66197949864262,17.21458173920192],[75.65778441567312,17.263211275751605],[75.65423711504151,17.273818586834313],[75.62791785972404,17.274342940970524],[75.6302881813822,17.280842634690973],[75.6224768152521,17.29510628825075],[75.60380390554698,17.305506266632346],[75.61215717677896,17.325138972917024],[75.61009501499251,17.345042745726683],[75.58091571964314,17.351225307128008],[75.57421335247741,17.383301038239985],[75.60619314392838,17.39448036123987],[75.6135865311433,17.39191699853085],[75.60667166120888,17.42037387612101],[75.613423697125,17.424743307538378],[75.62168315729183,17.459247261061474],[75.62767730167074,17.462767710629077],[75.63305039308301,17.477215271676645],[75.64885993719301,17.470328019065384],[75.66008703310493,17.45769333620923],[75.67238226721213,17.458108252136636],[75.67778403554324,17.453658348763934],[75.67816407770565,17.434057237259285],[75.68356535375996,17.41692547102056],[75.69079862525861,17.409475372545643],[75.71250953035506,17.40793573537577],[75.73366340541523,17.42009475617148],[75.7531609784326,17.407134624605117],[75.76522018648713,17.40591360872048],[75.77805138244231,17.37809916498858],[75.79573198164354,17.369094651959596],[75.80707800192265,17.368225832778542],[75.81410109549259,17.37348528638426],[75.81364244535294,17.395722386155434],[75.821507978098,17.42122452888658],[75.83033001360143,17.421813618164432],[75.8511508283885,17.41052735175348],[75.8609445167375,17.385597383463313],[75.87526917173405,17.398088241553367],[75.87657251222691,17.41614541828348],[75.88425477158607,17.4179616328097],[75.89413010242134,17.401198039528854],[75.89064751103295,17.35652512177732],[75.91014277807498,17.34452165950126],[75.93088413687519,17.32257606986049],[75.96877140324648,17.336471104974468],[75.9983361737691,17.337971422213478],[76.01154189892581,17.353009839289875],[76.06167180573937,17.354938301185932],[76.07238173037193,17.334074149574647],[76.07888210095676,17.331591773521787],[76.08704293239359,17.33593684194248],[76.09353303664084,17.349354285069712],[76.0894412689122,17.35313625510384],[76.09980229277045,17.36465376105048],[76.11901562625553,17.37050734122461],[76.1411133782527,17.353493883731403],[76.16267921531224,17.345223538045],[76.16514031981467,17.30333892720007],[76.17637572604127,17.30079147303118],[76.18330896831986,17.31943846730611],[76.17931717948908,17.31857822895605],[76.17663973461507,17.324618658591117],[76.17037607049811,17.352627568882554],[76.19645298101318,17.363669917192727],[76.22950539954098,17.36520865109754],[76.22859107987175,17.375846773183518],[76.24214758457052,17.378840266234825],[76.24464203902785,17.371542526303436],[76.25048822728618,17.36968405750075],[76.25078768427942,17.360436172928395],[76.27206896919293,17.360595293175454],[76.27641995208504,17.334577932048074],[76.31772228528148,17.332379512360674],[76.31440319715621,17.348393491393455],[76.34535788779885,17.354451739737204],[76.35406980242486,17.31432058967336],[76.38321760014541,17.314529891706837],[76.39666555242523,17.34710772646865],[76.41224623993682,17.351071506866273],[76.40917836837573,17.371391261964355],[76.36348513564754,17.377671421879462],[76.37156943511377,17.436426266859886],[76.33332206828108,17.433903631758852],[76.33074728647098,17.470195741001763],[76.35042102809874,17.47417715791409],[76.37557562034533,17.490221865790037],[76.37474800966058,17.495651651978072],[76.34582454911423,17.492531750970485],[76.34663200429893,17.512581087073873],[76.36465960113486,17.514970879857923],[76.36727903101115,17.519454525771295],[76.36280052777289,17.537373984839938],[76.34075304819396,17.542475862610416],[76.33318782673996,17.564987824832265],[76.33134774466141,17.5974191763816],[76.35009138142377,17.59410025611666],[76.37769851992306,17.597874018683918],[76.3817610977949,17.602249875935406],[76.41974485310915,17.603710737091728],[76.42925153062322,17.644953575490902],[76.44506457636622,17.64095154099677],[76.4418954314349,17.64930862506493],[76.45454268296263,17.649786497262337],[76.45292020788021,17.65579030316224],[76.48980813353221,17.66049929057734],[76.48454734320855,17.67851164567144],[76.48728762613499,17.71476304336041],[76.50074822040578,17.718417986343393],[76.52396159015429,17.715151537238143],[76.52741835407996,17.73784287621047],[76.52321740600998,17.75975987388431],[76.56132176464273,17.764618126069777],[76.5727922500977,17.760525752866126],[76.56401640506787,17.750832524512433],[76.5703540634148,17.705405332031578],[76.58208139876906,17.705681686448163],[76.60047513184679,17.7256530987691],[76.60535450199238,17.75864403090256],[76.61446568811776,17.77066693540887],[76.63194321147093,17.754640556007207],[76.62815564204354,17.750648467869322],[76.63331735627618,17.72821963602507],[76.65565647121716,17.717853861851722],[76.66424582150239,17.687560216355237],[76.67266909215626,17.69054032772114],[76.6936868867984,17.678396953557687],[76.69259650634216,17.706723416903785],[76.70299151256931,17.712668015569534],[76.70448296836753,17.722615328413696],[76.70030415927775,17.728007546220624],[76.72832736238232,17.7375602252923],[76.72486402099213,17.75110158636947],[76.71884387487732,17.751478769874513],[76.72112898324595,17.76949699970231],[76.7119690230922,17.773266342629427],[76.71414854707557,17.780938966971505],[76.72099729381854,17.78805645541399],[76.74070254295657,17.77946333903418],[76.74439397468224,17.78033898239042],[76.74258186344673,17.78422289316478],[76.76209500067472,17.787015961114392],[76.76656645123967,17.79846750035941],[76.77878398287147,17.800479110364915],[76.7829196943872,17.817915684778775],[76.79045015732795,17.826332607914768],[76.76755662195656,17.852125523757678],[76.7515514274726,17.858128754317583],[76.73853967373859,17.85667967296103],[76.74002992579433,17.89969872048157],[76.76821839824993,17.901149714488092],[76.77510685502007,17.8777108002251],[76.80672608607222,17.870573232467258],[76.81027250545651,17.887039153574843],[76.83125810899594,17.885613534777637],[76.8319768878857,17.89525408156883],[76.8390124330038,17.899060062298723],[76.85270116971236,17.900720334739642],[76.88432369847992,17.894290703908947],[76.884041363376,17.898979386247184],[76.894242821287,17.899824457859648],[76.90132043630648,17.917239844971835],[76.91915553855003,17.91619785198095],[76.92072395661191,17.941568130352966],[76.91449603107024,17.96156185327275],[76.91319606015799,17.99688696755649],[76.90676385682235,17.996591025125433],[76.90570041501933,18.009706069758323],[76.91235189352254,18.017335609515477],[76.91437200247559,18.03535733684645],[76.95236137495533,18.04021542787541],[76.94495741367122,18.048357128477363],[76.95167686589535,18.06104904367461],[76.9452705744641,18.083196433872235],[76.9629979687051,18.089567365045593],[76.9664063089454,18.098196682449682],[76.95433087731685,18.11053969518339],[76.92055703795405,18.11817804525277],[76.92030680055356,18.12506873762258],[76.93185279839132,18.133521267402408],[76.92402085904459,18.146628293059123],[76.93153421177412,18.159648173137764],[76.94241872796589,18.15640717959083],[76.95199218893312,18.188093787156273],[76.99066627618704,18.189982263902003],[77.00117076009786,18.160894272561208],[77.02336030823896,18.15850439342],[77.02314020123141,18.175647583871612],[77.03178676701376,18.177427716613007],[77.03323418380349,18.181987394899473],[77.05203340292574,18.173224089922055],[77.05325790277773,18.159446645572412],[77.06401365625331,18.150647089776275],[77.08490055740093,18.15078379885018],[77.09953228171435,18.158188223800025],[77.11159808699632,18.1558284777961],[77.11639305772604,18.17101134426431],[77.09765435540956,18.19671808052649],[77.11134600894785,18.204237802364062],[77.14019278031839,18.20771287810176],[77.14275373975116,18.21703499684188],[77.1515769754038,18.21703921465899],[77.14868784432973,18.239039707069445],[77.15182044040537,18.238017060101015],[77.15918908172912,18.255783774582035],[77.16980453093373,18.26086508363454],[77.17486727777155,18.284855365674105],[77.18826872696405,18.284735771546554],[77.1975283947244,18.27660353309128],[77.2130680930079,18.280313971317227],[77.19876781469495,18.315445435294922],[77.20172328814938,18.322158420350338],[77.21184912498146,18.31627391347931],[77.21912234006922,18.325723652899445],[77.22964010916479,18.34820146631984],[77.22014644105268,18.349266354574333],[77.22588637298595,18.365212677621336],[77.246446244251,18.370758281530737],[77.2484798863238,18.376048879018573],[77.2395151417594,18.378599466899203],[77.23374073518045,18.388193055029326],[77.24182368268221,18.412599321358357],[77.25942412790556,18.413253369778843],[77.27909330968491,18.429789964312214],[77.31690652613071,18.44224495390209],[77.31994013594687,18.45801896627803],[77.32647005622245,18.458838418279793],[77.32695022011485,18.45174162551881],[77.33608650606759,18.450146806975425],[77.33571208646055,18.442308839307657],[77.34527272397708,18.433603125002094],[77.3535395656006,18.447658453622502],[77.36622514015667,18.451002606114937],[77.36220338173133,18.429880531223272],[77.37069949228002,18.418783604460646],[77.36844233858474,18.412517678597183],[77.37288648395833,18.401095150939334],[77.40021752345842,18.40199059632798],[77.41414725839478,18.393100107710712],[77.40988882712973,18.377404167489782],[77.39492280466479,18.368447489392985],[77.40020123161243,18.347439518163796],[77.39439271510382,18.347422129227322],[77.39503333337733,18.341494594639922],[77.38248071756819,18.34224588328576],[77.38099281820014,18.331015196724252],[77.3756710367603,18.332045714328025],[77.37165751858106,18.325201762456267],[77.35677739302356,18.320195420916807],[77.36584244347259,18.307118267146933],[77.3851706247701,18.309304988111702],[77.40904724404906,18.301462286541017],[77.42835966620156,18.312358242601455],[77.43771647867509,18.31030735338345],[77.43656320085208,18.29322238096371],[77.44039692931202,18.28262290532945],[77.44590907903198,18.28380229377495],[77.44762917852789,18.2699892231803],[77.4650882810278,18.262530130476797],[77.47579957957491,18.264657030192268],[77.48143019731793,18.272350194023822],[77.49271754413424,18.267197577311645],[77.49871374475681,18.27674090247854],[77.51160783086672,18.282043256533203],[77.50887082768938,18.30427596715326],[77.51268195992667,18.30959209650403],[77.52377791887507,18.308203805820092],[77.53276782165732,18.29869285421466],[77.56139048402575,18.284943079582106],[77.57260658815181,18.293296161660965],[77.58189861861864,18.285378164986874],[77.60546612491339,18.28134301902875],[77.5718286291495,18.243996312484786],[77.58536318980245,18.219815010231034],[77.57487003903725,18.201622019092337],[77.56555405768833,18.204177187789785],[77.56350915253849,18.196123948205944],[77.57073727758889,18.192164291023712],[77.58136189949087,18.162312060796744],[77.5968905565812,18.155943056913955],[77.59445084455896,18.13271987063806],[77.60160112789504,18.105899383627577],[77.59885068771769,18.093327496613036],[77.59559294733982,18.085787461199818],[77.56596897424673,18.076670320847875],[77.55747229326785,18.06372776610671],[77.54838264065813,18.065206946585104],[77.54768303181655,18.056127693723656],[77.55383337346044,18.035817664262392],[77.58064117035865,18.031579221268384],[77.58863648630609,18.012153399510265],[77.60597993340812,18.020230025472227],[77.60751660949946,18.009851095932675],[77.6197075725584,18.00649092859776],[77.62783294838928,17.996784519068452],[77.64895083693918,17.99887494360134],[77.65208495476088,17.99389173271086],[77.64825914674678,17.98025374312114],[77.65589998388984,17.968836947418062],[77.64952962956156,17.95001315474993],[77.63725807774014,17.95232263023061],[77.63305797139158,17.9673797856942],[77.62458970412517,17.95960063069604],[77.6329300315322,17.95580131574383],[77.63255678242997,17.946671353999815],[77.62298976777323,17.94551939181698],[77.61872804328439,17.93948831142792],[77.62204139656485,17.92957238700192],[77.61908327397863,17.904057059048046],[77.58610837736491,17.90783405545211],[77.58603596506819,17.893843111834943],[77.60041478308645,17.88060009228765],[77.59912114709354,17.873086073267306],[77.57644379309194,17.87541813787924],[77.5700439919886,17.8676461082979],[77.56936968060373,17.851563279283724],[77.5648883889948,17.85118693403911],[77.56748003936929,17.845418775120955],[77.55407087544513,17.820067271089307],[77.54895355236056,17.819378576163174],[77.54674157583922,17.828483848881614],[77.52826667189076,17.82789708702555],[77.52907654713684,17.8129306650109],[77.51498423060876,17.805446418787902],[77.5066025241048,17.78595242452395],[77.5375536798768,17.7799335423131],[77.55490318342046,17.763970912706792],[77.56919350480683,17.76649200722338],[77.56857803756463,17.74890660350295],[77.55673904701044,17.73737777639042],[77.54865441067598,17.7357663548215],[77.54600779328761,17.726841229210482],[77.52205174766617,17.726026979089234],[77.50918837315916,17.716292747524406],[77.49709840409437,17.715514605231096],[77.49231374243087,17.708126309081532],[77.48493594637603,17.709143788031863],[77.4524751717691,17.694704189365932],[77.45486529409274,17.67448217132962],[77.44826291211307,17.651123726637202],[77.45593600865628,17.634179489291057],[77.44877377503198,17.609343895535723],[77.4448071794533,17.609408533392912],[77.44409579010508,17.58435806672298],[77.44034744976837,17.584330695703304],[77.46185663131905,17.580755189779318],[77.47799819635132,17.566548707457496],[77.4940133953726,17.568103120951335],[77.50007225528289,17.546727349699225],[77.50694134707042,17.542281685337247],[77.52842600247942,17.575367868275883],[77.53747872085623,17.57544447937637],[77.55060130603508,17.551736474801444],[77.593841338537,17.564515658076807],[77.5969403960115,17.534306067705888],[77.61210337050925,17.534759601331157],[77.6280008668721,17.52363751530885],[77.66204955298257,17.5228258354269],[77.6754937440163,17.50862375498878],[77.6888380010679,17.510942206150517],[77.69255794352405,17.498938028176998],[77.68844119274901,17.475199779097483],[77.65235518596464,17.48273789022227],[77.65717147461436,17.506586797942536],[77.64791541987805,17.496078851224883],[77.64482499790836,17.477569867568082],[77.615271280257,17.472894348887117],[77.61431127676401,17.44595041541628],[77.6029583861696,17.44415565336888],[77.57622668735573,17.456171478695154],[77.57590217006104,17.43071858237793],[77.5373421212375,17.44375081488876],[77.51303975890434,17.43087443006733],[77.51421489992471,17.4141855527317],[77.53788482943325,17.406097197070704],[77.52432618674412,17.388000879447393],[77.52625592338296,17.381934954136],[77.53319195223558,17.380501689532927],[77.52984235373,17.370716213085657],[77.51579938345715,17.36038970474185],[77.48385952301886,17.355002449885486],[77.47447266998394,17.36151767705168],[77.47913718557145,17.370726015120557],[77.45364791338935,17.37399468287535],[77.45110598296925,17.359385024634793],[77.45709895235176,17.34741502739989],[77.45605226502707,17.331241623600338],[77.437966976587,17.291924615035885],[77.45491857496884,17.28724734500302],[77.45857583747606,17.279003245197124],[77.42637058954999,17.256468614726028],[77.4204593929095,17.237631288720237],[77.40831154089938,17.241211664892514],[77.38022890884885,17.22253708343567],[77.40378862225852,17.20989887839571],[77.39645035566944,17.207536396665983],[77.39393437039136,17.194403552264014],[77.3723128153263,17.19556975819883],[77.36376517561632,17.158789113111894],[77.37821115438015,17.15266781838963],[77.37795722759881,17.13994988653064],[77.40386154120506,17.132922821677553],[77.40669820707328,17.124519098383267],[77.43604242143074,17.11498897167552],[77.44583487100297,17.117963222515538],[77.46366159016831,17.110004883839906],[77.46289306078147,17.094093057922805],[77.46729111449615,17.086338382898965],[77.48101826047133,17.07924320651978],[77.47902156520786,17.072636132321517],[77.48790458284434,17.047632038254434],[77.49668885407151,17.042729622335965],[77.49498348425129,17.02709848581681],[77.50223851204784,17.009378871200393],[77.47955361040117,16.996027126779214],[77.48137840495019,16.970440143999596],[77.47218365035057,16.957152181850454],[77.46526568212676,16.956623382590493],[77.4683227658196,16.93960275190593],[77.46423915209876,16.929863706023912],[77.4694482901919,16.928072302880164],[77.4694720596143,16.919207960243718],[77.45405283349524,16.913908292096366],[77.45795011057501,16.909517149545206],[77.45593117572007,16.885346518517878],[77.4250771700511,16.885143630083096],[77.46039359282655,16.88476194084267],[77.46409422689396,16.850604081932886],[77.45711901083372,16.830191558160045],[77.46327417553235,16.82222205352131],[77.46573866398846,16.805933419800724],[77.47429725326346,16.802328684560916],[77.47653666253693,16.788380359644176],[77.4745332999774,16.781252681962947],[77.46723016380413,16.780465309486715],[77.43953473528548,16.789143870631662],[77.43791755756828,16.774723584386287],[77.44318468640459,16.76252316657888],[77.42699114844325,16.72892473741234],[77.4310004678968,16.72313751990099],[77.426056770292,16.721156682104944],[77.43849716406432,16.711692493459257],[77.44721956023304,16.720741032416196],[77.45782906079388,16.715955513283973],[77.4638458355314,16.71918805261001],[77.47408425192981,16.71657207169433],[77.46999580437443,16.687748430987963],[77.46393190401707,16.67631689098646],[77.44775121915079,16.679323240826232],[77.44258665636038,16.669859022338112],[77.41889546462741,16.668586128617854],[77.41904722870645,16.658451297895283],[77.42975651682396,16.656216932411606],[77.43863013538763,16.64534389690365],[77.4343780641948,16.64139625212857],[77.44439729435884,16.6391477633357],[77.46243790239335,16.654285461282758],[77.47614459193285,16.650121234707292],[77.45368173226487,16.61676171743506],[77.45821992675714,16.610728287754284],[77.46783023751563,16.6097710165071],[77.46225722873181,16.585492816098522],[77.43974462934655,16.58716195691095],[77.42151929535031,16.568255024136015],[77.39290897763053,16.56998952650212],[77.39265546497249,16.564007491742206],[77.39753744921558,16.564776705237218],[77.40378928431687,16.551201899083324],[77.41905095581657,16.54893985022237],[77.41691979802643,16.517315733380705],[77.40223934280375,16.52153119364335],[77.37912965750368,16.514565575055535],[77.37010465125505,16.50459806900865],[77.36904680326133,16.488687557996847],[77.35146672464207,16.49107621525131],[77.32959831253693,16.485921572044305],[77.32033378399257,16.492231159768025],[77.29874813009785,16.49617753950066],[77.29403171075154,16.476686583581014],[77.2660727874954,16.472521177189147],[77.23969837651778,16.475963764706243],[77.23591259653445,16.472661392766984],[77.2621097330756,16.451855008311618],[77.2689853062079,16.4304784937631],[77.2882455613952,16.408718778218542],[77.27281931162904,16.405019413736536],[77.29716360254798,16.407046166848332],[77.3116352596542,16.39872410947583],[77.33461409275674,16.39489857957251],[77.34974355919607,16.38365072361599],[77.37869674769014,16.385428294977235],[77.41147082771873,16.367465516486078],[77.42596496426661,16.367629863746618],[77.44167094520077,16.380936495275158],[77.48933816557869,16.385010088507293],[77.5143968339226,16.374992335539783],[77.52269893352272,16.37616234215732],[77.53194858955925,16.3633168775161],[77.55503056362947,16.348786316468686],[77.57342355020718,16.340753871694826],[77.59486884952528,16.343193657492947],[77.5880620963269,16.333392393167287],[77.59541082918732,16.31813997441898],[77.59204478791881,16.302185425179495],[77.59783801240631,16.29313162333594],[77.58202816107251,16.291357501166896],[77.56890920957896,16.30362151697841],[77.56323484567831,16.301654448353663],[77.54510504930914,16.2917305264456],[77.53692700345648,16.26682339121203],[77.52189881308229,16.278047814171394],[77.50484452109379,16.275820141844523],[77.50243397287724,16.263077190497846],[77.49009577234997,16.255199968496616],[77.49237244374143,16.229317138623387],[77.5156864571411,16.22780942094581],[77.51502093846622,16.221976006327786],[77.50117833741749,16.2217377456381],[77.49951414996319,16.198580408123146],[77.4861808568496,16.163004998641725],[77.49070449953258,16.15960487980468],[77.48982141608242,16.11964067253974],[77.50025067507137,16.120612497292235],[77.51330345666105,16.10804531177579],[77.50095991115785,16.106209973856863],[77.49368598101111,16.086365400649964],[77.5069030482966,16.07965748062088],[77.49402889041295,16.037010377141602],[77.504439495885,16.01135168896451],[77.51407893361826,16.008099248238334],[77.5095855956014,15.9804126059721],[77.51983846858766,15.966930909284615],[77.51346826787129,15.926810324278092],[77.49877441158122,15.933196185543222],[77.46602872550213,15.93451946613532],[77.42962804875518,15.94908139589652],[77.41437375781386,15.94204477805687],[77.39772530580613,15.944500488888856],[77.37950710622984,15.939820256218654],[77.36127821580338,15.949439179986568],[77.32409500942592,15.9501743849055],[77.30110514590999,15.958015898230892],[77.28470915014148,15.953825394726566],[77.24890027002901,15.964573791658447],[77.23550517372217,15.957157558354064],[77.18532270558305,15.956761165852102],[77.1741263590033,15.950790498880377],[77.1551043280462,15.950052683432885],[77.13588094690465,15.937596917284564],[77.10258996817676,15.928743990919042],[77.07106524887567,15.908847777748655],[77.0559286587961,15.881562344057938],[77.03372423365562,15.858905856613578],[77.01601449759815,15.822184918370997],[77.0252201793049,15.837529638812036],[77.03588926152523,15.829572910290112],[77.04072808980375,15.832764904940586],[77.04812324220816,15.827991790365537],[77.0631751795469,15.829605370607032],[77.06720588159921,15.78775633715436],[77.06097656726207,15.786276928264087],[77.0569833411268,15.768725810868048],[77.05234490542861,15.769894528775854],[77.05109161816505,15.764539699912463],[77.05649074724582,15.762847099837646],[77.05434207949415,15.75619509765928],[77.0480245739523,15.756238068973811],[77.04913084473313,15.730279550567001],[77.07972115623862,15.727532122807553],[77.07889810719891,15.716276305512451],[77.08743966261949,15.715509853521686],[77.07872588488758,15.695165664410794],[77.1092602448256,15.681483762419175],[77.12140342020636,15.671110870046322],[77.12017002703308,15.667630509800205],[77.12891461877582,15.665886452811431],[77.1214536980145,15.631106996135646],[77.10627984491869,15.637463697422808],[77.10139153563767,15.64852457943771],[77.08322083088882,15.659167329714764],[77.07175645936766,15.64667537464774],[77.0304640507585,15.634515061458835],[77.03294441154736,15.60500535930425],[77.02626992629139,15.581758812168635],[77.0313455621569,15.544098635170734],[77.03006961039871,15.50267159999615],[76.97456138038464,15.510530322639397],[76.97386698536498,15.499550463888408],[76.97712893704488,15.489788832471058],[76.9973313237426,15.478030540997416],[77.010799934579,15.448766415183233],[77.0320376610827,15.435580721670577],[77.03515589758852,15.42319982326738],[77.029256978223,15.404384986960686],[77.0472763644572,15.39004674026124],[77.04185653010744,15.36194736415906],[77.04477080951791,15.355715777078451],[77.0649234951259,15.34357729833815],[77.06375418327337,15.328043670705217],[77.07441578162909,15.325913509719584],[77.11312731515562,15.333703383711644],[77.11840090287883,15.294876130797292],[77.15160282442608,15.292460442130379],[77.15196919602653,15.275709785245157],[77.14716056192134,15.272947127972191],[77.16695576206372,15.268609857119882],[77.16769624514905,15.258521417478102],[77.14380230545308,15.257239522373451],[77.13624252419642,15.240985424011049],[77.12641174440932,15.240464757575603],[77.12514504529852,15.22696557206009],[77.14768085265916,15.223935635451488],[77.16590805874446,15.189378557800113],[77.1691569174791,15.171375305638623],[77.16285474438256,15.157386326320731],[77.14077925623138,15.158613228727894],[77.13474454393427,15.148319830786091],[77.13797292736865,15.143493680615453],[77.15730194679435,15.140496034486082],[77.15635039554984,15.122958808138518],[77.14210568522373,15.10459592776157],[77.13014262924396,15.100796066678122],[77.12823532623271,15.072341269230085],[77.11295122380037,15.034084721656061],[77.09367788375263,15.036165791568378],[77.09087515084597,15.029359991480485],[77.08476993517208,15.030737141207972],[77.08247333645268,15.006109269594784],[77.04414001611863,15.009871525318648],[77.04958530063874,15.033104631040104],[77.00410157030615,15.033861594465293],[76.98605653178069,15.02651515926904],[76.98524555969165,15.01521768836609],[76.96594218267575,15.018068303788162],[76.94962657804034,15.030401754920927],[76.92224888992587,15.03131249417688],[76.91839038682872,15.035551975339557],[76.90724421475085,15.032548511808708],[76.89500158149511,15.037100311932978],[76.8771876471529,15.030236680813172],[76.8659105590971,15.059713407567232],[76.83604200170157,15.079263180808544],[76.82379144261007,15.080042351677955],[76.79882952731386,15.095223067921019],[76.79237662859069,15.087597302664857],[76.78605111726306,15.08784339298184],[76.77526788162801,15.072283380768473],[76.77363256243366,15.059151150174552],[76.79015610998934,15.020744227249141],[76.78714400584109,15.007959409399207],[76.77876311770235,15.004593936340772],[76.7749325432274,14.992735394755698],[76.76164528819331,14.98749061934226],[76.76715006512022,14.974929239000348],[76.81830398398402,14.969468051054486],[76.82852801565978,14.956487357282153],[76.83413912648635,14.956485469638267],[76.84196192098348,14.966435209500297],[76.86748299173001,14.969852122631869],[76.86964518361827,14.937740177534371],[76.86386687026615,14.895612503617507],[76.84735639409617,14.89601361575008],[76.84550278338943,14.889324767602002],[76.85249775789437,14.88700568639962],[76.8539038494861,14.869207562192235],[76.85721633679064,14.869137828197408],[76.8540865380688,14.843258645663477],[76.84181157803923,14.836583713145108],[76.84603418628735,14.822079932693356],[76.85458566809179,14.818123872139939],[76.853999412266,14.809475799719946],[76.83739044660487,14.81059570568022],[76.83677040783623,14.790806597961407],[76.81909755660432,14.793149029930397],[76.81768452732366,14.787633971857922],[76.78270952095005,14.785970067848332],[76.7895516938218,14.760090336076793],[76.80296546879829,14.74191666387698],[76.78653005315847,14.70846263935168],[76.78624076239933,14.695813258712601],[76.77529215680191,14.680993241147936],[76.7650152484919,14.602157763892087],[76.78025400396871,14.593090565112343],[76.78186267194522,14.596530144820402],[76.79138219536782,14.554688162140502],[76.80283657402975,14.542233347890837],[76.8063009646522,14.531099652773156],[76.82348033895917,14.52685642704025],[76.83102707937286,14.530396488712379],[76.83551005442462,14.521332246682409],[76.85562038536527,14.509626296712378],[76.86797879079992,14.4740735883859],[76.88429161964113,14.47711084230949],[76.8865259345686,14.483563569758516],[76.90070508135372,14.489243075385888],[76.97483029465822,14.485365120706206],[76.971682912313,14.468171483432414],[76.95992895718192,14.450628551687469],[76.94480669972275,14.450931527319321],[76.9478088424528,14.413192250607437],[76.9428437011639,14.399754052407108],[76.91584566803792,14.420728211234525],[76.89865039265213,14.397986017842246],[76.88483375291507,14.39574476586198],[76.88477208087589,14.347572231563136],[76.90340262782881,14.322720591117834],[76.94566364938466,14.313217839266779],[76.95673799846058,14.294383426449603],[76.92491106703326,14.273820940858334],[76.93581035871487,14.259402661531931],[76.93977708275261,14.244893565189072],[76.95195193542524,14.24193911436398],[76.98560911866693,14.247371875048074],[77.00567604121645,14.23582281004444],[76.9993001891986,14.2291401947867],[77.00849636044141,14.23803405280809],[77.03606371076015,14.246781743082975],[77.05773852514176,14.243838155432819],[77.06181505205332,14.229495656883513],[77.07590480658617,14.2233939189819],[77.08118325958495,14.214189599228327],[77.11487023724966,14.22317782150263],[77.11833013809232,14.244851587255008],[77.1153413506156,14.254564922570491],[77.12049337472128,14.26296611204892],[77.11120332144641,14.261614414989587],[77.11019740326259,14.268198660915015],[77.11553039118564,14.274272668477023],[77.11565467220692,14.292516231584164],[77.13059991304607,14.306878203020972],[77.13571293948867,14.336907342118177],[77.16692598740363,14.34211480342086],[77.16933033185482,14.335475892630807],[77.17868835076578,14.335519283631271],[77.19743228576881,14.321211718725696],[77.23821093529055,14.31739582555881],[77.24734597527998,14.317843333794691],[77.2585949936781,14.330952707930047],[77.28657666946373,14.340134386217954],[77.2888429733985,14.305510144774365],[77.28354612739429,14.282772595462196],[77.36382868291365,14.275863106734917],[77.35949347264129,14.23404287668137],[77.3791784243455,14.226519282497955],[77.38420936543235,14.220987797222904],[77.3832313336499,14.207480099990269],[77.39199508106779,14.198938614306625],[77.41414085610172,14.204795015473918],[77.41939693206679,14.211661241456016],[77.41769960576161,14.225878729082828],[77.4096766073304,14.231953596633298],[77.40883876303792,14.25988660724203],[77.40539234500939,14.266724356745657],[77.3873725778895,14.270901391603076],[77.38506568627356,14.293004358565847],[77.37782726114011,14.301428027542215],[77.37904617167442,14.322753600792119],[77.38909472913751,14.333160809782441],[77.41089794870585,14.336981891823303],[77.4284071807919,14.328677280339214],[77.43126781281357,14.312995523390574],[77.44622937424482,14.317501661811933],[77.44518925719815,14.29526364815623],[77.45028681644818,14.280742300483626],[77.45965634008294,14.280540386206638],[77.47893367583707,14.292196821861024],[77.48713100402732,14.281758582850596],[77.49828785617555,14.278883664963605],[77.50341684478242,14.259806600061715],[77.49279410485096,14.231042315351466],[77.49592642155052,14.232030460724099],[77.49449078347078,14.224276347532077],[77.50328729154879,14.210574993761778],[77.50465341350024,14.194013167562623],[77.51703421662985,14.186079154359176],[77.50351051481202,14.157154636558023],[77.46809122954672,14.16492239252586],[77.46709950294775,14.172069651017557],[77.43029626417255,14.17089200977593],[77.4203626677096,14.176985814666342],[77.39372539979838,14.174282095880384],[77.39488209930431,14.160805896323843],[77.38507242004493,14.153300075075192],[77.37894947881384,14.135878913799132],[77.35137527345121,14.130017076256001],[77.34747239088405,14.103673476004849],[77.361686633949,14.115370428511259],[77.3906187255086,14.126677555934931],[77.39737013619728,14.125474994473768],[77.40092576510989,14.11875012094729],[77.38881562168041,14.099517497356095],[77.38127302429683,14.097877260675224],[77.37562414470243,14.079389301983632],[77.36366576894528,14.073044002349416],[77.3605500207728,14.06259819666719],[77.34051020398869,14.060229652274062],[77.3323076278406,14.030727018525221],[77.39016184055848,14.016734981870377],[77.37967781757487,13.989881146338652],[77.38164674950616,13.976273005627258],[77.3956943371196,13.983769752105053],[77.4258915368736,13.986151862324878],[77.42766258162594,13.979716171321778],[77.43788420042682,13.975560740145298],[77.43536633946641,13.947554264829401],[77.41208858207163,13.945598336353628],[77.41588089190876,13.924236681439393],[77.43490366846756,13.919708530161307],[77.43504346069881,13.915046397522355],[77.3987447714827,13.888166176156766],[77.39797509404896,13.90662412407271],[77.35444816479809,13.904150967500165],[77.35293614386808,13.913940644565239],[77.34784197755488,13.91600377437425],[77.37128992796679,13.95279099464073],[77.34949165901399,13.958179765177512],[77.36109510141924,13.990851254431565],[77.33622482236684,13.995406902809895],[77.33686030227692,14.004508051565463],[77.32268856659292,14.023048282376346],[77.32223562614519,14.030033425901864],[77.30658070185852,14.032041980699796],[77.29827663854118,14.021644893550151],[77.27500299453207,14.011322973424223],[77.27876581537339,14.032450923240686],[77.27036362189105,14.034521613145468],[77.24535995110375,14.011983676661899],[77.2198256760209,14.013612530908519],[77.20467498328972,14.008289692000758],[77.17400866892132,14.013024400291869],[77.17283917291417,14.001123241188045],[77.14108137493281,14.003895103624533],[77.14036950318928,14.01799501206736],[77.12740982030068,14.047053627220642],[77.07893003062917,14.042678520700306],[77.07532375380254,14.043522858791722],[77.07613177492587,14.053311554309593],[77.03164328629992,14.056890607663325],[77.02556096598772,14.066161351940513],[77.02981086146087,14.088212124566532],[77.01466966751553,14.10042520930205],[77.02406816541148,14.112644785745763],[77.02182221460613,14.12328638945746],[77.02622985963309,14.125055295868034],[77.02586648391416,14.129976488279956],[77.02022552566393,14.131334277245001],[77.02041739233388,14.15720180120022],[77.02604599425737,14.174824390267622],[77.02147279331679,14.188827177658013],[77.02276944495411,14.179265298045074],[77.00547179396523,14.184006613967108],[76.98378362253366,14.178853975407245],[76.9606165815993,14.18180949579378],[76.94757851531227,14.19821349927798],[76.94271852362398,14.19544016085386],[76.94238322744421,14.173368862255847],[76.92193365851625,14.169459838128798],[76.91976047394384,14.16449823054758],[76.89454694592644,14.16784994484616],[76.89052982460461,14.142863828688366],[76.885926316303,14.138277165000476],[76.91285383167912,14.128852357362252],[76.92499286582644,14.13714744163007],[76.94427109450595,14.120783619210426],[76.95344635925717,14.099247255519174],[76.92815033648982,14.076875063919536],[76.94271531124853,14.08900992435611],[76.9594211278737,14.091671205659697],[76.97345587946003,14.083558720334631],[76.97758030005095,14.07132821940321],[76.97256533100985,14.060260735200902],[76.95186910356952,14.053836897229571],[76.93239522361775,14.053964618748038],[76.93114482623443,14.03024094369827],[76.94347574950959,14.029781508416912],[76.94995133069362,14.015133016051303],[76.96539515268519,14.011535218203628],[76.9995014217037,13.990379189185466],[76.99377430783122,13.962604779017672],[77.01422161480127,13.954910875209169],[77.02438037758341,13.939992999615072],[77.04166447658793,13.933474045173654],[77.0472997970114,13.906640868790415],[77.0230365922415,13.902636598790846],[77.01625846565626,13.884448209488387],[77.01847973614751,13.872577200946708],[77.0131931300392,13.871557930143599],[77.01422999518456,13.860350719594338],[77.00654681415396,13.85209940427754],[76.99223771618152,13.849049549308964],[76.98890474818685,13.835301004623812],[76.9780280051172,13.826908926052406],[76.97641451588258,13.81736042923014],[76.98974951849011,13.812980129256758],[76.99169596828484,13.80271152985914],[76.98520727169759,13.790837859231079],[76.99850866833039,13.745616785471887],[77.01650701602064,13.738552514742112],[77.0244779885222,13.779266324834127],[77.0433759217144,13.777836460398103],[77.04406265769795,13.770886056870594],[77.058042925564,13.76034246419749],[77.05749949602108,13.75300751683472],[77.06470490986446,13.743875318085939],[77.08563854586471,13.742478869937747],[77.08383763123088,13.756678836643564],[77.09044745754929,13.767182754030024],[77.10596401702773,13.767803803068364],[77.13684435231767,13.758341287538862],[77.1408763811816,13.765079402431999],[77.15111758235739,13.766249169296191],[77.17305546298007,13.762052268128997],[77.1785110305152,13.782726946019958],[77.15752189120681,13.80607231405369],[77.1625813052949,13.808701875860699],[77.15952576850098,13.81690021989051],[77.1677258365528,13.821251093089266],[77.1686892958647,13.829661245041395],[77.15368240185096,13.834178008117677],[77.15601927204453,13.844395785275863],[77.13217240586609,13.846245644264991],[77.12820421487947,13.85649990607147],[77.13604410970635,13.856558504754162],[77.14764547071509,13.868520333829967],[77.1685846708802,13.864531858145973],[77.16876186895989,13.889614158879649],[77.16193965665377,13.906665670642326],[77.169927333328,13.920651397949975],[77.18471507344677,13.925226410980235],[77.19084170855025,13.911906776924644],[77.18139384283957,13.869884676219055],[77.20043513277804,13.863078364703377],[77.21313141435398,13.886230858737594],[77.2170347200276,13.883780052701713],[77.21540962006793,13.867954282023579],[77.2198546574686,13.867758349212021],[77.23065279256097,13.903374582144565],[77.23562634567422,13.90417695378639],[77.24827302587343,13.901251614377225],[77.246363972944,13.867954600351021],[77.25911782664818,13.86317748608465],[77.25669795391896,13.84656357561685],[77.28027498415237,13.851088841389068],[77.28828717764738,13.847517272864971],[77.29492075093032,13.857443870989957],[77.31149798809564,13.866623645027845],[77.32145205806219,13.855960118421562],[77.3253837666685,13.833278919843577],[77.33684427453564,13.83278845964983],[77.36243252399403,13.854286800919155],[77.37689546564538,13.850728906973316],[77.3818996809542,13.839403695680865],[77.43252100395742,13.843257185007403],[77.4161142643381,13.806722100746343],[77.42865085510093,13.80684635700056],[77.422568302125,13.799133150809729],[77.43575124061624,13.796536328633877],[77.44533206687045,13.811063371062616],[77.46422726020101,13.80796346867139],[77.45648738200127,13.78876016402192],[77.4613844687209,13.788435036505494],[77.46514825884437,13.75872320249398],[77.47055076738727,13.75806231441435],[77.46464313705843,13.734172034074549],[77.46507486019746,13.710918185135625],[77.45007316563259,13.71094230266499],[77.45533255278778,13.682304121462154],[77.4371090226086,13.68434334769596],[77.454494359949,13.681950882709177],[77.49211297615139,13.689851631620245],[77.48503841899712,13.71482457034979],[77.51416669902153,13.71325283601668],[77.51236785500444,13.697289641361428],[77.52833457374643,13.693053018745399],[77.53663513093923,13.730643002129428],[77.52195142381522,13.744601612927731],[77.5253593104063,13.753281618378471],[77.54744012466877,13.752942083534764],[77.54928440547295,13.740680144995308],[77.56092572624047,13.722380584915463],[77.5716788323809,13.738245914607178],[77.58684296121376,13.733535343760806],[77.59996983854303,13.750800792916205],[77.6136035848815,13.75195679927564],[77.62771372039154,13.734641554997241],[77.64142561836303,13.741989540089126],[77.64223090591298,13.74684308481269],[77.6188412507731,13.755003243765008],[77.62106976887206,13.768479486571254],[77.6512910434757,13.784115305403597],[77.68007524359345,13.786818219419796],[77.67987054269301,13.772375705708098],[77.67171492777302,13.760521657077161],[77.69518148498942,13.770739877512877],[77.7032909893859,13.769829257156402],[77.70845464308124,13.74105950410237],[77.71735858966723,13.741115207691573],[77.72221957129894,13.768891992309843],[77.71930533231267,13.800315120156196],[77.72928980486174,13.802250055439279],[77.74072126211088,13.812463108974695],[77.74792505988509,13.810426136441329],[77.7635045903666,13.817258694911164],[77.78153071755868,13.818333011438742],[77.78875255350377,13.823202974283852],[77.7890828900849,13.830510699403732],[77.78226520349119,13.84412004807057],[77.79300299335605,13.848982196192908],[77.81202639244732,13.849015204647323],[77.82019121959054,13.863248331524897],[77.83706854346808,13.869779997044969],[77.8273260905313,13.87448019524464],[77.8355356304195,13.881007526888464],[77.83195260828062,13.895707886018235],[77.81617330775128,13.903022532376855],[77.81348950011015,13.914661761405117],[77.81484067948517,13.93196614698474],[77.8265856209207,13.94476277717894],[77.83882200190207,13.935926433028813],[77.89569088492416,13.941080004213147],[77.8989055367111,13.930681075052522],[77.89581385171013,13.920400126304957],[77.9267624248257,13.90536506572061],[77.94619856385742,13.935382222607844],[77.9573350943173,13.936761023283978],[77.96194582148058,13.955003464074984],[77.97048534221705,13.960179368729698],[77.9875211486736,13.955535634869172],[77.98024360280785,13.927894897299248],[77.98438404305527,13.89763255627713],[77.94907363180573,13.886487394608611],[77.95624449464665,13.835969330568782],[77.95297639040535,13.827392839074239],[77.97609651862062,13.829531357342233],[77.99205811696552,13.868855285640633],[78.00047776201887,13.872966750660165],[78.01157052835477,13.871982587683267],[78.02122320905195,13.863865940349354],[78.04618600020555,13.862171542341784],[78.05082686674491,13.876024821473859],[78.04885893014695,13.896130252111975],[78.07899171440688,13.881193098661123],[78.08189872644667,13.861279206423543],[78.08992964442547,13.864735992689255],[78.11476853903677,13.862926418098818],[78.11653589620485,13.851913108001291],[78.12362642540488,13.845392071200344],[78.12539316543032,13.831647932421935],[78.11374456381746,13.807506750265807],[78.12267891837577,13.798816572327743],[78.12639210370439,13.786415754780387],[78.11379307463942,13.763470966603698],[78.09987232914412,13.758498540195125],[78.09151427438327,13.742316517518606],[78.10431928265129,13.736583921419347],[78.12078997603064,13.715657850380033],[78.11321000513794,13.692775442099512],[78.09240853377389,13.691214664786516],[78.07085745423784,13.69848416987584],[78.06959972570348,13.690844693163248],[78.07357572125326,13.687766840455184],[78.06570685755513,13.676181114519283],[78.0770029243179,13.673393582055052],[78.08973272113874,13.659139764709256],[78.08709825256628,13.643107123059998],[78.09893543391348,13.642839733605747],[78.10224014270597,13.6510998841635],[78.11428183720571,13.657402728903044],[78.15611529572062,13.658657149454644],[78.16905555074456,13.653983482435722],[78.16821212521926,13.632892405343135],[78.20418442235665,13.628462172566532],[78.20332175491795,13.606550144532104],[78.19024313239082,13.590177502301394],[78.19295901887074,13.564887992574484],[78.20132334746553,13.563934588201203],[78.19617843622028,13.566303034482056],[78.20290858198955,13.568824691987317],[78.21631502491671,13.591272236522686],[78.23267268777542,13.5868923777874],[78.23786428805927,13.599219097146566],[78.25947484954186,13.582535980257175],[78.27185844822864,13.58824929683649],[78.32615664935163,13.59487814863075],[78.35057519798697,13.586910242962027],[78.38517484691235,13.592172031009715],[78.40224109637562,13.587299309632698],[78.40182897178113,13.578640597885476],[78.40665651632138,13.57689569426652],[78.39384846995107,13.552339547365085],[78.39415711311638,13.541118368225261],[78.3823547522662,13.525098268866069],[78.38329670321527,13.515612443336794],[78.3744150626961,13.50908220347691],[78.3787725044751,13.482080507254956],[78.37080681227079,13.469566307789647],[78.37895708311316,13.440113767493077],[78.37558654847162,13.437420210804294],[78.38165752485844,13.39702606407954],[78.3787609898698,13.383688194798564],[78.3650589023995,13.361842316465713],[78.36965166415536,13.358303834890837],[78.3776182636581,13.363189449352452],[78.40866431925333,13.342926454260638],[78.40727133767487,13.337567368851555],[78.39299612415499,13.333808444785628],[78.38485035477048,13.334929590872045],[78.38766593897562,13.342842973040236],[78.38300906086462,13.343629472694516],[78.37712913008761,13.33201465250378],[78.38711460066494,13.331835804262552],[78.40108482087449,13.315513307732639],[78.41885741025577,13.320618034076588],[78.42792794581793,13.331336452930223],[78.44036500863714,13.32847294547256],[78.4441855902529,13.308154754226091],[78.47687719595523,13.32268111018378],[78.48338119893657,13.321214481345008],[78.47928930005388,13.301333997787067],[78.4987635240604,13.299604474628168],[78.50482572750018,13.291411137686868],[78.51397640446375,13.290629038075227],[78.52193905587082,13.273047333676509],[78.53215685413682,13.266981779519154],[78.53930101006436,13.287913948035623],[78.5540912726524,13.283213956884273],[78.56161566837169,13.288558032215544],[78.565527418209,13.31204657781157],[78.57752914037356,13.295327329419331],[78.57862565814533,13.28039528781792],[78.58734178497168,13.280686091190056],[78.5876798201148,13.273016633726531],[78.58489024393376,13.261604544921568],[78.57011627858162,13.247145254661731],[78.5663785117536,13.22089929253687],[78.5785254160411,13.218062810823106],[78.57867890219053,13.213036601090268],[78.57109481970879,13.212084101277577],[78.56776966076889,13.201562186744829],[78.5500372368606,13.200226090161088],[78.54973546490888,13.189738806071064],[78.56727250434454,13.193309515394166],[78.57603597687795,13.186736584244716],[78.57974123008262,13.167406613708806],[78.57335020462129,13.168940364483172],[78.56818106132124,13.161807348635957],[78.55008991766212,13.16423408158748],[78.541373298559,13.155781722843752],[78.54833430327145,13.148584210757772],[78.54462153925273,13.14204888382306],[78.53123180049826,13.141419276338203],[78.52331464426875,13.130497618616362],[78.51702142288401,13.131636065946884],[78.51850443182364,13.119869124467154],[78.53848169891451,13.10577614602592],[78.52445801367418,13.101247213915947],[78.52336584734165,13.094739776505236],[78.5160476769638,13.09659777133305],[78.5094463747591,13.091541359525817],[78.5142270155634,13.061902017722003],[78.4980367501646,13.06124660053505],[78.48733715127577,13.052403484621232],[78.47847039134929,13.05458364929017],[78.4730976386019,13.042968971360414],[78.46217176038118,13.04326113308546],[78.46358854012814,13.005367560587487],[78.46823112155137,13.004665585728002],[78.46767623220036,12.998583141608663],[78.47478960376142,12.991489504230257],[78.46743610444008,12.975070380748646],[78.4353055172939,12.981087722574319],[78.43269025290559,12.967844522484558],[78.43794778683633,12.964033567354036],[78.42913169279022,12.95751223264258],[78.41924070701447,12.9587288529722],[78.4203562070865,12.94779045212568],[78.41113825798622,12.945316491987917],[78.41879227521116,12.921773538571134],[78.42815700094403,12.932141699815974],[78.4379906840861,12.929062519770536],[78.4445026443442,12.919682644373966],[78.46667056015497,12.905458451653448],[78.46942927920597,12.88968649058928],[78.46474446169302,12.86681296669072],[78.46408740424981,12.877751510185284],[78.44721658776821,12.892259453345298],[78.44555396068752,12.911844829241048],[78.43492233641791,12.911886957923288],[78.42862744955661,12.90212443588796],[78.41218565408165,12.903282544264824],[78.39864197373191,12.917357830660942],[78.39637439418945,12.907362720328766],[78.38867069473942,12.90690719850518],[78.35585090303931,12.94078945888857],[78.34968343681118,12.935762017348482],[78.35382137345388,12.930298197550643],[78.34902348050453,12.92904066538969],[78.33970675265564,12.903233911692816],[78.3235086368796,12.901832711640742],[78.32030563893683,12.887308960123116],[78.32915742394748,12.884640344965417],[78.3344937536034,12.889261264901343],[78.33705522687252,12.882414144404807],[78.33099543810425,12.875627990612722],[78.31360241477829,12.87650296757005],[78.31242174462734,12.858568140977718],[78.28207233612821,12.859364786832149],[78.26837276663564,12.86774262244388],[78.265249097119,12.862058312745097],[78.25217415948113,12.860601143331289],[78.24561557216819,12.788314363968752],[78.23895698978771,12.768426434526214],[78.23092787652435,12.760710107975598],[78.19514014544858,12.773896297728955],[78.17737522318826,12.775997261901864],[78.16763961631224,12.770132403513443],[78.13421424422798,12.782017298073104],[78.12496744034245,12.798238190333485],[78.09013979181145,12.817412144763685],[78.08617669157753,12.831987316161864],[78.07383792421334,12.830565838086615],[78.07650286992846,12.839700503930823],[78.06018733985321,12.843877425747054],[78.05902471236475,12.851221416783583],[78.05331224462464,12.853904538816527],[78.05044863019623,12.84878744101032],[78.03070979394803,12.852500496809792],[78.0306293884419,12.858073076110294],[78.02384494041199,12.85655189975727],[78.02896689431189,12.845236816884155],[78.01912877079735,12.843994535015142],[78.01827747692847,12.831104293236828],[78.00389610320325,12.82564721421979],[78.01529124156544,12.813842655781642],[78.0097314919152,12.805790807538862],[77.98850015063654,12.808244311915809],[77.98976342087789,12.821599209263276],[77.97925091680821,12.827094750002937],[77.9803734192479,12.835107567028773],[77.96429800794976,12.83289416772993],[77.9653305288424,12.84823334298837],[77.95275632202535,12.8501806147435],[77.95231623557105,12.857168031086449],[77.94362891142762,12.85787086063558],[77.93997490980492,12.85319395778685],[77.94658963733153,12.838760660615238],[77.94065824207186,12.82339607018204],[77.9343207409301,12.823148906588305],[77.92649248826935,12.830336617930538],[77.9205367810048,12.82820889773221],[77.91722695630678,12.838902784971008],[77.9227940703457,12.855615387084768],[77.94119484441862,12.868266512938003],[77.94160599793426,12.872786004724865],[77.92770372359786,12.87496741226749],[77.92712462285328,12.881570638242708],[77.93461040988002,12.880710425942093],[77.93598939121476,12.887295164545325],[77.92507167239178,12.890140143547052],[77.921855072159,12.884789504951673],[77.90873946958483,12.884890766924107],[77.90839318431418,12.878857155906895],[77.89490018511616,12.87862442004123],[77.89032514442587,12.869706406595466],[77.85070921402072,12.866216039960184],[77.83591529195381,12.870470799484654],[77.83244523000941,12.862096102454705],[77.81552740109571,12.855841973434147],[77.8079015721061,12.847722830955535],[77.79908884225071,12.851589080309731],[77.79244499763078,12.842755689067113],[77.79587909706184,12.834585358226793],[77.80986340824498,12.831583859961038],[77.80987680392249,12.815584458074843],[77.80214364062945,12.817055713277732],[77.79971544141587,12.805267854668646],[77.80851856738256,12.796777995195747],[77.79854415776131,12.79517068531968],[77.7787661387971,12.767815722103714],[77.7943700953695,12.757674610820294],[77.79294577965558,12.748228642453102],[77.78353703916876,12.741265192269884],[77.76331264194992,12.73694541533832],[77.7610700607252,12.727548113453702],[77.77443207567335,12.72426793877944],[77.76953379149944,12.712578182804315],[77.76572600907987,12.713796888687977],[77.76173260507815,12.697637441565217],[77.7374431443491,12.697799081731741],[77.7349318348021,12.692055628490372],[77.74098701521297,12.685820550137665],[77.73990879612354,12.673043956964857],[77.72460317993846,12.671242046484888],[77.72274677457288,12.679703496490447],[77.71157159948778,12.683191861013476],[77.71099550630282,12.667174387600634],[77.70234482354152,12.660867473674926],[77.67863588828509,12.660443597308726],[77.67636586083347,12.67952601076466],[77.65989193711238,12.683894433004356],[77.59885555389157,12.667212498298946],[77.59724440297164,12.657494526638194],[77.59555681528624,12.668116406698054],[77.5961050068147,12.650335751300133],[77.60599769220298,12.628059326593908],[77.59262488848829,12.619402668720685],[77.59140442566519,12.592148822705417],[77.57932423476223,12.573141568292398],[77.58033110516024,12.551646082461735],[77.58637747938639,12.545776017262344],[77.58718265824018,12.514811636866535],[77.61239614493505,12.514999670852472],[77.61630650597695,12.509237248722883],[77.5836601681784,12.4788528392406],[77.60740325199207,12.475181197919726],[77.62606789270495,12.496366007567193],[77.63440707476003,12.48822592032677],[77.62715323363798,12.458508773719268],[77.6295948770381,12.418382547101311],[77.62330891583746,12.412321524987911],[77.61447768158554,12.362563205528907],[77.60089244337414,12.358557664188734],[77.59152077366414,12.340197285331044],[77.57855312990552,12.33572511899969],[77.56598248490857,12.306303270840958],[77.55788349888577,12.3057905595699],[77.55131467527016,12.291266724187727],[77.5328147226983,12.291518437793767],[77.5270971704937,12.27877061036901],[77.51399986300865,12.275443364464108],[77.49996032789343,12.282628074970658],[77.48757660434083,12.28055557973168],[77.4790381490063,12.271333985558126],[77.47109658195727,12.243571385424744],[77.44829592789468,12.250068508039327],[77.47847097699042,12.240120176473146],[77.48253341382676,12.228959336520607],[77.47201668228533,12.207954992265371],[77.49268868216247,12.197393522182413],[77.518660736826,12.194540655473178],[77.5462388705214,12.204724366006179],[77.56577306964954,12.19639051135428],[77.57383563168253,12.200948164094829],[77.59671275573197,12.199329204025736],[77.61073070073765,12.206205165071065],[77.62093580401206,12.199945718120512],[77.66521428988075,12.198271116227176],[77.70225682906788,12.184193572507954],[77.73001487824668,12.180690931401875],[77.74572661828014,12.158275527923776],[77.74978062173258,12.138523969519726],[77.77377071260499,12.120581390121522],[77.7763643985619,12.112342664521288],[77.76772693900158,12.10669854307659],[77.75565924995247,12.079795916430513],[77.7275075733892,12.062100409496564],[77.70887779269921,12.036081034400791],[77.67470182878768,11.966036776517393],[77.67564961788776,11.95207918942064],[77.6573426216423,11.949934695899245],[77.6520136752397,11.9549206268982],[77.60341101310529,11.937758306604362],[77.5752732927683,11.936583703682452],[77.55813684355883,11.941651212441839],[77.54248049903569,11.938265929469363],[77.53794264500492,11.932488103387339],[77.4941398071977,11.943399323708942],[77.49054933083862,11.90859302513925],[77.48302790584793,11.899678061053505],[77.48615772073944,11.88751382212378],[77.48059767554352,11.893513847486068],[77.47717290781162,11.890559044115637],[77.4734815497478,11.8992837269353],[77.46158563834392,11.900087487189793],[77.46043247909853,11.881307549915896],[77.46581336249758,11.87430009422264],[77.45989473499307,11.863553492544671],[77.46657085338619,11.847184835893952],[77.4539994915337,11.820335533092138],[77.4497581075978,11.796114252354947],[77.4404568792808,11.788938762560125],[77.44215756708178,11.783392407943765],[77.43377495866928,11.778205234171512],[77.42723914993698,11.7609537333848],[77.42255112903172,11.761822280637423],[77.42218129262926,11.7724804748923],[77.39440991334996,11.787738136447707],[77.37020986733101,11.786762041884685],[77.36480082084952,11.790508841440106],[77.36037888362637,11.779574809543313],[77.33510264421898,11.771336725675313],[77.29380917829273,11.809105005259582],[77.28793007576238,11.800542435559429],[77.24983086627284,11.81312017365265],[77.24955045176699,11.804288142115249],[77.23855598807265,11.794760407485793],[77.1891899070671,11.79263003278934],[77.18197009322971,11.786429195122889],[77.14704842791936,11.782024010638846],[77.13803168617139,11.772750836506798],[77.11070002054556,11.773582283515912],[77.11240869167445,11.757043003416392],[77.10849894508019,11.752709791165579],[77.11765843361839,11.721181703494356],[77.10496213856776,11.732908099185934],[77.0801703273554,11.736092274084529],[77.0827174868688,11.739873602511864],[77.05638000293757,11.769886522884818],[77.0697101887786,11.78218696227529],[77.06289640805974,11.790507397527783],[77.04642241067678,11.78772760422305],[77.03505482633926,11.769890133816002],[77.02881809910443,11.774785977329858],[77.03870316228752,11.793957799588268],[77.03262602166122,11.796000816956424],[77.02983411614863,11.804786254084485],[77.01684263739058,11.810825184290023],[77.01396477568174,11.80632234657399],[77.01289466658271,11.814726624607673],[76.99349331660699,11.809272237960641],[76.98210288092527,11.81161574660393],[76.98359992334628,11.801795346638276],[76.96987598345834,11.776971997642793],[76.95388495630475,11.792168487897115],[76.94234019365051,11.788137766230715],[76.90795728754192,11.795358759405845],[76.89656386855516,11.776581136006724],[76.88830135770964,11.733756756905947],[76.8625842323473,11.711124979411142],[76.86366232926585,11.705488596968122],[76.852711257793,11.692483829489559],[76.84179091948263,11.662243969321024],[76.83495472400082,11.655530754088979],[76.83788212869588,11.64205255314254],[76.83457655572407,11.639615822928695],[76.84507736822033,11.6342611020959],[76.84270767628121,11.627164356392038],[76.85206164199361,11.621782047022032],[76.8504804049726,11.616073140758472],[76.8580730537889,11.614143753906212],[76.8564189607034,11.599394921530719],[76.84688351643902,11.594584724002969],[76.82278742885467,11.608190248817156],[76.81751751524098,11.604835805076581],[76.7568670850972,11.618552579277772],[76.74702105550985,11.613899324443498],[76.63041097126049,11.61390468757761],[76.61393274550748,11.607671344139622],[76.59755576617522,11.610761713146614],[76.59223639311861,11.6187750703095],[76.57669432687602,11.61461426407002],[76.5751621001403,11.619305706351923],[76.55990270047997,11.622588502035946],[76.56137211162113,11.632794956211724],[76.5538537579704,11.645833281442576],[76.55050785423563,11.674312797671627],[76.53717610173278,11.69091972209814],[76.51162569470402,11.705098568139624],[76.49354661182593,11.693099449795772],[76.48162707742505,11.69263838037533],[76.4825740068374,11.686228730675564],[76.45816085348362,11.66445016849655],[76.43527845542512,11.664817129119974],[76.41670758625146,11.671821582267414],[76.40842310441073,11.689793970856371],[76.4123586335519,11.69509995739054],[76.40886533244868,11.706468141751508],[76.40335755842248,11.710993164609473],[76.41182469381165,11.715878377676054],[76.41398894463855,11.711331027489564],[76.42742528170176,11.726055115521799],[76.41814888192087,11.742681032678988],[76.41044741298771,11.742406223722472],[76.41316592814479,11.758384467348625],[76.39862294190344,11.750886112337902]],[[74.29203752114083,15.524934001634657],[74.29178464226068,15.524991354253581],[74.27821644868345,15.522877244953603],[74.29203752114083,15.524934001634657]],[[76.39026372741758,12.552338402312245],[76.3907220264298,12.552460593824339],[76.38885520228972,12.56058405174788],[76.39026372741758,12.552338402312245]],[[76.56584719171379,12.351223542967885],[76.57411544874829,12.347972609509824],[76.57526627840383,12.348489416508473],[76.56584719171379,12.351223542967885]],[[76.65063693866414,12.39551875274571],[76.64856755808636,12.396980030363544],[76.64346273505895,12.39521636282084],[76.65063693866414,12.39551875274571]],[[77.10849130454041,12.24078873333922],[77.12526482216694,12.245322439325516],[77.17002551739193,12.259822928820027],[77.10849130454041,12.24078873333922]],[[77.13189490549506,12.207297825936468],[77.1342322374227,12.22570084267356],[77.13415652468896,12.225791790513043],[77.13189490549506,12.207297825936468]],[[77.01120624527697,12.15363402104741],[77.0157455671549,12.134076690978844],[77.01593935771112,12.13412399553509],[77.01120624527697,12.15363402104741]],[[76.99000474154046,12.174757754955364],[76.98979861551658,12.16696233080669],[76.9926679201814,12.175511398747195],[76.99000474154046,12.174757754955364]],[[76.851998165239,12.179325667616336],[76.8520355483912,12.179046911277844],[76.86259261273057,12.18036150373239],[76.851998165239,12.179325667616336]],[[76.42164756478464,11.790384444007366],[76.42210154283285,11.790514526515091],[76.42138214230894,11.795708067235735],[76.42164756478464,11.790384444007366]],[[76.41296247120441,11.78805688796316],[76.41298213093214,11.787901457505066],[76.41616810828415,11.788814364913556],[76.41296247120441,11.78805688796316]],[[76.41412648838666,11.778854129591982],[76.41631105820696,11.785091396004153],[76.4129958750612,11.787792795965713],[76.41412648838666,11.778854129591982]],[[76.42152859325287,11.773702711854858],[76.42287439670945,11.77574323177285],[76.42258871009804,11.775844826556835],[76.42152859325287,11.773702711854858]],[[75.36624506017725,16.760142455241777],[75.38971680367126,16.76089264338658],[75.384421594094,16.763431086374545],[75.36624506017725,16.760142455241777]],[[75.40775929157614,16.76146930530061],[75.41546121035277,16.76529584227174],[75.39891981294366,16.76118678380501],[75.40775929157614,16.76146930530061]],[[75.44281870904373,16.757279676526785],[75.42611041666164,16.767941218007852],[75.42247394312945,16.767037879433307],[75.44281870904373,16.757279676526785]],[[75.49181986795354,16.744306171970013],[75.49191209925829,16.74563595352025],[75.48358682949514,16.747610499068095],[75.49181986795354,16.744306171970013]],[[75.43240986876118,16.436620814145808],[75.4330534867751,16.43567052418353],[75.43312724548842,16.43748467618882],[75.43240986876118,16.436620814145808]],[[75.44770135444685,16.414043221472166],[75.44806845874187,16.414083761365195],[75.4464771943655,16.415850670941246],[75.44770135444685,16.414043221472166]],[[75.48184645228885,16.417813917246256],[75.46558075441371,16.418459903484163],[75.46172092130395,16.41559142384509],[75.48184645228885,16.417813917246256]],[[75.48857979781351,16.418557490968986],[75.49853042543594,16.430728599338227],[75.48762435243839,16.41845197966382],[75.48857979781351,16.418557490968986]],[[75.53457122587362,16.465641384501453],[75.53324682660218,16.46636798858688],[75.49912055928878,16.45358396222152],[75.53457122587362,16.465641384501453]],[[75.55602221105582,16.426698031281894],[75.55667085247244,16.42589159104236],[75.55225669526865,16.455938619940756],[75.55602221105582,16.426698031281894]],[[75.56739775177178,16.412555095686262],[75.56911832668979,16.412608673384906],[75.56084981404847,16.4206959888374],[75.56739775177178,16.412555095686262]],[[75.67787533132555,16.424205928154894],[75.63464814203722,16.44385241236741],[75.63374530112236,16.443921162651396],[75.67787533132555,16.424205928154894]],[[76.06318010944074,16.210496064848304],[76.06545752948482,16.20961714275409],[76.06270545896265,16.21204434572763],[76.06318010944074,16.210496064848304]],[[76.13929000304182,16.18112306128318],[76.08486071615933,16.20482656436061],[76.07285489949288,16.206762284268045],[76.13929000304182,16.18112306128318]],[[76.23873250067736,16.16674430126836],[76.23808441254947,16.161582814609794],[76.24169237217066,16.166525013780078],[76.16998803766515,16.1846816248248],[76.23873250067736,16.16674430126836]],[[76.25818631855388,16.090470385814175],[76.25756076444351,16.088440923904937],[76.29386054569686,16.088413361597976],[76.25818631855388,16.090470385814175]],[[76.25675431146453,16.085824578531643],[76.25885951602781,16.07401003859109],[76.25735747477933,16.087781398816464],[76.25675431146453,16.085824578531643]],[[76.3280004576501,15.934477179560911],[76.32901380836556,15.934825848315441],[76.32273197582195,15.9559886099466],[76.3280004576501,15.934477179560911]],[[76.28468434874775,15.902819266508478],[76.28539280933477,15.902735150940071],[76.2853296631602,15.928978170699892],[76.28468434874775,15.902819266508478]],[[76.29077603374346,15.892290690642602],[76.31362019411355,15.894729621486746],[76.29049010557911,15.892845444658725],[76.29077603374346,15.892290690642602]],[[76.75112141894635,15.588693262955168],[76.74896775234124,15.58987089543262],[76.7467934454868,15.590080837814227],[76.75112141894635,15.588693262955168]],[[76.75888785431195,15.566922051993764],[76.75442433407432,15.586887217341744],[76.75366120355042,15.58730449979732],[76.75888785431195,15.566922051993764]],[[76.81073661139649,15.547298817050565],[76.81305263916208,15.549078349606864],[76.8107566174446,15.547460145457865],[76.81073661139649,15.547298817050565]],[[76.78054950040553,15.493135989139784],[76.78122196833175,15.493147216967648],[76.8115744409843,15.51372425569616],[76.78054950040553,15.493135989139784]],[[76.70902473366306,15.488571554739805],[76.69539483545381,15.479437560547696],[76.71626266843434,15.489009088029933],[76.70902473366306,15.488571554739805]],[[76.68396005289496,15.471774609887527],[76.6831556921061,15.470791816069507],[76.69272241726111,15.477646655591823],[76.68396005289496,15.471774609887527]],[[76.36460280117618,14.989076677702261],[76.36595690584737,14.992309162700083],[76.36144959184128,14.995901315235368],[76.36460280117618,14.989076677702261]],[[76.36671496896278,14.984505214782487],[76.37606331571307,14.982363560271489],[76.36661646155137,14.984718418951894],[76.36671496896278,14.984505214782487]],[[76.67796818305037,14.887206192838008],[76.67736056079556,14.911250992347227],[76.67558165422967,14.894561965372777],[76.67796818305037,14.887206192838008]],[[76.66530241095646,14.91586244810401],[76.66530234657247,14.915862752159157],[76.67736056079556,14.911250992347227],[76.66530241095646,14.91586244810401]],[[76.67933786412702,14.938874052390897],[76.6972366560259,14.927626497285985],[76.67933786502532,14.938874053258859],[76.65986948725467,14.941882626283567],[76.67933786412702,14.938874052390897]],[[76.70602106472494,14.942327802983215],[76.70602106379702,14.942327803341207],[76.70648602667826,14.936706342555548],[76.70602106472494,14.942327802983215]],[[76.71297293533796,14.939645721539435],[76.71674100413718,14.947900076338176],[76.71599519760058,14.963019630146785],[76.71297293533796,14.939645722407395],[76.7080047996493,14.941562464097553],[76.71297293533796,14.939645721539435]],[[76.71551502925146,14.972753965843092],[76.71257376932456,14.97339682274845],[76.71560739470176,14.970881463622556],[76.71551502925146,14.972753965843092]],[[76.67156139928997,15.018703352888997],[76.67275963245541,15.012937102174956],[76.68874231465514,14.978605570084385],[76.67156139928997,15.018703352888997]],[[76.6778460504016,15.024524625894225],[76.67770924007647,15.024517764378349],[76.6715614411233,15.018703397324392],[76.6778460504016,15.024524625894225]],[[76.70162263891022,15.016214413101695],[76.70373109823765,15.033403581204501],[76.7037311024022,15.033403581958106],[76.70373109823765,15.03340358207208],[76.70162263891022,15.016214413101695]],[[76.73090045973784,15.032303564688101],[76.73069900186898,15.032665535324613],[76.72946740354199,15.032699241212613],[76.73090045973784,15.032303564688101]],[[76.73570157812948,15.02223754611519],[76.73612019177651,15.022924979779708],[76.73606053092072,15.023032175780866],[76.73570157812948,15.02223754611519]],[[76.72776109317329,15.004659343466251],[76.72788278498251,15.004290115972681],[76.72792024353676,15.00501166166296],[76.72776109317329,15.004659343466251]],[[76.73408230336737,14.985480036239162],[76.75078178507316,14.983202552776051],[76.73408230265576,14.98548003839827],[76.73408230336737,14.985480036239162]],[[76.35279684283068,13.579425932785998],[76.35311386560515,13.579515281591235],[76.37353463634172,13.593145942276944],[76.35279684283068,13.579425932785998]],[[76.38771947485245,13.534247587626583],[76.37018151913517,13.547988479677587],[76.36387630086207,13.547179186851213],[76.38771947485245,13.534247587626583]],[[76.40442420990598,13.429638112576061],[76.40368527332687,13.426934313368184],[76.41970067216684,13.448454853059646],[76.40442420990598,13.429638112576061]],[[76.3465956566659,13.358217105044478],[76.35226177942215,13.330572411141075],[76.34731549140703,13.358340594109842],[76.3465956566659,13.358217105044478]],[[76.47216683292972,13.093239349819077],[76.47227997982597,13.093246461548745],[76.46856214522283,13.120262759112913],[76.47216683292972,13.093239349819077]],[[76.51376646356943,13.069521341818565],[76.51448613239744,13.070012636129508],[76.49571498053012,13.086735221792853],[76.51376646356943,13.069521341818565]],[[76.52742675756224,13.07884677660635],[76.52500229649579,13.079080361321457],[76.52065958645699,13.074227050788368],[76.52742675756224,13.07884677660635]],[[76.58571809883941,13.070438223481474],[76.59301199242216,13.072527966784202],[76.53117520710168,13.078485632214349],[76.58571809883941,13.070438223481474]],[[76.61786553658366,13.063843076203286],[76.60749682853648,13.071132425167146],[76.60446812585678,13.071424225543888],[76.61786553658366,13.063843076203286]],[[76.60534534007482,13.053262023700324],[76.60207355992738,13.040218332392111],[76.60557017683249,13.053274900843741],[76.60534534007482,13.053262023700324]],[[76.61284822653293,13.005893300387104],[76.61288982295041,13.005912772737538],[76.60423291852923,13.017236686173202],[76.61284822653293,13.005893300387104]],[[76.63223844638232,13.004226057212732],[76.63621030005314,13.006712402245814],[76.62623822810642,13.006344028299488],[76.63223844638232,13.004226057212732]],[[76.6315396677124,12.973240095863122],[76.63175845855972,12.973412145843],[76.63177009096889,12.97415891484056],[76.6315396677124,12.973240095863122]],[[76.33182230037151,12.812008758110887],[76.331079980045,12.8089008630929],[76.33375665517522,12.81185421979143],[76.33182230037151,12.812008758110887]],[[76.33034574734049,12.80582682876716],[76.33441605460035,12.787733127361927],[76.33466205132113,12.787699179159747],[76.33034574734049,12.80582682876716]],[[76.3426768604435,12.76613212645312],[76.34282684327205,12.762125414604194],[76.34961937147513,12.771770237262851],[76.3426768604435,12.76613212645312]],[[76.34288434791794,12.7605892084378],[76.35709238542088,12.750084896877704],[76.3428514640816,12.761467682713512],[76.34288434791794,12.7605892084378]],[[76.35024127161715,12.713479654856911],[76.36152027038953,12.711883127189658],[76.34919694110275,12.71565733027469],[76.35024127161715,12.713479654856911]],[[76.36249981437636,12.703692719942175],[76.36284000872963,12.705998004323469],[76.36152027038953,12.711883127189658],[76.36249981437636,12.703692719942175]],[[76.34151213014992,12.654332114921797],[76.34255545414825,12.655444205652708],[76.34210039143962,12.655679290714573],[76.34151213014992,12.654332114921797]],[[74.64739942827167,13.940418660168984],[74.63768707610765,13.937708919287838],[74.64723264887688,13.94019847044193],[74.64739942827167,13.940418660168984]],[[74.66565180921917,13.980907241526044],[74.66370103838646,13.990817490740744],[74.66322788215554,13.979853401857705],[74.66565180921917,13.980907241526044]],[[74.6631533595033,13.993934606398478],[74.6632566979108,13.993346455608004],[74.67754510877008,14.034823695895088],[74.6631533595033,13.993934606398478]],[[74.89283865376575,14.21764736212217],[74.90020078679528,14.229726377845408],[74.89049099617287,14.217362663977147],[74.89283865376575,14.21764736212217]],[[74.92996034802603,14.237716362564255],[74.919846360849,14.227530723980982],[74.92889147049533,14.235341103615289],[74.92996034802603,14.237716362564255]],[[74.9166439486078,14.27315467143739],[74.92652508953569,14.276375951732549],[74.92634678134898,14.277464323590078],[74.9166439486078,14.27315467143739]],[[74.90703800395767,14.29476520439039],[74.90761190585557,14.285389508556992],[74.90909671073007,14.283378186612195],[74.90703800395767,14.29476520439039]],[[74.92037745203149,14.315732690195906],[74.91771381316819,14.309302905248284],[74.9233618467166,14.316938721360785],[74.92037745203149,14.315732690195906]],[[74.93682515033618,14.322379410498995],[74.9365489338282,14.322267787958408],[74.93689427167304,14.322354240540596],[74.93682515033618,14.322379410498995]],[[74.9745949105571,14.318553061294981],[74.97037310617927,14.31629989461304],[74.97141354247273,14.315709305472625],[74.9745949105571,14.318553061294981]],[[74.9697847347758,14.325853478941639],[74.97633418602267,14.320107761851693],[74.97696334058624,14.320670149449064],[74.9697847347758,14.325853478941639]],[[74.9744096422359,14.337553072327447],[74.97619531853728,14.33183794838478],[74.97632064271284,14.331951056647286],[74.9744096422359,14.337553072327447]],[[74.93361252065694,14.403967920574232],[74.94719621470824,14.39951441109159],[74.94704281295658,14.400877051215431],[74.93361252065694,14.403967920574232]],[[74.89066406871981,14.462205342434759],[74.89032423708105,14.461896155564572],[74.9209900761058,14.459190466240685],[74.89066406871981,14.462205342434759]],[[75.04410130759221,14.546070488198534],[75.04431641500483,14.546127451993948],[75.03356475921562,14.558800902182819],[75.04410130759221,14.546070488198534]],[[75.02383926392342,14.562358251805795],[75.02432626294987,14.561115197156113],[75.03356475921562,14.558800902182819],[75.02383926392342,14.562358251805795]],[[75.02103739145585,14.569509971644063],[75.02237335820787,14.566099944944321],[75.02150696425687,14.570669214140421],[75.02103739145585,14.569509971644063]],[[75.02678876163762,14.584452293827038],[75.02327261637672,14.602043051111991],[75.02659244100415,14.584114512341198],[75.02678876163762,14.584452293827038]],[[75.02678400326157,14.615737014856837],[75.02507028386732,14.609053726451668],[75.05088600265881,14.649534517219202],[75.02678400326157,14.615737014856837]],[[75.07272752189925,14.655234613099916],[75.09942181486471,14.652745071093877],[75.07262536638348,14.655252681464535],[75.05088600265881,14.649534517219202],[75.07272752189925,14.655234613099916]],[[75.55164781627076,14.274282400703875],[75.53567874214608,14.277485219853126],[75.5299189152242,14.27743779126181],[75.55164781627076,14.274282400703875]],[[75.52701265327767,14.258356909787175],[75.52679131378156,14.20284690191208],[75.5299189152242,14.27743779126181],[75.52701265327767,14.258356909787175]],[[75.47625226567858,14.21495964302673],[75.5069566903557,14.219117048684625],[75.50690111769619,14.219183160144395],[75.47625226567858,14.21495964302673]],[[75.39928528559076,14.118584746231077],[75.41543788401228,14.141238196165387],[75.40138107788742,14.126240866013175],[75.39928528559076,14.118584746231077]],[[75.43292987203813,14.106500648974947],[75.39915462484026,14.118107430631472],[75.39882408721155,14.116899946625578],[75.43292987203813,14.106500648974947]],[[75.8955087172435,13.806252277041397],[75.87877688989924,13.810157101364345],[75.83554183316568,13.813822118848885],[75.8955087172435,13.806252277041397]],[[76.00809602078475,13.868599256157507],[75.98884085814677,13.84853692132292],[76.00991721553163,13.866869431336584],[76.00809602078475,13.868599256157507]],[[76.02230569278304,13.863595831132944],[76.01579130122393,13.871978793111422],[76.01859359575272,13.863822842409526],[76.02230569278304,13.863595831132944]],[[76.02725490677729,13.866653127592517],[76.02250155306137,13.86358385340406],[76.02336252522068,13.863531201119546],[76.02725490677729,13.866653127592517]],[[76.0302429215419,13.869826849317292],[76.03014889778424,13.868974284191834],[76.03058972770124,13.869327856565956],[76.0302429215419,13.869826849317292]],[[76.03332143261503,13.897741402456257],[76.03115467112481,13.878094184264988],[76.03240341278514,13.879808753483562],[76.03332143261503,13.897741402456257]],[[76.05043763289967,13.899152923158598],[76.0283941535187,13.898702038118726],[76.03332143261503,13.897741402456257],[76.05043763289967,13.899152923158598]],[[76.05078197511436,13.978650493177293],[76.05083224143044,13.978658946590524],[76.05059644058244,13.978929745171685],[76.05078197511436,13.978650493177293]],[[76.04265589680091,13.990881227542573],[76.04367385306671,13.989349079782954],[76.05083776049351,14.023742346711865],[76.04265589680091,13.990881227542573]],[[76.0545767894545,14.089000145836641],[76.05632352176053,14.070958868559352],[76.05652672291588,14.071516206588125],[76.0545767894545,14.089000145836641]],[[76.3832350014108,14.427019407546748],[76.38317136314647,14.4203563347349],[76.38389325091839,14.420444328689646],[76.3832350014108,14.427019407546748]],[[76.52387044169566,14.553177524615082],[76.53271923211088,14.542016982693605],[76.53315386360708,14.542697506480142],[76.52387044169566,14.553177524615082]],[[76.53528956327932,14.56120365614265],[76.55066393471961,14.578910210079185],[76.53528956327932,14.561203657012125],[76.510064185585,14.560423889041243],[76.50509243449223,14.565401224675291],[76.51478271058237,14.551144198757498],[76.510064185585,14.560423888171806],[76.53528956327932,14.56120365614265]],[[76.46230292057999,14.576286668193807],[76.42362159565317,14.581688595376447],[76.50509243449223,14.565401224675291],[76.46230292057999,14.576286668193807]],[[76.596017591694,14.630613749598814],[76.60087800020058,14.620871527556902],[76.58507631275606,14.617443649619538],[76.60087800109888,14.62087152668767],[76.596017591694,14.630613749598814]],[[76.60122285526509,14.652148065644464],[76.61214419917557,14.648415761640425],[76.6121441997768,14.648415762304097],[76.60122285526509,14.652148065644464]],[[76.59804536147978,14.669314455251367],[76.597712461607,14.66155856112862],[76.59804536233919,14.66931445521405],[76.59804536147978,14.669314455251367]],[[76.60835350061896,14.687653565135532],[76.61060637204527,14.668769017946198],[76.60835350071217,14.687653565223167],[76.60835350061896,14.687653565135532]],[[76.62410464525236,14.702463004854794],[76.62410464505504,14.70246300466927],[76.62544710762842,14.702107708438698],[76.62410464525236,14.702463004854794]],[[76.66749074202288,14.793821671163743],[76.67288648777753,14.788370892528555],[76.67288648804826,14.78837089312361],[76.66749074202288,14.793821671163743]],[[76.69248886661155,14.81331033500068],[76.68278908904067,14.808667548296246],[76.6949809347466,14.813828418571413],[76.69248886661155,14.81331033500068]],[[76.71681644106147,14.818367867923273],[76.71049997987843,14.817054719731978],[76.73419116750172,14.813574963817535],[76.71681644106147,14.818367867923273]],[[76.74173517613859,14.818352553007678],[76.7411732647135,14.822156274306298],[76.73419116750172,14.813574963817535],[76.74173517613859,14.818352553007678]],[[76.71172842551303,14.837344459930012],[76.740842707965,14.82439389697861],[76.74060356927353,14.826012687580594],[76.71172842551303,14.837344459930012]],[[76.71358382027388,14.8650261663851],[76.7133908080611,14.865305540677145],[76.71172842551303,14.837344459930012],[76.71358382027388,14.8650261663851]],[[74.95422021419873,13.121440194614198],[74.95446558945432,13.121232537664165],[74.97488526334793,13.12942386340423],[74.95422021419873,13.121440194614198]],[[75.13643679104398,13.133827077989785],[75.15005806337636,13.124755676992116],[75.15055135862754,13.12507845262049],[75.13643679104398,13.133827077989785]],[[75.20600393299814,13.17691175544885],[75.21126772442892,13.164673131598146],[75.20630452350102,13.176795942447974],[75.20600393299814,13.17691175544885]],[[75.37135257599118,13.181159606985505],[75.35200765225608,13.185217083455337],[75.34194888678313,13.18113937145037],[75.35305469890686,13.184923413642135],[75.37135257599118,13.181159606985505]],[[75.37944818635842,13.17946160346666],[75.38896312354157,13.17171419905264],[75.38229700119193,13.178864082416066],[75.37944818635842,13.17946160346666]],[[75.40841103114454,13.150854955292855],[75.40965355111913,13.148429478470588],[75.40961609848864,13.149562436118517],[75.40841103114454,13.150854955292855]],[[75.51430430014096,12.978990598888098],[75.55626410408279,12.942854823387659],[75.5562613928901,12.94302098079078],[75.51430430014096,12.978990598888098]],[[75.55675356995279,12.912857553898366],[75.55630387518882,12.940417422419776],[75.55459647558287,12.907367746376517],[75.57223412585293,12.934785795003254],[75.55675356995279,12.912857553898366]],[[75.7430223609556,13.207491954530939],[75.75064466706607,13.206477961011638],[75.74322627344861,13.2078387627396],[75.7430223609556,13.207491954530939]],[[76.34846424049175,13.525579804173912],[76.36269464155373,13.530561457853342],[76.36269464413174,13.530561494109987],[76.34846424049175,13.525579804173912]],[[76.32659236627956,12.61100169711468],[76.32663717968812,12.611387442303693],[76.30632121085186,12.610450074860946],[76.32659236627956,12.61100169711468]],[[75.66803029257996,12.547890650746206],[75.66857092043668,12.550229390970353],[75.64428982915196,12.53947735033062],[75.66803029257996,12.547890650746206]],[[75.67055335478587,12.55880534371957],[75.6677285779393,12.562928466721381],[75.6696534650734,12.554912447262861],[75.67055335478587,12.55880534371957]],[[75.6684620750078,12.572242713368624],[75.66467813772076,12.575631750833873],[75.66580616238717,12.570934193498983],[75.6684620750078,12.572242713368624]],[[75.66154527100059,12.596686127612536],[75.65451215110782,12.617967088350927],[75.66182525861667,12.587512309442245],[75.66154527100059,12.596686127612536]],[[75.65402867086131,12.619430012956347],[75.64232614158529,12.626309795708844],[75.65436167721107,12.618422395403536],[75.65402867086131,12.619430012956347]],[[75.6669543076006,12.697880784255753],[75.71302311250153,12.7076208672681],[75.6378835251443,12.695370431961702],[75.6669543076006,12.697880784255753]],[[75.63368603034654,12.690256373006285],[75.63387841429783,12.689879154519238],[75.6378835251443,12.695370431961702],[75.63368603034654,12.690256373006285]],[[75.83455740448012,12.670960811845964],[75.85253665847901,12.66936780795799],[75.83414787670407,12.671430381112312],[75.83455740448012,12.670960811845964]],[[75.88675507048265,12.676609505079846],[75.8871289857247,12.678481908737913],[75.87791718420604,12.67181425202065],[75.88675507048265,12.676609505079846]],[[75.88984453484824,12.692080188617343],[75.88663302429848,12.70328062597565],[75.88747938298437,12.680236544647304],[75.88984453484824,12.692080188617343]],[[75.88534763590958,12.707763535780218],[75.87249432433042,12.709151018578218],[75.886080796661,12.705206570469755],[75.88534763590958,12.707763535780218]],[[75.87180162402535,12.78036077454437],[75.87328993163483,12.777306579557077],[75.87338933876917,12.777295428022352],[75.87180162402535,12.78036077454437]],[[75.86379299993612,12.816713315512505],[75.86393649323352,12.796501015235098],[75.86493454705717,12.794452882869289],[75.86379299993612,12.816713315512505]],[[75.87679889037346,12.823637216035648],[75.86377885417251,12.818705871450021],[75.86378580356651,12.817726987830454],[75.87679889037346,12.823637216035648]],[[75.87993056231943,12.834109885848678],[75.8795256374852,12.834235732943323],[75.87574421792425,12.83164600901724],[75.87993056231943,12.834109885848678]],[[75.92990408478167,12.80817072576377],[75.92999673881462,12.80816970523098],[75.92503731081301,12.81424603355381],[75.92990408478167,12.80817072576377]],[[75.94919403557734,12.80059144290158],[75.94935155040055,12.800626592958839],[75.94623949906577,12.807990800234716],[75.94919403557734,12.80059144290158]],[[75.93977748423913,12.676051290090271],[75.94792150640036,12.663999894465217],[75.94016955487675,12.676071646161406],[75.93977748423913,12.676051290090271]],[[75.94939478210443,12.623925103620172],[75.94961798200094,12.62481845959184],[75.94819095372044,12.62535447030389],[75.94939478210443,12.623925103620172]],[[75.93951239229709,12.608739912349252],[75.94697805256985,12.614252161135168],[75.94895120504265,12.62214968963821],[75.93951239229709,12.608739912349252]],[[76.00356133960356,12.57454326800965],[76.00430137628243,12.57440502158154],[76.00325165128851,12.574932570233548],[76.00356133960356,12.57454326800965]],[[76.01854505500364,12.571744156569553],[76.02173110022308,12.576932843153214],[76.01661852352223,12.57210405237412],[76.01854505500364,12.571744156569553]],[[75.99126666604505,12.561506085648096],[75.9916921178462,12.56072424088889],[75.99185772412535,12.561304067337526],[75.99126666604505,12.561506085648096]],[[75.9712861146932,12.450345813080698],[75.96317708899674,12.449934757772718],[75.97146459828232,12.44989558128557],[75.9712861146932,12.450345813080698]],[[75.9456132727014,12.449044428874174],[75.93784812854825,12.444174466288525],[75.94732899898572,12.449131400900484],[75.9456132727014,12.449044428874174]],[[75.9261617113929,12.43684525086323],[75.92505468347623,12.431462766402054],[75.92839612482577,12.438246578334349],[75.9261617113929,12.43684525086323]],[[75.90921998819094,12.40191004133959],[75.90963914090408,12.400166050193642],[75.91427388276355,12.409575527673676],[75.90921998819094,12.40191004133959]],[[76.12824857452611,11.98580514419515],[76.15153869492457,12.018743112063776],[76.12551461529554,11.984590123230463],[76.12824857452611,11.98580514419515]],[[76.96910342692411,12.273987893967055],[76.97048016965718,12.255307115951236],[76.9696106262969,12.273842438319118],[76.96910342692411,12.273987893967055]],[[76.98234574225896,12.254584302616607],[76.98572608919838,12.260684647321648],[76.9826495327251,12.255601079401146],[76.97048016965718,12.255307115951236],[76.98234574225896,12.254584302616607]],[[76.89826839575562,12.356759147602103],[76.8982684328255,12.356759145274227],[76.89895022783607,12.373776047532958],[76.89826839575562,12.356759147602103]],[[75.65056802441697,12.717999638061734],[75.65089181386081,12.71904433155916],[75.626066570264,12.705196294892554],[75.65056802441697,12.717999638061734]],[[75.6582778261227,12.742875000312091],[75.65745021633629,12.752104149502793],[75.65221053379067,12.723299127883887],[75.6582778261227,12.742875000312091]],[[75.65513848998751,12.749347398253455],[75.63836983618567,12.76103307799203],[75.6383331553002,12.760915691289526],[75.65513848998751,12.749347398253455]],[[75.56376969989472,12.866629972783969],[75.5612092721525,12.893523874673248],[75.56362543483961,12.866596819669006],[75.56376969989472,12.866629972783969]],[[75.55459376884954,12.90731535286567],[75.55454849967937,12.906439089685309],[75.5612092721525,12.893523874673248],[75.55459376884954,12.90731535286567]],[[75.22620764454666,13.528210326004826],[75.22076863835211,13.533287662048137],[75.22599615705745,13.528061546629692],[75.22620764454666,13.528210326004826]],[[75.22145899777381,13.602238577584489],[75.22129941871754,13.602099001271267],[75.22379189149137,13.596073809457222],[75.22145899777381,13.602238577584489]],[[75.22584190679707,13.60590658384016],[75.22574114852132,13.605983973928971],[75.22375968443842,13.60425088026403],[75.22584190679707,13.60590658384016]],[[75.37341608528457,13.626143820534365],[75.37273382773134,13.62679181031816],[75.36603845664503,13.621987501078069],[75.37341608528457,13.626143820534365]],[[75.37826018700245,13.615059691675503],[75.3791289396289,13.620717905886949],[75.37541126676155,13.624248851093931],[75.37826018700245,13.615059691675503]],[[75.38879960549637,13.613319535170206],[75.38668388615271,13.623510708776143],[75.3861413195194,13.613758443032006],[75.38879960549637,13.613319535170206]],[[75.41196645598791,13.639692294480822],[75.41128199063766,13.640294692122158],[75.41055651011862,13.637620135740582],[75.41196645598791,13.639692294480822]],[[75.4054783253393,13.676661146921669],[75.39422151495447,13.700307136158825],[75.41470419758039,13.652910999765885],[75.4054783253393,13.676661146921669]],[[75.4874309709522,13.767802959962236],[75.4867906789577,13.768372194912134],[75.48864524457355,13.75977575341128],[75.4874309709522,13.767802959962236]],[[75.63568915021266,13.701455524398574],[75.64796198303166,13.709106050517553],[75.63536258123216,13.701563265734618],[75.63568915021266,13.701455524398574]],[[74.68461840918123,13.957795091934308],[74.6987434171991,13.950678208622092],[74.68379971891005,13.962112005689562],[74.68461840918123,13.957795091934308]],[[74.91095614677837,13.855339201835346],[74.91065737073855,13.856650215452479],[74.90960735074063,13.857006829829903],[74.91095614677837,13.855339201835346]],[[74.91647027911056,13.82320693277174],[74.91917782892959,13.819262891090572],[74.91398909560449,13.842030781209063],[74.91647027911056,13.82320693277174]],[[74.92801532293748,13.768847152735278],[74.93342948891781,13.787659742479192],[74.9332017916313,13.787878383710316],[74.92801532293748,13.768847152735278]],[[74.99853414586975,13.738244623392033],[74.99857854905379,13.738393953731055],[74.9481196737933,13.756965656473717],[74.99853414586975,13.738244623392033]],[[75.02435122892824,13.660538123128754],[75.02903476005372,13.666989099076801],[75.02871854738864,13.66717197624702],[75.02435122892824,13.660538123128754]],[[75.01549473225391,13.634629517672755],[75.0282239397799,13.627173594999693],[75.01551727492412,13.634686460205929],[75.01549473225391,13.634629517672755]],[[75.06117671683887,13.60283048773705],[75.0566493150955,13.588539704899526],[75.05901380394097,13.589610401933163],[75.06117671683887,13.60283048773705]],[[75.04518734202462,13.585353453844139],[75.04148319561753,13.581672123702049],[75.05055608860586,13.585780546386168],[75.04518734202462,13.585353453844139]],[[75.03365563278977,13.573892775963046],[75.03562634293425,13.569962559829994],[75.03726797933807,13.57748287170183],[75.03365563278977,13.573892775963046]],[[75.04904205782455,13.537377337306877],[75.04904207909368,13.537377323822687],[75.04958176924049,13.554094570423985],[75.04904205782455,13.537377337306877]],[[75.06009601155029,13.518937070356625],[75.0682885094992,13.52350374703312],[75.06033569870657,13.51984559869364],[75.06009601155029,13.518937070356625]],[[75.14415201408244,13.454757059381333],[75.13627996944987,13.472500553351162],[75.14075856701123,13.461378142303467],[75.14415201408244,13.454757059381333]],[[74.7461746423941,15.411840066019503],[74.74087890638052,15.410999432671453],[74.69941981626869,15.410068171726694],[74.73391875147432,15.408616631032297],[74.7461746423941,15.411840066019503]],[[74.76735913304866,15.415753867529743],[74.77072469238192,15.40788198441937],[74.76852468231847,15.4161801181127],[74.76735913304866,15.415753867529743]],[[74.78243425995815,15.394353387996981],[74.79405012516546,15.378458023708154],[74.79567492440465,15.378859332080967],[74.78243425995815,15.394353387996981]],[[74.9048655952419,15.280122217344536],[74.91028609523498,15.25106056414479],[74.90626668051424,15.27650713517175],[74.9048655952419,15.280122217344536]],[[74.87742468638436,15.19320761400951],[74.8511294241698,15.171615767188792],[74.8510551078537,15.171374577706919],[74.87742468638436,15.19320761400951]],[[74.83141632154947,15.132223470197594],[74.83151857898498,15.131860745689188],[74.83240747600797,15.131368351186987],[74.83141632154947,15.132223470197594]],[[74.85934678209593,15.102752418882657],[74.8914416203021,15.097109400806703],[74.8906470465435,15.098636789816549],[74.85934678209593,15.102752418882657]],[[74.89183208618387,15.096358818132567],[74.89049696184028,15.092018654323756],[74.89326666057445,15.093601172118838],[74.89183208618387,15.096358818132567]],[[74.88142888776737,15.085337612053321],[74.88015553879697,15.084786384895622],[74.87850533900993,15.07380306715169],[74.88142888776737,15.085337612053321]],[[74.91687189840798,15.038907658036976],[74.91711094409646,15.038819111444834],[74.92398265267641,15.048471872823479],[74.91687189840798,15.038907658036976]],[[74.94046449161277,15.051941487970211],[74.94061123754335,15.051972379662905],[74.94067183879073,15.066477695349676],[74.94046449161277,15.051941487970211]],[[75.11352124335487,15.117194794662566],[75.10458207913224,15.140478850058576],[75.1036712279426,15.140333530192644],[75.11352124335487,15.117194794662566]],[[75.10830507422537,15.14107282759733],[75.12171228872798,15.140316735543143],[75.13180302119534,15.144821758863126],[75.10830507422537,15.14107282759733]],[[75.13673053115873,15.160776717945286],[75.15291039765975,15.145660887402936],[75.1410304070977,15.161445997193775],[75.13673053115873,15.160776717945286]],[[75.3364332969689,15.161805759980053],[75.3367398677209,15.113672043137639],[75.3370648056582,15.113355823420882],[75.3364332969689,15.161805759980053]],[[75.34470492592133,15.105920690774964],[75.35053451198364,15.100247514941172],[75.35060266649046,15.101057732192016],[75.34470492592133,15.105920690774964]],[[75.3428786369767,15.068933598094914],[75.34444506556079,15.066117691059821],[75.35721054166811,15.065219999376328],[75.3428786369767,15.068933598094914]],[[75.4166821045797,15.084901476720688],[75.41668320486028,15.06024127311446],[75.44871010412041,15.060731985566896],[75.41714588230303,15.061518265435113],[75.4166821045797,15.084901476720688]],[[75.63185770347354,14.99145873176076],[75.65836869455552,14.988012133734811],[75.65113153669638,14.991073503188524],[75.63185770347354,14.99145873176076]],[[75.68619241621332,14.976242500789153],[75.68979050287963,14.974105079737901],[75.68945604365916,14.97486196307456],[75.68619241621332,14.976242500789153]],[[75.7192894394268,14.950913854083018],[75.70111899136711,14.948468638458806],[75.68505453012237,14.941428415137374],[75.7192894394268,14.950913854083018]],[[75.7207346748247,14.951108340876297],[75.72403768797274,14.950149707760332],[75.72138029676773,14.951195222875974],[75.7207346748247,14.951108340876297]],[[75.74047203315462,14.945379969698633],[75.74164189771402,14.945040440045686],[75.76073684937028,14.968427776297121],[75.74047203315462,14.945379969698633]],[[75.7792099136131,14.977212134403768],[75.77179773820077,14.973687484029943],[75.7792099136131,14.977212133535973],[75.78486477508899,15.002372734714376],[75.7792099136131,14.977212134403768]],[[75.84235816741969,15.043292909702542],[75.83854545542103,15.041652036602866],[75.83328902192649,15.028691229460426],[75.81140749626191,15.025131542456107],[75.83328902192649,15.028691228592821],[75.84235816741969,15.043292909702542]],[[75.8837060096436,15.052342240034823],[75.90352091972163,15.056710553401144],[75.90411289664304,15.058941180240693],[75.8837060096436,15.052342240034823]],[[75.90883926490018,15.076750597308308],[75.90883926510556,15.076750598082166],[75.90883926500904,15.076750598178219],[75.90883926490018,15.076750597308308]],[[75.88604199316111,15.104290014658357],[75.88541531369502,15.10611290961855],[75.88493118502869,15.105631886045694],[75.88604199316111,15.104290014658357]],[[75.92810905116737,15.141943486338388],[75.92810905660664,15.14194348550193],[75.92810905141803,15.141943486437988],[75.92810905116737,15.141943486338388]],[[75.95256454658595,15.138182691107588],[75.95421983291087,15.13792813920382],[75.97851986501419,15.152803269431505],[75.95256454658595,15.138182691107588]],[[76.0248510147818,15.14274659478644],[76.02657218488385,15.14292037867914],[75.97851986501419,15.152803269431505],[76.0248510147818,15.14274659478644]],[[76.03626772224054,15.14389932214421],[76.04143504949886,15.14442105921409],[76.04159755630384,15.144553372166758],[76.03626772224054,15.14389932214421]],[[76.11173415924355,15.198653009930112],[76.10346380969885,15.168408350850676],[76.11173416014188,15.198653009930112],[76.1250798158704,15.203389212869943],[76.11173415924355,15.198653009930112]],[[76.21887549464681,15.196615495224508],[76.23119135676788,15.231332030768387],[76.21887549374847,15.196615495224508],[76.2242829691771,15.192546304522448],[76.21887549464681,15.196615495224508]],[[76.25718929638636,15.206303073862589],[76.26825046717707,15.206634113903252],[76.25718929548803,15.206303073862589],[76.24903547001209,15.190765310082524],[76.2296903589427,15.188477178282861],[76.24903547091039,15.190765310082524],[76.25718929638636,15.206303073862589]],[[76.35073023271114,15.31044567215015],[76.3336808940331,15.263656344913288],[76.35073023360943,15.31044567215015],[76.3640307894191,15.328431242801043],[76.35073023271114,15.31044567215015]],[[76.38894599411721,15.330853482593744],[76.40461349481782,15.325705353110857],[76.40461349517632,15.325705353288239],[76.38894599411721,15.330853482593744]],[[76.45063915001523,15.33926030169565],[76.43183658287192,15.33917520538257],[76.45063915091353,15.33926030169565],[76.47718557938659,15.349543610279552],[76.45063915001523,15.33926030169565]],[[76.59399416556117,15.418465523955089],[76.59236191112,15.413049995609722],[76.55500539457138,15.39668334578377],[76.548660543414,15.386929947180308],[76.5550053954697,15.39668334578377],[76.59236191201832,15.413049995609722],[76.59399416556117,15.418465523955089]],[[76.66602670786907,15.449863073582122],[76.61230577705201,15.442852822703111],[76.61192995447203,15.442449323787983],[76.6660266444166,15.449862994090426],[76.66602670786907,15.449863073582122]],[[75.77295749281025,14.791651735349037],[75.77154544359155,14.782292518131035],[75.75980417561853,14.775310095195186],[75.77154544448987,14.782292518131035],[75.77295749281025,14.791651734480478],[75.79879829732258,14.76893200314086],[75.77295749281025,14.791651735349037]],[[75.82318228866727,14.776458577894838],[75.8238214799425,14.777656674398052],[75.8228003661528,14.77634069037123],[75.82318228866727,14.776458577894838]],[[75.83333079538383,14.795480881360655],[75.8333266164855,14.795827802124776],[75.83232515897315,14.793595922172605],[75.83333079538383,14.795480881360655]],[[75.83311828812359,14.813122581922272],[75.83311828902191,14.81312258105379],[75.81803966722767,14.834534046431564],[75.83311828812359,14.813122581922272]],[[75.8101807649477,14.846267361107344],[75.80989468284774,14.847033122444813],[75.80999078729046,14.846071901832165],[75.8101807649477,14.846267361107344]],[[75.86915267681341,14.854393087206493],[75.86915267694927,14.854393087663881],[75.85376469769322,14.863624089765299],[75.86915267681341,14.854393087206493]],[[75.88741624490481,14.86864116785965],[75.89775978934429,14.88083694660265],[75.92552686246577,14.889358778004457],[75.89775978934429,14.880836947470854],[75.88741624490481,14.86864116785965]],[[75.96595746026338,14.90849901329755],[75.96595746026338,14.908499012429463],[75.97712414087914,14.898476135297635],[75.96595746026338,14.90849901329755]],[[76.03260326817293,14.924533236730936],[76.04526487657553,14.930638621673092],[76.0513114928018,14.91619416235768],[76.04479038195088,14.931971481515045],[76.03260326817293,14.924533236730936]],[[76.06974391596549,14.908951500108408],[76.06974391664366,14.908951500309403],[76.06726208349598,14.91121729933061],[76.06974391596549,14.908951500108408]],[[76.08469704334475,14.91338330519693],[76.08469704401287,14.913383306262983],[76.07325380433451,14.909991760165013],[76.08469704334475,14.91338330519693]],[[76.17080951175575,14.824774716161627],[76.1605981044632,14.829949790263855],[76.15336893916371,14.82137392128516],[76.1605981044632,14.82994978939545],[76.17080951175575,14.824774716161627]],[[76.14292910430895,14.79324033601135],[76.14939324904111,14.7839310861572],[76.14292910439512,14.793240336755797],[76.14292910430895,14.79324033601135]],[[76.19562352033957,14.762393935863162],[76.19236225533025,14.768373848731235],[76.19236225458425,14.768373848451937],[76.19562352033957,14.762393935863162]],[[76.19345388178003,14.698004274374885],[76.1934538817753,14.69800427502971],[76.18371516493177,14.700337194578815],[76.19345388178003,14.698004274374885]],[[76.19356952998666,14.682016150265875],[76.19356952998666,14.682016149396897],[76.20446323324884,14.677914084905948],[76.19356952998666,14.682016150265875]],[[76.23052866059966,14.649344141662446],[76.23052866712253,14.64934416011393],[76.23052866020241,14.649344142097863],[76.23052866059966,14.649344141662446]],[[76.25692222079255,14.700755201446258],[76.24903981606143,14.697536757688965],[76.24830866450694,14.695633251172547],[76.25692222079255,14.700755201446258]],[[76.2579321600072,14.696074139435376],[76.2723472412168,14.695769274438641],[76.27284570468987,14.69204586522978],[76.2723472412168,14.695769275307581],[76.2579321600072,14.696074139435376]],[[76.27642736567516,14.686500447826223],[76.27951073966904,14.684678335340118],[76.30161074104767,14.690023594276468],[76.27951073966904,14.684678336209108],[76.27642736567516,14.686500447826223]],[[76.31601886847058,14.692380972490255],[76.31522619768691,14.69237302639084],[76.31235863246788,14.687256743532291],[76.31601886847058,14.692380972490255]],[[76.32999248859731,14.689147230780582],[76.32217125460814,14.692442646861124],[76.31721774473105,14.692392990581686],[76.32999248859731,14.689147230780582]],[[76.34296385510879,14.665757549261484],[76.33816551030687,14.685703591681484],[76.335638894783,14.686768161471651],[76.34296385510879,14.665757549261484]],[[76.43225254506395,14.604769999175735],[76.42362158122678,14.58168859826052],[76.42362158152928,14.581688598200047],[76.43225254506395,14.604769999175735]],[[75.0153101856658,14.720490960289938],[75.01517104590083,14.720403724973474],[75.01725630516985,14.709952473708915],[75.0153101856658,14.720490960289938]],[[75.07443624513044,14.868968996421733],[75.06788358041015,14.840082759407542],[75.06836428937872,14.838940115573129],[75.07443624513044,14.868968996421733]],[[75.68224575016716,14.936982508695854],[75.68334811310575,14.93344234415172],[75.68341468899456,14.938832775625047],[75.68224575016716,14.936982508695854]],[[75.69622516463366,14.892088557974517],[75.7281361747783,14.897513112362128],[75.6962251645885,14.892088558119543],[75.69622516463366,14.892088557974517]],[[75.73271527765029,14.863619725037923],[75.72158827741721,14.864229974191618],[75.7215882773801,14.864229974144386],[75.73271527765029,14.863619725037923]],[[75.69372888659629,14.858898239163308],[75.6952087208897,14.852196366916152],[75.69520872178185,14.85219636694397],[75.69372888659629,14.858898239163308]],[[75.66768061607765,14.801933638252397],[75.6777183642044,14.797996849729161],[75.68424966829339,14.790709249065882],[75.6777183642044,14.797996850597695],[75.66768061607765,14.801933638252397]],[[75.70246508717598,14.731649361586479],[75.70266457603832,14.731216706792685],[75.72065288237314,14.7511188382358],[75.70246508717598,14.731649361586479]],[[75.70629738372133,14.723337812499475],[75.70690477212587,14.723140046116326],[75.70500878197512,14.726132553600667],[75.70629738372133,14.723337812499475]],[[75.7178430276229,14.71957853718482],[75.71886336664501,14.720095343599628],[75.71013487514952,14.722088320750107],[75.7178430276229,14.71957853718482]],[[75.75589525800342,14.738619208584115],[75.76019684802189,14.736011540998343],[75.75638492756603,14.74016354878747],[75.75589525800342,14.738619208584115]],[[75.76380772608483,14.722825440131526],[75.7638059947865,14.732080397719717],[75.7622455768276,14.733780031170793],[75.76380772608483,14.722825440131526]],[[75.7392714835294,14.68555533174288],[75.73959822442364,14.68541793346531],[75.73935984393509,14.686280054602978],[75.7392714835294,14.68555533174288]],[[75.76355175269647,14.675345201265836],[75.79731981558493,14.680990820585038],[75.79713900388991,14.682535515535792],[75.76355175269647,14.675345201265836]],[[75.7988850269683,14.667619041063585],[75.81079745640073,14.650023582379626],[75.81068390055856,14.654671474703296],[75.7988850269683,14.667619041063585]],[[75.81090056782789,14.645803184718302],[75.80450558627504,14.598444808729855],[75.81132755873097,14.628326252641562],[75.81090056782789,14.645803184718302]],[[75.81944814335797,14.568704561649184],[75.81947728155549,14.56605292304536],[75.82027703732543,14.567054809785509],[75.81944814335797,14.568704561649184]],[[75.7996575403834,14.541223923217979],[75.79751114158475,14.51129174872476],[75.79926901632807,14.510779378626475],[75.7996575403834,14.541223923217979]],[[75.77446306383652,14.518275805200162],[75.7739471380566,14.518159980292188],[75.7773083919042,14.517180271145792],[75.77446306383652,14.518275805200162]],[[75.62289946271181,14.344218479106312],[75.63415735003957,14.318999871926117],[75.634264142796,14.324144650601403],[75.62289946271181,14.344218479106312]],[[75.63411977137734,14.317189506630186],[75.61088715839321,14.315910367358784],[75.6340738131435,14.314975452519068],[75.63411977137734,14.317189506630186]],[[75.05983247543759,15.682109819012137],[75.06313418791699,15.668701066928445],[75.06324580946527,15.66930078109685],[75.05983247543759,15.682109819012137]],[[75.27612485026103,15.722248572967253],[75.27892130913663,15.688511886056817],[75.27877631418882,15.687395509705159],[75.28940912883301,15.690649385484317],[75.27893068754821,15.688491548256565],[75.27612485026103,15.722248572967253]],[[75.4514768602411,15.882873758494245],[75.45153351920722,15.886332422651613],[75.44332432939466,15.889193780531318],[75.4514768602411,15.882873758494245]],[[75.55066652719711,15.827921576505464],[75.55239123017198,15.825245233776398],[75.55645478849266,15.83253979230889],[75.55066652719711,15.827921576505464]],[[75.55270302411587,15.824761401216888],[75.56307449358428,15.830430020275518],[75.55252256913326,15.825041425886445],[75.55270302411587,15.824761401216888]],[[75.6832496148022,15.830179964627977],[75.67715451056516,15.820921582859327],[75.68601791301035,15.829048959568121],[75.6832496148022,15.830179964627977]],[[75.69599600350637,15.824713816269734],[75.69644695454738,15.824788111255932],[75.69524120562401,15.825280727307643],[75.69599600350637,15.824713816269734]],[[75.71101277149984,15.827187855509752],[75.70860110069107,15.829222723299289],[75.69751147904617,15.824963493560771],[75.71101277149984,15.827187855509752]],[[75.73696641010363,15.813445247525133],[75.7405345561212,15.813758176465432],[75.72197219850503,15.817940745612553],[75.73696641010363,15.813445247525133]],[[75.78041595390776,15.852708742135228],[75.78032504896916,15.852734427579373],[75.78029081757593,15.852586497570508],[75.78041595390776,15.852708742135228]],[[75.82953856100518,15.839873928657518],[75.84778486424767,15.838713355692843],[75.84709196962692,15.839057930479825],[75.82953856100518,15.839873928657518]],[[76.0199241821482,15.775709154106591],[76.03101512161584,15.77285740562648],[76.00988707551001,15.783968236620572],[76.0199241821482,15.775709154106591]],[[76.03945712807811,15.768200598547729],[76.03952076118797,15.768384454208762],[76.03940752234635,15.768444004326412],[76.03945712807811,15.768200598547729]],[[76.023233222617,15.70929038038562],[76.04160374861765,15.718321922517179],[76.04161470938008,15.718425371477204],[76.023233222617,15.70929038038562]],[[75.96736109136954,15.678740778669907],[75.96706271752173,15.67871108110872],[75.96803958081881,15.664265067514078],[75.96736109136954,15.678740778669907]],[[75.90215676328398,15.748768453150712],[75.89743275407184,15.750488836472861],[75.91061278741142,15.744453340536086],[75.90215676328398,15.748768453150712]],[[75.81054997791937,15.47541721222228],[75.81292933123939,15.467571021993503],[75.80960080541374,15.486725067372129],[75.81054997791937,15.47541721222228]],[[75.82747338177771,15.449374453746008],[75.83991774879851,15.442760529948007],[75.8262704589245,15.450380396716113],[75.82747338177771,15.449374453746008]],[[75.2956181623719,15.691928018761386],[75.2937919247554,15.691551939590019],[75.3131171824098,15.68007768104541],[75.2956181623719,15.691928018761386]],[[76.0580242432406,16.011609849887947],[76.07883200550663,16.010806842271617],[76.0566833926947,16.011835360281722],[76.05217372600092,16.00329856827306],[76.0580242432406,16.011609849887947]],[[75.97365262931145,15.986355319228087],[75.97909123036582,15.87334912584052],[75.97378709385363,15.986451350495312],[75.97365262931145,15.986355319228087]],[[75.97374653663944,15.861607486003289],[75.96639195739998,15.859218205802465],[75.9736872144499,15.86147716239269],[75.97374653663944,15.861607486003289]],[[75.87821943316318,15.931728913752154],[75.87686642809483,15.931938273617266],[75.89154824458178,15.916280158766648],[75.87821943316318,15.931728913752154]],[[75.77359963821975,15.90243572374677],[75.77911952243427,15.89742613360134],[75.77367455049388,15.90250742970765],[75.77359963821975,15.90243572374677]],[[76.10121331431647,15.900575272910789],[76.05823003928901,15.907428824968171],[76.05821808620418,15.907388464443022],[76.10121331431647,15.900575272910789]],[[75.41603406487677,16.041913582752045],[75.41559310660516,16.040024747831062],[75.41652144178946,16.032826785721923],[75.41603406487677,16.041913582752045]],[[75.08420014952102,16.55944749547112],[75.08390765209147,16.56012558331533],[75.07135530667519,16.567604555890533],[75.08420014952102,16.55944749547112]],[[75.09949579891976,16.523988059324463],[75.08485043130638,16.557939967098577],[75.09029686654918,16.538209093974903],[75.09949579891976,16.523988059324463]],[[75.11326678893575,16.50739294657375],[75.10839593203832,16.510228951596098],[75.11050203892259,16.506973028215853],[75.11326678893575,16.50739294657375]],[[75.1227113852279,16.51007884271884],[75.1195423797796,16.508346101755745],[75.12142366182384,16.50863183640191],[75.1227113852279,16.51007884271884]],[[75.13472914800789,16.523583123687192],[75.13323581880216,16.523288886030922],[75.12973657943063,16.517973007224136],[75.13472914800789,16.523583123687192]],[[75.16205253074669,16.534527424418563],[75.15392370805824,16.528209702751493],[75.15485691303147,16.52839278008544],[75.16205253074669,16.534527424418563]],[[75.16598049158164,16.54771982793065],[75.16546910083662,16.54893789367027],[75.16205253074669,16.534527424418563],[75.16598049158164,16.54771982793065]],[[75.15722081934065,16.568584219300657],[75.15722403578889,16.568274410813515],[75.15798475722879,16.566764619361063],[75.15722081934065,16.568584219300657]],[[75.15723635418078,16.58403180485809],[75.15706257888795,16.583825949203895],[75.15713453982934,16.57689466700901],[75.15723635418078,16.58403180485809]],[[75.2214026369403,16.616943126792922],[75.17102377192721,16.600364494353485],[75.16994297740393,16.599084176190818],[75.2214026369403,16.616943126792922]],[[75.25538943182268,16.618992851680197],[75.25858260460329,16.607610773466256],[75.25892018458842,16.607744735468252],[75.25538943182268,16.618992851680197]],[[75.26476325696196,16.689808657903566],[75.26275726735761,16.680701106009494],[75.26831551053311,16.640971767013056],[75.26476325696196,16.689808657903566]],[[75.27542607185454,16.70249341191429],[75.26557186161932,16.693479867795563],[75.26531679000095,16.69232179698804],[75.27542607185454,16.70249341191429]],[[75.31864556558523,16.71858640895456],[75.28998589083045,16.715811127648728],[75.28939184853054,16.715267763304883],[75.31864556558523,16.71858640895456]],[[76.06583829713,17.309657266414085],[76.09946461425852,17.291046766821562],[76.06641266227126,17.311427628534545],[76.06583829713,17.309657266414085]],[[76.09871502405286,17.283252109639957],[76.09924927133312,17.288807510935786],[76.08692559175623,17.26849564138985],[76.09871502405286,17.283252109639957]],[[76.08768262001246,17.257975304772636],[76.08835179951974,17.25775761476435],[76.08692559175623,17.26849564138985],[76.08768262001246,17.257975304772636]],[[76.11371013845827,17.252398218241023],[76.09365821920787,17.25603138953887],[76.12758449854559,17.244994871011958],[76.11371013845827,17.252398218241023]],[[76.18556770015061,17.188927675518443],[76.17219451816769,17.20185895195458],[76.17776757035259,17.193305320822297],[76.18556770015061,17.188927675518443]],[[76.220577365529,17.18543649221779],[76.1902037750119,17.186325784028128],[76.19249542518124,17.185039647532754],[76.220577365529,17.18543649221779]],[[76.2416021580928,17.152145342733352],[76.23791949888724,17.156817563609312],[76.24057191979921,17.152440394829025],[76.2416021580928,17.152145342733352]],[[76.26274131899368,17.151003430925336],[76.2461732727707,17.150836211657886],[76.25350772007766,17.148735683981922],[76.26274131899368,17.151003430925336]],[[76.27690280283846,17.1674635851358],[76.2640542428182,17.151325881468953],[76.26451684607407,17.15143949557858],[76.27690280283846,17.1674635851358]],[[76.41377871191261,16.81343945588526],[76.41377870206293,16.813439456899935],[76.41023917631831,16.798851267989374],[76.41377871191261,16.81343945588526]],[[76.44250865684081,16.71516949842836],[76.44113069883296,16.71375515934942],[76.44172685808027,16.713654146168764],[76.44250865684081,16.71516949842836]],[[76.45091371469192,16.723796467981764],[76.45000163196565,16.722860304299243],[76.45945151605292,16.72330531794357],[76.45091371469192,16.723796467981764]],[[76.40390504756947,16.642254083598687],[76.4054815947679,16.651516731114505],[76.40349717009235,16.64867875068657],[76.40390504756947,16.642254083598687]],[[76.40896735332623,16.617412177658785],[76.40432328632016,16.635666211290896],[76.40498748413187,16.625204123874806],[76.40896735332623,16.617412177658785]],[[76.4179621179787,16.582057232033694],[76.41411998642126,16.597159167164477],[76.41331898738787,16.590225185709645],[76.4179621179787,16.582057232033694]],[[76.43404293324463,16.51884975843089],[76.42275808406067,16.563206141805146],[76.42258690976738,16.551813884562744],[76.43404293324463,16.51884975843089]],[[76.43482810841363,16.435920293407182],[76.43469089255747,16.43765817234556],[76.40311865237098,16.43293544074193],[76.43482810841363,16.435920293407182]],[[76.33468652116275,16.393370845775433],[76.33870370446833,16.40591190716054],[76.33410091596934,16.393451880589986],[76.33468652116275,16.393370845775433]],[[76.31427982163679,16.345408949605297],[76.30593793831476,16.380974138989167],[76.30481573414868,16.37710594303514],[76.31427982163679,16.345408949605297]],[[76.30474986929377,16.344952976385976],[76.3055456107046,16.345712687767314],[76.30545735673866,16.345715756859374],[76.30474986929377,16.344952976385976]],[[76.29519762870848,16.320353062319786],[76.29198631190722,16.33119189494787],[76.29139865337191,16.330558308501928],[76.29519762870848,16.320353062319786]],[[76.28821777734134,16.1592538563589],[76.29800736080288,16.184945649831718],[76.29713717944179,16.184709187056797],[76.28821777734134,16.1592538563589]],[[76.24300726763255,16.166177536037328],[76.26852505251502,16.15273827039852],[76.27000260133069,16.15273177804987],[76.24984116180389,16.164371593139435],[76.24300726763255,16.166177536037328]],[[76.51785916913924,16.30224687834272],[76.4821533419595,16.29431380322668],[76.47908006936144,16.29237472001553],[76.51785916913924,16.30224687834272]],[[76.58331983238942,16.331438970297416],[76.58653903825011,16.334889423901778],[76.56820183384303,16.32989449551654],[76.58331983238942,16.331438970297416]],[[76.88229358319293,16.492396858944897],[76.87077338227519,16.489758157847877],[76.87046432749906,16.489462733821245],[76.88229358319293,16.492396858944897]],[[76.96935266190268,16.549368369312603],[76.96809289409471,16.544591696108704],[76.96956987034201,16.53974353787237],[76.96935266190268,16.549368369312603]],[[76.97291639321668,16.55616421089659],[76.97062711696968,16.554200732331882],[76.97022710569135,16.552684005882494],[76.97291639321668,16.55616421089659]],[[76.9774188759714,16.560025924129498],[76.99764172707825,16.55765222687993],[76.99435323340427,16.560202497828506],[76.9774188759714,16.560025924129498]],[[77.00909315443162,16.545607682686814],[77.00744694672987,16.55004814753508],[77.00107184537688,16.55499212413549],[77.00909315443162,16.545607682686814]],[[77.01014482468332,16.542770917447765],[77.0051672057951,16.517308128584745],[77.00551386832049,16.516548848659554],[77.01014482468332,16.542770917447765]],[[77.24152410351807,16.4180416197658],[77.17393966034118,16.432335915679204],[77.24193142113798,16.41781598960609],[77.24152410351807,16.4180416197658]],[[77.26349019393562,16.404242729857],[77.26604978503175,16.40445582537234],[77.2463982742988,16.415341613976825],[77.26349019393562,16.404242729857]],[[76.83457043086203,15.586405032645759],[76.834690131752,15.565703634965036],[76.8350348860635,15.565968528819221],[76.83457043086203,15.586405032645759]],[[76.8343310389704,15.627806117890309],[76.83433499372303,15.62712217220757],[76.85765804919562,15.642417993085461],[76.8343310389704,15.627806117890309]],[[76.9428657251597,15.761904676540247],[76.92230469373047,15.728117643727883],[76.94336339599899,15.762159892559971],[76.9428657251597,15.761904676540247]],[[77.0638954128091,16.95399806864298],[77.06293593572886,16.94536838512995],[77.06497028295257,16.953841460411052],[77.0638954128091,16.95399806864298]],[[76.98195120996724,16.81004069629373],[76.94441311006752,16.83108416657545],[76.98086196076821,16.80976649453273],[76.98195120996724,16.81004069629373]],[[76.74475902935245,16.81586282972094],[76.7450621468669,16.75247047751522],[76.74760065841262,16.75539593177479],[76.74475902935245,16.81586282972094]],[[76.74443182721338,16.75174407888276],[76.72892188360703,16.753887857296696],[76.74376614392679,16.750976926174882],[76.74443182721338,16.75174407888276]],[[76.60099849302627,16.76718502318963],[76.58280454540575,16.765666467323385],[76.62360290652175,16.76554214274531],[76.60099849302627,16.76718502318963]],[[76.5813067886861,16.76554145722111],[76.58052059662417,16.75845240716158],[76.58223288466426,16.765618753721554],[76.5813067886861,16.76554145722111]],[[77.30033654196302,17.597717582160847],[77.31104963534408,17.594681057799367],[77.34044018839714,17.587903153989625],[77.30033654196302,17.597717582160847]],[[77.27454180926304,17.62673963807043],[77.27958507621754,17.61756369187979],[77.2749582934652,17.626827138274432],[77.27454180926304,17.62673963807043]],[[77.22853500987166,17.632010475384565],[77.2327692901855,17.63177455611381],[77.23054751809453,17.632510056507947],[77.22853500987166,17.632010475384565]],[[77.14522343243215,17.65383260604717],[77.14372456075681,17.64765247609079],[77.14719919852712,17.645005576444422],[77.14522343243215,17.65383260604717]],[[77.13275573677728,17.662240683014257],[77.14499817684393,17.654838968971642],[77.14479974443891,17.655725495325985],[77.13275573677728,17.662240683014257]],[[77.1314420506548,17.68299591991963],[77.13250883101439,17.68228059204835],[77.13250676510303,17.682448270093676],[77.1314420506548,17.68299591991963]],[[77.11671847962425,17.68728194432969],[77.12397053315445,17.686838992835042],[77.12361828031976,17.68702017869565],[77.11671847962425,17.68728194432969]],[[76.69880772992155,17.642401953417227],[76.69880784539046,17.642182625657977],[76.71440695734852,17.638812936994114],[76.69880772992155,17.642401953417227]],[[76.70958451071728,17.654254497607567],[76.69880517559741,17.64725377180851],[76.69880741421302,17.64300162690022],[76.70958451071728,17.654254497607567]],[[76.7114109200362,17.658868831141437],[76.71177088085695,17.656537388968008],[76.71240628165,17.65720084066567],[76.7114109200362,17.658868831141437]],[[76.69459592260263,17.661840519936653],[76.70921622573556,17.66254661933411],[76.69460643311704,17.66219118269747],[76.69459592260263,17.661840519936653]],[[76.67278891573707,13.055388053502423],[76.65255992543221,13.007316366602872],[76.65757996007319,13.013313297018822],[76.67278891573707,13.055388053502423]],[[76.76459126883063,13.0358379841639],[76.72528156063115,13.041295480629657],[76.7664788953294,13.035186743991881],[76.76459126883063,13.0358379841639]],[[77.08051151939351,12.746527928520322],[77.08051225044014,12.746502972148303],[77.08374654745094,12.741279635469969],[77.08051151939351,12.746527928520322]],[[77.07280331018569,12.704232606946182],[77.07283880771391,12.703270752406091],[77.08374654745094,12.741279635469969],[77.07280331018569,12.704232606946182]],[[77.1233855159171,12.774281147708033],[77.10751818960584,12.780318130452159],[77.12254509898243,12.773679762543443],[77.1233855159171,12.774281147708033]],[[77.13388581201484,12.782398036982585],[77.13037240678331,12.779280823869026],[77.13465750179606,12.782347150192576],[77.13388581201484,12.782398036982585]],[[77.13916259504548,12.810091693430074],[77.14927812213664,12.789042467831573],[77.15090502748643,12.79200217479117],[77.13916259504548,12.810091693430074]],[[77.07066948529744,13.117577543580506],[77.08078089698266,13.090310059244208],[77.07083824495622,13.119384415428309],[77.07066948529744,13.117577543580506]],[[77.15548128629224,13.19341258666836],[77.15541116249341,13.193235304854046],[77.16652350263045,13.197021726096864],[77.15548128629224,13.19341258666836]],[[77.2074974342169,13.196665625425112],[77.20290943363733,13.184032152966184],[77.20358358232181,13.184526602027109],[77.2074974342169,13.196665625425112]],[[77.31020500747708,13.063810009614004],[77.31433299747047,13.106192714639535],[77.30926918972231,13.08329510391371],[77.31020500747708,13.063810009614004]],[[77.32872367864033,12.977689156238112],[77.32202112187365,13.007934660348775],[77.32192426647445,13.007918108422976],[77.32872367864033,12.977689156238112]],[[77.32724078551696,12.974693899931555],[77.33162234739632,12.977738190064482],[77.32872367864033,12.977689156238112],[77.32724078551696,12.974693899931555]],[[77.3372963723636,12.977834171764524],[77.33381890551235,12.977775347000419],[77.33804403927627,12.972875765238506],[77.3372963723636,12.977834171764524]],[[77.35447330565253,12.982551365217377],[77.34826513416542,12.975152094011706],[77.35183238118351,12.975946551661936],[77.35447330565253,12.982551365217377]],[[77.36016029656828,12.989329462152558],[77.35818756967977,12.986978247903219],[77.36212195922518,12.988483369161122],[77.36016029656828,12.989329462152558]],[[77.38411478181607,13.067919947897803],[77.3840495644501,13.067287366611582],[77.39770412173506,13.073254241839281],[77.38411478181607,13.067919947897803]],[[77.42869147183498,13.08608305619717],[77.42369248890587,13.070320147852723],[77.42876628053007,13.086078470593192],[77.42869147183498,13.08608305619717]],[[77.39291236248249,13.117689583546158],[77.39321379236453,13.117707428314615],[77.39330515002993,13.118187526670564],[77.39291236248249,13.117689583546158]],[[77.55920372104707,13.231831318142428],[77.54319335533278,13.232885507822818],[77.53685566823978,13.219069262212345],[77.54547369364724,13.23230084645476],[77.55920372104707,13.231831318142428]],[[77.60005086568336,13.196520280311963],[77.5759359041898,13.198638608478197],[77.57873692072106,13.197772896688083],[77.60005086568336,13.196520280311963]],[[77.33481864443414,12.29326412265786],[77.33912324741085,12.28540585436426],[77.34011336779065,12.284752317043473],[77.33481864443414,12.29326412265786]],[[77.42141430413766,12.288964669113989],[77.42444798335987,12.288355584487846],[77.42261753519249,12.289599682914583],[77.42141430413766,12.288964669113989]],[[77.43377221692516,12.282018194270623],[77.44024992505992,12.27238258977201],[77.4377504987732,12.279314280400534],[77.43377221692516,12.282018194270623]],[[77.16677756050645,12.31013221436892],[77.21760231874327,12.30867100672584],[77.1667637804094,12.31024021530997],[77.16677756050645,12.31013221436892]],[[77.32528451899927,12.308006919028413],[77.30273182420963,12.298763143267328],[77.32601550247556,12.307416067547516],[77.32528451899927,12.308006919028413]],[[77.32560316490529,12.971386113694237],[77.33297209368993,12.950196038266126],[77.3264227274466,12.973041526233294],[77.32560316490529,12.971386113694237]],[[77.54529387510635,12.798717571801486],[77.54487194637437,12.798701587429083],[77.5449289873693,12.798517335785085],[77.54529387510635,12.798717571801486]],[[77.55559656244556,12.779380019256921],[77.55579553972038,12.778968446285516],[77.55571675646897,12.779510462493286],[77.55559656244556,12.779380019256921]],[[77.59074755050327,12.781238364043789],[77.59051607808746,12.781812418747524],[77.58039981819465,12.787282702608799],[77.59074755050327,12.781238364043789]],[[77.59471427461773,12.752357244155359],[77.597893787904,12.7635155991971],[77.5972624317299,12.765081370998484],[77.59471427461773,12.752357244155359]],[[77.57537265721848,12.751351149600538],[77.56891362030701,12.729845253471678],[77.57583162922654,12.751375023986459],[77.57537265721848,12.751351149600538]],[[77.55589320052543,12.730890545744309],[77.56741010282946,12.70114065682504],[77.5564945850268,12.730842265997365],[77.55589320052543,12.730890545744309]],[[77.32510950282584,12.321897648930848],[77.33378523700702,12.354236678968315],[77.32505109356931,12.326533490238463],[77.32510950282584,12.321897648930848]],[[77.13923144739255,12.465681933702664],[77.13302620244136,12.479255677367304],[77.13795940952026,12.466255887803152],[77.13923144739255,12.465681933702664]],[[77.12583381080454,12.483117954882642],[77.12536983881692,12.480298184143704],[77.13302620244136,12.479255677367304],[77.12583381080454,12.483117954882642]],[[77.13061073235534,12.49775667534858],[77.13168917422699,12.518703686101441],[77.12704036104583,12.49045071452377],[77.13061073235534,12.49775667534858]],[[77.09921420084866,12.673379489361341],[77.0976206412544,12.673838919116465],[77.10036109434493,12.630550964873235],[77.09921420084866,12.673379489361341]],[[77.0795605698052,13.069744161600338],[77.0830797801173,13.071298698189237],[77.0811006424266,13.073991321693494],[77.0795605698052,13.069744161600338]],[[77.08352651320696,13.073029948170785],[77.0825405886955,13.073420670433649],[77.08312236545316,13.071463731547265],[77.08352651320696,13.073029948170785]],[[77.8395441934916,12.922234848796894],[77.83963505855174,12.921953044407852],[77.85100207019325,12.932134179886651],[77.8395441934916,12.922234848796894]],[[77.9581505140355,13.141834584012427],[77.95617046897567,13.126337243976003],[77.95770736245927,13.130381729991575],[77.9581505140355,13.141834584012427]],[[77.95302704101432,13.16061855238736],[77.95857201559483,13.152727912813267],[77.95875397881701,13.157430588675837],[77.95302704101432,13.16061855238736]],[[77.92899259762142,13.238278078250907],[77.93493651270117,13.24610906669501],[77.94139015792433,13.258511930569544],[77.92899259762142,13.238278078250907]],[[77.98961650141317,13.304381077352344],[77.98883942991887,13.301589465070949],[77.9925386729155,13.303991675151815],[77.98961650141317,13.304381077352344]],[[78.21037140987423,13.471082397324832],[78.20179139761674,13.450605087535282],[78.20198425329144,13.45068451594678],[78.21037140987423,13.471082397324832]],[[77.37568117130823,13.486156133166762],[77.38565287095734,13.49861157309255],[77.39213045005884,13.49593703130418],[77.38458195034951,13.499442455850044],[77.37568117130823,13.486156133166762]],[[77.39989527710473,13.492730994899482],[77.40795919559379,13.496838338240442],[77.3990269809611,13.493089507591408],[77.39989527710473,13.492730994899482]],[[77.789475640743,13.351049755900073],[77.78896757065694,13.351811582024059],[77.77470492636448,13.353098681387525],[77.789475640743,13.351049755900073]],[[77.9138366784919,13.231989520966263],[77.9141054598148,13.23979008355293],[77.91181844938635,13.23221726685686],[77.9138366784919,13.231989520966263]],[[77.36213036217347,13.625299170352918],[77.36227628897406,13.619737145544683],[77.36960695943483,13.63373861204938],[77.36213036217347,13.625299170352918]],[[77.38119437589539,13.543817602574583],[77.38273141310947,13.537197438638408],[77.38243682049348,13.575353209964945],[77.38119437589539,13.543817602574583]],[[77.39125924612837,13.532717116312872],[77.39140904892253,13.534189157469424],[77.38273141310947,13.537197438638408],[77.39125924612837,13.532717116312872]],[[77.37020984756808,13.478260548638637],[77.37339177642419,13.470080461949653],[77.37126258689707,13.479779740840183],[77.37020984756808,13.478260548638637]]]}}]}